car,step,t_s,lap,lap_dist_m,sector,x_m,y_m,lateral_m,speed_mps,accel_long_mps2,accel_lat_mps2,throttle_cmd,steer_cmd,steer_deg,gap_m
Car A,0,0.0,1,0.0,1,0.0,-1.5,-1.5,0.0005,0.0,-0.0,1.0,1.0,0.0,0.0
Car B,0,0.0,1,0.0,1,0.0,1.5,1.5,0.0005,0.0,0.0,1.0,-1.0,0.0,0.0
Car A,1,0.0667,1,0.003,1,0.003,-1.496,-1.496,0.0614,0.9133,0.0066,1.0,1.0,24.962,-0.0
Car B,1,0.0667,1,0.003,1,0.003,1.496,1.496,0.065,0.967,-0.0063,1.0,-1.0,-24.962,0.0
Car A,2,0.1333,1,0.012,1,0.013,-1.488,-1.488,0.2012,2.097,0.0316,1.0,1.0,25.0,-0.0
Car B,2,0.1333,1,0.013,1,0.013,1.49,1.49,0.2064,2.1216,-0.0263,1.0,-1.0,-25.0,0.0
Car A,3,0.2,1,0.031,1,0.031,-1.481,-1.481,0.3343,1.9963,0.0354,1.0,1.0,25.0,-0.001
Car B,3,0.2,1,0.032,1,0.032,1.484,1.484,0.3282,1.8268,-0.0358,1.0,-1.0,-25.0,0.001
Car A,4,0.2667,1,0.058,1,0.058,-1.473,-1.473,0.4378,1.5533,0.0582,1.0,1.0,25.0,-0.001
Car B,4,0.2667,1,0.058,1,0.058,1.476,1.476,0.4406,1.6858,-0.064,1.0,-1.0,-25.0,0.001
Car A,5,0.3333,1,0.09,1,0.09,-1.464,-1.464,0.5362,1.4756,0.083,1.0,1.0,25.0,-0.001
Car B,5,0.3333,1,0.092,1,0.092,1.466,1.466,0.5481,1.6129,-0.0947,1.0,-1.0,-25.0,0.001
Car A,6,0.4,1,0.129,1,0.129,-1.453,-1.453,0.6328,1.449,0.1123,1.0,1.0,25.0,-0.002
Car B,6,0.4,1,0.132,1,0.132,1.454,1.454,0.6478,1.4948,-0.1289,1.0,-1.0,-25.0,0.002
Car A,7,0.4667,1,0.175,1,0.175,-1.439,-1.439,0.7317,1.4832,0.1449,1.0,1.0,25.0,-0.003
Car B,7,0.4667,1,0.178,1,0.178,1.44,1.44,0.7452,1.4615,-0.1641,1.0,-1.0,-25.0,0.003
Car A,8,0.5333,1,0.226,1,0.226,-1.423,-1.423,0.8325,1.5127,0.1841,1.0,1.0,25.0,-0.004
Car B,8,0.5333,1,0.23,1,0.23,1.423,1.423,0.841,1.4366,-0.199,1.0,-1.0,-25.0,0.004
Car A,9,0.6,1,0.284,1,0.284,-1.405,-1.405,0.9354,1.5425,0.2299,1.0,1.0,25.0,-0.004
Car B,9,0.6,1,0.289,1,0.289,1.403,1.403,0.9375,1.4477,-0.2398,1.0,-1.0,-25.0,0.004
Car A,10,0.6667,1,0.349,1,0.349,-1.383,-1.383,1.0418,1.5956,0.2764,1.0,1.0,25.0,-0.004
Car B,10,0.6667,1,0.353,1,0.353,1.381,1.381,1.0356,1.4718,-0.2866,1.0,-1.0,-25.0,0.004
Car A,11,0.7333,1,0.42,1,0.42,-1.359,-1.359,1.1486,1.6029,0.3345,1.0,1.0,25.0,-0.003
Car B,11,0.7333,1,0.423,1,0.423,1.356,1.356,1.136,1.5056,-0.339,1.0,-1.0,-25.0,0.003
Car A,12,0.8,1,0.497,1,0.497,-1.33,-1.33,1.258,1.6407,0.3984,1.0,1.0,25.0,-0.002
Car B,12,0.8,1,0.499,1,0.499,1.327,1.327,1.239,1.5458,-0.3971,1.0,-1.0,-25.0,0.002
Car A,13,0.8667,1,0.581,1,0.581,-1.297,-1.297,1.3681,1.6522,0.4691,1.0,1.0,25.0,-0.0
Car B,13,0.8667,1,0.581,1,0.581,1.294,1.294,1.3427,1.5551,-0.4653,-0.1575,-1.0,-25.0,0.0
Car A,14,0.9333,1,0.67,1,0.67,-1.259,-1.259,1.4817,1.7035,0.5406,1.0,1.0,25.0,0.013
Car B,14,0.9333,1,0.657,1,0.657,1.263,1.263,1.1549,-2.8169,-0.3309,0.2554,-1.0,-25.0,-0.013
Car A,15,1.0,1,0.766,1,0.766,-1.216,-1.216,1.5943,1.6883,0.6264,1.0,1.0,25.0,0.034
Car B,15,1.0,1,0.732,1,0.732,1.23,1.23,1.237,1.2319,-0.3705,0.2166,-1.0,-25.0,-0.034
Car A,16,1.0667,1,0.868,1,0.868,-1.167,-1.167,1.7063,1.6804,0.7174,1.0,1.0,25.0,0.057
Car B,16,1.0667,1,0.811,1,0.811,1.194,1.194,1.3241,1.3055,-0.4384,0.8389,-1.0,-25.002,-0.057
Car A,17,1.1333,1,0.975,1,0.975,-1.112,-1.112,1.8173,1.6657,0.8144,1.0,1.0,25.0,0.081
Car B,17,1.1333,1,0.894,1,0.894,1.152,1.152,1.4233,1.4889,-0.4975,1.0,-1.0,-25.0,-0.081
Car A,18,1.2,1,1.087,1,1.087,-1.051,-1.051,1.9274,1.6501,0.9158,1.0,0.3693,25.0,0.103
Car B,18,1.2,1,0.984,1,0.984,1.105,1.105,1.5341,1.6621,-0.5783,1.0,-1.0,-25.0,-0.103
Car A,19,1.2667,1,1.209,1,1.209,-0.994,-0.994,2.1051,2.6661,-0.8642,1.0,1.0,9.256,0.134
Car B,19,1.2667,1,1.075,1,1.075,1.061,1.061,1.2513,-4.2425,-0.0251,1.0,1.0,-25.0,-0.134
Car A,20,1.3333,1,1.359,1,1.359,-0.967,-0.967,2.2777,2.5897,-0.6565,1.0,0.5039,24.975,0.214
Car B,20,1.3333,1,1.145,1,1.145,1.048,1.048,1.1111,-2.1037,-0.0676,1.0,1.0,24.925,-0.214
Car A,21,1.4,1,1.51,1,1.51,-0.931,-0.931,2.3536,1.1375,-0.1745,1.0,-0.2626,12.616,0.289
Car B,21,1.4,1,1.221,1,1.221,1.033,1.033,1.1796,1.0278,0.3389,1.0,1.0,25.0,-0.289
Car A,22,1.4667,1,1.664,1,1.664,-0.891,-0.891,2.3951,0.6227,-0.2872,1.0,-0.189,-6.537,0.359
Car B,22,1.4667,1,1.305,1,1.305,1.025,1.025,1.2853,1.5865,0.416,1.0,0.8309,25.0,-0.359
Car A,23,1.5333,1,1.827,1,1.827,-0.854,-0.854,2.5504,2.329,-0.3332,1.0,-0.2635,-4.728,0.43
Car B,23,1.5333,1,1.397,1,1.397,1.017,1.017,1.4097,1.8647,0.4157,1.0,0.7049,20.781,-0.43
Car A,24,1.6,1,1.998,1,1.998,-0.817,-0.817,2.6773,1.904,-0.5066,1.0,-0.1814,-6.585,0.502
Car B,24,1.6,1,1.496,1,1.497,1.008,1.008,1.538,1.9257,0.4064,1.0,0.8292,17.627,-0.502
Car A,25,1.6667,1,2.179,1,2.179,-0.779,-0.779,2.8133,2.0402,-0.3984,1.0,-0.6848,-4.537,0.575
Car B,25,1.6667,1,1.604,1,1.604,0.999,0.999,1.6338,1.4367,0.5584,1.0,0.4147,20.725,-0.575
Car A,26,1.7333,1,2.366,1,2.366,-0.745,-0.745,2.8657,0.7858,-0.8178,1.0,-0.8272,-17.1,0.648
Car B,26,1.7333,1,1.718,1,1.718,0.99,0.99,1.7435,1.6454,0.3531,1.0,0.5995,10.384,-0.648
Car A,27,1.8,1,2.558,1,2.558,-0.723,-0.723,2.89,0.3642,-1.2675,1.0,-0.2323,-20.674,0.719
Car B,27,1.8,1,1.838,1,1.838,0.979,0.979,1.8498,1.5943,0.512,1.0,0.4897,14.981,-0.719
Car A,28,1.8667,1,2.753,1,2.753,-0.706,-0.706,2.9656,1.1338,-0.7916,1.0,-0.1769,-5.832,0.786
Car B,28,1.8667,1,1.967,1,1.968,0.97,0.97,1.985,2.0285,0.4677,1.0,0.4494,12.247,-0.786
Car A,29,1.9333,1,2.955,1,2.955,-0.68,-0.68,3.0936,1.9206,-0.4717,1.0,0.4939,-4.425,0.85
Car B,29,1.9333,1,2.105,1,2.105,0.961,0.961,2.112,1.9043,0.5348,1.0,0.3806,11.235,-0.85
Car A,30,2.0,1,3.162,1,3.162,-0.649,-0.649,3.1566,0.9454,0.1031,1.0,-0.8689,12.321,0.91
Car B,30,2.0,1,2.252,1,2.252,0.952,0.952,2.2512,2.0887,0.4854,1.0,-0.09,9.517,-0.91
Car A,31,2.0667,1,3.371,1,3.371,-0.615,-0.615,3.1828,0.3923,-0.2361,1.0,-0.1701,-21.672,0.965
Car B,31,2.0667,1,2.406,1,2.406,0.939,0.939,2.3344,1.2475,0.1461,1.0,-1.0,-2.232,-0.965
Car A,32,2.1333,1,3.585,1,3.585,-0.584,-0.584,3.3069,1.8613,-0.2928,1.0,-0.3831,-4.278,1.023
Car B,32,2.1333,1,2.562,1,2.562,0.915,0.915,2.3783,0.6577,-0.2173,0.8476,-1.0,-24.966,-1.023
Car A,33,2.2,1,3.807,1,3.807,-0.559,-0.559,3.3667,0.897,-0.8322,1.0,0.5269,-9.569,1.089
Car B,33,2.2,1,2.718,1,2.718,0.88,0.88,2.408,0.4462,-0.7599,0.9395,-1.0,-25.0,-1.089
Car A,34,2.2667,1,4.035,1,4.035,-0.55,-0.55,3.4216,0.8241,-0.9834,1.0,0.2607,13.139,1.163
Car B,34,2.2667,1,2.872,1,2.872,0.87,0.87,2.3166,-1.3709,0.5831,1.0,0.221,-25.0,-1.163
Car A,35,2.3333,1,4.265,1,4.265,-0.543,-0.543,3.4213,-0.0046,0.733,1.0,-0.8038,6.527,1.231
Car B,35,2.3333,1,3.033,1,3.033,0.871,0.871,2.4735,2.353,0.9265,1.0,-0.4838,5.479,-1.231
Car A,36,2.4,1,4.493,1,4.493,-0.527,-0.527,3.4102,-0.1665,-0.1306,1.0,-0.7396,-20.056,1.291
Car B,36,2.4,1,3.202,1,3.202,0.867,0.867,2.5516,1.172,0.2807,1.0,-1.0,-12.066,-1.291
Car A,37,2.4667,1,4.709,1,4.709,-0.52,-0.52,3.1426,-4.0134,-0.0637,1.0,-0.3724,-18.491,1.326
Car B,37,2.4667,1,3.384,1,3.384,0.863,0.863,2.8146,3.9448,0.6779,1.0,-1.0,-24.98,-1.326
Car A,38,2.5333,1,4.918,1,4.918,-0.518,-0.518,3.097,-0.684,-0.059,1.0,-0.2654,-9.324,1.341
Car B,38,2.5333,1,3.578,1,3.578,0.86,0.86,2.9694,2.3219,0.4861,1.0,-1.0,-25.0,-1.341
Car A,39,2.6,1,5.128,1,5.128,-0.516,-0.516,3.14,0.6448,0.0957,1.0,-0.2542,-6.64,1.348
Car B,39,2.6,1,3.78,1,3.78,0.854,0.854,3.0571,1.3155,0.3803,1.0,-1.0,-25.0,-1.348
Car A,40,2.6667,1,5.342,1,5.342,-0.513,-0.513,3.2026,0.9389,0.1546,1.0,-0.2631,-6.355,1.355
Car B,40,2.6667,1,3.987,1,3.987,0.849,0.849,3.1376,1.2083,0.3588,1.0,-1.0,-25.0,-1.355
Car A,41,2.7333,1,5.56,1,5.56,-0.508,-0.508,3.2817,1.187,0.1359,1.0,-0.2988,-6.577,1.362
Car B,41,2.7333,1,4.198,1,4.198,0.845,0.845,3.1997,0.9304,0.3649,1.0,-1.0,-25.0,-1.362
Car A,42,2.8,1,5.783,1,5.783,-0.504,-0.504,3.323,0.6186,0.0951,1.0,-0.2684,-7.468,1.367
Car B,42,2.8,1,4.415,1,4.415,0.842,0.842,3.2959,1.444,0.3172,1.0,-1.0,-25.0,-1.367
Car A,43,2.8667,1,6.01,1,6.01,-0.499,-0.499,3.4044,1.2207,0.1593,1.0,-0.3274,-6.711,1.373
Car B,43,2.8667,1,4.637,1,4.637,0.84,0.84,3.3411,0.6775,0.3224,1.0,-1.0,-25.0,-1.373
Car A,44,2.9333,1,6.241,1,6.241,-0.495,-0.495,3.439,0.5189,0.0685,1.0,-0.2942,-8.182,1.378
Car B,44,2.9333,1,4.863,1,4.863,0.838,0.838,3.4311,1.3496,0.2484,1.0,-1.0,-25.0,-1.378
Car A,45,3.0,1,6.476,1,6.476,-0.491,-0.491,3.5202,1.218,0.1502,1.0,-0.3599,-7.356,1.382
Car B,45,3.0,1,5.094,1,5.094,0.836,0.836,3.4704,0.5896,0.258,1.0,-1.0,-25.0,-1.382
Car A,46,3.0667,1,6.714,1,6.714,-0.488,-0.488,3.551,0.4628,0.042,1.0,-0.3316,-8.995,1.385
Car B,46,3.0667,1,5.329,1,5.329,0.834,0.834,3.5465,1.1423,0.1895,1.0,-1.0,-25.0,-1.385
Car A,47,3.1333,1,6.956,1,6.956,-0.486,-0.486,3.6116,0.9088,0.1121,1.0,-0.3541,-8.291,1.388
Car B,47,3.1333,1,5.568,1,5.568,0.832,0.832,3.6109,0.9651,0.1758,1.0,-1.0,-25.0,-1.388
Car A,48,3.2,1,7.202,1,7.202,-0.483,-0.483,3.6669,0.8298,0.0898,1.0,-0.3566,-8.852,1.39
Car B,48,3.2,1,5.812,1,5.812,0.831,0.831,3.6826,1.0753,0.1558,1.0,-1.0,-25.0,-1.39
Car A,49,3.2667,1,7.452,1,7.452,-0.48,-0.48,3.7284,0.9216,0.0872,1.0,-0.3765,-8.915,1.393
Car B,49,3.2667,1,6.06,1,6.06,0.83,0.83,3.7457,0.9467,0.1591,1.0,-1.0,-25.0,-1.393
Car A,50,3.3333,1,7.707,1,7.707,-0.477,-0.477,3.779,0.7593,0.0716,1.0,-0.3719,-9.411,1.394
Car B,50,3.3333,1,6.312,1,6.312,0.829,0.829,3.8156,1.0492,0.1171,1.0,-1.0,-24.999,-1.394
Car A,51,3.4,1,7.965,1,7.965,-0.475,-0.475,3.8388,0.8971,0.1137,1.0,-0.3971,-9.297,1.396
Car B,51,3.4,1,6.569,1,6.569,0.828,0.828,3.8756,0.8997,0.1162,1.0,-1.0,-25.0,-1.396
Car A,52,3.4667,1,8.227,1,8.227,-0.473,-0.473,3.8878,0.7347,0.0762,1.0,-0.3914,-9.926,1.398
Car B,52,3.4667,1,6.829,1,6.83,0.828,0.828,3.9411,0.9831,0.069,1.0,-1.0,-24.999,-1.398
Car A,53,3.5333,1,8.493,1,8.493,-0.471,-0.471,3.9443,0.8476,0.108,1.0,-0.4111,-9.785,1.399
Car B,53,3.5333,1,7.094,1,7.094,0.827,0.827,4.0009,0.8958,0.0794,1.0,-1.0,-25.0,-1.399
Car A,54,3.6,1,8.763,1,8.763,-0.469,-0.469,3.9984,0.8122,0.0922,1.0,-0.4254,-10.276,1.4
Car B,54,3.6,1,7.363,1,7.363,0.826,0.826,4.0566,0.8368,0.0401,1.0,-1.0,-25.0,-1.4
Car A,55,3.6667,1,9.036,1,9.037,-0.468,-0.468,4.0437,0.6798,0.0835,1.0,-0.4156,-10.635,1.401
Car B,55,3.6667,1,7.636,1,7.636,0.825,0.825,4.1203,0.9555,0.0028,1.0,-1.0,-24.999,-1.401
Car A,56,3.7333,1,9.314,1,9.314,-0.468,-0.468,4.0975,0.8069,0.1246,1.0,-0.4359,-10.39,1.401
Car B,56,3.7333,1,7.912,1,7.912,0.824,0.824,4.1777,0.8606,0.0273,1.0,-1.0,-24.999,-1.401
Car A,57,3.8,1,9.595,1,9.595,-0.467,-0.467,4.1452,0.7154,0.0953,1.0,-0.4387,-10.898,1.402
Car B,57,3.8,1,8.193,1,8.193,0.823,0.823,4.2333,0.8339,0.0123,1.0,-1.0,-25.0,-1.402
Car A,58,3.8667,1,9.879,1,9.879,-0.466,-0.466,4.2005,0.8292,0.0703,1.0,-0.456,-10.967,1.403
Car B,58,3.8667,1,8.477,1,8.477,0.822,0.822,4.2868,0.8031,0.0286,0.9866,-1.0,-25.0,-1.403
Car A,59,3.9333,1,10.167,1,10.167,-0.466,-0.466,4.2483,0.717,0.0676,1.0,-0.4658,-11.398,1.403
Car B,59,3.9333,1,8.764,1,8.764,0.82,0.82,4.3367,0.7471,-0.001,0.9893,-1.0,-25.0,-1.403
Car A,60,4.0,1,10.458,1,10.458,-0.467,-0.467,4.2934,0.6757,0.0479,1.0,-0.4581,-11.645,1.402
Car B,60,4.0,1,9.056,1,9.056,0.819,0.819,4.3926,0.8396,-0.0141,0.9613,-1.0,-25.0,-1.402
Car A,61,4.0667,1,10.753,1,10.753,-0.468,-0.468,4.3488,0.8313,0.0997,1.0,-0.499,-11.452,1.403
Car B,61,4.0667,1,9.35,1,9.35,0.816,0.816,4.4354,0.6422,0.0031,0.9618,-1.0,-25.0,-1.403
Car A,62,4.1333,1,11.05,1,11.051,-0.47,-0.47,4.3641,0.2299,0.0178,1.0,-0.4014,-12.473,1.402
Car B,62,4.1333,1,9.648,1,9.648,0.814,0.814,4.5024,1.0036,-0.0778,0.9039,-1.0,-24.999,-1.402
Car A,63,4.2,1,11.35,1,11.35,-0.471,-0.471,4.4125,0.7252,0.5232,1.0,-0.5503,-10.039,1.401
Car B,63,4.2,1,9.949,1,9.949,0.809,0.809,4.5123,0.1493,-0.1031,0.9794,-1.0,-25.0,-1.401
Car A,64,4.2667,1,11.652,1,11.652,-0.473,-0.473,4.4017,-0.1612,-0.0962,1.0,-0.374,-13.751,1.401
Car B,64,4.2667,1,10.251,1,10.251,0.806,0.806,4.5637,0.7706,-0.0481,0.8206,-1.0,-24.999,-1.401
Car A,65,4.3333,1,11.953,1,11.953,-0.475,-0.475,4.4114,0.146,0.7116,1.0,-0.5597,-9.356,1.398
Car B,65,4.3333,1,10.556,1,10.556,0.8,0.8,4.5698,0.0925,-0.2336,0.9537,-1.0,-25.0,-1.398
Car A,66,4.4,1,12.256,1,12.256,-0.477,-0.477,4.4281,0.2498,0.0666,1.0,-0.5501,-13.986,1.395
Car B,66,4.4,1,10.861,1,10.861,0.793,0.793,4.5762,0.0959,-0.0574,0.8407,-1.0,-25.0,-1.395
Car A,67,4.4667,1,12.562,1,12.562,-0.482,-0.482,4.4703,0.6337,0.1212,1.0,-0.5794,-13.752,1.396
Car B,67,4.4667,1,11.167,1,11.167,0.787,0.787,4.6095,0.4982,-0.0482,0.8376,-1.0,-25.0,-1.396
Car A,68,4.5333,1,12.871,1,12.871,-0.488,-0.488,4.491,0.3092,0.109,1.0,-0.5359,-14.485,1.396
Car B,68,4.5333,1,11.476,1,11.476,0.78,0.78,4.6528,0.6502,-0.1081,0.8411,-1.0,-24.999,-1.396
Car A,69,4.6,1,13.182,1,13.182,-0.494,-0.494,4.5345,0.6526,0.4678,1.0,-0.626,-13.398,1.396
Car B,69,4.6,1,11.787,1,11.787,0.772,0.772,4.6674,0.219,-0.1465,0.9012,-1.0,-25.0,-1.396
Car A,70,4.6667,1,13.496,1,13.496,-0.501,-0.501,4.5311,-0.0502,-0.1247,1.0,-0.4388,-15.647,1.396
Car B,70,4.6667,1,12.1,1,12.1,0.764,0.764,4.7208,0.8014,-0.0247,0.7107,-1.0,-25.0,-1.396
Car A,71,4.7333,1,13.808,1,13.808,-0.507,-0.507,4.5257,-0.082,0.6923,1.0,-0.5939,-10.978,1.394
Car B,71,4.7333,1,12.414,1,12.414,0.755,0.755,4.7186,-0.0339,-0.1797,0.8349,-1.0,-25.0,-1.394
Car A,72,4.8,1,14.122,1,14.123,-0.509,-0.509,4.5744,0.7307,0.0058,1.0,-0.65,-14.84,1.395
Car B,72,4.8,1,12.727,1,12.727,0.749,0.749,4.7063,-0.1835,0.1809,0.6092,-1.0,-24.999,-1.395
Car A,73,4.8667,1,14.438,1,14.438,-0.515,-0.515,4.5454,-0.4349,-0.3306,1.0,-0.3361,-16.247,1.396
Car B,73,4.8667,1,13.042,1,13.042,0.743,0.743,4.7461,0.5969,0.0972,0.5672,-1.0,-24.999,-1.396
Car A,74,4.9333,1,14.751,1,14.751,-0.52,-0.52,4.5469,0.0228,0.239,1.0,-0.5668,-8.415,1.394
Car B,74,4.9333,1,13.358,1,13.358,0.737,0.737,4.7118,-0.5154,0.2245,0.5304,-1.0,-25.0,-1.394
Car A,75,5.0,1,15.066,1,15.066,-0.519,-0.519,4.5791,0.4822,-0.0715,1.0,-0.7148,-14.16,1.397
Car B,75,5.0,1,13.669,1,13.669,0.735,0.735,4.6594,-0.785,0.3071,0.5815,-1.0,-24.999,-1.397
Car A,76,5.0667,1,15.378,1,15.378,-0.523,-0.523,4.4671,-1.6791,-0.5046,1.0,-0.0415,-17.865,1.397
Car B,76,5.0667,1,13.981,1,13.981,0.731,0.731,4.6987,0.5887,0.0288,0.5548,-1.0,-24.999,-1.397
Car A,77,5.1333,1,15.685,1,15.685,-0.531,-0.531,4.441,-0.3911,0.0166,1.0,-0.3711,-1.065,1.392
Car B,77,5.1333,1,14.293,1,14.293,0.726,0.726,4.6684,-0.4545,-0.068,0.6478,-1.0,-25.0,-1.392
Car A,78,5.2,1,15.991,1,15.991,-0.529,-0.529,4.473,0.479,0.3056,1.0,-0.5387,-9.265,1.389
Car B,78,5.2,1,14.602,1,14.602,0.723,0.723,4.596,-1.0862,0.3345,0.5183,-1.0,-25.0,-1.389
Car A,79,5.2667,1,16.299,1,16.299,-0.522,-0.522,4.5614,1.3268,-0.6851,1.0,-0.3783,-13.461,1.395
Car B,79,5.2667,1,14.904,1,14.905,0.725,0.725,4.5114,-1.2681,0.3861,0.7522,-1.0,-24.999,-1.395
Car A,80,5.3333,1,16.609,1,16.609,-0.513,-0.513,4.533,-0.426,0.4701,1.0,-0.6771,-9.464,1.4
Car B,80,5.3333,1,15.209,1,15.209,0.729,0.729,4.5688,0.8599,0.2944,0.6293,-1.0,-25.0,-1.4
Car A,81,5.4,1,16.916,1,16.917,-0.503,-0.503,4.4575,-1.1332,-0.2291,1.0,-0.3805,-16.915,1.404
Car B,81,5.4,1,15.513,1,15.513,0.733,0.733,4.5756,0.1022,0.2415,0.5376,-1.0,-24.999,-1.404
Car A,82,5.4667,1,17.221,1,17.221,-0.499,-0.499,4.4445,-0.1953,0.1708,1.0,-0.3871,-9.524,1.404
Car B,82,5.4667,1,15.816,1,15.816,0.737,0.737,4.532,-0.6533,0.1581,0.6336,-1.0,-25.0,-1.404
Car A,83,5.5333,1,17.525,1,17.525,-0.487,-0.487,4.5054,0.9148,0.3176,1.0,-0.4212,-9.678,1.409
Car B,83,5.5333,1,16.117,1,16.117,0.741,0.741,4.4775,-0.8184,0.465,0.7937,-1.0,-25.0,-1.409
Car A,84,5.6,1,17.833,1,17.833,-0.469,-0.469,4.5507,0.6788,0.2076,1.0,-0.4262,-10.529,1.417
Car B,84,5.6,1,16.416,1,16.416,0.751,0.751,4.5057,0.4243,0.557,0.7492,-1.0,-25.0,-1.417
Car A,85,5.6667,1,18.143,1,18.143,-0.449,-0.449,4.5712,0.3078,0.1595,1.0,-0.4459,-10.655,1.424
Car B,85,5.6667,1,16.718,1,16.718,0.763,0.763,4.5623,0.8489,0.555,0.658,-1.0,-25.0,-1.424
Car A,86,5.7333,1,18.454,1,18.454,-0.429,-0.429,4.589,0.2661,0.0921,1.0,-0.483,-11.145,1.43
Car B,86,5.7333,1,17.023,1,17.023,0.776,0.776,4.5982,0.5387,0.4655,0.8704,-1.0,-25.0,-1.43
Car A,87,5.8,1,18.765,1,18.765,-0.41,-0.41,4.5875,-0.0217,0.0503,1.0,-0.5128,-12.074,1.432
Car B,87,5.8,1,17.333,1,17.333,0.79,0.79,4.6662,1.0192,0.2232,0.8589,-1.0,-24.999,-1.432
Car A,88,5.8667,1,19.079,1,19.079,-0.396,-0.396,4.6068,0.2886,0.1093,1.0,-0.5667,-12.819,1.434
Car B,88,5.8667,1,17.645,1,17.645,0.802,0.802,4.7086,0.6362,0.0417,0.9002,-1.0,-25.0,-1.434
Car A,89,5.9333,1,19.394,1,19.394,-0.386,-0.386,4.5783,-0.4264,-0.0213,1.0,-0.5579,-14.165,1.433
Car B,89,5.9333,1,17.962,1,17.962,0.812,0.812,4.7799,1.0698,-0.1585,1.0,-1.0,-25.0,-1.433
Car A,90,6.0,1,19.711,1,19.711,-0.379,-0.379,4.6551,1.1511,-0.2059,1.0,-0.2978,-13.947,1.431
Car B,90,6.0,1,18.28,1,18.28,0.821,0.821,4.7635,-0.2465,0.0656,1.0,-1.0,-25.0,-1.431
Car A,91,6.0667,1,20.001,1,20.03,-0.365,-0.366,4.6701,0.2256,0.312,1.0,-0.0181,-7.456,1.402
Car B,91,6.0667,1,18.599,1,18.599,0.832,0.832,4.7642,0.0109,0.3417,1.0,-1.0,-25.0,-1.402
Car A,92,6.1333,1,20.32,1,20.348,-0.34,-0.367,4.7067,0.5487,0.6412,1.0,0.0378,-0.463,1.405
Car B,92,6.1333,1,18.915,1,18.915,0.85,0.85,4.7275,-0.551,0.7155,1.0,-1.0,-25.0,-1.405
Car A,93,6.2,1,20.64,1,20.666,-0.304,-0.355,4.7367,0.4495,0.8413,1.0,-0.1429,0.944,1.412
Car B,93,6.2,1,19.228,1,19.228,0.873,0.873,4.6966,-0.4632,0.9939,1.0,-1.0,-25.0,-1.412
Car A,94,6.2667,1,20.941,1,20.983,-0.256,-0.333,4.7848,0.7215,1.0085,1.0,-0.1798,-3.565,1.402
Car B,94,6.2667,1,19.539,1,19.539,0.903,0.903,4.6639,-0.491,1.3131,1.0,-1.0,-25.0,-1.402
Car A,95,6.3333,1,21.232,1,21.303,-0.197,-0.348,4.8697,1.2746,0.8822,1.0,0.6018,-4.495,1.385
Car B,95,6.3333,1,19.848,1,19.848,0.94,0.94,4.6488,-0.2265,1.2366,1.0,-0.5162,-25.0,-1.385
Car A,96,6.4,1,21.557,1,21.62,-0.128,-0.355,4.818,-0.7763,1.9651,1.0,0.4494,15.015,1.324
Car B,96,6.4,1,20.233,1,20.157,0.978,0.963,4.6991,0.7548,0.771,1.0,-1.0,-12.923,-1.324
Car A,97,6.4667,1,21.882,1,21.937,-0.056,-0.359,4.821,0.0446,2.4224,1.0,-0.0746,11.24,1.34
Car B,97,6.4667,1,20.542,1,20.463,1.032,0.993,4.6508,-0.7245,1.595,1.0,-0.4252,-24.982,-1.34
Car A,98,6.5333,1,22.149,1,22.249,0.034,-0.391,4.876,0.8258,1.3472,1.0,1.0,-1.846,1.296
Car B,98,6.5333,1,20.853,1,20.771,1.079,1.015,4.6813,0.4571,0.1746,1.0,-1.0,-10.651,-1.296
Car A,99,6.6,1,22.477,1,22.576,0.104,-0.451,4.9257,0.7448,2.3928,1.0,1.0,24.96,1.166
Car B,99,6.6,1,21.311,1,21.054,1.179,1.048,4.3795,-4.526,5.7007,1.0,1.0,-24.978,-1.166
Car A,100,6.6667,1,22.808,1,22.903,0.178,-0.508,4.9153,-0.1556,2.4635,1.0,1.0,24.999,1.202
Car B,100,6.6667,1,21.606,1,21.327,1.301,1.103,4.4518,1.0835,5.0913,1.0,1.0,24.925,-1.202
Car A,101,6.7333,1,23.051,1,23.222,0.275,-0.584,4.9048,-0.1571,2.3516,1.0,1.0,25.0,0.967
Car B,101,6.7333,1,22.083,1,21.599,1.433,1.151,4.5173,0.9833,4.3387,1.0,1.0,25.0,-0.967
Car A,102,6.8,1,23.375,1,23.531,0.391,-0.646,4.8963,-0.1272,2.2405,1.0,1.0,25.0,0.989
Car B,102,6.8,1,22.387,1,21.868,1.576,1.179,4.51,-0.1106,5.0357,1.0,1.0,24.978,-0.989
Car A,103,6.8667,1,23.701,1,23.829,0.528,-0.685,4.8889,-0.111,2.1354,1.0,1.0,25.0,1.016
Car B,103,6.8667,1,22.685,1,22.118,1.753,1.247,4.5441,0.5129,4.878,1.0,1.0,24.999,-1.016
Car A,104,6.9333,1,23.914,1,24.116,0.684,-0.734,4.8811,-0.1174,2.0395,1.0,1.0,25.0,0.726
Car B,104,6.9333,1,23.188,1,22.357,1.948,1.295,4.5763,0.482,4.7863,1.0,1.0,24.999,-0.726
Car A,105,7.0,1,24.236,1,24.389,0.859,-0.778,4.8714,-0.1457,1.9575,1.0,1.0,25.0,0.744
Car B,105,7.0,1,23.492,1,22.582,2.162,1.36,4.6049,0.429,4.7163,1.0,1.0,24.999,-0.744
Car A,106,7.0667,1,24.559,1,24.65,1.052,-0.801,4.8587,-0.1901,1.9066,1.0,1.0,25.0,0.541
Car B,106,7.0667,1,24.018,1,22.794,2.392,1.423,4.6321,0.4088,4.6955,1.0,0.9392,24.999,-0.541
Car A,107,7.1333,1,24.756,1,24.896,1.263,-0.818,4.8436,-0.2269,2.0943,1.0,1.0,25.0,0.428
Car B,107,7.1333,1,24.327,1,22.991,2.638,1.482,4.6717,0.594,4.688,1.0,-1.0,23.481,-0.428
Car A,108,7.2,1,25.078,1,25.13,1.486,-0.851,4.8345,-0.1358,2.6266,1.0,1.0,25.0,0.198
Car B,108,7.2,1,24.88,1,23.184,2.888,1.54,4.724,0.7838,3.0622,1.0,-1.0,-24.927,-0.198
Car A,109,7.2667,1,25.401,1,25.353,1.721,-0.867,4.8343,-0.0029,3.0495,1.0,1.0,25.0,0.204
Car B,109,7.2667,1,25.197,1,23.377,3.141,1.557,4.7728,0.7317,1.6018,1.0,-1.0,-24.999,-0.204
Car A,110,7.3333,1,25.649,1,25.562,1.969,-0.869,4.8355,0.0177,3.3909,1.0,1.0,25.0,0.133
Car B,110,7.3333,1,25.516,1,23.581,3.387,1.561,4.7946,0.3268,0.3512,0.9217,-1.0,-25.0,-0.133
Car A,111,7.4,1,25.912,1,25.757,2.229,-0.898,4.8387,0.0474,3.6691,1.0,1.0,25.0,-0.165
Car B,111,7.4,1,26.077,1,23.794,3.625,1.506,4.7984,0.0576,-0.5965,1.0,-1.0,-25.0,0.165
Car A,112,7.4667,1,26.237,1,25.937,2.5,-0.909,4.8437,0.0759,3.894,1.0,1.0,24.999,-0.152
Car B,112,7.4667,1,26.39,1,24.016,3.855,1.436,4.8033,0.0738,-1.366,1.0,-0.6514,-25.0,0.152
Car A,113,7.5333,1,26.563,1,26.101,2.782,-0.901,4.8505,0.1013,4.074,1.0,1.0,24.999,-0.347
Car B,113,7.5333,1,26.91,1,24.25,4.076,1.319,4.8112,0.119,-1.9555,1.0,-1.0,-16.297,0.347
Car A,114,7.6,1,26.749,1,26.247,3.074,-0.91,4.8588,0.1245,4.2236,1.0,1.0,24.999,-0.449
Car B,114,7.6,1,27.197,1,24.493,4.286,1.174,4.8113,0.0005,-2.5064,1.0,-1.0,-24.986,0.449
Car A,115,7.6667,1,27.076,1,26.376,3.375,-0.913,4.8684,0.1445,4.3425,1.0,1.0,24.999,-0.56
Car B,115,7.6667,1,27.636,1,24.748,4.483,1.01,4.8121,0.0128,-2.9467,0.6224,1.0,-24.999,0.56
Car A,116,7.7333,1,27.404,1,26.485,3.685,-0.896,4.8792,0.1612,4.4426,0.4713,1.0,24.999,-0.478
Car B,116,7.7333,1,27.882,1,25.005,4.675,0.805,4.7963,-0.2372,-1.7839,1.0,1.0,24.925,0.478
Car A,117,7.8,1,27.583,1,26.633,3.976,-0.941,4.8681,-0.1655,-2.6192,1.0,1.0,25.0,-0.554
Car B,117,7.8,1,28.137,1,25.191,4.892,0.676,4.2399,-8.346,3.1608,0.4591,1.0,25.0,0.554
Car A,118,7.8667,1,27.898,1,26.784,4.264,-1.02,4.8753,0.1069,-0.2468,0.4833,1.0,25.0,-0.499
Car B,118,7.8667,1,28.398,1,25.368,5.117,0.556,4.2828,0.6431,2.5871,0.6523,1.0,25.0,0.499
Car A,119,7.9333,1,28.21,1,26.93,4.549,-1.096,4.7727,-1.538,1.3766,1.0,1.0,25.0,-0.52
Car B,119,7.9333,1,28.73,1,25.537,5.349,0.41,4.2206,-0.9323,3.4373,1.0,1.0,24.997,0.52
Car A,120,8.0,1,28.474,1,27.065,4.838,-1.161,4.7754,0.0404,1.9387,1.0,1.0,25.0,-0.512
Car B,120,8.0,1,28.985,1,25.684,5.594,0.283,4.2374,0.2511,3.632,1.0,1.0,24.999,0.512
Car A,121,8.0667,1,28.645,1,27.192,5.134,-1.256,4.8316,0.8428,2.0418,1.0,1.0,25.0,-0.603
Car B,121,8.0667,1,29.248,1,25.812,5.847,0.175,4.1954,-0.6301,3.8508,1.0,1.0,24.999,0.603
Car A,122,8.1333,1,28.956,1,27.306,5.437,-1.346,4.832,0.005,2.5703,1.0,1.0,25.0,-0.569
Car B,122,8.1333,1,29.525,1,25.924,6.11,0.076,4.2294,0.51,4.0148,1.0,1.0,24.999,0.569
Car A,123,8.2,1,29.271,1,27.404,5.745,-1.419,4.8327,0.0115,2.9942,1.0,1.0,25.0,-0.526
Car B,123,8.2,1,29.797,1,26.019,6.382,-0.019,4.2673,0.5687,4.1292,1.0,1.0,24.999,0.526
Car A,124,8.2667,1,29.474,1,27.487,6.059,-1.487,4.8457,0.1943,3.1176,1.0,1.0,25.0,-0.603
Car B,124,8.2667,1,30.077,1,26.095,6.662,-0.095,4.299,0.4762,4.3331,0.8896,1.0,24.999,0.603
Car A,125,8.3333,1,29.792,1,27.556,6.377,-1.556,4.8571,0.1714,3.3054,1.0,1.0,25.0,-0.572
Car B,125,8.3333,1,30.364,1,26.152,6.949,-0.152,4.3291,0.4506,4.4289,0.7793,1.0,24.999,0.572
Car A,126,8.4,1,30.114,1,27.609,6.699,-1.609,4.8682,0.1662,3.4731,1.0,1.0,25.0,-0.542
Car B,126,8.4,1,30.656,1,26.189,7.241,-0.189,4.341,0.1791,4.5025,0.8876,1.0,24.999,0.542
Car A,127,8.4667,1,30.439,1,27.646,7.024,-1.646,4.8824,0.2139,3.5624,1.0,1.0,25.0,-0.511
Car B,127,8.4667,1,30.951,1,26.205,7.536,-0.205,4.3773,0.5441,4.5503,1.0,1.0,24.999,0.511
Car A,128,8.5333,1,30.768,1,27.669,7.353,-1.669,4.9078,0.3798,3.5192,1.0,1.0,25.0,-0.481
Car B,128,8.5333,1,31.249,1,26.201,7.834,-0.201,4.4051,0.4179,4.6264,1.0,1.0,24.999,0.481
Car A,129,8.6,1,31.098,1,27.675,7.683,-1.675,4.9176,0.1482,3.6775,1.0,1.0,24.999,-0.451
Car B,129,8.6,1,31.548,1,26.176,8.133,-0.176,4.4544,0.7388,4.6461,1.0,1.0,24.999,0.451
Car A,130,8.6667,1,31.428,1,27.663,8.013,-1.663,4.9277,0.1503,3.8062,1.0,1.0,24.999,-0.42
Car B,130,8.6667,1,31.848,1,26.132,8.433,-0.132,4.4962,0.6267,4.6778,1.0,0.0757,24.999,0.42
Car A,131,8.7333,1,31.758,1,27.632,8.343,-1.632,4.9319,0.0628,4.0068,1.0,1.0,24.999,-0.392
Car B,131,8.7333,1,32.15,1,26.075,8.735,-0.075,4.5713,1.1265,3.6094,1.0,-1.0,1.926,0.392
Car A,132,8.8,1,32.086,1,27.582,8.671,-1.582,4.9378,0.0888,4.169,1.0,1.0,24.999,-0.368
Car B,132,8.8,1,32.454,1,26.024,9.039,-0.024,4.6319,0.9096,1.9806,0.4182,-1.0,-24.959,0.368
Car A,133,8.8667,1,32.411,1,27.511,8.996,-1.511,4.9451,0.1105,4.3021,1.0,1.0,24.999,-0.345
Car B,133,8.8667,1,32.756,1,25.98,9.341,0.02,4.5216,-1.6546,0.6919,1.0,-1.0,-25.0,0.345
Car A,134,8.9333,1,32.732,1,27.421,9.317,-1.421,4.9537,0.1279,4.411,1.0,1.0,24.999,-0.324
Car B,134,8.9333,1,33.056,1,25.946,9.641,0.054,4.5385,0.2534,-0.2124,1.0,-1.0,-25.0,0.324
Car A,135,9.0,1,33.031,1,27.39,9.616,-1.39,4.4594,-7.4137,-1.1186,-0.3376,1.0,25.0,-0.349
Car B,135,9.0,1,33.379,1,25.867,9.964,0.133,5.0212,7.2406,3.3983,-0.6828,-1.0,-25.0,0.349
Car A,136,9.0667,1,33.328,1,27.363,9.913,-1.363,4.4715,0.1805,-1.1421,-0.3169,1.0,25.0,-0.363
Car B,136,9.0667,1,33.691,1,25.777,10.276,0.223,4.7712,-3.7498,2.9318,-0.238,-1.0,-25.0,0.363
Car A,137,9.1333,1,33.626,1,27.336,10.211,-1.336,4.4977,0.3936,-0.8281,-0.6125,1.0,25.0,-0.363
Car B,137,9.1333,1,33.989,1,25.681,10.574,0.319,4.6134,-2.3673,2.5154,-0.4191,-1.0,-25.0,0.363
Car A,138,9.2,1,33.907,1,27.325,10.492,-1.325,4.0934,-6.0649,-1.6201,-0.8226,1.0,25.001,-0.365
Car B,138,9.2,1,34.273,1,25.579,10.858,0.421,4.4383,-2.6264,2.2897,0.5611,-1.0,-25.0,0.365
Car A,139,9.2667,1,34.174,1,27.328,10.759,-1.328,3.9259,-2.5117,-1.7568,-0.9632,1.0,25.001,-0.377
Car B,139,9.2667,1,34.551,1,25.478,11.136,0.522,4.4086,-0.4452,1.0913,0.405,-1.0,-25.0,0.377
Car A,140,9.3333,1,34.43,1,27.342,11.015,-1.342,3.7618,-2.4623,-1.8525,-0.5047,1.0,25.001,-0.397
Car B,140,9.3333,1,34.827,1,25.388,11.412,0.612,4.3187,-1.3493,0.1241,0.8384,-1.0,-25.0,0.397
Car A,141,9.4,1,34.675,1,27.365,11.26,-1.365,3.6032,-2.3784,-1.806,-0.472,1.0,25.0,-0.429
Car B,141,9.4,1,35.104,1,25.309,11.689,0.691,4.3219,0.0481,-0.6539,0.684,-1.0,-25.0,0.429
Car A,142,9.4667,1,34.908,1,27.396,11.493,-1.396,3.4341,-2.5361,-1.7348,-0.5554,1.0,25.0,-0.475
Car B,142,9.4667,1,35.383,1,25.242,11.968,0.758,4.2992,-0.3406,-1.3753,0.7153,-1.0,-24.999,0.475
Car A,143,9.5333,1,35.128,1,27.435,11.713,-1.435,3.2625,-2.5748,-1.6854,-1.0,1.0,25.0,-0.537
Car B,143,9.5333,1,35.665,1,25.19,12.25,0.81,4.2795,-0.2957,-1.9468,1.0,-1.0,-24.999,0.537
Car A,144,9.6,1,35.334,1,27.482,11.919,-1.482,3.0855,-2.6545,-1.6913,-1.0,1.0,25.0,-0.615
Car B,144,9.6,1,35.949,1,25.153,12.534,0.847,4.2853,0.0866,-2.4046,1.0,-1.0,-24.999,0.615
Car A,145,9.6667,1,35.528,1,27.537,12.113,-1.537,2.9211,-2.4656,-1.6655,-1.0,1.0,25.0,-0.708
Car B,145,9.6667,1,36.236,1,25.131,12.821,0.869,4.2911,0.0879,-2.8105,1.0,-1.0,-24.999,0.708
Car A,146,9.7333,1,35.709,1,27.598,12.294,-1.598,2.7557,-2.481,-1.6144,-1.0,1.0,25.0,-0.816
Car B,146,9.7333,1,36.525,1,25.127,13.11,0.873,4.2986,0.1127,-3.1571,1.0,-1.0,-24.999,0.816
Car A,147,9.8,1,35.876,1,27.664,12.461,-1.664,2.5896,-2.4925,-1.5386,-0.727,1.0,25.0,-0.939
Car B,147,9.8,1,36.815,1,25.141,13.4,0.859,4.3089,0.1544,-3.4508,1.0,-1.0,-24.999,0.939
Car A,148,9.8667,1,36.03,1,27.734,12.615,-1.734,2.4281,-2.4217,-1.428,-0.3394,1.0,25.0,-1.074
Car B,148,9.8667,1,37.104,1,25.174,13.689,0.826,4.3229,0.2096,-3.684,-0.1259,-1.0,-24.999,1.074
Car A,149,9.9333,1,36.171,1,27.806,12.756,-1.806,2.2688,-2.3906,-1.2527,-0.473,1.0,25.0,-1.275
Car B,149,9.9333,1,37.446,1,25.214,13.969,0.786,4.167,-2.3389,-2.7706,0.5481,-1.0,-25.0,1.275
Car A,150,10.0,1,36.299,1,27.878,12.884,-1.878,2.0941,-2.6204,-1.1139,-0.4776,1.0,25.0,-1.416
Car B,150,10.0,1,37.715,1,25.266,14.243,0.712,4.1263,-0.6096,-2.9103,1.0,-1.0,-24.999,1.416
Car A,151,10.0667,1,36.414,1,27.95,12.999,-1.95,1.9225,-2.5735,-0.9978,-0.4917,1.0,25.0,-1.565
Car B,151,10.0667,1,37.979,1,25.334,14.513,0.623,4.1379,0.1737,-3.1813,1.0,-1.0,-24.999,1.565
Car A,152,10.1333,1,36.516,1,28.021,13.101,-2.021,1.7503,-2.5824,-0.8795,-0.1404,1.0,25.0,-1.721
Car B,152,10.1333,1,38.237,1,25.42,14.779,0.517,4.153,0.2258,-3.4546,1.0,-1.0,-24.999,1.721
Car A,153,10.2,1,36.607,1,28.088,13.192,-2.088,1.5932,-2.3572,-0.708,0.6361,1.0,25.0,-1.943
Car B,153,10.2,1,38.55,1,25.524,15.041,0.367,4.1737,0.3113,-3.6791,1.0,-0.2393,-24.999,1.943
Car A,154,10.2667,1,36.699,1,28.151,13.284,-2.151,1.7004,1.6083,-0.3816,0.5618,1.0,24.999,-2.077
Car B,154,10.2667,1,38.776,1,25.638,15.301,0.196,4.2551,1.2213,-2.6066,1.0,0.6457,-6.013,2.077
Car A,155,10.3333,1,36.801,1,28.207,13.386,-2.207,1.7611,0.9104,-0.0254,0.4816,1.0,25.0,-2.209
Car B,155,10.3333,1,39.01,1,25.746,15.567,0.028,4.3083,0.7972,-1.4939,1.0,1.0,16.11,2.209
Car A,156,10.4,1,36.91,1,28.254,13.495,-2.254,1.7844,0.35,0.3226,0.4265,1.0,25.0,-2.34
Car B,156,10.4,1,39.25,1,25.846,15.838,-0.132,4.3434,0.5267,-0.2061,1.0,1.0,24.986,2.34
Car A,157,10.4667,1,37.024,1,28.29,13.609,-2.29,1.7814,-0.0452,0.6538,-0.038,1.0,25.0,-2.427
Car B,157,10.4667,1,39.451,1,25.935,16.115,-0.311,4.3612,0.2668,0.6333,1.0,1.0,25.0,2.427
Car A,158,10.5333,1,37.132,1,28.32,13.717,-2.32,1.6079,-2.6033,0.4862,-0.0587,1.0,25.0,-2.549
Car B,158,10.5333,1,39.682,1,26.012,16.396,-0.489,4.3716,0.1567,1.346,1.0,1.0,25.0,2.549
Car A,159,10.6,1,37.23,1,28.347,13.815,-2.347,1.4525,-2.3304,0.317,0.6456,1.0,25.0,-2.691
Car B,159,10.6,1,39.921,1,26.075,16.681,-0.657,4.3782,0.0988,1.9352,1.0,1.0,25.0,2.691
Car A,160,10.6667,1,37.327,1,28.368,13.912,-2.368,1.4849,0.486,0.538,0.4933,1.0,25.0,-2.843
Car B,160,10.6667,1,40.17,1,26.123,16.971,-0.812,4.3829,0.0704,2.4274,1.0,1.0,25.0,2.843
Car A,161,10.7333,1,37.415,1,28.384,14.016,-2.385,1.5927,1.6167,0.6216,0.1999,1.0,25.0,-2.861
Car B,161,10.7333,1,40.276,1,26.155,17.263,-0.972,4.3877,0.0718,2.846,1.0,1.0,25.0,2.861
Car A,162,10.8,1,37.415,1,28.398,14.117,-2.401,1.4505,-2.1329,0.5217,1.0,1.0,25.0,-3.105
Car B,162,10.8,1,40.52,1,26.17,17.558,-1.138,4.3939,0.0937,3.1946,1.0,1.0,25.0,3.105
Car A,163,10.8667,1,37.444,1,28.409,14.219,-2.419,1.5551,1.5685,0.5949,0.9706,1.0,25.0,-3.33
Car B,163,10.8667,1,40.774,1,26.167,17.854,-1.29,4.4029,0.1338,3.4812,1.0,1.0,24.999,3.33
Car A,164,10.9333,1,37.553,1,28.418,14.329,-2.437,1.6682,1.6967,0.6849,0.9976,1.0,25.0,-3.485
Car B,164,10.9333,1,41.038,1,26.145,18.15,-1.427,4.4146,0.1768,3.7214,1.0,1.0,24.999,3.485
Car A,165,11.0,1,37.67,1,28.425,14.446,-2.452,1.7785,1.6544,0.7783,1.0,1.0,25.0,-3.511
Car B,165,11.0,1,41.181,1,26.105,18.446,-1.552,4.4296,0.2244,3.9174,1.0,1.0,24.999,3.511
Car A,166,11.0667,1,37.794,1,28.428,14.571,-2.465,1.889,1.6584,0.8801,1.0,1.0,25.0,-3.536
Car B,166,11.0667,1,41.33,1,26.045,18.74,-1.693,4.448,0.2767,4.0807,1.0,1.0,24.999,3.536
Car A,167,11.1333,1,37.927,1,28.427,14.704,-2.475,1.9981,1.6365,0.9833,1.0,1.0,25.0,-3.676
Car B,167,11.1333,1,41.603,1,25.965,19.03,-1.821,4.4694,0.32,4.2094,1.0,1.0,24.999,3.676
Car A,168,11.2,1,38.067,1,28.421,14.844,-2.48,2.1062,1.6214,1.0933,0.8599,1.0,25.0,-3.818
Car B,168,11.2,1,41.885,1,25.866,19.317,-1.932,4.4933,0.3584,4.3171,1.0,1.0,24.999,3.818
Car A,169,11.2667,1,38.214,1,28.41,14.991,-2.481,2.2136,1.6101,1.2048,0.9193,1.0,25.0,-3.909
Car B,169,11.2667,1,42.123,1,25.748,19.598,-2.026,4.5187,0.3819,4.4045,1.0,1.0,24.999,3.909
Car A,170,11.3333,1,38.357,1,28.393,15.145,-2.476,2.3173,1.5562,1.3212,0.838,1.0,25.0,-3.784
Car B,170,11.3333,1,42.14,1,25.611,19.872,-2.128,4.5452,0.3975,4.4764,1.0,1.0,24.999,3.784
Car A,171,11.4,1,38.357,1,28.369,15.305,-2.471,2.4203,1.5453,1.4372,1.0,1.0,25.0,-4.075
Car B,171,11.4,1,42.432,1,25.455,20.139,-2.229,4.5721,0.4027,4.5366,1.0,1.0,24.999,4.075
Car A,172,11.4667,1,38.357,1,28.338,15.47,-2.47,2.521,1.5095,1.5604,1.0,1.0,25.0,-4.375
Car B,172,11.4667,1,42.731,1,25.281,20.396,-2.311,4.5989,0.4016,4.5895,1.0,1.0,24.999,4.375
Car A,173,11.5333,1,38.486,1,28.298,15.641,-2.471,2.6215,1.5085,1.6812,1.0,1.0,25.0,-4.551
Car B,173,11.5333,1,43.037,1,25.089,20.642,-2.374,4.6252,0.3949,4.6312,1.0,1.0,24.999,4.551
Car A,174,11.6,1,38.667,1,28.249,15.816,-2.464,2.7208,1.4886,1.8064,1.0,1.0,25.0,-4.397
Car B,174,11.6,1,43.064,1,24.881,20.876,-2.434,4.6509,0.3862,4.6681,1.0,1.0,24.999,4.397
Car A,175,11.6667,1,38.856,1,28.191,15.996,-2.449,2.8179,1.4577,1.9364,1.0,1.0,25.0,-4.418
Car B,175,11.6667,1,43.274,1,24.656,21.098,-2.503,4.676,0.3766,4.6988,1.0,1.0,24.999,4.418
Car A,176,11.7333,1,39.049,1,28.122,16.178,-2.424,2.9132,1.4291,2.068,1.0,1.0,25.0,-4.537
Car B,176,11.7333,1,43.587,1,24.415,21.305,-2.554,4.7003,0.3646,4.7246,1.0,1.0,24.999,4.537
Car A,177,11.8,1,39.248,1,28.042,16.363,-2.39,3.0064,1.398,2.1997,1.0,1.0,25.0,-4.656
Car B,177,11.8,1,43.904,1,24.161,21.496,-2.584,4.7239,0.3538,4.7491,1.0,1.0,24.999,4.656
Car A,178,11.8667,1,39.298,1,27.95,16.55,-2.349,3.0975,1.3668,2.33,1.0,1.0,25.0,-4.708
Car B,178,11.8667,1,44.006,1,23.893,21.672,-2.603,4.7467,0.341,4.7683,1.0,1.0,24.999,4.708
Car A,179,11.9333,1,39.298,1,27.847,16.737,-2.315,3.1864,1.3332,2.4597,1.0,1.0,25.0,-4.837
Car B,179,11.9333,1,44.135,1,23.613,21.83,-2.635,4.7686,0.3294,4.7855,1.0,1.0,24.999,4.837
Car A,180,12.0,1,39.511,1,27.73,16.923,-2.279,3.2734,1.3052,2.5939,1.0,1.0,25.0,-4.946
Car B,180,12.0,1,44.458,1,23.322,21.97,-2.653,4.7898,0.318,4.7983,1.0,1.0,24.999,4.946
Car A,181,12.0667,1,39.732,1,27.601,17.108,-2.23,3.3578,1.2655,2.7226,1.0,1.0,25.0,-5.05
Car B,181,12.0667,1,44.782,2,23.021,22.091,-2.65,4.8104,0.308,4.8123,1.0,1.0,24.999,5.05
Car A,182,12.1333,1,39.955,1,27.459,17.291,-2.169,3.4397,1.2292,2.8505,1.0,1.0,25.0,-4.993
Car B,182,12.1333,1,44.947,2,22.711,22.193,-2.63,4.8301,0.2959,4.8241,1.0,1.0,24.999,4.993
Car A,183,12.2,1,40.179,1,27.303,17.469,-2.093,3.5191,1.1899,2.976,1.0,1.0,25.0,-4.842
Car B,183,12.2,1,45.021,2,22.394,22.274,-2.623,4.8491,0.2857,4.8323,1.0,1.0,24.999,4.842
Car A,184,12.2667,1,40.24,1,27.134,17.642,-2.01,3.596,1.1533,3.1016,1.0,1.0,25.0,-5.109
Car B,184,12.2667,1,45.349,2,22.072,22.335,-2.607,4.8675,0.2759,4.8414,1.0,1.0,24.999,5.109
Car A,185,12.3333,1,40.325,1,26.951,17.808,-1.935,3.6702,1.114,3.2234,1.0,1.0,25.0,-5.351
Car B,185,12.3333,1,45.676,2,21.745,22.375,-2.569,4.8854,0.2686,4.8483,1.0,1.0,24.999,5.351
Car A,186,12.4,1,40.563,1,26.756,17.967,-1.852,3.7419,1.0744,3.3446,1.0,1.0,25.0,-5.326
Car B,186,12.4,1,45.889,2,21.415,22.393,-2.513,4.9027,0.2591,4.8545,1.0,1.0,24.999,5.326
Car A,187,12.4667,1,40.8,1,26.547,18.117,-1.752,3.8107,1.0329,3.4608,1.0,1.0,25.0,-5.138
Car B,187,12.4667,1,45.938,2,21.083,22.391,-2.468,4.9194,0.2504,4.8605,1.0,1.0,24.999,5.138
Car A,188,12.5333,1,41.034,1,26.327,18.257,-1.637,3.8768,0.9918,3.5724,1.0,1.0,25.0,-5.233
Car B,188,12.5333,1,46.266,2,20.752,22.366,-2.418,4.9355,0.2413,4.8657,1.0,1.0,24.999,5.233
Car A,189,12.6,1,41.181,1,26.094,18.385,-1.508,3.9402,0.951,3.6767,1.0,1.0,25.0,-5.411
Car B,189,12.6,1,46.592,2,20.421,22.32,-2.346,4.9512,0.2353,4.869,1.0,1.0,24.999,5.411
Car A,190,12.6667,1,41.274,1,25.85,18.5,-1.389,4.0009,0.9096,3.7792,1.0,1.0,25.0,-5.556
Car B,190,12.6667,1,46.83,2,20.093,22.253,-2.255,4.9663,0.227,4.8713,1.0,1.0,24.999,5.556
Car A,191,12.7333,1,41.516,1,25.596,18.601,-1.262,4.059,0.8712,3.8771,1.0,1.0,25.0,-5.544
Car B,191,12.7333,1,47.061,2,19.77,22.164,-2.164,4.981,0.2208,4.874,1.0,1.0,24.999,5.544
Car A,192,12.8,1,41.753,1,25.332,18.688,-1.118,4.1144,0.8308,3.9685,1.0,0.7642,24.999,-5.625
Car B,192,12.8,1,47.379,2,19.451,22.055,-2.055,4.9953,0.2146,4.8771,1.0,1.0,24.999,5.625
Car A,193,12.8667,1,41.988,1,25.061,18.764,-0.961,4.2325,1.7716,3.3883,1.0,-0.6647,19.114,-5.702
Car B,193,12.8667,1,47.69,2,19.14,21.925,-1.925,5.0092,0.2084,4.8781,1.0,1.0,24.999,5.702
Car A,194,12.9333,1,42.123,1,24.785,18.842,-0.809,4.292,0.8938,2.2257,1.0,-1.0,-16.563,-5.871
Car B,194,12.9333,1,47.994,2,18.837,21.775,-1.775,5.0228,0.2034,4.88,1.0,0.6545,24.999,5.871
Car A,195,13.0,1,42.364,1,24.508,18.925,-0.692,4.339,0.7038,0.9101,1.0,-1.0,-24.987,-5.928
Car B,195,13.0,1,48.292,2,18.538,21.609,-1.609,5.1105,1.3151,4.1649,1.0,0.5641,16.374,5.928
Car A,196,13.0667,1,42.635,1,24.234,19.021,-0.586,4.3644,0.3813,-0.0498,1.0,-1.0,-25.0,-5.954
Car B,196,13.0667,1,48.589,2,18.241,21.431,-1.431,5.2021,1.3753,3.7551,1.0,0.2346,14.105,5.954
Car A,197,13.1333,1,42.91,1,23.963,19.128,-0.491,4.3793,0.2234,-0.8639,1.0,-1.0,-25.0,-5.976
Car B,197,13.1333,1,48.886,2,17.944,21.245,-1.245,5.2719,1.0463,2.298,1.0,-0.2958,5.877,5.976
Car A,198,13.2,1,43.126,1,23.695,19.247,-0.424,4.3882,0.1335,-1.536,0.8932,-0.1259,-24.999,-6.065
Car B,198,13.2,1,49.19,2,17.64,21.065,-1.065,5.3053,0.5006,0.7782,1.0,-0.5609,-7.373,6.065
Car A,199,13.2667,1,43.418,1,23.43,19.373,-0.392,4.4145,0.3951,-0.9885,0.8761,-0.0195,-3.182,-6.083
Car B,199,13.2667,1,49.501,2,17.329,20.894,-0.894,5.3156,0.1543,-0.3928,1.0,-1.0,-14.013,6.083
Car A,200,13.3333,1,43.715,1,23.156,19.494,-0.352,4.5322,1.765,-0.141,1.0,-0.1585,-0.493,-6.102
Car B,200,13.3333,1,49.817,2,17.013,20.735,-0.735,5.314,-0.0238,-1.3085,1.0,-1.0,-24.983,6.102
Car A,201,13.4,1,44.006,1,22.877,19.619,-0.313,4.6096,1.1604,-0.703,0.9708,-0.1728,-3.958,-6.134
Car B,201,13.4,1,50.14,2,16.69,20.588,-0.588,5.3095,-0.0665,-2.0181,1.0,-1.0,-24.999,6.134
Car A,202,13.4667,1,44.28,1,22.596,19.755,-0.328,4.7252,1.7345,-1.0265,1.0,1.0,-4.319,-6.189
Car B,202,13.4667,1,50.469,2,16.361,20.456,-0.456,5.3047,-0.0733,-2.5845,1.0,-1.0,-24.999,6.189
Car A,203,13.5333,1,44.595,2,22.31,19.889,-0.344,4.7389,0.2059,-0.1193,1.0,1.0,24.956,-6.208
Car B,203,13.5333,1,50.804,2,16.026,20.34,-0.34,5.3002,-0.0672,-3.0408,1.0,-1.0,-24.999,6.208
Car A,204,13.6,1,44.912,2,22.02,20.015,-0.349,4.7498,0.1633,0.8616,1.0,1.0,25.0,-6.233
Car B,204,13.6,1,51.144,2,15.686,20.241,-0.241,5.2966,-0.0542,-3.4169,1.0,-1.0,-24.999,6.233
Car A,205,13.6667,1,45.172,2,21.724,20.128,-0.38,4.7541,0.0651,1.6013,1.0,1.0,25.0,-6.318
Car B,205,13.6667,1,51.49,2,15.34,20.159,-0.159,5.2943,-0.0338,-3.7102,1.0,-1.0,-24.999,6.318
Car A,206,13.7333,1,45.489,2,21.422,20.228,-0.406,4.7556,0.0225,2.1878,1.0,1.0,25.0,-6.35
Car B,206,13.7333,1,51.839,2,14.991,20.097,-0.097,5.2933,-0.0148,-3.9398,1.0,-1.0,-24.999,6.35
Car A,207,13.8,1,45.807,2,21.115,20.312,-0.416,4.7571,0.0222,2.67,1.0,1.0,25.0,-6.385
Car B,207,13.8,1,52.192,2,14.638,20.054,-0.054,5.2936,0.0037,-4.1273,1.0,-1.0,-24.999,6.385
Car A,208,13.8667,1,46.059,2,20.803,20.379,-0.441,4.7586,0.0222,3.0711,1.0,1.0,25.0,-6.488
Car B,208,13.8667,1,52.547,2,14.284,20.031,-0.031,5.2949,0.0204,-4.2723,1.0,-1.0,-24.999,6.488
Car A,209,13.9333,1,46.377,2,20.488,20.429,-0.466,4.7616,0.0446,3.4039,1.0,1.0,25.0,-6.525
Car B,209,13.9333,1,52.902,2,13.928,20.028,-0.028,5.2972,0.0338,-4.3896,1.0,-0.1295,-24.999,6.525
Car A,210,14.0,1,46.697,2,20.17,20.461,-0.473,4.766,0.0669,3.6774,1.0,1.0,25.0,-6.562
Car B,210,14.0,1,53.259,2,13.571,20.037,-0.037,5.3429,0.6854,-3.1681,1.0,0.1392,-3.27,6.562
Car A,211,14.0667,1,46.981,2,19.849,20.474,-0.474,4.7724,0.0948,3.8976,1.0,1.0,24.999,-6.637
Car B,211,14.0667,1,53.618,2,13.212,20.039,-0.039,5.3868,0.6592,-1.1603,1.0,0.0929,3.47,6.637
Car A,212,14.1333,1,47.303,2,19.528,20.468,-0.468,4.7805,0.1223,4.0766,1.0,1.0,24.999,-6.675
Car B,212,14.1333,1,53.978,2,12.852,20.03,-0.03,5.4117,0.3738,0.0748,1.0,-0.109,2.323,6.675
Car A,213,14.2,1,47.624,2,19.206,20.441,-0.441,4.7903,0.1473,4.2233,1.0,1.0,24.999,-6.716
Car B,213,14.2,1,54.339,2,12.491,20.019,-0.019,5.4409,0.4375,-0.4987,1.0,-0.0149,-2.717,6.716
Car A,214,14.2667,1,47.944,2,18.886,20.395,-0.395,4.8016,0.1684,4.3405,1.0,0.4467,24.999,-6.761
Car B,214,14.2667,1,54.705,2,12.125,20.011,-0.011,5.5322,1.3691,-0.1272,1.0,-0.094,-0.376,6.761
Car A,215,14.3333,1,48.264,2,18.566,20.336,-0.336,4.891,1.3422,3.0977,1.0,0.2853,11.187,-6.813
Car B,215,14.3333,1,55.077,2,11.753,20.006,-0.006,5.6114,1.1883,-0.7572,1.0,0.0648,-2.347,6.813
Car A,216,14.4,1,48.591,2,18.24,20.279,-0.279,5.0093,1.7742,1.8445,1.0,0.1956,7.138,-6.863
Car B,216,14.4,1,55.453,2,11.377,20.001,-0.001,5.6501,0.5802,0.1611,1.0,-0.0756,1.614,6.863
Car A,217,14.4667,1,48.925,2,17.905,20.224,-0.224,5.131,1.8255,1.3569,1.0,-0.2205,4.894,-6.906
Car B,217,14.4667,1,55.831,2,10.999,19.993,0.007,5.6819,0.4766,-0.4685,1.0,0.0341,-1.884,6.906
Car A,218,14.5333,1,49.265,2,17.565,20.17,-0.17,5.1761,0.6768,0.2989,1.0,-0.2739,-5.496,-6.947
Car B,218,14.5333,1,56.212,2,10.618,19.988,0.012,5.7368,0.8235,0.2394,1.0,-0.1054,0.848,6.947
Car A,219,14.6,1,49.608,2,17.222,20.127,-0.127,5.1924,0.2448,-0.6993,1.0,-0.2742,-6.845,-6.987
Car B,219,14.6,1,56.595,2,10.235,19.983,0.017,5.7547,0.2692,-0.5748,1.0,0.0455,-2.63,6.987
Car A,220,14.6667,1,49.954,2,16.876,20.097,-0.097,5.2142,0.3264,-1.4529,1.0,-0.2719,-6.854,-7.025
Car B,220,14.6667,1,56.98,2,9.851,19.981,0.019,5.777,0.3344,0.1894,1.0,-0.0701,1.132,7.025
Car A,221,14.7333,1,50.304,2,16.526,20.079,-0.079,5.2809,1.0011,-1.8421,1.0,-0.2611,-6.797,-7.062
Car B,221,14.7333,1,57.366,2,9.464,19.976,0.024,5.8053,0.425,-0.4969,1.0,0.0494,-1.748,7.062
Car A,222,14.8,1,50.66,2,16.17,20.07,-0.07,5.3812,1.5045,-1.8679,1.0,-0.2115,-6.529,-7.094
Car B,222,14.8,1,57.754,2,9.076,19.974,0.026,5.831,0.3846,0.3214,1.0,-0.0841,1.231,7.094
Car A,223,14.8667,1,51.024,2,15.806,20.067,-0.067,5.4869,1.5852,-1.7381,1.0,-0.104,-5.29,-7.119
Car B,223,14.8667,1,58.143,2,8.687,19.97,0.03,5.8429,0.1788,-0.4727,1.0,0.0507,-2.097,7.119
Car A,224,14.9333,1,51.394,2,15.436,20.064,-0.064,5.5913,1.565,-0.8754,1.0,-0.1037,-2.605,-7.139
Car B,224,14.9333,1,58.533,2,8.297,19.969,0.031,5.8592,0.2453,0.3032,1.0,-0.0635,1.263,7.139
Car A,225,15.0,1,51.772,2,15.058,20.062,-0.062,5.7231,1.978,-0.8964,1.0,-0.041,-2.592,-7.152
Car B,225,15.0,1,58.924,2,7.906,19.966,0.034,5.8768,0.2629,-0.4848,1.0,0.0497,-1.583,7.152
Car A,226,15.0667,1,52.157,2,14.673,20.061,-0.061,5.8174,1.4133,-0.3731,1.0,-0.0418,-1.027,-7.16
Car B,226,15.0667,1,59.316,2,7.514,19.964,0.036,5.8927,0.2384,0.3624,1.0,-0.0984,1.237,7.16
Car A,227,15.1333,1,52.55,2,14.28,20.059,-0.059,5.9389,1.823,-0.402,1.0,-0.0159,-1.032,-7.16
Car B,227,15.1333,1,59.709,2,7.121,19.961,0.039,5.8968,0.0627,-0.4599,1.0,0.0299,-2.454,7.16
Car A,228,15.2,1,52.947,2,13.883,20.056,-0.056,5.9785,0.594,-0.2129,1.0,-0.016,-0.396,-7.156
Car B,228,15.2,1,60.103,2,6.727,19.962,0.038,5.9185,0.3245,0.2483,1.0,-0.0807,0.742,7.156
Car A,229,15.2667,1,53.347,2,13.483,20.053,-0.053,5.9926,0.2112,-0.0767,1.0,-0.021,-0.392,-7.151
Car B,229,15.2667,1,60.498,2,6.332,19.962,0.038,5.9231,0.0701,-0.5922,1.0,0.0704,-2.014,7.151
Car A,230,15.3333,1,53.746,2,13.084,20.052,-0.052,5.991,-0.0227,-0.1793,1.0,-0.0095,-0.521,-7.147
Car B,230,15.3333,1,60.893,2,5.937,19.964,0.036,5.9284,0.0786,0.2831,1.0,-0.0249,1.755,7.147
Car A,231,15.4,1,54.146,2,12.684,20.051,-0.051,6.0106,0.2932,-0.0943,1.0,-0.0059,-0.236,-7.142
Car B,231,15.4,1,61.289,2,5.542,19.963,0.037,5.9568,0.4264,-0.2503,1.0,0.0513,-0.612,7.142
Car A,232,15.4667,1,54.547,2,12.283,20.05,-0.05,6.002,-0.1289,-0.0326,1.0,-0.0056,-0.146,-7.139
Car B,232,15.4667,1,61.686,2,5.144,19.961,0.039,5.975,0.2733,0.4901,1.0,-0.1031,1.279,7.139
Car A,233,15.5333,1,54.947,2,11.883,20.048,-0.048,5.9982,-0.0574,-0.0868,1.0,-0.0048,-0.138,-7.138
Car B,233,15.5333,1,62.084,2,4.746,19.959,0.041,5.9756,0.0094,-0.4394,1.0,0.0511,-2.572,7.138
Car A,234,15.6,1,55.347,2,11.483,20.047,-0.047,5.9979,-0.0046,-0.0048,1.0,-0.0074,-0.117,-7.136
Car B,234,15.6,1,62.483,2,4.347,19.96,0.04,5.9765,0.0133,0.3166,1.0,-0.048,1.272,7.136
Car A,235,15.6667,1,55.747,2,11.083,20.045,-0.045,6.0012,0.0498,-0.0393,1.0,-0.009,-0.179,-7.134
Car B,235,15.6667,1,62.881,2,3.949,19.96,0.04,5.9804,0.0586,-0.4376,1.0,0.0632,-1.196,7.134
Car A,236,15.7333,1,56.147,2,10.683,20.044,-0.044,5.9995,-0.0256,-0.04,1.0,-0.0109,-0.219,-7.133
Car B,236,15.7333,1,63.28,2,3.55,19.959,0.041,5.9803,-0.0022,0.4946,1.0,-0.0912,1.574,7.133
Car A,237,15.8,1,56.547,2,10.283,20.043,-0.043,5.9991,-0.0055,-0.0429,1.0,-0.0121,-0.263,-7.132
Car B,237,15.8,1,63.679,2,3.151,19.957,0.043,5.9798,-0.0081,-0.3917,1.0,0.0476,-2.275,7.132
Car A,238,15.8667,1,56.947,2,9.883,20.042,-0.042,5.9977,-0.0209,-0.0596,1.0,-0.0114,-0.294,-7.13
Car B,238,15.8667,1,64.077,2,2.753,19.959,0.041,5.9813,0.0232,0.3375,1.0,-0.0539,1.183,7.13
Car A,239,15.9333,1,57.347,2,9.483,20.041,-0.041,5.9956,-0.0316,-0.0419,1.0,-0.0099,-0.28,-7.129
Car B,239,15.9333,1,64.476,2,2.354,19.958,0.042,5.9826,0.0198,-0.4796,1.0,0.0681,-1.344,7.129
Car A,240,16.0,1,57.747,2,9.084,20.041,-0.041,5.9944,-0.0184,-0.0577,1.0,-0.0056,-0.242,-7.128
Car B,240,16.0,1,64.875,2,1.955,19.959,0.041,5.9833,0.0094,0.462,1.0,-0.0675,1.696,7.128
Car A,241,16.0667,1,58.146,2,8.684,20.042,-0.042,5.9936,-0.012,-0.044,1.0,0.0004,-0.139,-7.128
Car B,241,16.0667,1,65.274,2,1.556,19.957,0.043,5.9822,-0.0153,-0.3761,1.0,0.0526,-1.683,7.128
Car A,242,16.1333,1,58.546,2,8.284,20.042,-0.042,5.9978,0.0631,-0.0105,1.0,0.0031,0.007,-7.127
Car B,242,16.1333,1,65.672,2,1.158,19.958,0.042,5.9826,0.0054,0.3951,1.0,-0.0625,1.309,7.127
Car A,243,16.2,1,58.946,2,7.884,20.043,-0.043,5.999,0.0184,-0.0004,1.0,0.0059,0.072,-7.126
Car B,243,16.2,1,66.071,2,0.759,19.958,0.042,5.9827,0.0013,-0.4788,1.0,0.0669,-1.558,7.126
Car A,244,16.2667,1,59.346,2,7.485,20.043,-0.043,6.0,0.0148,-0.0075,1.0,0.0088,0.141,-7.124
Car B,244,16.2667,1,66.47,2,0.36,19.959,0.041,5.9813,-0.0212,0.391,1.0,-0.0453,1.668,7.124
Car A,245,16.3333,1,59.746,2,7.085,20.044,-0.044,6.0014,0.0213,0.008,1.0,0.0103,0.21,-7.123
Car B,245,16.3333,1,66.869,2,-0.039,19.958,0.042,5.9816,0.0044,-0.3657,1.0,0.0579,-1.128,7.123
Car A,246,16.4,1,60.146,2,6.684,20.044,-0.044,6.0039,0.037,0.0331,1.0,0.01,0.249,-7.122
Car B,246,16.4,1,67.268,2,-0.437,19.958,0.042,5.9826,0.0163,0.4747,1.0,-0.0859,1.444,7.122
Car A,247,16.4667,1,60.546,2,6.284,20.044,-0.044,6.0058,0.0282,0.0467,1.0,0.0076,0.244,-7.12
Car B,247,16.4667,1,67.666,2,-0.836,19.957,0.043,5.9823,-0.005,-0.4059,1.0,0.0533,-2.143,7.12
Car A,248,16.5333,1,60.947,2,5.883,20.044,-0.044,6.0066,0.0119,0.0431,1.0,0.003,0.188,-7.118
Car B,248,16.5333,1,68.065,2,-1.235,19.958,0.042,5.9827,0.0054,0.3489,1.0,-0.0469,1.326,7.118
Car A,249,16.6,1,61.347,2,5.483,20.043,-0.043,5.999,-0.1137,0.0198,1.0,-0.0002,0.076,-7.117
Car B,249,16.6,1,68.464,2,-1.634,19.958,0.042,5.9815,-0.0178,-0.4286,1.0,0.0652,-1.168,7.117
Car A,250,16.6667,1,61.747,2,5.083,20.043,-0.043,6.0032,0.0635,0.0081,1.0,-0.0006,-0.003,-7.116
Car B,250,16.6667,1,68.863,2,-2.033,19.958,0.042,5.9841,0.0391,0.4775,1.0,-0.0764,1.626,7.116
Car A,251,16.7333,1,62.147,2,4.683,20.042,-0.042,6.0025,-0.0106,-0.0108,1.0,-0.0012,-0.014,-7.114
Car B,251,16.7333,1,69.262,2,-2.431,19.957,0.043,5.9822,-0.0291,-0.3804,1.0,0.0518,-1.905,7.114
Car A,252,16.8,1,62.547,2,4.283,20.042,-0.042,6.0007,-0.0271,0.0089,1.0,-0.003,-0.03,-7.113
Car B,252,16.8,1,69.66,2,-2.83,19.958,0.042,5.9822,0.0002,0.3615,1.0,-0.0528,1.29,7.113
Car A,253,16.8667,1,62.947,2,3.883,20.041,-0.041,6.0001,-0.0091,0.0178,1.0,-0.0053,-0.071,-7.112
Car B,253,16.8667,1,70.059,2,-3.229,19.958,0.042,5.9822,0.001,-0.4422,1.0,0.0649,-1.316,7.112
Car A,254,16.9333,1,63.347,2,3.483,20.04,-0.04,6.0003,0.0028,-0.0027,1.0,-0.007,-0.126,-7.111
Car B,254,16.9333,1,70.458,2,-3.628,19.958,0.042,5.9823,0.0006,0.4443,1.0,-0.0662,1.618,7.111
Car A,255,17.0,1,63.747,2,3.083,20.04,-0.04,6.0018,0.0223,-0.0107,1.0,-0.008,-0.169,-7.109
Car B,255,17.0,1,70.857,2,-4.027,19.957,0.043,5.9817,-0.009,-0.381,1.0,0.0546,-1.649,7.109
Car A,256,17.0667,1,64.148,2,2.683,20.039,-0.039,6.0031,0.0203,-0.0258,1.0,-0.0073,-0.193,-7.108
Car B,256,17.0667,1,71.255,2,-4.425,19.958,0.042,5.9814,-0.0036,0.3926,1.0,-0.0588,1.36,7.108
Car A,257,17.1333,1,64.548,2,2.282,20.039,-0.039,6.0053,0.0325,-0.0401,1.0,-0.0044,-0.179,-7.106
Car B,257,17.1333,1,71.654,2,-4.824,19.957,0.043,5.9812,-0.0033,-0.4425,1.0,0.064,-1.464,7.106
Car A,258,17.2,1,64.948,2,1.882,20.04,-0.04,6.0012,-0.0617,-0.0165,1.0,-0.0012,-0.107,-7.104
Car B,258,17.2,1,72.053,2,-5.223,19.959,0.041,5.9816,0.0054,0.4038,1.0,-0.0534,1.596,7.104
Car A,259,17.2667,1,65.348,2,1.482,20.04,-0.04,5.9968,-0.0659,-0.0322,1.0,0.0035,-0.031,-7.103
Car B,259,17.2667,1,72.452,2,-5.621,19.957,0.043,5.9805,-0.0164,-0.3844,1.0,0.058,-1.331,7.103
Car A,260,17.3333,1,65.748,2,1.082,20.041,-0.041,6.0016,0.072,0.0069,1.0,0.0034,0.082,-7.102
Car B,260,17.3333,1,72.85,2,-6.02,19.958,0.042,5.9818,0.0193,0.431,1.0,-0.0708,1.446,7.102
Car A,261,17.4,1,66.148,2,0.682,20.041,-0.041,5.9996,-0.0295,0.0262,1.0,0.0022,0.083,-7.101
Car B,261,17.4,1,73.249,2,-6.419,19.957,0.043,5.9809,-0.0122,-0.4203,1.0,0.0586,-1.765,7.101
Car A,262,17.4667,1,66.548,2,0.282,20.041,-0.041,6.0004,0.0118,-0.0171,1.0,0.0018,0.055,-7.099
Car B,262,17.4667,1,73.648,2,-6.817,19.958,0.042,5.9805,-0.006,0.3682,1.0,-0.0471,1.458,7.099
Car A,263,17.5333,1,66.948,2,-0.118,20.04,-0.04,5.9997,-0.0104,0.01,1.0,-0.0003,0.043,-7.098
Car B,263,17.5333,1,74.046,2,-7.216,19.958,0.042,5.9806,0.0005,-0.4101,1.0,0.0625,-1.172,7.098
Car A,264,17.6,1,67.348,2,-0.518,20.04,-0.04,5.9989,-0.0128,0.0163,1.0,-0.003,-0.006,-7.097
Car B,264,17.6,1,74.445,2,-7.615,19.958,0.042,5.9814,0.0123,0.473,1.0,-0.0797,1.558,7.097
Car A,265,17.6667,1,67.748,2,-0.918,20.039,-0.039,5.9986,-0.0041,0.0267,1.0,-0.0066,-0.07,-7.096
Car B,265,17.6667,1,74.844,2,-8.014,19.956,0.044,5.9812,-0.0037,-0.4107,1.0,0.0546,-1.987,7.096
Car A,266,17.7333,1,68.148,2,-1.318,20.039,-0.039,5.9999,0.0191,-0.0244,1.0,-0.0038,-0.161,-7.094
Car B,266,17.7333,1,75.242,2,-8.412,19.958,0.042,5.9811,-0.001,0.3526,1.0,-0.0492,1.359,7.094
Car A,267,17.8,1,68.548,2,-1.718,20.04,-0.04,5.9995,-0.0055,-0.0131,1.0,0.0001,-0.095,-7.093
Car B,267,17.8,1,75.641,2,-8.811,19.957,0.043,5.9816,0.0079,-0.4191,1.0,0.0629,-1.225,7.093
Car A,268,17.8667,1,68.948,2,-2.118,20.041,-0.041,6.0062,0.1011,-0.0184,1.0,0.0054,-0.001,-7.092
Car B,268,17.8667,1,76.04,2,-9.21,19.958,0.042,5.9823,0.0109,0.4703,1.0,-0.0785,1.567,7.092
Car A,269,17.9333,1,69.348,2,-2.518,20.041,-0.041,6.0047,-0.0236,-0.0683,1.0,0.0068,0.126,-7.09
Car B,269,17.9333,1,76.439,2,-9.609,19.956,0.044,5.9809,-0.021,-0.3986,1.0,0.0541,-1.957,7.09
Car A,270,18.0,1,69.749,2,-2.919,20.041,-0.041,6.001,-0.055,0.0024,1.0,0.0055,0.166,-7.089
Car B,270,18.0,1,76.837,2,-10.007,19.958,0.042,5.981,0.0005,0.3469,1.0,-0.0468,1.347,7.089
Car A,271,18.0667,1,70.149,2,-3.318,20.041,-0.041,5.9965,-0.067,0.0189,1.0,0.0016,0.134,-7.088
Car B,271,18.0667,1,77.236,2,-10.406,19.957,0.043,5.9838,0.0428,-0.4047,1.0,0.0627,-1.165,7.088
Car A,272,18.1333,1,70.548,2,-3.718,20.04,-0.04,5.9953,-0.0191,0.0519,1.0,-0.0053,0.042,-7.087
Car B,272,18.1333,1,77.635,2,-10.805,19.957,0.043,5.9832,-0.0098,0.4968,1.0,-0.0856,1.563,7.087
Car A,273,18.2,1,70.948,2,-4.118,20.04,-0.04,5.9989,0.0544,0.0218,1.0,-0.004,-0.125,-7.086
Car B,273,18.2,1,78.034,2,-11.204,19.956,0.044,5.983,-0.0031,-0.398,1.0,0.0515,-2.133,7.086
Car A,274,18.2667,1,71.348,2,-4.518,20.04,-0.04,6.0037,0.0719,-0.0547,1.0,0.0007,-0.098,-7.084
Car B,274,18.2667,1,78.433,2,-11.603,19.957,0.043,5.9827,-0.0039,0.3458,1.0,-0.0512,1.282,7.084
Car A,275,18.3333,1,71.749,2,-4.919,20.041,-0.041,6.0068,0.0473,-0.0273,1.0,0.0049,0.015,-7.082
Car B,275,18.3333,1,78.831,2,-12.001,19.957,0.043,5.9849,0.0324,-0.4622,1.0,0.0674,-1.276,7.082
Car A,276,18.4,1,72.149,2,-5.319,20.041,-0.041,6.005,-0.0277,-0.0339,1.0,0.0055,0.115,-7.081
Car B,276,18.4,1,79.23,2,-12.4,19.958,0.042,5.9852,0.0046,0.4653,1.0,-0.0718,1.681,7.081
Car A,277,18.4667,1,72.549,2,-5.719,20.041,-0.041,6.0003,-0.0708,0.0255,1.0,0.0034,0.134,-7.08
Car B,277,18.4667,1,79.629,2,-12.799,19.956,0.044,5.9836,-0.0244,-0.3724,1.0,0.0517,-1.789,7.08
Car A,278,18.5333,1,72.949,2,-6.119,20.041,-0.041,6.0008,0.008,0.0144,1.0,0.0006,0.084,-7.079
Car B,278,18.5333,1,80.028,2,-13.198,19.957,0.043,5.9839,0.0046,0.3908,1.0,-0.061,1.288,7.079
Car A,279,18.6,1,73.35,2,-6.52,20.04,-0.04,6.0046,0.0573,0.0277,1.0,-0.0035,0.015,-7.077
Car B,279,18.6,1,80.427,2,-13.597,19.957,0.043,5.9833,-0.009,-0.4445,1.0,0.0642,-1.521,7.077
Car A,280,18.6667,1,73.75,2,-6.92,20.04,-0.04,6.002,-0.04,-0.0106,1.0,-0.002,-0.082,-7.076
Car B,280,18.6667,1,80.826,2,-13.996,19.958,0.042,5.983,-0.004,0.4016,1.0,-0.0505,1.599,7.076
Car A,281,18.7333,1,74.15,2,-7.32,20.04,-0.04,6.0009,-0.0159,0.0023,1.0,-0.0009,-0.048,-7.075
Car B,281,18.7333,1,81.225,2,-14.395,19.957,0.043,5.9833,0.0042,-0.3872,1.0,0.0597,-1.257,7.075
Car A,282,18.8,1,74.55,2,-7.72,20.04,-0.04,6.0017,0.0116,0.0012,1.0,0.0002,-0.021,-7.073
Car B,282,18.8,1,81.624,2,-14.793,19.958,0.042,5.9829,-0.0056,0.4455,1.0,-0.0734,1.487,7.073
Car A,283,18.8667,1,74.95,2,-8.12,20.04,-0.04,6.0003,-0.0214,0.0042,1.0,0.0013,0.005,-7.072
Car B,283,18.8667,1,82.022,2,-15.192,19.956,0.044,5.9825,-0.0055,-0.4183,1.0,-0.0025,-1.829,7.072
Car A,284,18.9333,1,75.351,2,-8.52,20.04,-0.04,6.0016,0.0201,-0.0081,1.0,0.003,0.031,-7.071
Car B,284,18.9333,1,82.422,2,-15.592,19.959,0.041,5.9991,0.2479,-0.0023,1.0,-0.041,-0.071,7.071
Car A,285,19.0,1,75.751,2,-8.921,20.041,-0.041,6.0025,0.0137,-0.0051,1.0,0.0042,0.071,-7.07
Car B,285,19.0,1,82.821,2,-15.991,19.963,0.037,5.973,-0.3902,-0.432,1.0,-0.0852,-1.003,7.07
Car A,286,19.0667,1,76.151,2,-9.321,20.041,-0.041,6.0013,-0.0175,-0.0046,1.0,0.0048,0.101,-7.069
Car B,286,19.0667,1,83.219,2,-16.389,19.973,0.027,5.9624,-0.159,-0.8463,1.0,0.0717,-2.124,7.069
Car A,287,19.1333,1,76.551,2,-9.721,20.041,-0.041,6.0001,-0.018,0.018,1.0,0.0041,0.118,-7.066
Car B,287,19.1333,1,83.617,2,-16.787,19.982,0.018,5.9655,0.0456,0.1987,1.0,-0.0097,1.786,7.066
Car A,288,19.2,1,76.951,2,-10.121,20.041,-0.041,5.998,-0.0316,0.015,1.0,0.0025,0.101,-7.064
Car B,288,19.2,1,84.015,2,-17.185,19.987,0.013,5.9938,0.4249,0.0149,1.0,-0.1725,-0.227,7.064
Car A,289,19.2667,1,77.351,2,-10.521,20.04,-0.04,6.0012,0.0473,0.0241,1.0,0.0,0.062,-7.064
Car B,289,19.2667,1,84.415,2,-17.585,19.998,0.002,5.9906,-0.0479,-0.8681,1.0,0.0504,-4.307,7.064
Car A,290,19.3333,1,77.751,2,-10.921,20.04,-0.04,6.0031,0.0285,0.0279,1.0,-0.003,0.001,-7.063
Car B,290,19.3333,1,84.814,2,-17.984,20.013,-0.013,5.9922,0.0239,0.0195,1.0,0.7983,1.25,7.063
Car A,291,19.4,1,78.151,2,-11.321,20.039,-0.039,5.9986,-0.0678,0.0325,1.0,-0.0076,-0.071,-7.062
Car B,291,19.4,1,85.213,2,-18.383,20.017,-0.017,5.9886,-0.0547,0.7191,1.0,0.637,19.93,7.062
Car A,292,19.4667,1,78.551,2,-11.721,20.039,-0.039,5.9987,0.0019,-0.0242,1.0,-0.0034,-0.184,-7.06
Car B,292,19.4667,1,85.611,2,-18.781,20.007,-0.007,5.9741,-0.2168,1.8738,1.0,1.0,15.932,7.06
Car A,293,19.5333,1,78.951,2,-12.121,20.039,-0.039,5.9949,-0.0575,-0.0524,1.0,0.0024,-0.086,-7.058
Car B,293,19.5333,1,86.009,2,-19.179,19.982,0.018,5.9605,-0.2039,2.5452,1.0,1.0,24.986,7.058
Car A,294,19.6,1,79.351,2,-12.521,20.04,-0.04,5.9999,0.0756,0.0024,1.0,0.0013,0.055,-7.053
Car B,294,19.6,1,86.404,2,-19.574,19.94,0.06,5.9478,-0.1909,3.0522,1.0,1.0,25.0,7.053
Car A,295,19.6667,1,79.751,2,-12.921,20.04,-0.04,6.0009,0.0142,0.005,1.0,-0.001,0.032,-7.046
Car B,295,19.6667,1,86.797,2,-19.967,19.88,0.12,5.936,-0.1769,3.4577,1.0,1.0,25.0,7.046
Car A,296,19.7333,1,80.151,2,-13.321,20.039,-0.039,5.9989,-0.0298,0.0139,1.0,-0.0056,-0.022,-7.049
Car B,296,19.7333,1,87.2,2,-20.355,19.802,0.17,5.9256,-0.1563,3.7647,1.0,1.0,25.0,7.049
Car A,297,19.8,1,80.551,2,-13.721,20.039,-0.039,5.9968,-0.0312,0.0619,1.0,-0.0085,-0.13,-7.04
Car B,297,19.8,1,87.591,2,-20.74,19.705,0.236,5.9165,-0.1361,4.0049,1.0,1.0,25.0,7.04
Car A,298,19.8667,1,80.951,2,-14.121,20.039,-0.039,6.0029,0.0919,0.0158,1.0,-0.0058,-0.207,-7.074
Car B,298,19.8667,1,88.025,2,-21.118,19.589,0.286,5.9085,-0.1195,4.1885,1.0,1.0,25.0,7.074
Car A,299,19.9333,1,81.352,2,-14.521,20.04,-0.04,6.0007,-0.0339,-0.0251,1.0,0.0008,-0.141,-7.066
Car B,299,19.9333,1,88.418,2,-21.49,19.454,0.33,5.9016,-0.1042,4.332,1.0,1.0,24.999,7.066
Car A,300,20.0,1,81.752,2,-14.922,20.041,-0.041,6.0029,0.0337,0.0036,1.0,-0.0004,0.016,-7.117
Car B,300,20.0,1,88.868,2,-21.854,19.3,0.375,5.8953,-0.0939,4.4403,1.0,1.0,24.999,7.117
Car A,301,20.0667,1,82.152,2,-15.322,20.041,-0.041,5.9997,-0.0474,0.0072,1.0,-0.0028,-0.009,-7.111
Car B,301,20.0667,1,89.262,3,-22.209,19.127,0.399,5.8898,-0.083,4.5294,1.0,1.0,24.999,7.111
Car A,302,20.1333,1,82.552,2,-15.722,20.042,-0.042,5.9994,-0.0056,-0.0003,1.0,-0.0077,-0.065,-7.172
Car B,302,20.1333,1,89.724,3,-22.554,18.936,0.438,5.8848,-0.0745,4.5975,1.0,1.0,24.999,7.172
Car A,303,20.2,1,82.952,2,-16.122,20.042,-0.042,5.9982,-0.018,0.0435,1.0,-0.031,-0.182,-7.166
Car B,303,20.2,1,90.118,3,-22.888,18.727,0.442,5.8802,-0.0691,4.6517,1.0,1.0,24.999,7.166
Car A,304,20.2667,1,83.352,2,-16.522,20.045,-0.045,6.018,0.2979,-0.3197,1.0,0.0421,-0.764,-7.159
Car B,304,20.2667,1,90.511,3,-23.21,18.5,0.467,5.8761,-0.0621,4.6939,1.0,1.0,24.999,7.159
Car A,305,20.3333,1,83.753,2,-16.923,20.045,-0.045,6.0159,-0.0321,0.4075,0.7991,0.0241,1.05,-7.226
Car B,305,20.3333,1,90.979,3,-23.52,18.257,0.459,5.8723,-0.0574,4.7281,1.0,1.0,24.999,7.226
Car A,306,20.4,1,84.147,2,-17.316,20.043,-0.043,5.8317,-2.7632,0.1936,0.8582,-0.0573,0.604,-7.226
Car B,306,20.4,1,91.373,3,-23.815,17.997,0.465,5.8686,-0.0545,4.7557,1.0,1.0,24.999,7.226
Car A,307,20.4667,1,84.53,2,-17.7,20.044,-0.044,5.7105,-1.8175,-0.3986,0.8198,0.0261,-1.43,-7.309
Car B,307,20.4667,1,91.839,3,-24.096,17.721,0.45,5.8652,-0.0508,4.7768,1.0,1.0,24.999,7.309
Car A,308,20.5333,1,84.906,2,-18.075,20.046,-0.046,5.5716,-2.0841,0.1531,0.7029,0.2077,0.649,-7.327
Car B,308,20.5333,1,92.232,3,-24.361,17.43,0.437,5.862,-0.0488,4.794,1.0,1.0,24.999,7.327
Car A,309,20.6,1,85.272,2,-18.442,20.041,-0.041,5.4777,-1.4083,0.8593,0.6785,0.1702,5.185,-7.421
Car B,309,20.6,1,92.693,3,-24.61,17.126,0.418,5.8589,-0.0456,4.8068,1.0,1.0,24.999,7.421
Car A,310,20.6667,1,85.632,2,-18.801,20.025,-0.025,5.3242,-2.3019,1.1777,1.0,1.0,4.256,-7.453
Car B,310,20.6667,1,93.085,3,-24.841,16.809,0.386,5.856,-0.0438,4.818,1.0,1.0,24.999,7.453
Car A,311,20.7333,1,85.986,2,-19.156,20.0,-0.0,5.3271,0.0434,1.5681,0.885,0.6061,24.969,-7.55
Car B,311,20.7333,1,93.535,3,-25.055,16.479,0.363,5.8532,-0.043,4.8254,1.0,1.0,24.999,7.55
Car A,312,20.8,1,86.338,2,-19.508,19.96,0.04,5.3073,-0.298,2.416,1.0,-0.5353,15.167,-7.586
Car B,312,20.8,1,93.925,3,-25.25,16.138,0.313,5.8504,-0.0409,4.833,1.0,1.0,24.999,7.586
Car A,313,20.8667,1,86.69,2,-19.86,19.913,0.087,5.3261,0.2833,1.3886,0.5746,-0.0966,-13.339,-7.626
Car B,313,20.8667,1,94.316,3,-25.425,15.788,0.285,5.8477,-0.0404,4.8363,1.0,1.0,24.999,7.626
Car A,314,20.9333,1,87.047,2,-20.207,19.874,0.109,5.1858,-2.1058,0.1436,1.0,1.0,-2.43,-7.701
Car B,314,20.9333,1,94.747,3,-25.581,15.428,0.221,5.8451,-0.0391,4.8419,1.0,1.0,24.999,7.701
Car A,315,21.0,1,87.392,2,-20.551,19.836,0.12,5.1856,-0.0029,0.6287,1.0,1.0,24.959,-7.745
Car B,315,21.0,1,95.137,3,-25.717,15.06,0.175,5.8426,-0.0384,4.8434,1.0,1.0,24.999,7.745
Car A,316,21.0667,1,87.737,2,-20.893,19.787,0.143,5.1833,-0.0337,1.5832,1.0,1.0,25.0,-7.811
Car B,316,21.0667,1,95.548,3,-25.832,14.686,0.113,5.8401,-0.0372,4.8464,1.0,1.0,24.999,7.811
Car A,317,21.1333,1,88.106,2,-21.233,19.722,0.13,5.1806,-0.04,2.2262,1.0,1.0,25.0,-7.829
Car B,317,21.1333,1,95.935,3,-25.927,14.306,0.049,5.8377,-0.036,4.8495,1.0,1.0,24.999,7.829
Car A,318,21.2,1,88.452,2,-21.569,19.641,0.13,5.1773,-0.0496,2.7475,1.0,1.0,25.0,-7.873
Car B,318,21.2,1,96.324,3,-26.0,13.921,0.0,5.8353,-0.0361,4.8499,1.0,1.0,24.999,7.873
Car A,319,21.2667,1,88.82,2,-21.902,19.543,0.133,5.1745,-0.0421,3.1711,1.0,1.0,25.0,-7.892
Car B,319,21.2667,1,96.712,3,-26.051,13.533,-0.051,5.8329,-0.0349,4.8513,1.0,0.8844,24.999,7.892
Car A,320,21.3333,1,89.166,3,-22.229,19.428,0.114,5.1729,-0.0244,3.5012,1.0,1.0,25.0,-7.936
Car B,320,21.3333,1,97.102,3,-26.081,13.143,-0.081,5.8327,-0.0042,4.8344,1.0,0.8393,22.115,7.936
Car A,321,21.4,1,89.513,3,-22.549,19.295,0.114,5.1725,-0.0062,3.7765,1.0,1.0,25.0,-7.981
Car B,321,21.4,1,97.493,3,-26.089,12.752,-0.089,5.832,-0.0103,4.8294,1.0,0.8206,20.983,7.981
Car A,322,21.4667,1,89.878,3,-22.862,19.145,0.1,5.1735,0.0151,3.991,1.0,1.0,24.999,-8.007
Car B,322,21.4667,1,97.884,3,-26.076,12.361,-0.076,5.8315,-0.0065,4.8259,1.0,-0.0718,20.516,8.007
Car A,323,21.5333,1,90.225,3,-23.166,18.977,0.084,5.1758,0.0342,4.1617,1.0,1.0,24.999,-8.051
Car B,323,21.5333,1,98.275,3,-26.05,11.97,-0.05,5.8696,0.5708,3.3678,1.0,-0.1266,-1.761,8.051
Car A,324,21.6,1,90.573,3,-23.46,18.791,0.089,5.1791,0.0501,4.2993,1.0,1.0,24.999,-8.095
Car B,324,21.6,1,98.668,3,-26.03,11.577,-0.03,5.8977,0.4209,1.1059,1.0,-0.0071,-3.162,8.095
Car A,325,21.6667,1,90.934,3,-23.744,18.588,0.061,5.1834,0.0643,4.4113,1.0,1.0,24.999,-8.128
Car B,325,21.6667,1,99.062,3,-26.022,11.183,-0.022,5.9407,0.6462,-0.056,1.0,0.0798,-0.182,8.128
Car A,326,21.7333,1,91.282,3,-24.015,18.369,0.052,5.1884,0.0751,4.5013,1.0,1.0,24.999,-8.176
Car B,326,21.7333,1,99.458,3,-26.012,10.787,-0.012,5.9487,0.1198,0.7165,1.0,-0.1564,1.99,8.176
Car A,327,21.8,1,91.64,3,-24.272,18.133,0.049,5.1941,0.0857,4.5746,1.0,1.0,24.999,-8.214
Car B,327,21.8,1,99.855,3,-26.001,10.391,-0.001,5.95,0.0185,-0.2942,1.0,-0.0621,-3.9,8.214
Car A,328,21.8667,1,91.989,3,-24.516,17.882,0.026,5.2003,0.0929,4.6339,1.0,1.0,24.999,-8.263
Car B,328,21.8667,1,100.252,3,-25.999,9.993,0.001,5.9558,0.0871,-0.521,1.0,-0.1083,-1.534,8.263
Car A,329,21.9333,1,92.339,3,-24.744,17.616,0.025,5.2069,0.0983,4.6826,1.0,1.0,24.999,-8.31
Car B,329,21.9333,1,100.649,3,-26.002,9.596,-0.002,5.957,0.0191,-1.0343,1.0,0.0545,-2.705,8.31
Car A,330,22.0,1,92.694,3,-24.956,17.337,0.012,5.2138,0.1037,4.7209,1.0,1.0,24.999,-8.352
Car B,330,22.0,1,101.046,3,-26.006,9.199,-0.006,5.9606,0.0535,0.0491,1.0,-0.0363,1.355,8.352
Car A,331,22.0667,1,93.045,3,-25.151,17.045,-0.001,5.2209,0.1064,4.7535,1.0,1.0,24.999,-8.399
Car B,331,22.0667,1,101.444,3,-26.006,8.801,-0.006,5.9693,0.1307,-0.364,1.0,0.0174,-0.895,8.399
Car A,332,22.1333,1,93.396,3,-25.328,16.741,0.007,5.2281,0.1085,4.7773,1.0,1.0,24.999,-8.446
Car B,332,22.1333,1,101.843,3,-26.006,8.402,-0.006,5.9982,0.4329,0.2007,1.0,-0.101,0.43,8.446
Car A,333,22.2,1,93.749,3,-25.486,16.427,-0.016,5.2355,0.1108,4.7986,1.0,1.0,24.999,-8.494
Car B,333,22.2,1,102.243,3,-26.009,8.003,-0.009,5.996,-0.0327,-0.6936,1.0,1.0,-2.519,8.494
Car A,334,22.2667,1,94.102,3,-25.625,16.103,-0.02,5.2429,0.1106,4.817,1.0,1.0,24.999,-8.541
Car B,334,22.2667,1,102.642,3,-26.012,7.603,-0.012,5.9931,-0.0437,0.1422,1.0,1.0,24.959,8.541
Car A,335,22.3333,1,94.453,3,-25.744,15.77,-0.017,5.2502,0.1098,4.8299,1.0,1.0,24.999,-8.588
Car B,335,22.3333,1,103.041,3,-26.004,7.204,-0.004,5.9778,-0.2289,1.338,1.0,1.0,25.0,8.588
Car A,336,22.4,1,94.806,3,-25.843,15.431,-0.034,5.2575,0.1103,4.8422,1.0,1.0,24.999,-8.633
Car B,336,22.4,1,103.439,3,-25.981,6.807,0.019,5.964,-0.2069,2.1221,1.0,1.0,25.0,8.633
Car A,337,22.4667,1,95.16,3,-25.921,15.085,-0.029,5.2648,0.109,4.8506,1.0,1.0,24.999,-8.675
Car B,337,22.4667,1,103.834,3,-25.942,6.411,0.058,5.9506,-0.2017,2.73,1.0,1.0,25.0,8.675
Car A,338,22.5333,1,95.51,3,-25.978,14.735,-0.035,5.2721,0.1086,4.8576,1.0,1.0,24.999,-8.717
Car B,338,22.5333,1,104.228,3,-25.886,6.018,0.114,5.938,-0.1882,3.2099,1.0,1.0,25.0,8.717
Car A,339,22.6,1,95.865,3,-26.013,14.382,-0.043,5.2792,0.1068,4.8639,1.0,1.0,24.999,-8.765
Car B,339,22.6,1,104.631,3,-25.812,5.628,0.158,5.9269,-0.1676,3.5692,1.0,1.0,25.0,8.765
Car A,340,22.6667,1,96.221,3,-26.027,14.027,-0.029,5.2862,0.1059,4.8682,1.0,0.3646,24.999,-8.801
Car B,340,22.6667,1,105.022,3,-25.72,5.243,0.22,5.917,-0.1479,3.8549,1.0,1.0,25.0,8.801
Car A,341,22.7333,1,96.576,3,-26.027,13.67,-0.027,5.3555,1.0395,3.2655,1.0,0.8655,9.139,-8.878
Car B,341,22.7333,1,105.454,3,-25.609,4.863,0.262,5.9084,-0.1294,4.0742,1.0,1.0,25.0,8.878
Car A,342,22.8,1,96.934,3,-26.024,13.311,-0.024,5.365,0.1427,3.2372,1.0,0.3402,21.617,-8.913
Car B,342,22.8,1,105.847,3,-25.479,4.49,0.302,5.9008,-0.1131,4.2448,1.0,1.0,25.0,8.913
Car A,343,22.8667,1,97.295,3,-26.01,12.951,-0.01,5.428,0.9446,2.5421,1.0,0.0368,8.525,-8.998
Car B,343,22.8667,1,106.293,3,-25.33,4.124,0.34,5.8942,-0.0991,4.3717,1.0,1.0,24.999,8.998
Car A,344,22.9333,1,97.659,3,-25.994,12.586,0.006,5.4791,0.7664,1.1813,1.0,-0.231,0.931,-9.028
Car B,344,22.9333,1,106.687,3,-25.162,3.767,0.358,5.8883,-0.0884,4.4737,1.0,1.0,24.999,9.028
Car A,345,23.0,1,98.025,3,-25.99,12.22,0.01,5.4973,0.2734,-0.1027,1.0,-0.157,-5.764,-9.116
Car B,345,23.0,1,107.141,3,-24.976,3.419,0.39,5.8831,-0.0791,4.5539,1.0,1.0,24.999,9.116
Car A,346,23.0667,1,98.392,3,-25.997,11.853,0.003,5.5226,0.3788,-1.0149,1.0,-0.0212,-3.928,-9.143
Car B,346,23.0667,1,107.536,3,-24.771,3.082,0.389,5.8783,-0.0716,4.6181,1.0,1.0,24.999,9.143
Car A,347,23.1333,1,98.762,3,-26.009,11.483,-0.009,5.5835,0.9133,-0.2363,1.0,-0.0212,-0.534,-9.166
Car B,347,23.1333,1,107.929,3,-24.549,2.757,0.408,5.874,-0.0649,4.6673,1.0,1.0,24.999,9.166
Car A,348,23.2,1,99.14,3,-26.016,11.105,-0.016,5.7225,2.0848,-0.1791,1.0,-0.0037,-0.529,-9.247
Car B,348,23.2,1,108.387,3,-24.31,2.444,0.394,5.87,-0.0596,4.7069,1.0,1.0,24.999,9.247
Car A,349,23.2667,1,99.527,3,-26.024,10.718,-0.024,5.8576,2.0274,-0.0306,1.0,0.0061,-0.092,-9.253
Car B,349,23.2667,1,108.78,3,-24.055,2.145,0.394,5.8663,-0.0558,4.7392,1.0,1.0,24.999,9.253
Car A,350,23.3333,1,99.923,3,-26.03,10.322,-0.03,5.9882,1.9593,0.0631,1.0,0.0128,0.151,-9.313
Car B,350,23.3333,1,109.235,3,-23.783,1.86,0.376,5.8628,-0.0515,4.7635,1.0,1.0,24.999,9.313
Car A,351,23.4,1,100.322,3,-26.036,9.923,-0.036,6.0002,0.1797,-0.0827,1.0,0.0565,0.305,-9.306
Car B,351,23.4,1,109.628,3,-23.497,1.591,0.357,5.8596,-0.0484,4.782,1.0,1.0,24.999,9.306
Car A,352,23.4667,1,100.722,3,-26.039,9.523,-0.039,6.007,0.1015,0.5478,1.0,-0.0172,1.411,-9.353
Car B,352,23.4667,1,110.076,3,-23.197,1.338,0.336,5.8565,-0.0469,4.7989,1.0,1.0,24.999,9.353
Car A,353,23.5333,1,101.122,3,-26.042,9.123,-0.042,5.9979,-0.1362,-0.1858,1.0,0.0489,-0.42,-9.344
Car B,353,23.5333,1,110.466,3,-22.883,1.102,0.299,5.8535,-0.0444,4.8108,1.0,1.0,24.999,9.344
Car A,354,23.6,1,101.523,3,-26.043,8.723,-0.043,6.0169,0.2848,0.4903,0.8627,-0.057,1.22,-9.38
Car B,354,23.6,1,110.903,3,-22.557,0.883,0.276,5.8507,-0.0427,4.8213,1.0,1.0,24.999,9.38
Car A,355,23.6667,1,101.919,3,-26.046,8.327,-0.046,5.8984,-1.7777,-0.3579,0.8029,0.0868,-1.42,-9.372
Car B,355,23.6667,1,111.291,3,-22.219,0.683,0.22,5.8479,-0.041,4.8284,1.0,1.0,24.999,9.372
Car A,356,23.7333,1,102.307,3,-26.05,7.938,-0.05,5.7969,-1.5224,0.4045,0.8416,0.1788,2.163,-9.374
Car B,356,23.7333,1,111.682,3,-21.871,0.502,0.186,5.8453,-0.0403,4.8345,1.0,1.0,24.999,9.374
Car A,357,23.8,1,102.691,3,-26.042,7.555,-0.042,5.7247,-1.0833,1.2195,0.8501,-0.0895,4.466,-9.406
Car B,357,23.8,1,112.097,3,-21.514,0.341,0.126,5.8427,-0.038,4.8384,1.0,1.0,24.999,9.406
Car A,358,23.8667,1,103.071,3,-26.031,7.175,-0.031,5.6945,-0.4521,0.2193,1.0,1.0,-2.226,-9.415
Car B,358,23.8667,1,112.485,3,-21.148,0.2,0.073,5.8402,-0.0377,4.842,1.0,1.0,24.999,9.415
Car A,359,23.9333,1,103.449,3,-26.021,6.796,-0.021,5.6868,-0.1158,0.7074,1.0,1.0,24.959,-9.431
Car B,359,23.9333,1,112.881,3,-20.776,0.079,0.018,5.8377,-0.0372,4.8458,1.0,1.0,24.999,9.431
Car A,360,24.0,1,103.828,3,-25.999,6.417,0.001,5.6759,-0.1644,1.7465,1.0,0.3612,25.0,-9.438
Car B,360,24.0,1,113.266,3,-20.397,-0.021,-0.052,5.8354,-0.0353,4.8479,1.0,1.0,24.999,9.438
Car A,361,24.0667,1,104.206,3,-25.962,6.04,0.038,5.6994,0.3538,2.2187,0.7778,0.6085,9.052,-9.448
Car B,361,24.0667,1,113.654,3,-20.014,-0.1,-0.1,5.833,-0.0353,4.8494,1.0,1.0,24.999,9.448
Car A,362,24.1333,1,104.587,3,-25.91,5.665,0.064,5.6549,-0.6681,2.7752,1.0,1.0,15.204,-9.447
Car B,362,24.1333,1,114.033,3,-19.627,-0.157,-0.157,5.8307,-0.0346,4.8511,1.0,1.0,24.999,9.447
Car A,363,24.2,1,104.962,3,-25.841,5.293,0.103,5.6472,-0.1153,3.201,1.0,1.0,24.985,-9.46
Car B,363,24.2,1,114.423,3,-19.238,-0.193,-0.193,5.8285,-0.034,4.8522,1.0,0.9889,24.999,9.46
Car A,364,24.2667,1,105.359,3,-25.755,4.926,0.135,5.6398,-0.1106,3.544,1.0,1.0,25.0,-9.455
Car B,364,24.2667,1,114.813,3,-18.847,-0.207,-0.207,5.8263,-0.0318,4.8523,1.0,0.8553,24.723,9.455
Car A,365,24.3333,1,105.736,3,-25.65,4.563,0.152,5.6337,-0.0924,3.8256,1.0,1.0,25.0,-9.468
Car B,365,24.3333,1,115.204,3,-18.456,-0.199,-0.199,5.8265,0.0028,4.8311,1.0,0.7862,21.387,9.468
Car A,366,24.4,1,106.111,3,-25.527,4.207,0.189,5.6288,-0.0738,4.0439,1.0,1.0,25.0,-9.483
Car B,366,24.4,1,115.594,3,-18.066,-0.17,-0.17,5.8265,0.0003,4.8226,1.0,-0.4761,19.656,9.483
Car A,367,24.4667,1,106.518,3,-25.385,3.857,0.187,5.625,-0.0567,4.2123,1.0,1.0,24.999,-9.465
Car B,367,24.4667,1,115.983,3,-17.678,-0.129,-0.129,5.8596,0.4965,3.1834,1.0,-0.1833,-11.855,9.465
Car A,368,24.5333,1,106.895,3,-25.224,3.516,0.204,5.6221,-0.0431,4.3485,1.0,1.0,24.999,-9.479
Car B,368,24.5333,1,116.373,3,-17.287,-0.093,-0.093,5.8868,0.407,1.1411,1.0,-0.1491,-4.594,9.479
Car A,369,24.6,1,107.305,3,-25.046,3.184,0.208,5.62,-0.0315,4.4538,0.814,1.0,24.999,-9.46
Car B,369,24.6,1,116.765,3,-16.895,-0.068,-0.068,5.893,0.0936,-0.1954,1.0,-0.102,-3.729,9.46
Car A,370,24.6667,1,107.681,3,-24.849,2.863,0.208,5.598,-0.3299,4.5248,1.0,1.0,24.999,-9.478
Car B,370,24.6667,1,117.159,3,-16.502,-0.054,-0.054,5.9169,0.3586,-0.9563,1.0,0.0228,-2.552,9.478
Car A,371,24.7333,1,108.091,3,-24.636,2.554,0.219,5.5978,-0.0028,4.5689,1.0,1.0,24.999,-9.462
Car B,371,24.7333,1,117.553,3,-16.107,-0.041,-0.041,5.929,0.1815,0.1147,1.0,-0.1199,0.566,9.462
Car A,372,24.8,1,108.467,3,-24.405,2.258,0.201,5.5974,-0.0063,4.6286,1.0,1.0,24.999,-9.482
Car B,372,24.8,1,117.948,3,-15.712,-0.027,-0.027,5.9289,-0.0017,-0.6691,1.0,-0.0528,-2.991,9.482
Car A,373,24.8667,1,108.842,3,-24.158,1.974,0.205,5.5973,-0.0009,4.6786,1.0,1.0,24.999,-9.502
Car B,373,24.8667,1,118.345,3,-15.315,-0.018,-0.018,5.9742,0.679,-0.5038,1.0,-0.0315,-1.321,9.502
Car A,374,24.9333,1,109.25,3,-23.896,1.706,0.186,5.5976,0.0041,4.7172,1.0,1.0,24.999,-9.493
Car B,374,24.9333,1,118.743,3,-14.917,-0.009,-0.009,5.9979,0.3562,-0.3126,1.0,-0.0549,-0.788,9.493
Car A,375,25.0,1,109.626,3,-23.618,1.452,0.173,5.5981,0.0079,4.7489,1.0,1.0,24.999,-9.517
Car B,375,25.0,1,119.142,3,-14.518,-0.003,-0.003,5.9625,-0.531,-0.5462,1.0,-0.0089,-1.354,9.517
Car A,376,25.0667,1,110.029,3,-23.327,1.215,0.163,5.5989,0.0111,4.7734,1.0,1.0,24.999,-9.512
Car B,376,25.0667,1,119.541,3,-14.119,0.004,0.004,6.0004,0.5677,-0.0599,1.0,-0.0759,-0.224,9.512
Car A,377,25.1333,1,110.404,3,-23.022,0.994,0.134,5.5998,0.0134,4.7934,1.0,1.0,24.999,-9.537
Car B,377,25.1333,1,119.941,3,-13.719,0.008,0.008,6.0061,0.0859,-0.7264,1.0,0.0415,-1.893,9.537
Car A,378,25.2,1,110.78,3,-22.705,0.792,0.127,5.6008,0.0149,4.8095,1.0,1.0,24.999,-9.562
Car B,378,25.2,1,120.341,3,-13.319,0.011,0.011,6.0054,-0.0103,0.2673,1.0,-0.0863,1.031,9.562
Car A,379,25.2667,1,111.174,3,-22.377,0.608,0.09,5.6019,0.0163,4.8221,1.0,1.0,24.999,-9.568
Car B,379,25.2667,1,120.742,3,-12.919,0.017,0.017,6.0024,-0.0448,-0.5392,1.0,0.0178,-2.151,9.568
Car A,380,25.3333,1,111.549,3,-22.039,0.443,0.067,5.603,0.0168,4.8324,1.0,1.0,24.999,-9.592
Car B,380,25.3333,1,121.142,3,-12.519,0.018,0.018,6.0005,-0.0286,0.1794,1.0,-0.0703,0.438,9.592
Car A,381,25.4,1,111.934,3,-21.692,0.298,0.042,5.6042,0.018,4.84,1.0,1.0,24.999,-9.608
Car B,381,25.4,1,121.542,3,-12.119,0.02,0.02,5.996,-0.0682,-0.6309,1.0,0.0477,-1.752,9.608
Car A,382,25.4667,1,112.308,3,-21.337,0.173,0.003,5.6054,0.0189,4.8459,1.0,1.0,24.999,-9.633
Car B,382,25.4667,1,121.941,3,-11.719,0.021,0.021,5.9955,-0.0073,0.3276,1.0,-0.0653,1.188,9.633
Car A,383,25.5333,1,112.684,3,-20.975,0.068,-0.014,5.6066,0.0178,4.8512,1.0,1.0,24.999,-9.657
Car B,383,25.5333,1,122.341,3,-11.319,0.023,0.023,5.9938,-0.0247,-0.4819,1.0,0.0361,-1.628,9.657
Car A,384,25.6,1,113.055,3,-20.608,-0.015,-0.063,5.6079,0.0194,4.8552,1.0,1.0,24.999,-9.685
Car B,384,25.6,1,122.74,3,-10.92,0.024,0.024,5.9918,-0.0298,0.3297,1.0,-0.0679,0.899,9.685
Car A,385,25.6667,1,113.43,3,-20.237,-0.077,-0.096,5.6091,0.018,4.8582,1.0,1.0,24.999,-9.71
Car B,385,25.6667,1,123.14,3,-10.52,0.025,0.025,5.9913,-0.0079,-0.5442,1.0,0.0492,-1.692,9.71
Car A,386,25.7333,1,113.798,3,-19.862,-0.118,-0.118,5.6104,0.0192,4.8608,1.0,1.0,24.999,-9.741
Car B,386,25.7333,1,123.539,3,-10.121,0.024,0.024,5.99,-0.0202,0.3479,1.0,-0.0472,1.226,9.741
Car A,387,25.8,1,114.174,3,-19.486,-0.137,-0.137,5.6117,0.0195,4.8619,1.0,1.0,24.999,-9.764
Car B,387,25.8,1,123.939,3,-9.722,0.025,0.025,5.9896,-0.0053,-0.4299,1.0,0.0456,-1.176,9.764
Car A,388,25.8667,1,114.551,3,-19.109,-0.134,-0.134,5.6129,0.0183,4.8636,1.0,1.0,24.999,-9.787
Car B,388,25.8667,1,124.338,3,-9.322,0.025,0.025,5.9906,0.014,0.4174,1.0,-0.0673,1.137,9.787
Car A,389,25.9333,1,114.927,3,-18.733,-0.11,-0.11,5.6142,0.0186,4.8647,1.0,0.3198,24.999,-9.81
Car B,389,25.9333,1,124.737,3,-8.923,0.026,0.026,5.9899,-0.0099,-0.4834,1.0,0.0478,-1.679,9.81
Car A,390,26.0,1,115.304,3,-18.357,-0.072,-0.072,5.6709,0.8518,3.1497,1.0,-0.0921,8.02,-9.833
Car B,390,26.0,1,125.137,3,-8.524,0.024,0.024,5.9884,-0.0224,0.3611,1.0,-0.0502,1.189,9.833
Car A,391,26.0667,1,115.682,3,-17.978,-0.038,-0.038,5.7045,0.5038,1.4094,1.0,-0.2707,-2.287,-9.854
Car B,391,26.0667,1,125.536,3,-8.125,0.025,0.025,5.9885,0.0015,-0.4497,1.0,0.0464,-1.25,9.854
Car A,392,26.1333,1,116.062,3,-17.598,-0.015,-0.015,5.7159,0.1708,-0.0056,1.0,-0.267,-6.761,-9.873
Car B,392,26.1333,1,125.935,3,-7.725,0.024,0.024,5.9887,0.0035,0.4184,1.0,-0.0635,1.155,9.873
Car A,393,26.2,1,116.444,3,-17.217,-0.005,-0.005,5.7196,0.0556,-1.0214,1.0,-0.2221,-6.675,-9.891
Car B,393,26.2,1,126.334,3,-7.326,0.024,0.024,5.9888,0.0011,-0.4781,1.0,0.0509,-1.584,9.891
Car A,394,26.2667,1,116.825,3,-16.835,-0.007,-0.007,5.7366,0.2554,-1.7362,1.0,-0.0414,-5.554,-9.908
Car B,394,26.2667,1,126.733,3,-6.927,0.022,0.022,5.9877,-0.0163,0.3781,1.0,-0.0401,1.267,9.908
Car A,395,26.3333,1,117.209,3,-16.451,-0.014,-0.014,5.7686,0.4794,-0.6253,1.0,-0.0439,-1.043,-9.923
Car B,395,26.3333,1,127.133,3,-6.528,0.022,0.022,5.9887,0.014,-0.3801,1.0,0.0485,-0.998,9.923
Car A,396,26.4,1,117.599,3,-16.061,-0.016,-0.016,5.8993,1.9602,-0.4178,1.0,-0.03,-1.097,-9.933
Car B,396,26.4,1,127.532,3,-6.128,0.022,0.022,5.9913,0.0401,0.4589,1.0,-0.0891,1.209,9.933
Car A,397,26.4667,1,117.995,3,-15.665,-0.018,-0.018,5.9733,1.1103,-0.1942,1.0,-0.0258,-0.737,-9.936
Car B,397,26.4667,1,127.931,3,-5.729,0.021,0.021,5.9909,-0.0065,-0.4919,1.0,0.0586,-2.221,9.936
Car A,398,26.5333,1,118.394,3,-15.266,-0.02,-0.02,5.9836,0.1547,-0.1521,1.0,-0.017,-0.633,-9.937
Car B,398,26.5333,1,128.331,3,-5.33,0.018,0.018,5.9899,-0.015,0.3069,1.0,-0.0186,1.458,9.937
Car A,399,26.6,1,118.793,3,-14.867,-0.023,-0.023,5.9848,0.0176,-0.1536,1.0,-0.0077,-0.423,-9.937
Car B,399,26.6,1,128.73,3,-4.93,0.018,0.018,5.9926,0.0412,-0.1911,1.0,0.0454,-0.457,9.937
Car A,400,26.6667,1,119.192,3,-14.468,-0.026,-0.026,5.9986,0.2077,-0.0642,1.0,-0.0041,-0.194,-9.937
Car B,400,26.6667,1,129.13,3,-4.53,0.02,0.02,6.0075,0.2225,0.4497,1.0,-0.0889,1.134,9.937
Car A,401,26.7333,1,119.593,3,-14.068,-0.029,-0.029,6.0028,0.0619,-0.0371,1.0,0.0009,-0.103,-9.938
Car B,401,26.7333,1,129.53,3,-4.13,0.02,0.02,6.006,-0.0219,-0.4806,1.0,0.0572,-2.217,9.938
Car A,402,26.8,1,119.993,3,-13.668,-0.032,-0.032,5.9967,-0.0907,-0.0273,1.0,0.0054,0.017,-9.938
Car B,402,26.8,1,129.931,3,-3.73,0.017,0.017,6.0037,-0.0353,0.3155,1.0,-0.0263,1.424,9.938
Car A,403,26.8667,1,120.393,3,-13.268,-0.035,-0.035,5.9972,0.0072,-0.046,1.0,0.0093,0.124,-9.938
Car B,403,26.8667,1,130.331,3,-3.33,0.018,0.018,5.9984,-0.0794,-0.2607,1.0,0.0493,-0.653,9.938
Car A,404,26.9333,1,120.793,3,-12.868,-0.037,-0.037,5.9977,0.0072,0.0089,1.0,0.0074,0.229,-9.938
Car B,404,26.9333,1,130.731,3,-2.93,0.018,0.018,5.996,-0.0361,0.4749,1.0,-0.091,1.229,9.938
Car A,405,27.0,1,121.192,3,-12.468,-0.039,-0.039,5.9948,-0.0429,0.039,1.0,0.0051,0.182,-9.938
Car B,405,27.0,1,131.13,3,-2.53,0.019,0.019,5.9963,0.005,-0.4641,1.0,0.0559,-2.269,9.938
Car A,406,27.0667,1,121.592,3,-12.068,-0.04,-0.04,6.0015,0.1003,0.0283,1.0,0.0051,0.124,-9.938
Car B,406,27.0667,1,131.53,3,-2.13,0.017,0.017,5.9943,-0.0294,0.3215,1.0,-0.0288,1.392,9.938
Car A,407,27.1333,1,121.992,3,-11.668,-0.042,-0.042,6.0033,0.0271,0.0197,1.0,0.0064,0.124,-9.937
Car B,407,27.1333,1,131.93,3,-1.731,0.017,0.017,5.996,0.0249,-0.2826,1.0,0.0522,-0.716,9.937
Car A,408,27.2,1,122.392,3,-11.268,-0.044,-0.044,6.0024,-0.0135,0.0154,1.0,0.0082,0.155,-9.937
Car B,408,27.2,1,132.329,3,-1.331,0.018,0.018,5.9988,0.0426,0.4951,1.0,-0.0894,1.3,9.937
Car A,409,27.2667,1,122.793,3,-10.868,-0.046,-0.046,6.0027,0.0041,0.0195,1.0,0.0097,0.197,-9.937
Car B,409,27.2667,1,132.729,3,-0.931,0.018,0.018,5.9987,-0.0027,-0.4427,1.0,0.0548,-2.229,9.937
Car A,410,27.3333,1,123.193,3,-10.468,-0.047,-0.047,6.0035,0.0124,0.0306,1.0,0.0105,0.234,-9.936
Car B,410,27.3333,1,133.129,3,-0.531,0.016,0.016,5.997,-0.0244,0.332,1.0,-0.033,1.363,9.936
Car A,411,27.4,1,123.593,3,-10.067,-0.049,-0.049,6.0048,0.0191,0.0389,1.0,0.0107,0.256,-9.936
Car B,411,27.4,1,133.529,3,-0.132,0.017,0.017,5.9944,-0.0402,-0.3206,1.0,0.0548,-0.82,9.936
Car A,412,27.4667,1,123.993,3,-9.667,-0.05,-0.05,6.0051,0.0048,0.0423,1.0,0.0104,0.261,-9.935
Car B,412,27.4667,2,0.268,1,0.268,0.017,0.017,5.9939,-0.0062,0.5111,1.0,-0.0956,1.365,9.935
Car A,413,27.5333,1,124.394,3,-9.266,-0.051,-0.051,6.0062,0.017,0.0454,1.0,0.0095,0.252,-9.934
Car B,413,27.5333,2,0.668,1,0.668,0.018,0.018,5.9939,-0.0001,-0.4311,1.0,0.0514,-2.385,9.934
Car A,414,27.6,1,124.794,3,-8.866,-0.051,-0.051,6.0064,0.0026,0.0479,1.0,0.0082,0.231,-9.933
Car B,414,27.6,2,1.067,1,1.067,0.016,0.016,5.9929,-0.0153,0.3344,1.0,-0.0405,1.279,9.933
Car A,415,27.6667,1,125.195,3,-8.465,-0.052,-0.052,6.0065,0.0011,0.0484,1.0,0.0066,0.201,-9.932
Car B,415,27.6667,2,1.467,1,1.467,0.017,0.017,5.9941,0.0184,-0.386,1.0,0.0601,-1.008,9.932
Car A,416,27.7333,1,125.595,3,-8.065,-0.052,-0.052,6.0062,-0.0034,0.0389,1.0,0.0051,0.161,-9.931
Car B,416,27.7333,2,1.866,1,1.866,0.017,0.017,5.9956,0.0212,0.5008,1.0,-0.0816,1.499,9.931
Car A,417,27.8,1,125.996,3,-7.665,-0.051,-0.051,6.0053,-0.0145,0.0327,1.0,0.0035,0.125,-9.931
Car B,417,27.8,2,2.266,1,2.266,0.018,0.018,5.9944,-0.0179,-0.425,1.0,0.0554,-2.034,9.931
Car A,418,27.8667,1,126.396,3,-7.264,-0.051,-0.051,6.0012,-0.0605,0.0078,1.0,0.0028,0.086,-9.93
Car B,418,27.8667,2,2.665,1,2.665,0.016,0.016,5.9925,-0.0282,0.3507,1.0,-0.037,1.38,9.93
Car A,419,27.9333,1,126.796,3,-6.864,-0.051,-0.051,5.9989,-0.0345,0.0183,1.0,0.001,0.069,-9.929
Car B,419,27.9333,2,3.065,1,3.065,0.016,0.016,5.9903,-0.0322,-0.3589,1.0,0.0584,-0.922,9.929
Car A,420,28.0,1,127.196,3,-6.464,-0.05,-0.05,5.9985,-0.0074,0.0318,1.0,-0.0014,0.027,-9.929
Car B,420,28.0,2,3.464,1,3.464,0.017,0.017,5.9918,0.0214,0.5274,1.0,-0.0936,1.456,9.929
Car A,421,28.0667,1,127.596,3,-6.064,-0.05,-0.05,5.9989,0.0064,0.0117,1.0,-0.0022,-0.031,-9.928
Car B,421,28.0667,2,3.864,1,3.864,0.018,0.018,5.9918,0.0001,-0.435,1.0,0.0533,-2.334,9.928
Car A,422,28.1333,1,127.996,3,-5.664,-0.049,-0.049,6.0006,0.0264,-0.0037,1.0,-0.0023,-0.052,-9.928
Car B,422,28.1333,2,4.263,1,4.263,0.016,0.016,5.991,-0.0119,0.3357,1.0,-0.0367,1.327,9.928
Car A,423,28.2,1,128.396,3,-5.264,-0.049,-0.049,6.0016,0.015,-0.0244,1.0,-0.0015,-0.055,-9.927
Car B,423,28.2,2,4.662,1,4.663,0.016,0.016,5.9901,-0.0137,-0.3571,1.0,0.0581,-0.913,9.927
Car A,424,28.2667,1,128.796,3,-4.864,-0.049,-0.049,6.0007,-0.0146,-0.0376,1.0,-0.0006,-0.037,-9.926
Car B,424,28.2667,2,5.062,1,5.062,0.017,0.017,5.9913,0.018,0.5281,1.0,-0.095,1.448,9.926
Car A,425,28.3333,1,129.196,3,-4.464,-0.048,-0.048,6.0013,0.009,0.0021,1.0,-0.0021,-0.014,-9.925
Car B,425,28.3333,2,5.461,1,5.461,0.018,0.018,5.9911,-0.0029,-0.4167,1.0,0.0501,-2.368,9.925
Car A,426,28.4,1,129.596,3,-4.064,-0.048,-0.048,6.0016,0.0048,0.0054,1.0,-0.0021,-0.051,-9.925
Car B,426,28.4,2,5.861,1,5.861,0.016,0.016,5.9906,-0.0076,0.3413,1.0,-0.0439,1.246,9.925
Car A,427,28.4667,1,129.997,3,-3.664,-0.048,-0.048,6.0017,0.0012,-0.0012,1.0,-0.0013,-0.052,-9.924
Car B,427,28.4667,2,6.26,1,6.26,0.016,0.016,5.9924,0.028,-0.4127,1.0,0.0618,-1.092,9.924
Car A,428,28.5333,1,130.397,3,-3.264,-0.048,-0.048,6.0008,-0.0128,-0.0116,1.0,-0.0001,-0.033,-9.923
Car B,428,28.5333,2,6.66,1,6.66,0.016,0.016,5.9935,0.0155,0.4797,1.0,-0.0731,1.541,9.923
Car A,429,28.6,1,130.797,3,-2.864,-0.048,-0.048,6.0006,-0.0035,0.0189,1.0,-0.0004,-0.002,-9.923
Car B,429,28.6,2,7.059,1,7.059,0.017,0.017,5.9923,-0.0182,-0.4211,1.0,0.0562,-1.823,9.923
Car A,430,28.6667,1,131.197,3,-2.464,-0.048,-0.048,6.0006,-0.0001,0.0016,1.0,0.0003,-0.009,-9.922
Car B,430,28.6667,2,7.458,1,7.458,0.015,0.015,5.9899,-0.0357,0.3634,1.0,-0.0409,1.399,9.922
Car A,431,28.7333,1,131.597,3,-2.063,-0.049,-0.049,6.001,0.0067,-0.0068,1.0,0.0011,0.006,-9.921
Car B,431,28.7333,2,7.858,1,7.858,0.016,0.016,5.9888,-0.0167,-0.3797,1.0,0.0589,-1.018,9.921
Car A,432,28.8,1,131.997,3,-1.663,-0.049,-0.049,6.0013,0.0051,-0.0079,1.0,0.0017,0.026,-9.92
Car B,432,28.8,2,8.257,1,8.257,0.016,0.016,5.9892,0.0062,0.5006,1.0,-0.0852,1.467,9.92
Car A,433,28.8667,1,132.397,3,-1.263,-0.049,-0.049,6.001,-0.0049,-0.0247,1.0,0.0026,0.04,-9.919
Car B,433,28.8667,2,8.656,1,8.656,0.017,0.017,5.989,-0.0023,-0.4094,1.0,0.0516,-2.124,9.919
Car A,434,28.9333,1,132.797,3,-0.863,-0.049,-0.049,6.0013,0.0038,0.0017,1.0,0.0019,0.063,-9.918
Car B,434,28.9333,2,9.055,1,9.055,0.016,0.016,5.9879,-0.0174,0.3493,1.0,-0.0434,1.283,9.918
Car A,435,29.0,1,133.197,3,-0.463,-0.049,-0.049,5.9998,-0.0223,0.0138,1.0,0.0006,0.047,-9.918
Car B,435,29.0,2,9.455,1,9.455,0.016,0.016,5.9902,0.035,-0.4015,1.0,0.0605,-1.081,9.918
Car A,436,29.0667,1,133.597,3,-0.063,-0.049,-0.049,5.9991,-0.0097,0.0249,1.0,-0.0011,0.016,-9.917
Car B,436,29.0667,2,9.854,1,9.854,0.016,0.016,5.9898,-0.0053,0.5007,1.0,-0.0831,1.508,9.917
Car A,437,29.1333,2,0.337,1,0.337,-0.048,-0.048,5.9991,-0.0014,0.0215,1.0,-0.0025,-0.026,-9.916
Car B,437,29.1333,2,10.253,1,10.253,0.017,0.017,5.9895,-0.0058,-0.4057,1.0,0.0515,-2.072,9.916
Car A,438,29.2,2,0.737,1,0.737,-0.048,-0.048,6.0001,0.0154,0.0069,1.0,-0.0027,-0.059,-9.915
Car B,438,29.2,2,10.652,1,10.652,0.016,0.016,5.9883,-0.0169,0.3544,1.0,-0.0446,1.282,9.915
Car A,439,29.2667,2,1.137,1,1.137,-0.048,-0.048,6.0017,0.0236,-0.0099,1.0,-0.0019,-0.065,-9.915
Car B,439,29.2667,2,11.052,1,11.052,0.016,0.016,5.9891,0.0114,-0.4193,1.0,0.0626,-1.112,9.915
Car A,440,29.3333,2,1.537,1,1.537,-0.048,-0.048,5.9999,-0.0265,0.0008,1.0,-0.0016,-0.047,-9.914
Car B,440,29.3333,2,11.451,1,11.451,0.016,0.016,5.9897,0.0096,0.5022,1.0,-0.0806,1.561,9.914
Car A,441,29.4,2,1.937,1,1.937,-0.048,-0.048,6.0009,0.0152,-0.0318,1.0,0.0001,-0.038,-9.913
Car B,441,29.4,2,11.85,1,11.85,0.017,0.017,5.9889,-0.0123,-0.3922,1.0,0.0505,-2.009,9.913
Car A,442,29.4667,2,2.337,1,2.338,-0.048,-0.048,6.0033,0.0354,-0.019,1.0,0.001,0.002,-9.912
Car B,442,29.4667,2,12.249,1,12.249,0.016,0.016,5.9878,-0.0172,0.3591,1.0,-0.0474,1.257,9.912
Car A,443,29.5333,2,2.738,1,2.738,-0.048,-0.048,6.0018,-0.0225,-0.0207,1.0,0.0016,0.024,-9.911
Car B,443,29.5333,2,12.648,1,12.649,0.016,0.016,5.9874,-0.0054,-0.428,1.0,0.0622,-1.179,9.911
Car A,444,29.6,2,3.138,1,3.138,-0.048,-0.048,6.0012,-0.0091,-0.0245,1.0,0.0021,0.039,-9.91
Car B,444,29.6,2,13.048,1,13.048,0.016,0.016,5.988,0.009,0.4671,1.0,-0.0708,1.55,9.91
Car A,445,29.6667,2,3.538,1,3.538,-0.049,-0.049,6.0008,-0.0058,0.0139,1.0,0.0005,0.052,-9.909
Car B,445,29.6667,2,13.447,1,13.447,0.017,0.017,5.9869,-0.0167,-0.3943,1.0,0.0528,-1.765,9.909
Car A,446,29.7333,2,3.938,1,3.938,-0.048,-0.048,5.9989,-0.0287,0.0269,1.0,-0.0014,0.014,-9.908
Car B,446,29.7333,2,13.846,1,13.846,0.016,0.016,5.9862,-0.0098,0.3723,1.0,-0.0491,1.315,9.908
Car A,447,29.8,2,4.338,1,4.338,-0.048,-0.048,5.9989,0.0009,0.018,1.0,-0.0025,-0.031,-9.907
Car B,447,29.8,2,14.245,1,14.245,0.016,0.016,5.9852,-0.0157,-0.4283,1.0,0.0617,-1.223,9.907
Car A,448,29.8667,2,4.738,1,4.738,-0.048,-0.048,6.0005,0.0232,0.0034,1.0,-0.0026,-0.059,-9.906
Car B,448,29.8667,2,14.644,1,14.644,0.016,0.016,5.9861,0.0139,0.4581,1.0,-0.0686,1.537,9.906
Car A,449,29.9333,2,5.138,1,5.138,-0.047,-0.047,6.0017,0.0182,-0.0067,1.0,-0.002,-0.062,-9.905
Car B,449,29.9333,2,15.043,1,15.043,0.017,0.017,5.985,-0.0172,-0.3957,1.0,0.0023,-1.71,9.905
Car A,450,30.0,2,5.538,1,5.538,-0.048,-0.048,6.0005,-0.0173,-0.0165,1.0,-0.0007,-0.049,-9.904
Car B,450,30.0,2,15.442,1,15.442,0.015,0.015,5.9988,0.2068,0.0363,1.0,-0.0437,0.047,9.904
Car A,451,30.0667,2,5.938,1,5.938,-0.048,-0.048,5.9998,-0.0104,0.0099,1.0,-0.0008,-0.016,-9.904
Car B,451,30.0667,2,15.842,1,15.842,0.011,0.011,6.0207,0.3294,-0.4377,1.0,0.0627,-1.085,9.904
Car A,452,30.1333,2,6.338,1,6.338,-0.048,-0.048,6.0007,0.0124,-0.0076,1.0,0.0,-0.02,-9.906
Car B,452,30.1333,2,16.244,1,16.244,0.009,0.009,6.0177,-0.0448,0.5121,1.0,-0.1958,1.563,9.906
Car A,453,30.2,2,6.738,1,6.738,-0.048,-0.048,6.0015,0.0123,-0.0074,1.0,0.0007,0.0,-9.906
Car B,453,30.2,2,16.645,1,16.645,0.008,0.008,6.0163,-0.0209,-0.4267,1.0,-0.0759,-4.884,9.906
Car A,454,30.2667,2,7.139,1,7.139,-0.048,-0.048,6.0012,-0.0035,-0.009,1.0,0.0015,0.016,-9.907
Car B,454,30.2667,2,17.046,1,17.046,-0.001,-0.001,6.0022,-0.2121,-0.7471,1.0,-0.1449,-1.901,9.907
Car A,455,30.3333,2,7.539,1,7.539,-0.048,-0.048,6.0016,0.0053,-0.0156,1.0,0.0028,0.036,-9.907
Car B,455,30.3333,2,17.446,1,17.446,-0.018,-0.018,5.993,-0.1373,-1.3629,1.0,0.0631,-3.62,9.907
Car A,456,30.4,2,7.939,1,7.939,-0.048,-0.048,6.0017,0.0016,0.0058,1.0,0.0032,0.067,-9.906
Car B,456,30.4,2,17.845,1,17.845,-0.037,-0.037,5.9978,0.071,-0.1502,1.0,0.4587,1.57,9.906
Car A,457,30.4667,2,8.339,1,8.339,-0.049,-0.049,6.0004,-0.0191,0.0086,1.0,0.0031,0.078,-9.906
Car B,457,30.4667,2,18.244,1,18.245,-0.044,-0.044,5.9933,-0.0668,0.9636,1.0,0.6904,11.451,9.906
Car A,458,30.5333,2,8.739,1,8.739,-0.049,-0.049,5.9993,-0.0178,0.0103,1.0,0.0021,0.077,-9.905
Car B,458,30.5333,2,18.644,1,18.644,-0.037,-0.037,5.9841,-0.1383,1.817,1.0,0.6744,17.25,9.905
Car A,459,30.6,2,9.139,1,9.139,-0.048,-0.048,6.0008,0.0227,0.0032,1.0,0.0006,0.053,-9.903
Car B,459,30.6,2,19.042,1,19.042,-0.015,-0.015,5.9744,-0.1454,2.4836,1.0,1.0,16.861,9.903
Car A,460,30.6667,2,9.539,1,9.539,-0.048,-0.048,6.0018,0.0153,0.0084,1.0,-0.0027,0.014,-9.9
Car B,460,30.6667,2,19.439,1,19.439,0.023,0.023,5.9616,-0.1918,3.0262,1.0,1.0,24.987,9.9
Car A,461,30.7333,2,9.939,1,9.939,-0.047,-0.047,5.9993,-0.0367,0.0099,1.0,-0.0066,-0.064,-9.894
Car B,461,30.7333,2,19.833,1,19.833,0.079,0.079,5.9498,-0.1767,3.4311,1.0,1.0,25.0,9.894
Car A,462,30.8,2,10.339,1,10.339,-0.047,-0.047,5.9998,0.0066,-0.0447,1.0,-0.0059,-0.161,-9.896
Car B,462,30.8,2,20.235,1,20.223,0.154,0.136,5.9392,-0.1601,3.7472,1.0,1.0,25.0,9.896
Car A,463,30.8667,2,10.739,1,10.739,-0.048,-0.048,5.9979,-0.0287,-0.0763,1.0,-0.0057,-0.146,-9.888
Car B,463,30.8667,2,20.627,1,20.609,0.247,0.198,5.9298,-0.1403,3.9913,1.0,1.0,25.0,9.888
Car A,464,30.9333,2,11.139,1,11.139,-0.048,-0.048,5.9979,0.0002,-0.0804,1.0,-0.0069,-0.141,-9.919
Car B,464,30.9333,2,21.058,1,20.99,0.359,0.265,5.9216,-0.1227,4.1789,1.0,1.0,25.0,9.919
Car A,465,31.0,2,11.539,1,11.539,-0.048,-0.048,5.9975,-0.0055,-0.0349,1.0,-0.0101,-0.169,-9.913
Car B,465,31.0,2,21.452,1,21.364,0.491,0.306,5.9144,-0.1087,4.3222,1.0,1.0,24.999,9.913
Car A,466,31.0667,2,11.939,1,11.939,-0.048,-0.048,6.001,0.0519,-0.0369,1.0,-0.0127,-0.243,-9.904
Car B,466,31.0667,2,21.843,1,21.73,0.641,0.367,5.9079,-0.0965,4.4347,1.0,1.0,24.999,9.904
Car A,467,31.1333,2,12.339,1,12.339,-0.048,-0.048,5.9994,-0.0241,-0.0442,1.0,-0.0126,-0.309,-9.957
Car B,467,31.1333,2,22.296,1,22.088,0.81,0.388,5.9022,-0.0856,4.5247,1.0,1.0,24.999,9.957
Car A,468,31.2,2,12.739,1,12.739,-0.049,-0.049,5.9957,-0.0545,-0.0565,1.0,-0.0114,-0.308,-9.95
Car B,468,31.2,2,22.69,1,22.436,0.998,0.428,5.897,-0.0789,4.5929,1.0,1.0,24.999,9.95
Car A,469,31.2667,2,13.139,1,13.139,-0.05,-0.05,5.9939,-0.027,-0.0569,1.0,-0.0082,-0.279,-10.015
Car B,469,31.2667,2,23.153,1,22.773,1.204,0.444,5.8922,-0.0712,4.648,1.0,1.0,24.999,10.015
Car A,470,31.3333,2,13.539,1,13.539,-0.052,-0.052,6.0019,0.1192,-0.0355,1.0,-0.005,-0.201,-10.009
Car B,470,31.3333,2,23.548,1,23.098,1.428,0.464,5.8879,-0.0653,4.6921,1.0,1.0,24.999,10.009
Car A,471,31.4,2,13.939,1,13.939,-0.055,-0.055,6.0017,-0.0026,-0.0176,1.0,-0.0017,-0.123,-10.078
Car B,471,31.4,2,24.017,1,23.411,1.668,0.473,5.8839,-0.0605,4.7275,1.0,1.0,24.999,10.078
Car A,472,31.4667,2,14.339,1,14.339,-0.057,-0.057,5.9975,-0.0625,-0.0351,1.0,0.0031,-0.043,-10.073
Car B,472,31.4667,2,24.412,1,23.71,1.926,0.474,5.88,-0.0575,4.7535,1.0,1.0,24.999,10.073
Car A,473,31.5333,2,14.739,1,14.739,-0.059,-0.059,6.0001,0.0388,0.0104,1.0,0.0037,0.072,-10.143
Car B,473,31.5333,2,24.882,1,23.994,2.199,0.476,5.8765,-0.0529,4.7763,1.0,1.0,24.999,10.143
Car A,474,31.6,2,15.139,1,15.139,-0.061,-0.061,6.0015,0.0212,0.0086,1.0,0.0108,0.089,-10.136
Car B,474,31.6,2,25.275,1,24.263,2.486,0.458,5.8731,-0.0511,4.7924,1.0,1.0,24.999,10.136
Car A,475,31.6667,2,15.539,1,15.539,-0.062,-0.062,6.004,0.0372,-0.0026,1.0,0.0107,0.256,-10.202
Car B,475,31.6667,2,25.741,1,24.516,2.788,0.453,5.8699,-0.0485,4.8059,1.0,1.0,24.999,10.202
Car A,476,31.7333,2,15.94,1,15.94,-0.063,-0.063,6.0058,0.0272,0.0442,1.0,0.0099,0.26,-10.193
Car B,476,31.7333,2,26.133,1,24.751,3.104,0.417,5.8667,-0.0468,4.8173,1.0,1.0,24.999,10.193
Car A,477,31.8,2,16.34,1,16.34,-0.064,-0.064,6.0075,0.0256,0.0509,1.0,0.0281,0.242,-10.186
Car B,477,31.8,2,26.526,1,24.969,3.431,0.403,5.8637,-0.0452,4.8253,1.0,1.0,24.999,10.186
Car A,478,31.8667,2,16.741,1,16.741,-0.063,-0.063,6.0203,0.1917,0.3029,1.0,-0.0047,0.685,-10.238
Car B,478,31.8667,2,26.979,1,25.168,3.77,0.353,5.8608,-0.0441,4.8316,1.0,1.0,24.999,10.238
Car A,479,31.9333,2,17.141,1,17.141,-0.062,-0.062,6.006,-0.2143,0.059,0.8324,0.0311,-0.108,-10.229
Car B,479,31.9333,2,27.371,1,25.348,4.119,0.321,5.858,-0.0422,4.8366,1.0,1.0,24.999,10.229
Car A,480,32.0,2,17.535,1,17.535,-0.061,-0.061,5.8313,-2.621,0.2246,0.8514,-0.003,0.776,-10.274
Car B,480,32.0,2,27.809,1,25.509,4.478,0.269,5.8552,-0.0413,4.8411,1.0,1.0,24.999,10.274
Car A,481,32.0667,2,17.916,1,17.916,-0.059,-0.059,5.6607,-2.5591,-0.0086,0.8668,0.2058,-0.073,-10.282
Car B,481,32.0667,2,28.198,1,25.65,4.844,0.218,5.8525,-0.0406,4.844,1.0,1.0,24.999,10.282
Car A,482,32.1333,2,18.292,1,18.292,-0.053,-0.053,5.6221,-0.5781,0.8023,0.8669,-0.0633,5.136,-10.326
Car B,482,32.1333,2,28.618,1,25.77,5.218,0.168,5.8499,-0.0396,4.8469,1.0,1.0,24.999,10.326
Car A,483,32.2,2,18.666,1,18.666,-0.044,-0.044,5.6023,-0.2974,-0.0227,0.8752,-0.0769,-1.573,-10.338
Car B,483,32.2,2,29.004,1,25.869,5.598,0.099,5.8473,-0.039,4.8485,1.0,1.0,24.999,10.338
Car A,484,32.2667,2,19.036,1,19.036,-0.045,-0.045,5.4888,-1.7028,-0.6151,1.0,1.0,-1.922,-10.357
Car B,484,32.2667,2,29.393,1,25.947,5.982,0.052,5.8447,-0.0383,4.8506,1.0,1.0,24.999,10.357
Car A,485,32.3333,2,19.402,1,19.402,-0.043,-0.043,5.4922,0.0503,0.2018,1.0,1.0,24.959,-10.383
Car B,485,32.3333,2,29.785,1,26.003,6.37,-0.003,5.8422,-0.0371,4.8507,1.0,1.0,24.999,10.383
Car A,486,32.4,2,19.767,1,19.767,-0.03,-0.03,5.4859,-0.0945,1.3096,1.0,1.0,25.0,-10.408
Car B,486,32.4,2,30.175,1,26.038,6.76,-0.038,5.8398,-0.0366,4.8522,1.0,0.9407,24.999,10.408
Car A,487,32.4667,2,20.132,1,20.132,-0.002,-0.013,5.4793,-0.0983,2.0418,1.0,1.0,25.0,-10.435
Car B,487,32.4667,2,30.567,1,26.051,7.152,-0.051,5.838,-0.0267,4.8469,1.0,0.8266,23.518,10.435
Car A,488,32.5333,2,20.497,1,20.495,0.041,0.002,5.4722,-0.1059,2.6251,1.0,1.0,25.0,-10.461
Car B,488,32.5333,2,30.958,1,26.043,7.543,-0.043,5.8383,0.0039,4.8284,1.0,-0.2057,20.668,10.461
Car A,489,32.6,2,20.861,1,20.856,0.102,0.035,5.4659,-0.0958,3.0879,1.0,1.0,25.0,-10.488
Car B,489,32.6,2,31.35,1,26.022,7.935,-0.022,5.8749,0.5488,3.2962,1.0,-0.1446,-5.103,10.488
Car A,490,32.6667,2,21.233,1,21.213,0.18,0.039,5.4604,-0.0812,3.4559,1.0,1.0,25.0,-10.51
Car B,490,32.6667,2,31.743,1,26.007,8.328,-0.007,5.9018,0.4043,1.14,1.0,-0.0514,-3.617,10.51
Car A,491,32.7333,2,21.598,1,21.566,0.277,0.051,5.4563,-0.0624,3.7479,1.0,1.0,25.0,-10.538
Car B,491,32.7333,2,32.137,1,26.003,8.721,-0.003,5.911,0.1381,-0.2082,1.0,0.0644,-1.288,10.538
Car A,492,32.8,2,21.974,1,21.913,0.391,0.068,5.4534,-0.0433,3.9792,1.0,1.0,25.0,-10.557
Car B,492,32.8,2,32.531,1,26.001,9.116,-0.001,5.9234,0.1851,0.5161,1.0,-0.0856,1.604,10.557
Car A,493,32.8667,2,22.34,1,22.253,0.525,0.061,5.4517,-0.026,4.1584,1.0,1.0,24.999,-10.586
Car B,493,32.8667,2,32.926,1,25.998,9.511,0.002,5.926,0.0395,-0.3881,1.0,0.0165,-2.133,10.586
Car A,494,32.9333,2,22.705,1,22.586,0.677,0.074,5.4509,-0.0114,4.3012,1.0,1.0,24.999,-10.616
Car B,494,32.9333,2,33.322,1,25.999,9.907,0.001,5.9643,0.5745,0.1481,1.0,-0.0184,0.409,10.616
Car A,495,33.0,2,23.084,1,22.909,0.847,0.068,5.451,0.0018,4.4152,1.0,1.0,24.999,-10.636
Car B,495,33.0,2,33.72,1,25.998,10.305,0.002,5.9806,0.2448,-0.2513,1.0,-0.108,-0.444,10.636
Car A,496,33.0667,2,23.45,1,23.223,1.036,0.065,5.4518,0.0121,4.5065,1.0,1.0,24.999,-10.669
Car B,496,33.0667,2,34.119,1,26.003,10.704,-0.003,5.9787,-0.0293,-0.9009,1.0,0.0249,-2.695,10.669
Car A,497,33.1333,2,23.828,1,23.526,1.242,0.074,5.4532,0.0203,4.5785,1.0,1.0,24.999,-10.69
Car B,497,33.1333,2,34.517,1,26.011,11.102,-0.011,5.9802,0.0225,0.0617,1.0,-0.1827,0.616,10.69
Car A,498,33.2,2,24.193,1,23.816,1.465,0.055,5.455,0.028,4.6381,1.0,1.0,24.999,-10.722
Car B,498,33.2,2,34.916,1,26.017,11.501,-0.017,5.9774,-0.0414,-0.6923,1.0,-0.1183,-4.559,10.722
Car A,499,33.2667,2,24.56,1,24.093,1.705,0.057,5.4573,0.0335,4.6856,1.0,1.0,24.999,-10.755
Car B,499,33.2667,2,35.315,1,26.034,11.9,-0.034,5.9763,-0.017,-1.176,1.0,0.5505,-2.959,10.755
Car A,500,33.3333,2,24.936,1,24.356,1.961,0.046,5.4598,0.0382,4.7234,1.0,1.0,24.999,-10.777
Car B,500,33.3333,2,35.713,1,26.05,12.298,-0.05,5.9789,0.0393,0.1182,1.0,0.7306,13.736,10.777
Car A,501,33.4,2,25.303,1,24.604,2.231,0.033,5.4626,0.042,4.7547,1.0,1.0,24.999,-10.809
Car B,501,33.4,2,36.111,1,26.053,12.696,-0.053,5.9729,-0.0896,1.1664,1.0,0.8655,18.257,10.809
Car A,502,33.4667,2,25.676,1,24.836,2.516,0.038,5.4655,0.0436,4.7779,1.0,1.0,24.999,-10.833
Car B,502,33.4667,2,36.509,1,26.043,13.094,-0.043,5.9613,-0.1745,1.9822,1.0,1.0,21.631,10.833
Car A,503,33.5333,2,26.042,1,25.05,2.814,0.011,5.4686,0.0461,4.7976,1.0,1.0,24.999,-10.863
Car B,503,33.5333,2,36.906,1,26.016,13.491,-0.016,5.9481,-0.1984,2.6262,1.0,1.0,24.994,10.863
Car A,504,33.6,2,26.41,1,25.247,3.125,0.005,5.4718,0.0476,4.814,1.0,1.0,24.999,-10.89
Car B,504,33.6,2,37.3,1,25.973,13.885,0.027,5.9357,-0.1856,3.1221,1.0,1.0,25.0,10.89
Car A,505,33.6667,2,26.778,1,25.426,3.446,-0.008,5.475,0.0486,4.828,1.0,1.0,24.999,-10.919
Car B,505,33.6667,2,37.698,1,25.911,14.277,0.067,5.9242,-0.172,3.5024,1.0,1.0,25.0,10.919
Car A,506,33.7333,2,27.146,1,25.585,3.778,-0.029,5.4783,0.0487,4.8367,1.0,1.0,24.999,-10.945
Car B,506,33.7333,2,38.091,1,25.832,14.664,0.116,5.9141,-0.1511,3.8062,1.0,1.0,25.0,10.945
Car A,507,33.8,2,27.514,1,25.725,4.119,-0.027,5.4816,0.0494,4.8458,1.0,1.0,24.999,-10.993
Car B,507,33.8,2,38.507,1,25.733,15.047,0.162,5.9054,-0.1311,4.0336,1.0,1.0,25.0,10.993
Car A,508,33.8667,2,27.877,1,25.844,4.467,-0.059,5.4848,0.0487,4.8518,1.0,1.0,24.999,-11.025
Car B,508,33.8667,2,38.902,1,25.615,15.425,0.189,5.8977,-0.1155,4.2142,1.0,1.0,25.0,11.025
Car A,509,33.9333,2,28.245,1,25.943,4.823,-0.072,5.4881,0.0492,4.8582,1.0,1.0,24.999,-11.085
Car B,509,33.9333,2,39.331,1,25.479,15.795,0.233,5.891,-0.1009,4.3497,1.0,1.0,24.999,11.085
Car A,510,34.0,2,28.602,1,26.021,5.183,-0.085,5.4913,0.0484,4.8616,1.0,1.0,24.999,-11.123
Car B,510,34.0,2,39.725,1,25.323,16.157,0.238,5.885,-0.0896,4.456,1.0,1.0,24.999,11.123
Car A,511,34.0667,2,28.971,1,26.077,5.548,-0.113,5.4945,0.0479,4.8645,1.0,1.0,24.999,-11.148
Car B,511,34.0667,2,40.118,1,25.149,16.511,0.264,5.8797,-0.0793,4.5381,1.0,1.0,24.999,11.148
Car A,512,34.1333,2,29.34,1,26.112,5.916,-0.119,5.4977,0.0477,4.8671,1.0,1.0,24.999,-11.215
Car B,512,34.1333,2,40.555,1,24.956,16.855,0.264,5.875,-0.0713,4.6062,1.0,1.0,24.999,11.215
Car A,513,34.2,2,29.7,1,26.125,6.285,-0.125,5.5008,0.0469,4.8692,1.0,1.0,24.999,-11.248
Car B,513,34.2,2,40.948,1,24.745,17.187,0.27,5.8706,-0.065,4.6582,1.0,1.0,24.999,11.248
Car A,514,34.2667,2,30.07,1,26.117,6.655,-0.117,5.5039,0.0464,4.8705,1.0,0.9239,24.999,-11.316
Car B,514,34.2667,2,41.385,1,24.517,17.507,0.269,5.8666,-0.0598,4.7011,1.0,1.0,24.999,11.316
Car A,515,34.3333,2,30.438,1,26.087,7.023,-0.087,5.5082,0.0642,4.8609,1.0,0.1523,23.099,-11.34
Car B,515,34.3333,2,41.779,1,24.271,17.815,0.256,5.863,-0.0551,4.7328,1.0,1.0,24.999,11.34
Car A,516,34.4,2,30.807,1,26.043,7.392,-0.043,5.5636,0.8314,3.1233,1.0,-0.24,3.837,-11.405
Car B,516,34.4,2,42.212,1,24.01,18.108,0.253,5.8595,-0.0527,4.7599,1.0,1.0,24.999,11.405
Car A,517,34.4667,2,31.178,1,26.006,7.763,-0.006,5.5956,0.4793,1.3281,1.0,-0.2762,-5.985,-11.426
Car B,517,34.4667,2,42.604,1,23.733,18.387,0.221,5.8562,-0.0481,4.7802,1.0,1.0,24.999,11.426
Car A,518,34.5333,2,31.551,1,25.979,8.136,0.021,5.6083,0.1903,-0.0276,1.0,-0.2758,-6.903,-11.446
Car B,518,34.5333,2,42.996,1,23.441,18.65,0.211,5.8532,-0.0458,4.7966,1.0,1.0,24.999,11.446
Car A,519,34.6,2,31.924,1,25.964,8.509,0.036,5.6141,0.0874,-1.0202,1.0,-0.2715,-6.895,-11.495
Car B,519,34.6,2,43.419,1,23.136,18.896,0.169,5.8503,-0.0437,4.8092,1.0,1.0,24.999,11.495
Car A,520,34.6667,2,32.299,1,25.963,8.884,0.037,5.6238,0.146,-1.7782,1.0,-0.2097,-6.787,-11.511
Car B,520,34.6667,2,43.81,1,22.817,19.125,0.14,5.8475,-0.0417,4.8196,1.0,1.0,24.999,11.511
Car A,521,34.7333,2,32.677,1,25.972,9.262,0.028,5.7018,1.1703,-1.8188,1.0,-0.0539,-5.243,-11.543
Car B,521,34.7333,2,44.221,1,22.487,19.336,0.1,5.8448,-0.0408,4.8272,1.0,1.0,24.999,11.543
Car A,522,34.8,2,33.06,1,25.982,9.645,0.018,5.7572,0.83,-0.5978,1.0,-0.062,-1.354,-11.55
Car B,522,34.8,2,44.61,2,22.145,19.528,0.053,5.8422,-0.0388,4.8317,1.0,1.0,24.999,11.55
Car A,523,34.8667,2,33.449,1,25.989,10.034,0.011,5.891,2.0074,-0.5912,0.9556,0.0045,-1.551,-11.555
Car B,523,34.8667,2,45.005,2,21.794,19.701,0.019,5.8397,-0.0379,4.8372,1.0,1.0,24.999,11.555
Car A,524,34.9333,2,33.838,1,25.994,10.423,0.006,5.7795,-1.6718,0.039,1.0,-0.0458,0.109,-11.553
Car B,524,34.9333,2,45.391,2,21.434,19.855,-0.046,5.8372,-0.0375,4.842,1.0,1.0,24.999,11.553
Car A,525,35.0,2,34.227,1,26.001,10.812,-0.001,5.8805,1.5137,-0.4468,0.9191,0.0473,-1.143,-11.553
Car B,525,35.0,2,45.78,2,21.065,19.988,-0.09,5.8348,-0.036,4.8461,1.0,1.0,24.999,11.553
Car A,526,35.0667,2,34.615,1,26.006,11.2,-0.006,5.7846,-1.4379,0.3596,0.8677,-0.0869,1.179,-11.534
Car B,526,35.0667,2,46.15,2,20.691,20.1,-0.154,5.8324,-0.035,4.8475,1.0,1.0,24.999,11.534
Car A,527,35.1333,2,34.997,1,26.01,11.582,-0.01,5.7069,-1.165,-0.4494,0.83,0.0473,-2.168,-11.539
Car B,527,35.1333,2,46.536,2,20.31,20.192,-0.215,5.8301,-0.0352,4.8493,1.0,1.0,24.999,11.539
Car A,528,35.2,2,35.374,1,26.017,11.959,-0.017,5.6133,-1.4042,0.2319,1.0,1.0,1.177,-11.531
Car B,528,35.2,2,46.905,2,19.926,20.262,-0.262,5.8278,-0.0342,4.8507,1.0,1.0,24.999,11.531
Car A,529,35.2667,2,35.748,1,26.014,12.333,-0.014,5.6123,-0.0147,0.9075,1.0,0.8925,24.964,-11.545
Car B,529,35.2667,2,47.292,2,19.538,20.31,-0.31,5.8256,-0.0335,4.8516,1.0,1.0,24.999,11.545
Car A,530,35.3333,2,36.121,1,25.998,12.706,0.002,5.6027,-0.1452,1.9033,0.8137,-0.1568,22.316,-11.561
Car B,530,35.3333,2,47.682,2,19.148,20.337,-0.337,5.8234,-0.033,4.8533,1.0,1.0,24.999,11.561
Car A,531,35.4,2,36.494,1,25.974,13.079,0.026,5.5993,-0.0505,1.0945,1.0,1.0,-3.881,-11.579
Car B,531,35.4,2,48.073,2,18.757,20.343,-0.343,5.8212,-0.0321,4.8541,1.0,1.0,24.999,11.579
Car A,532,35.4667,2,36.865,1,25.951,13.45,0.049,5.5859,-0.2007,1.1515,1.0,0.7999,24.956,-11.598
Car B,532,35.4667,2,48.463,2,18.367,20.326,-0.326,5.8192,-0.0309,4.8554,1.0,0.8545,24.999,11.598
Car A,533,35.5333,2,37.236,1,25.915,13.821,0.085,5.5809,-0.0746,2.0034,1.0,0.9005,20.004,-11.615
Car B,533,35.5333,2,48.851,2,17.979,20.288,-0.288,5.8196,0.0057,4.8315,1.0,0.5593,21.368,11.615
Car A,534,35.6,2,37.615,1,25.864,14.19,0.121,5.5737,-0.1083,2.605,1.0,0.968,22.509,-11.624
Car B,534,35.6,2,49.239,2,17.591,20.231,-0.231,5.867,0.7111,4.5282,1.0,-0.7479,13.993,11.624
Car A,535,35.6667,2,37.985,1,25.795,14.556,0.161,5.5666,-0.1066,3.0834,1.0,0.8527,24.196,-11.642
Car B,535,35.6667,2,49.627,2,17.203,20.166,-0.166,5.8916,0.3699,2.805,1.0,-0.4842,-18.648,11.642
Car A,536,35.7333,2,38.387,1,25.709,14.918,0.216,5.562,-0.0685,3.4415,1.0,1.0,21.322,-11.629
Car B,536,35.7333,2,50.016,2,16.814,20.105,-0.105,5.909,0.2613,0.8817,1.0,-0.4299,-12.113,11.629
Car A,537,35.8,2,38.759,1,25.605,15.275,0.234,5.5566,-0.0813,3.7421,1.0,1.0,24.994,-11.648
Car B,537,35.8,2,50.407,2,16.423,20.057,-0.057,5.9115,0.0364,-0.377,1.0,-0.4184,-10.75,11.648
Car A,538,35.8667,2,39.129,1,25.483,15.627,0.271,5.5525,-0.0624,3.978,1.0,1.0,25.0,-11.671
Car B,538,35.8667,2,50.8,2,16.03,20.02,-0.02,5.907,-0.0665,-1.341,1.0,-0.3847,-10.459,11.671
Car A,539,35.9333,2,39.546,1,25.342,15.971,0.292,5.5494,-0.046,4.1592,1.0,1.0,24.999,-11.647
Car B,539,35.9333,2,51.193,2,15.637,19.998,0.002,5.9017,-0.0803,-2.0843,1.0,-0.2743,-9.618,11.647
Car A,540,36.0,2,39.917,1,25.182,16.307,0.311,5.5473,-0.0318,4.3024,1.0,1.0,24.999,-11.671
Car B,540,36.0,2,51.588,2,15.242,19.991,0.009,5.9338,0.4826,-2.4395,1.0,-0.2019,-6.861,11.671
Car A,541,36.0667,2,40.341,1,25.005,16.634,0.338,5.546,-0.0187,4.4194,1.0,1.0,24.999,-11.645
Car B,541,36.0667,2,51.986,2,14.844,19.99,0.01,6.0003,0.9962,-1.8732,1.0,-0.119,-5.049,11.645
Car A,542,36.1333,2,40.714,1,24.81,16.951,0.339,5.5454,-0.0087,4.5077,1.0,1.0,24.999,-11.673
Car B,542,36.1333,2,52.386,2,14.444,19.992,0.008,5.991,-0.1392,-1.1799,1.0,-0.0603,-2.976,11.673
Car A,543,36.2,2,41.085,1,24.597,17.256,0.361,5.5454,0.0001,4.5811,1.0,1.0,24.999,-11.701
Car B,543,36.2,2,52.786,2,14.044,19.992,0.008,5.9944,0.0513,-0.5675,1.0,-0.0609,-1.51,11.701
Car A,544,36.2667,2,41.515,1,24.367,17.549,0.356,5.5458,0.006,4.6415,1.0,1.0,24.999,-11.669
Car B,544,36.2667,2,53.184,2,13.646,19.993,0.007,5.9775,-0.2536,-0.5802,1.0,0.0031,-1.519,11.669
Car A,545,36.3333,2,41.887,1,24.12,17.829,0.362,5.5467,0.0123,4.687,1.0,1.0,24.999,-11.696
Car B,545,36.3333,2,53.583,2,13.247,19.992,0.008,5.9939,0.2461,0.0718,1.0,-0.0618,0.066,11.696
Car A,546,36.4,2,42.318,1,23.859,18.094,0.363,5.5478,0.0167,4.7235,1.0,1.0,24.999,-11.664
Car B,546,36.4,2,53.982,2,12.848,19.993,0.007,5.9712,-0.34,-0.6169,1.0,0.0471,-1.536,11.664
Car A,547,36.4667,2,42.69,1,23.582,18.343,0.353,5.5491,0.0202,4.7543,1.0,1.0,24.999,-11.69
Car B,547,36.4667,2,54.381,2,12.45,19.994,0.006,5.9762,0.074,0.396,1.0,-0.0566,1.173,11.69
Car A,548,36.5333,2,43.12,1,23.291,18.576,0.36,5.5507,0.0233,4.7796,1.0,1.0,24.999,-11.659
Car B,548,36.5333,2,54.779,2,12.051,19.993,0.007,5.9784,0.0333,-0.4852,1.0,0.0458,-1.411,11.659
Car A,549,36.6,2,43.492,1,22.987,18.792,0.334,5.5523,0.0247,4.7964,1.0,1.0,24.999,-11.686
Car B,549,36.6,2,55.178,2,11.653,19.994,0.006,5.9822,0.0569,0.4033,1.0,-0.046,1.14,11.686
Car A,550,36.6667,2,43.865,1,22.671,18.991,0.33,5.5542,0.0281,4.814,1.0,1.0,24.999,-11.712
Car B,550,36.6667,2,55.576,2,11.254,19.993,0.007,5.9829,0.0112,-0.436,1.0,0.0465,-1.145,11.712
Car A,551,36.7333,2,44.289,1,22.344,19.17,0.307,5.556,0.0272,4.8261,1.0,1.0,24.999,-11.686
Car B,551,36.7333,2,55.975,2,10.855,19.993,0.007,5.9823,-0.0094,0.4405,1.0,-0.0536,1.157,11.686
Car A,552,36.8,2,44.662,2,22.007,19.331,0.288,5.5579,0.0286,4.835,1.0,1.0,24.999,-11.712
Car B,552,36.8,2,56.374,2,10.456,19.993,0.007,5.9844,0.0309,-0.4792,1.0,0.0493,-1.336,11.712
Car A,553,36.8667,2,45.08,2,21.662,19.472,0.273,5.5599,0.0296,4.8423,1.0,1.0,24.999,-11.694
Car B,553,36.8667,2,56.773,2,10.057,19.994,0.006,5.9846,0.0035,0.4392,1.0,-0.0467,1.228,11.694
Car A,554,36.9333,2,45.452,2,21.308,19.592,0.238,5.5618,0.029,4.8485,1.0,1.0,24.999,-11.721
Car B,554,36.9333,2,57.172,2,9.658,19.993,0.007,5.986,0.0207,-0.4223,1.0,0.046,-1.164,11.721
Car A,555,37.0,2,45.825,2,20.948,19.692,0.225,5.5638,0.0289,4.8544,1.0,1.0,24.999,-11.747
Car B,555,37.0,2,57.571,2,9.259,19.994,0.006,5.9874,0.0215,0.432,1.0,-0.0523,1.146,11.747
Car A,556,37.0667,2,46.231,2,20.583,19.771,0.183,5.5658,0.0305,4.8574,1.0,1.0,24.999,-11.739
Car B,556,37.0667,2,57.971,2,8.859,19.993,0.007,5.9881,0.01,-0.4598,1.0,0.0489,-1.302,11.739
Car A,557,37.1333,2,46.604,2,20.213,19.828,0.154,5.5677,0.0289,4.8611,1.0,1.0,24.999,-11.766
Car B,557,37.1333,2,58.37,2,8.46,19.994,0.006,5.9891,0.0148,0.4262,1.0,-0.047,1.219,11.766
Car A,558,37.2,2,46.989,2,19.841,19.864,0.136,5.5696,0.0285,4.8637,1.0,1.0,24.999,-11.78
Car B,558,37.2,2,58.769,2,8.061,19.994,0.006,5.9888,-0.0048,-0.4281,1.0,0.0476,-1.171,11.78
Car A,559,37.2667,2,47.363,2,19.467,19.879,0.121,5.5716,0.0297,4.8651,1.0,0.5633,24.999,-11.805
Car B,559,37.2667,2,59.168,2,7.662,19.994,0.006,5.9902,0.0222,0.4487,1.0,-0.0568,1.186,11.805
Car A,560,37.3333,2,47.739,2,19.091,19.877,0.123,5.6296,0.8697,4.1694,1.0,-0.11,14.097,-11.829
Car B,560,37.3333,2,59.568,2,7.262,19.994,0.006,5.9908,0.0081,-0.4867,1.0,0.0484,-1.415,11.829
Car A,561,37.4,2,48.117,2,18.713,19.866,0.134,5.6669,0.5601,2.5749,1.0,-0.2724,-2.724,-11.85
Car B,561,37.4,2,59.967,2,6.863,19.995,0.005,5.9907,-0.0015,0.4264,1.0,-0.0655,1.205,11.85
Car A,562,37.4667,2,48.496,2,18.334,19.864,0.136,5.6894,0.3375,0.8331,1.0,-0.2684,-6.804,-11.87
Car B,562,37.4667,2,60.367,2,6.464,19.996,0.004,5.9903,-0.0061,-0.4882,1.0,0.053,-1.633,11.87
Car A,563,37.5333,2,48.876,2,17.954,19.873,0.127,5.6967,0.1095,-0.3926,1.0,-0.1932,-6.711,-11.89
Car B,563,37.5333,2,60.766,2,6.064,19.998,0.002,5.9897,-0.0087,0.3789,1.0,-0.0399,1.32,11.89
Car A,564,37.6,2,49.255,2,17.575,19.895,0.105,5.7076,0.1629,-1.2953,1.0,0.0102,-4.832,-11.91
Car B,564,37.6,2,61.165,2,5.665,19.998,0.002,5.9878,-0.0282,-0.3747,1.0,0.0513,-0.994,11.91
Car A,565,37.6667,2,49.636,2,17.194,19.921,0.079,5.7296,0.3305,-0.3212,1.0,0.0252,0.247,-11.928
Car B,565,37.6667,2,61.564,2,5.266,19.998,0.002,5.99,0.0335,0.4683,1.0,-0.0691,1.278,11.928
Car A,566,37.7333,2,50.021,2,16.809,19.938,0.062,5.833,1.5505,0.2311,1.0,0.0169,0.63,-11.943
Car B,566,37.7333,2,61.964,2,4.866,19.998,0.002,5.9897,-0.0054,-0.4554,1.0,0.0576,-1.723,11.943
Car A,567,37.8,2,50.415,2,16.415,19.954,0.046,5.9716,2.0789,0.1626,1.0,0.0399,0.423,-11.948
Car B,567,37.8,2,62.363,2,4.467,20.001,-0.001,5.9885,-0.0179,0.3677,1.0,-0.0299,1.435,11.948
Car A,568,37.8667,2,50.813,2,16.017,19.968,0.032,5.9944,0.342,0.3848,1.0,0.0326,0.995,-11.949
Car B,568,37.8667,2,62.762,2,4.068,20.001,-0.001,5.9903,0.0266,-0.2941,1.0,0.0569,-0.744,11.949
Car A,569,37.9333,2,51.214,2,15.616,19.981,0.019,6.0203,0.3888,0.1811,1.0,0.0483,0.798,-11.948
Car B,569,37.9333,2,63.162,2,3.669,20.0,-0.0,5.9906,0.0043,0.5324,1.0,-0.0901,1.419,11.948
Car A,570,38.0,2,51.615,2,15.215,19.992,0.008,5.9937,-0.3984,0.4711,1.0,0.0306,1.202,-11.946
Car B,570,38.0,2,63.561,2,3.269,19.999,0.001,5.9917,0.017,-0.4185,1.0,0.0553,-2.247,11.946
Car A,571,38.0667,2,52.014,2,14.816,20.001,-0.001,5.9802,-0.2024,0.1904,1.0,0.0431,0.753,-11.946
Car B,571,38.0667,2,63.96,2,2.87,20.001,-0.001,5.9899,-0.0272,0.3375,1.0,-0.0324,1.376,11.946
Car A,572,38.1333,2,52.413,2,14.418,20.009,-0.009,5.9933,0.1958,0.4937,1.0,0.0256,1.074,-11.947
Car B,572,38.1333,2,64.36,2,2.471,20.001,-0.001,5.99,0.0021,-0.3204,1.0,0.056,-0.804,11.947
Car A,573,38.2,2,52.812,2,14.018,20.016,-0.016,5.9784,-0.2235,0.2355,1.0,0.0346,0.637,-11.947
Car B,573,38.2,2,64.759,2,2.071,20.0,-0.0,5.9907,0.0102,0.5209,1.0,-0.0955,1.395,11.947
Car A,574,38.2667,2,53.21,2,13.62,20.023,-0.023,5.9829,0.0674,0.1637,1.0,0.0375,0.844,-11.948
Car B,574,38.2667,2,65.158,2,1.672,19.999,0.001,5.9906,-0.0017,-0.428,1.0,0.0526,-2.381,11.948
Car A,575,38.3333,2,53.609,2,13.221,20.028,-0.028,5.9979,0.2253,0.3716,1.0,0.023,0.933,-11.949
Car B,575,38.3333,2,65.558,2,1.272,20.001,-0.001,5.99,-0.0092,0.3436,1.0,-0.0398,1.308,11.949
Car A,576,38.4,2,54.01,2,12.82,20.031,-0.031,6.0219,0.3606,0.1947,1.0,0.027,0.567,-11.947
Car B,576,38.4,2,65.957,2,0.873,20.001,-0.001,5.9882,-0.0271,-0.3768,1.0,0.0604,-0.991,11.947
Car A,577,38.4667,2,54.411,2,12.42,20.034,-0.034,6.0142,-0.1167,0.2619,1.0,0.0193,0.666,-11.946
Car B,577,38.4667,2,66.356,2,0.474,20.001,-0.001,5.9891,0.0137,0.5095,1.0,-0.087,1.506,11.946
Car A,578,38.5333,2,54.812,2,12.019,20.037,-0.037,6.0168,0.0402,0.1156,1.0,0.0242,0.477,-11.944
Car B,578,38.5333,2,66.755,2,0.075,19.999,0.001,5.988,-0.0168,-0.3985,1.0,0.0521,-2.168,11.944
Car A,579,38.6,2,55.212,2,11.618,20.039,-0.039,6.0161,-0.0102,0.1647,1.0,0.0177,0.586,-11.942
Car B,579,38.6,2,67.155,2,-0.324,20.001,-0.001,5.9875,-0.0062,0.3572,1.0,-0.0452,1.297,11.942
Car A,580,38.6667,2,55.613,2,11.217,20.041,-0.041,5.9922,-0.3591,0.1314,1.0,0.0157,0.436,-11.941
Car B,580,38.6667,2,67.554,2,-0.724,20.001,-0.001,5.9871,-0.0071,-0.4137,1.0,0.0613,-1.125,11.941
Car A,581,38.7333,2,56.012,2,10.818,20.042,-0.042,5.9909,-0.0203,0.0973,1.0,0.0146,0.385,-11.941
Car B,581,38.7333,2,67.953,2,-1.123,20.001,-0.001,5.987,-0.0014,0.475,1.0,-0.0766,1.527,11.941
Car A,582,38.8,2,56.412,2,10.418,20.043,-0.043,5.9932,0.0345,0.0664,1.0,0.014,0.356,-11.94
Car B,582,38.8,2,68.352,2,-1.522,20.0,0.0,5.987,0.0,-0.3923,1.0,0.0524,-1.91,11.94
Car A,583,38.8667,2,56.811,2,10.019,20.044,-0.044,5.9941,0.0137,0.0768,1.0,0.0118,0.341,-11.94
Car B,583,38.8667,2,68.751,2,-1.921,20.001,-0.001,5.9858,-0.0179,0.3619,1.0,-0.0463,1.305,11.94
Car A,584,38.9333,2,57.211,2,9.619,20.044,-0.044,5.9928,-0.0189,0.085,1.0,0.0085,0.289,-11.939
Car B,584,38.9333,2,69.15,2,-2.32,20.001,-0.001,5.9855,-0.0039,-0.4177,1.0,0.0618,-1.152,11.939
Car A,585,39.0,2,57.61,2,9.22,20.044,-0.044,6.0024,0.1439,0.0494,1.0,0.007,0.209,-11.939
Car B,585,39.0,2,69.549,2,-2.719,20.001,-0.001,5.9864,0.0135,0.4703,1.0,-0.0736,1.54,11.939
Car A,586,39.0667,2,58.011,2,8.819,20.044,-0.044,6.0061,0.056,0.0401,1.0,0.0054,0.172,-11.937
Car B,586,39.0667,2,69.948,2,-3.118,20.0,0.0,5.9852,-0.0179,-0.3979,1.0,0.0541,-1.836,11.937
Car A,587,39.1333,2,58.411,2,8.419,20.043,-0.043,6.0053,-0.012,0.0331,1.0,0.0035,0.133,-11.936
Car B,587,39.1333,2,70.347,2,-3.517,20.001,-0.001,5.9845,-0.0107,0.3745,1.0,-0.0486,1.347,11.936
Car A,588,39.2,2,58.812,2,8.018,20.043,-0.043,6.0012,-0.0616,0.0029,1.0,0.0026,0.087,-11.934
Car B,588,39.2,2,70.746,2,-3.916,20.001,-0.001,5.9842,-0.0045,-0.4278,1.0,0.0621,-1.209,11.934
Car A,589,39.2667,2,59.212,2,7.618,20.042,-0.042,6.0011,-0.0017,0.0117,1.0,0.0007,0.064,-11.933
Car B,589,39.2667,2,71.145,2,-4.315,20.001,-0.001,5.9848,0.009,0.4654,1.0,-0.0722,1.548,11.933
Car A,590,39.3333,2,59.612,2,7.218,20.041,-0.041,6.0036,0.0375,0.009,1.0,-0.0012,0.018,-11.932
Car B,590,39.3333,2,71.544,2,-4.714,20.0,0.0,5.9841,-0.0099,-0.3865,1.0,0.0532,-1.8,11.932
Car A,591,39.4,2,60.012,2,6.818,20.04,-0.04,6.0,-0.0547,0.0098,1.0,-0.0026,-0.027,-11.931
Car B,591,39.4,2,71.943,2,-5.113,20.001,-0.001,5.9835,-0.0101,0.3729,1.0,-0.0485,1.326,11.931
Car A,592,39.4667,2,60.412,2,6.418,20.04,-0.04,6.0,0.0003,0.0217,1.0,-0.0046,-0.061,-11.93
Car B,592,39.4667,2,72.342,2,-5.512,20.001,-0.001,5.9837,0.0036,-0.4264,1.0,0.0623,-1.207,11.93
Car A,593,39.5333,2,60.812,2,6.018,20.039,-0.039,6.0003,0.0048,-0.0145,1.0,-0.0047,-0.111,-11.929
Car B,593,39.5333,2,72.741,2,-5.911,20.001,-0.001,5.9838,0.0019,0.473,1.0,-0.073,1.552,11.929
Car A,594,39.6,2,61.212,2,5.618,20.038,-0.038,6.0029,0.0382,-0.0261,1.0,-0.0042,-0.114,-11.927
Car B,594,39.6,2,73.14,2,-6.309,20.0,-0.0,5.9831,-0.0106,-0.3905,1.0,0.0539,-1.82,11.927
Car A,595,39.6667,2,61.612,2,5.218,20.037,-0.037,6.0025,-0.0052,-0.0253,1.0,-0.0038,-0.103,-11.926
Car B,595,39.6667,2,73.538,2,-6.708,20.001,-0.001,5.9835,0.0057,0.3957,1.0,-0.0546,1.341,11.926
Car A,596,39.7333,2,62.012,2,4.818,20.037,-0.037,5.9999,-0.0391,0.007,1.0,-0.0047,-0.093,-11.925
Car B,596,39.7333,2,73.937,2,-7.107,20.001,-0.001,5.9832,-0.0053,-0.4288,1.0,0.0617,-1.362,11.925
Car A,597,39.8,2,62.413,2,4.418,20.037,-0.037,5.9998,-0.0013,0.0,1.0,-0.0045,-0.113,-11.924
Car B,597,39.8,2,74.336,2,-7.506,20.002,-0.002,5.9836,0.0071,0.4375,1.0,-0.0601,1.538,11.924
Car A,598,39.8667,2,62.813,2,4.018,20.037,-0.037,5.9991,-0.01,-0.0812,1.0,-0.0006,-0.112,-11.922
Car B,598,39.8667,2,74.735,2,-7.905,20.001,-0.001,5.9828,-0.013,-0.398,1.0,0.0573,-1.498,11.922
Car A,599,39.9333,2,63.212,2,3.618,20.037,-0.037,6.0001,0.0149,-0.0002,1.0,-0.0,-0.015,-11.921
Car B,599,39.9333,2,75.134,2,-8.304,20.002,-0.002,5.982,-0.0121,0.4036,1.0,-0.0555,1.427,11.921
Car A,600,40.0,2,63.613,2,3.218,20.038,-0.038,6.001,0.0132,-0.0126,1.0,0.0011,-0.001,-11.92
Car B,600,40.0,2,75.532,2,-8.702,20.001,-0.001,5.9823,0.0057,-0.4322,1.0,0.0608,-1.383,11.92
Car A,601,40.0667,2,64.013,2,2.818,20.038,-0.038,6.0,-0.0156,-0.0171,1.0,0.002,0.025,-11.919
Car B,601,40.0667,2,75.931,2,-9.101,20.001,-0.001,5.9823,-0.0001,0.4542,1.0,-0.0705,1.514,11.919
Car A,602,40.1333,2,64.413,2,2.417,20.038,-0.038,6.0008,0.0117,-0.0035,1.0,0.002,0.049,-11.917
Car B,602,40.1333,2,76.33,2,-9.5,20.0,-0.0,5.9818,-0.0074,-0.4105,1.0,0.0555,-1.758,11.917
Car A,603,40.2,2,64.813,2,2.017,20.038,-0.038,6.0015,0.0105,0.0371,1.0,0.0002,0.049,-11.916
Car B,603,40.2,2,76.729,2,-9.899,20.002,-0.002,5.9809,-0.0145,0.3704,1.0,-0.0483,1.383,11.916
Car A,604,40.2667,2,65.213,2,1.617,20.038,-0.038,6.0027,0.0188,-0.0139,1.0,0.0012,0.006,-11.914
Car B,604,40.2667,2,77.127,2,-10.297,20.001,-0.001,5.9815,0.0096,-0.4161,1.0,0.0607,-1.202,11.914
Car A,605,40.3333,2,65.613,2,1.217,20.038,-0.038,6.0019,-0.0122,-0.0261,1.0,0.0023,0.028,-11.913
Car B,605,40.3333,2,77.526,2,-10.696,20.001,-0.001,5.982,0.0078,0.458,1.0,-0.0736,1.513,11.913
Car A,606,40.4,2,66.013,2,0.817,20.039,-0.039,6.0017,-0.0032,-0.0002,1.0,0.0016,0.054,-11.912
Car B,606,40.4,2,77.925,2,-11.095,20.0,0.0,5.9817,-0.0048,-0.4045,1.0,0.0539,-1.834,11.912
Car A,607,40.4667,2,66.413,2,0.417,20.039,-0.039,6.0,-0.0254,0.0074,1.0,0.0006,0.04,-11.91
Car B,607,40.4667,2,78.324,2,-11.494,20.001,-0.001,5.9816,-0.0022,0.3706,1.0,-0.0491,1.342,11.91
Car A,608,40.5333,2,66.813,2,0.017,20.038,-0.038,5.9995,-0.0079,-0.0095,1.0,0.0004,0.016,-11.909
Car B,608,40.5333,2,78.723,2,-11.892,20.001,-0.001,5.9838,0.0341,-0.43,1.0,0.0629,-1.223,11.909
Car A,609,40.6,2,67.213,2,-0.383,20.038,-0.038,6.0005,0.0151,0.0088,1.0,-0.0007,0.01,-11.908
Car B,609,40.6,2,79.122,2,-12.291,20.001,-0.001,5.984,0.0024,0.4844,1.0,-0.076,1.568,11.908
Car A,610,40.6667,2,67.614,2,-0.783,20.038,-0.038,6.0007,0.0037,-0.0177,1.0,0.0003,-0.017,-11.907
Car B,610,40.6667,2,79.52,2,-12.69,20.0,0.0,5.9839,-0.0015,-0.3945,1.0,0.0533,-1.894,11.907
Car A,611,40.7333,2,68.014,2,-1.184,20.038,-0.038,6.0016,0.0135,0.0174,1.0,-0.0005,0.006,-11.906
Car B,611,40.7333,2,79.919,2,-13.089,20.001,-0.001,5.9831,-0.0123,0.3698,1.0,-0.0479,1.327,11.906
Car A,612,40.8,2,68.414,2,-1.584,20.038,-0.038,6.0004,-0.0188,0.0181,1.0,-0.001,-0.011,-11.904
Car B,612,40.8,2,80.318,2,-13.488,20.001,-0.001,5.9835,0.0062,-0.422,1.0,0.0618,-1.193,11.904
Car A,613,40.8667,2,68.814,2,-1.984,20.038,-0.038,6.0004,0.0001,-0.0058,1.0,-0.0004,-0.024,-11.903
Car B,613,40.8667,2,80.717,2,-13.887,20.001,-0.001,5.9844,0.0128,0.4664,1.0,-0.0722,1.541,11.903
Car A,614,40.9333,2,69.214,2,-2.384,20.038,-0.038,6.0,-0.0048,0.0034,1.0,-0.0002,-0.009,-11.902
Car B,614,40.9333,2,81.116,2,-14.286,20.0,0.0,5.983,-0.0195,-0.3928,1.0,0.0537,-1.799,11.902
Car A,615,41.0,2,69.614,2,-2.784,20.038,-0.038,6.0005,0.0067,-0.0108,1.0,0.0006,-0.005,-11.901
Car B,615,41.0,2,81.515,2,-14.685,20.001,-0.001,5.9829,-0.0018,0.3692,1.0,-0.0479,1.337,11.901
Car A,616,41.0667,2,70.014,2,-3.184,20.038,-0.038,6.0014,0.014,-0.005,1.0,0.0009,0.015,-11.899
Car B,616,41.0667,2,81.914,2,-15.083,20.001,-0.001,5.983,0.0014,-0.421,1.0,0.0241,-1.192,11.899
Car A,617,41.1333,2,70.414,2,-3.584,20.039,-0.039,6.0006,-0.0128,0.0036,1.0,0.0008,0.023,-11.898
Car B,617,41.1333,2,82.313,2,-15.482,20.002,-0.002,5.9902,0.107,0.2444,1.0,-0.0933,0.597,11.898
Car A,618,41.2,2,70.814,2,-3.984,20.039,-0.039,6.0002,-0.0058,0.0031,1.0,0.0007,0.02,-11.898
Car B,618,41.2,2,82.712,2,-15.882,20.004,-0.004,5.9873,-0.0435,-0.6933,1.0,0.0716,-2.327,11.898
Car A,619,41.2667,2,71.214,2,-4.384,20.039,-0.039,6.0005,0.0041,0.0009,1.0,0.0008,0.017,-11.897
Car B,619,41.2667,2,83.111,2,-16.281,20.01,-0.01,5.9871,-0.003,0.2051,1.0,-0.1514,1.783,11.897
Car A,620,41.3333,2,71.614,2,-4.784,20.039,-0.039,6.0005,0.0006,0.008,1.0,0.0005,0.02,-11.896
Car B,620,41.3333,2,83.51,2,-16.68,20.012,-0.012,5.9843,-0.0416,-0.4829,1.0,-0.0054,-3.776,11.896
Car A,621,41.4,2,72.014,2,-5.184,20.038,-0.038,6.0002,-0.0038,0.0076,1.0,0.0004,0.013,-11.895
Car B,621,41.4,2,83.909,2,-17.079,20.019,-0.019,5.9938,0.1429,-0.041,1.0,-0.2008,-0.146,11.895
Car A,622,41.4667,2,72.415,2,-5.584,20.038,-0.038,6.0005,0.0044,0.0118,1.0,0.0004,0.011,-11.894
Car B,622,41.4667,2,84.308,2,-17.478,20.029,-0.029,5.9904,-0.0505,-0.9365,1.0,-0.0239,-5.011,11.894
Car A,623,41.5333,2,72.815,2,-5.985,20.038,-0.038,6.0005,-0.0004,0.0008,1.0,0.0013,0.011,-11.893
Car B,623,41.5333,2,84.708,2,-17.878,20.043,-0.043,6.0039,0.2015,-0.2261,1.0,0.1603,-0.603,11.893
Car A,624,41.6,2,73.215,2,-6.385,20.038,-0.038,6.0,-0.0075,0.0004,1.0,0.002,0.032,-11.893
Car B,624,41.6,2,85.108,2,-18.278,20.05,-0.05,6.0024,-0.0221,0.6842,1.0,0.2138,4.001,11.893
Car A,625,41.6667,2,73.615,2,-6.785,20.038,-0.038,6.0009,0.0131,0.0053,1.0,0.0017,0.048,-11.893
Car B,625,41.6667,2,85.508,2,-18.678,20.044,-0.044,5.9965,-0.0889,1.5763,1.0,0.2028,5.341,11.893
Car A,626,41.7333,2,74.015,2,-7.185,20.038,-0.038,5.9998,-0.0156,0.007,1.0,0.0005,0.041,-11.893
Car B,626,41.7333,2,85.908,2,-19.078,20.025,-0.025,6.0011,0.0688,1.9637,1.0,1.0,5.068,11.893
Car A,627,41.8,2,74.415,2,-7.585,20.038,-0.038,5.9994,-0.0066,-0.0058,1.0,-0.0011,0.014,-11.892
Car B,627,41.8,2,86.307,2,-19.477,19.994,0.006,5.9977,-0.0503,2.1903,1.0,1.0,24.97,11.892
Car A,628,41.8667,2,74.815,2,-7.985,20.038,-0.038,5.9993,-0.0014,0.0224,1.0,-0.0054,-0.026,-11.889
Car B,628,41.8667,2,86.704,2,-19.873,19.947,0.053,5.9758,-0.328,3.0166,1.0,1.0,25.0,11.889
Car A,629,41.9333,2,75.215,2,-8.385,20.037,-0.037,5.9964,-0.0434,0.0656,1.0,-0.0092,-0.124,-11.891
Car B,629,41.9333,2,87.106,2,-20.267,19.882,0.097,5.9636,-0.1836,3.4265,1.0,1.0,25.0,11.891
Car A,630,42.0,2,75.615,2,-8.785,20.037,-0.037,5.999,0.0393,-0.0337,1.0,-0.0056,-0.224,-11.886
Car B,630,42.0,2,87.5,2,-20.657,19.799,0.149,5.9528,-0.162,3.746,1.0,1.0,25.0,11.886
Car A,631,42.0667,2,76.015,2,-9.184,20.038,-0.038,5.9996,0.0082,-0.0588,1.0,-0.0024,-0.136,-11.91
Car B,631,42.0667,2,87.925,2,-21.041,19.697,0.199,5.9432,-0.144,3.987,1.0,1.0,25.0,11.91
Car A,632,42.1333,2,76.415,2,-9.585,20.04,-0.04,6.006,0.0961,-0.0406,1.0,-0.0009,-0.061,-11.907
Car B,632,42.1333,2,88.321,2,-21.42,19.576,0.228,5.9349,-0.125,4.1778,1.0,1.0,25.0,11.907
Car A,633,42.2,2,76.815,2,-9.985,20.041,-0.041,5.9989,-0.1064,-0.0064,1.0,-0.0022,-0.023,-11.944
Car B,633,42.2,2,88.759,2,-21.792,19.436,0.274,5.9274,-0.1124,4.3245,1.0,1.0,24.999,11.944
Car A,634,42.2667,2,77.215,2,-10.385,20.041,-0.041,6.0017,0.0418,-0.0378,1.0,-0.001,-0.054,-11.941
Car B,634,42.2667,2,89.156,3,-22.155,19.277,0.281,5.9208,-0.0983,4.4366,1.0,1.0,24.999,11.941
Car A,635,42.3333,2,77.615,2,-10.785,20.042,-0.042,6.0023,0.0092,-0.0184,1.0,-0.0024,-0.025,-11.936
Car B,635,42.3333,2,89.551,3,-22.51,19.1,0.309,5.9149,-0.0891,4.5244,1.0,1.0,24.999,11.936
Car A,636,42.4,2,78.015,2,-11.185,20.042,-0.042,6.0002,-0.0312,0.005,1.0,-0.0031,-0.056,-11.982
Car B,636,42.4,2,89.997,3,-22.854,18.904,0.309,5.9095,-0.0815,4.5936,1.0,1.0,24.999,11.982
Car A,637,42.4667,2,78.415,2,-11.585,20.043,-0.043,6.0012,0.0154,-0.0127,1.0,-0.0022,-0.075,-11.977
Car B,637,42.4667,2,90.393,3,-23.188,18.69,0.317,5.9045,-0.0747,4.648,1.0,1.0,24.999,11.977
Car A,638,42.5333,2,78.816,2,-11.985,20.044,-0.044,6.0005,-0.011,-0.0077,1.0,-0.0005,-0.054,-12.023
Car B,638,42.5333,2,90.839,3,-23.509,18.459,0.312,5.9,-0.0673,4.6925,1.0,1.0,24.999,12.023
Car A,639,42.6,2,79.216,2,-12.385,20.045,-0.045,6.0022,0.0257,-0.0121,1.0,0.0007,-0.013,-12.019
Car B,639,42.6,2,91.234,3,-23.817,18.212,0.3,5.8957,-0.0641,4.7262,1.0,1.0,24.999,12.019
Car A,640,42.6667,2,79.616,2,-12.786,20.046,-0.046,6.002,-0.0033,-0.0068,1.0,0.0024,0.015,-12.061
Car B,640,42.6667,2,91.677,3,-24.111,17.948,0.292,5.8917,-0.0597,4.7545,1.0,1.0,24.999,12.061
Car A,641,42.7333,2,80.016,2,-13.186,20.047,-0.047,6.0028,0.0126,0.0002,1.0,0.005,0.057,-12.054
Car B,641,42.7333,2,92.07,3,-24.39,17.668,0.261,5.888,-0.0559,4.7761,1.0,1.0,24.999,12.054
Car A,642,42.8,2,80.416,2,-13.586,20.048,-0.048,6.0027,-0.0018,-0.0078,1.0,0.0076,0.119,-12.088
Car B,642,42.8,2,92.504,3,-24.654,17.374,0.251,5.8845,-0.0533,4.7918,1.0,1.0,24.999,12.088
Car A,643,42.8667,2,80.817,2,-13.986,20.049,-0.049,6.0018,-0.0134,0.02,1.0,0.0098,0.183,-12.079
Car B,643,42.8667,2,92.896,3,-24.9,17.066,0.201,5.881,-0.0516,4.8052,1.0,1.0,24.999,12.079
Car A,644,42.9333,2,81.217,2,-14.387,20.05,-0.05,6.0003,-0.0235,0.0336,1.0,0.0109,0.237,-12.072
Car B,644,42.9333,2,93.289,3,-25.13,16.746,0.173,5.8778,-0.0489,4.8153,1.0,1.0,24.999,12.072
Car A,645,43.0,2,81.617,2,-14.787,20.051,-0.051,5.9984,-0.0282,0.0403,1.0,0.0123,0.266,-12.089
Car B,645,43.0,2,93.706,3,-25.341,16.413,0.124,5.8746,-0.048,4.8245,1.0,1.0,24.999,12.089
Car A,646,43.0667,2,82.017,2,-15.187,20.052,-0.052,5.9979,-0.0078,0.058,1.0,0.0142,0.3,-12.08
Car B,646,43.0667,2,94.097,3,-25.534,16.07,0.077,5.8714,-0.0466,4.831,1.0,1.0,24.999,12.08
Car A,647,43.1333,2,82.417,2,-15.586,20.052,-0.052,5.998,0.0028,0.063,1.0,0.0147,0.344,-12.08
Car B,647,43.1333,2,94.496,3,-25.707,15.716,0.032,5.8685,-0.0445,4.8366,1.0,1.0,24.999,12.08
Car A,648,43.2,2,82.816,2,-15.986,20.052,-0.052,5.9958,-0.0331,0.0707,1.0,0.0422,0.357,-12.068
Car B,648,43.2,2,94.885,3,-25.861,15.354,-0.033,5.8656,-0.0437,4.8403,1.0,1.0,24.999,12.068
Car A,649,43.2667,2,83.216,2,-16.386,20.049,-0.049,5.9768,-0.286,0.2363,1.0,0.0096,1.031,-12.06
Car B,649,43.2667,2,95.275,3,-25.994,14.984,-0.076,5.8627,-0.0429,4.8438,1.0,1.0,24.999,12.06
Car A,650,43.3333,2,83.615,2,-16.785,20.047,-0.047,5.985,0.1227,0.1951,1.0,0.0041,0.244,-12.033
Car B,650,43.3333,2,95.648,3,-26.107,14.607,-0.154,5.8599,-0.0422,4.8459,1.0,1.0,24.999,12.033
Car A,651,43.4,2,84.014,2,-17.184,20.044,-0.044,5.9932,0.1236,0.0711,0.8578,-0.0531,0.104,-12.022
Car B,651,43.4,2,96.036,3,-26.198,14.225,-0.215,5.8571,-0.0412,4.8475,1.0,1.0,24.999,12.022
Car A,652,43.4667,2,84.407,2,-17.577,20.044,-0.044,5.8443,-2.2338,-0.3994,0.8282,0.0363,-1.325,-11.999
Car B,652,43.4667,2,96.406,3,-26.269,13.839,-0.269,5.8544,-0.0408,4.8492,1.0,1.0,24.999,11.999
Car A,653,43.5333,2,84.791,2,-17.961,20.044,-0.044,5.711,-1.9992,0.2103,1.0,0.8775,0.904,-12.004
Car B,653,43.5333,2,96.796,3,-26.317,13.449,-0.317,5.8518,-0.0394,4.8503,1.0,1.0,24.999,12.004
Car A,654,43.6,2,85.172,2,-18.342,20.036,-0.036,5.7119,0.0143,0.8035,1.0,0.4614,21.906,-12.015
Car B,654,43.6,2,97.187,3,-26.345,13.058,-0.345,5.8492,-0.0389,4.8512,1.0,1.0,24.999,12.015
Car A,655,43.6667,2,85.552,2,-18.722,20.014,-0.014,5.703,-0.134,1.8523,0.6302,-0.5337,11.55,-12.028
Car B,655,43.6667,2,97.58,3,-26.35,12.666,-0.35,5.8467,-0.0382,4.8518,1.0,1.0,24.999,12.028
Car A,656,43.7333,2,85.929,2,-19.099,19.986,0.014,5.6587,-0.6651,0.7319,1.0,0.8558,-13.305,-12.042
Car B,656,43.7333,2,97.971,3,-26.334,12.274,-0.334,5.8442,-0.0374,4.8527,1.0,0.8517,24.999,12.042
Car A,657,43.8,2,86.305,2,-19.474,19.958,0.042,5.6518,-0.1027,1.1775,0.8107,-0.007,21.343,-12.057
Car B,657,43.8,2,98.361,3,-26.296,11.884,-0.296,5.8441,-0.0004,4.8293,1.0,0.6657,21.297,12.057
Car A,658,43.8667,2,86.68,2,-19.85,19.929,0.071,5.61,-0.6273,-0.1355,1.0,0.9944,-0.14,-12.069
Car B,658,43.8667,2,98.749,3,-26.237,11.496,-0.237,5.8486,0.0661,4.793,1.0,-0.9743,16.648,12.069
Car A,659,43.9333,2,87.06,2,-20.223,19.901,0.082,5.6089,-0.0161,0.6386,1.0,1.0,24.823,-12.075
Car B,659,43.9333,2,99.135,3,-26.169,11.11,-0.169,5.8665,0.269,2.9267,1.0,-0.5009,-24.296,12.075
Car A,660,44.0,2,87.434,2,-20.594,19.86,0.093,5.5992,-0.1465,1.6981,1.0,1.0,24.999,-12.088
Car B,660,44.0,2,99.522,3,-26.102,10.723,-0.102,5.8881,0.3248,1.1222,1.0,-0.4418,-12.539,12.088
Car A,661,44.0667,2,87.825,2,-20.964,19.804,0.113,5.5905,-0.13,2.3571,1.0,1.0,25.0,-12.086
Car B,661,44.0667,2,99.911,3,-26.048,10.334,-0.048,5.891,0.0424,-0.2175,1.0,-0.4396,-11.047,12.086
Car A,662,44.1333,2,88.197,2,-21.33,19.731,0.099,5.5823,-0.1235,2.8855,1.0,1.0,25.0,-12.104
Car B,662,44.1333,2,100.301,3,-26.006,9.944,-0.006,5.8883,-0.0404,-1.2285,1.0,-0.4399,-10.99,12.104
Car A,663,44.2,2,88.57,2,-21.692,19.641,0.102,5.575,-0.1094,3.3021,1.0,1.0,25.0,-12.122
Car B,663,44.2,2,100.693,3,-25.979,9.552,0.021,5.8819,-0.0953,-1.9995,1.0,-0.4343,-10.996,12.122
Car A,664,44.2667,2,88.959,2,-22.049,19.533,0.085,5.569,-0.0902,3.6283,1.0,1.0,25.0,-12.126
Car B,664,44.2667,2,101.085,3,-25.966,9.16,0.034,5.8763,-0.0841,-2.6049,1.0,-0.3554,-10.856,12.126
Car A,665,44.3333,2,89.331,3,-22.4,19.408,0.067,5.564,-0.0741,3.8897,1.0,1.0,25.0,-12.146
Car B,665,44.3333,2,101.478,3,-25.97,8.767,0.03,5.8861,0.1474,-2.9915,1.0,-0.2281,-8.888,12.146
Car A,666,44.4,2,89.714,3,-22.744,19.264,0.06,5.5603,-0.0551,4.0921,1.0,1.0,25.0,-12.158
Car B,666,44.4,2,101.872,3,-25.983,8.373,0.017,5.9502,0.9608,-2.0778,1.0,-0.2103,-5.706,12.158
Car A,667,44.4667,2,90.085,3,-23.079,19.102,0.023,5.5578,-0.0386,4.2504,1.0,1.0,24.999,-12.187
Car B,667,44.4667,2,102.272,3,-26.0,7.973,-0.0,6.0262,1.1409,-1.9896,1.0,0.502,-5.256,12.187
Car A,668,44.5333,2,90.457,3,-23.405,18.922,0.006,5.556,-0.026,4.3741,1.0,1.0,24.999,-12.216
Car B,668,44.5333,2,102.674,3,-26.018,7.572,-0.018,6.0364,0.1525,-0.9298,1.0,0.4457,12.523,12.216
Car A,669,44.6,2,90.829,3,-23.721,18.724,-0.027,5.555,-0.0148,4.4747,1.0,1.0,24.999,-12.247
Car B,669,44.6,2,103.076,3,-26.025,7.169,-0.025,6.031,-0.081,0.6257,1.0,1.0,11.145,12.247
Car A,670,44.6667,2,91.2,3,-24.026,18.508,-0.061,5.5547,-0.0053,4.5556,1.0,1.0,24.999,-12.277
Car B,670,44.6667,2,103.477,3,-26.02,6.768,-0.02,6.0174,-0.2035,1.5791,1.0,1.0,24.978,12.277
Car A,671,44.7333,2,91.561,3,-24.317,18.276,-0.079,5.5548,0.0016,4.618,1.0,1.0,24.999,-12.317
Car B,671,44.7333,2,103.878,3,-25.999,6.367,0.001,6.0035,-0.2098,2.3117,1.0,1.0,25.0,12.317
Car A,672,44.8,2,91.93,3,-24.596,18.028,-0.129,5.5553,0.0074,4.6699,1.0,1.0,24.999,-12.349
Car B,672,44.8,2,104.279,3,-25.962,5.969,0.036,5.9896,-0.2081,2.8828,1.0,1.0,25.0,12.349
Car A,673,44.8667,2,92.302,3,-24.859,17.764,-0.158,5.5562,0.0133,4.7087,1.0,1.0,24.999,-12.376
Car B,673,44.8667,2,104.678,3,-25.907,5.573,0.059,5.9768,-0.1912,3.3205,1.0,1.0,25.0,12.376
Car A,674,44.9333,2,92.647,3,-25.108,17.486,-0.195,5.5573,0.0167,4.743,1.0,1.0,24.999,-12.429
Car B,674,44.9333,2,105.075,3,-25.834,5.18,0.101,5.9654,-0.1709,3.6658,1.0,1.0,25.0,12.429
Car A,675,45.0,2,93.017,3,-25.34,17.193,-0.24,5.5586,0.0204,4.7688,1.0,1.0,24.999,-12.474
Car B,675,45.0,2,105.491,3,-25.743,4.792,0.115,5.9554,-0.1508,3.93,1.0,1.0,25.0,12.474
Car A,676,45.0667,2,93.39,3,-25.554,16.888,-0.263,5.5601,0.0225,4.7914,1.0,1.0,24.999,-12.499
Car B,676,45.0667,2,105.889,3,-25.633,4.41,0.133,5.9466,-0.1326,4.1323,1.0,1.0,25.0,12.499
Car A,677,45.1333,2,93.718,3,-25.751,16.57,-0.316,5.5618,0.0249,4.8078,1.0,1.0,24.999,-12.592
Car B,677,45.1333,2,106.31,3,-25.503,4.033,0.145,5.9388,-0.1169,4.2869,1.0,1.0,24.999,12.592
Car A,678,45.2,2,94.089,3,-25.93,16.242,-0.355,5.5635,0.0251,4.8211,1.0,1.0,24.999,-12.618
Car B,678,45.2,2,106.707,3,-25.355,3.665,0.141,5.9318,-0.1041,4.4069,1.0,1.0,24.999,12.618
Car A,679,45.2667,2,94.403,3,-26.089,15.904,-0.383,5.5652,0.0264,4.8324,1.0,1.0,24.999,-12.725
Car B,679,45.2667,2,107.128,3,-25.188,3.304,0.15,5.9256,-0.0938,4.5001,1.0,1.0,24.999,12.725
Car A,680,45.3333,2,94.773,3,-26.228,15.557,-0.438,5.567,0.0267,4.8404,1.0,1.0,24.999,-12.752
Car B,680,45.3333,2,107.525,3,-25.002,2.954,0.125,5.9199,-0.0851,4.5763,1.0,1.0,24.999,12.752
Car A,681,45.4,2,95.146,3,-26.347,15.202,-0.471,5.5689,0.0276,4.8475,1.0,1.0,24.999,-12.776
Car B,681,45.4,2,107.921,3,-24.798,2.613,0.121,5.9147,-0.0776,4.6341,1.0,1.0,24.999,12.776
Car A,682,45.4667,2,95.441,3,-26.445,14.841,-0.51,5.5707,0.0273,4.8521,1.0,1.0,24.999,-12.893
Car B,682,45.4667,2,108.335,3,-24.576,2.285,0.089,5.9099,-0.0716,4.6799,1.0,1.0,24.999,12.893
Car A,683,45.5333,2,95.813,3,-26.522,14.475,-0.558,5.5725,0.0277,4.8561,1.0,1.0,24.999,-12.918
Car B,683,45.5333,2,108.73,3,-24.337,1.969,0.065,5.9055,-0.067,4.7178,1.0,1.0,24.999,12.918
Car A,684,45.6,2,96.186,3,-26.578,14.105,-0.584,5.5744,0.0276,4.859,1.0,1.0,24.999,-12.948
Car B,684,45.6,2,109.134,3,-24.082,1.667,0.035,5.9013,-0.0621,4.7457,1.0,1.0,24.999,12.948
Car A,685,45.6667,2,96.513,3,-26.612,13.732,-0.612,5.5762,0.0268,4.8615,1.0,1.0,24.999,-13.014
Car B,685,45.6667,2,109.527,3,-23.811,1.379,-0.007,5.8974,-0.0592,4.7688,1.0,1.0,24.999,13.014
Car A,686,45.7333,2,96.888,3,-26.625,13.358,-0.625,5.578,0.0276,4.8638,1.0,1.0,24.999,-13.029
Car B,686,45.7333,2,109.917,3,-23.524,1.106,-0.033,5.8937,-0.0561,4.7874,1.0,1.0,24.999,13.029
Car A,687,45.8,2,97.262,3,-26.616,12.983,-0.616,5.5798,0.0265,4.8657,1.0,1.0,24.999,-13.045
Car B,687,45.8,2,110.307,3,-23.224,0.85,-0.094,5.8901,-0.0536,4.8015,1.0,1.0,24.999,13.045
Car A,688,45.8667,2,97.636,3,-26.585,12.609,-0.585,5.5815,0.0267,4.8661,1.0,0.9292,24.999,-13.064
Car B,688,45.8667,2,110.7,3,-22.91,0.611,-0.134,5.8866,-0.0524,4.8132,1.0,1.0,24.999,13.064
Car A,689,45.9333,2,98.007,3,-26.532,12.238,-0.532,5.5843,0.0416,4.8593,1.0,0.4651,23.231,-13.06
Car B,689,45.9333,2,111.067,3,-22.583,0.389,-0.191,5.8833,-0.0493,4.8217,1.0,1.0,24.999,13.06
Car A,690,46.0,2,98.378,3,-26.465,11.868,-0.465,5.6562,1.0788,3.7947,1.0,0.2063,11.645,-13.08
Car B,690,46.0,2,111.457,3,-22.245,0.185,-0.25,5.88,-0.0488,4.8288,1.0,1.0,24.999,13.08
Car A,691,46.0667,2,98.751,3,-26.393,11.494,-0.393,5.7166,0.9051,2.1576,1.0,-0.1926,5.167,-13.053
Car B,691,46.0667,2,111.804,3,-21.897,0.001,-0.295,5.8769,-0.0473,4.8343,1.0,1.0,24.999,13.053
Car A,692,46.1333,2,99.128,3,-26.328,11.117,-0.328,5.7372,0.3094,0.6036,1.0,-0.2177,-4.8,-13.062
Car B,692,46.1333,2,112.19,3,-21.539,-0.164,-0.372,5.8738,-0.0463,4.839,1.0,1.0,24.999,13.062
Car A,693,46.2,2,99.507,3,-26.275,10.738,-0.275,5.7434,0.0934,-0.5702,1.0,-0.2091,-5.441,-13.073
Car B,693,46.2,2,112.58,3,-21.173,-0.309,-0.427,5.8709,-0.0443,4.8414,1.0,1.0,24.999,13.073
Car A,694,46.2667,2,99.888,3,-26.235,10.357,-0.235,5.7503,0.1029,-1.4454,1.0,-0.1456,-5.227,-13.009
Car B,694,46.2667,2,112.897,3,-20.8,-0.434,-0.495,5.8679,-0.0441,4.8442,1.0,1.0,24.999,13.009
Car A,695,46.3333,2,100.273,3,-26.203,9.972,-0.203,5.8233,1.0959,-1.4066,1.0,-0.1554,-3.638,-13.011
Car B,695,46.3333,2,113.284,3,-20.42,-0.537,-0.568,5.865,-0.0431,4.8469,1.0,1.0,24.999,13.011
Car A,696,46.4,2,100.664,3,-26.176,9.582,-0.176,5.8953,1.0794,-1.4175,1.0,-0.1302,-3.885,-12.997
Car B,696,46.4,2,113.66,3,-20.036,-0.62,-0.621,5.8623,-0.0417,4.8485,1.0,1.0,24.999,12.997
Car A,697,46.4667,2,101.059,3,-26.154,9.186,-0.154,5.9475,0.783,-1.3108,1.0,-0.1547,-3.254,-12.954
Car B,697,46.4667,2,114.013,3,-19.647,-0.681,-0.681,5.8594,-0.0422,4.8499,1.0,1.0,24.999,12.954
Car A,698,46.5333,2,101.458,3,-26.138,8.787,-0.138,6.013,0.9822,-1.4786,0.8961,-0.15,-3.865,-12.946
Car B,698,46.5333,2,114.404,3,-19.256,-0.72,-0.72,5.8568,-0.04,4.851,1.0,1.0,24.999,12.946
Car A,699,46.6,2,101.851,3,-26.129,8.394,-0.129,5.8336,-2.6908,-1.3439,0.9182,-0.1023,-3.749,-12.945
Car B,699,46.6,2,114.796,3,-18.864,-0.738,-0.738,5.8541,-0.0405,4.8517,1.0,1.0,24.999,12.945
Car A,700,46.6667,2,102.235,3,-26.122,8.011,-0.122,5.6804,-2.2975,-0.8858,1.0,0.9917,-2.559,-12.954
Car B,700,46.6667,2,115.189,3,-18.472,-0.734,-0.734,5.8515,-0.0394,4.8524,1.0,1.0,24.999,12.954
Car A,701,46.7333,2,102.613,3,-26.111,7.632,-0.111,5.6834,0.0448,0.0365,1.0,0.9528,24.752,-12.967
Car B,701,46.7333,2,115.58,3,-18.08,-0.709,-0.709,5.8489,-0.0386,4.8529,1.0,1.0,24.999,12.967
Car A,702,46.8,2,102.991,3,-26.091,7.254,-0.091,5.6757,-0.1158,1.1816,1.0,0.4538,23.82,-12.978
Car B,702,46.8,2,115.97,3,-17.691,-0.662,-0.662,5.8463,-0.038,4.8533,1.0,0.8661,24.999,12.978
Car A,703,46.8667,2,103.368,3,-26.054,6.877,-0.054,5.6711,-0.0691,1.9303,1.0,1.0,11.362,-12.988
Car B,703,46.8667,2,116.356,3,-17.304,-0.593,-0.593,5.8461,-0.0038,4.8315,1.0,0.4603,21.656,12.988
Car A,704,46.9333,2,103.743,3,-26.003,6.502,-0.003,5.6608,-0.1536,2.5743,1.0,-0.2434,24.978,-12.997
Car B,704,46.9333,2,116.74,3,-16.92,-0.509,-0.509,5.8992,0.796,3.9771,1.0,-0.3092,11.523,12.997
Car A,705,47.0,2,104.116,3,-25.946,6.129,0.054,5.6758,0.2243,1.4373,1.0,-0.255,-6.038,-13.008
Car B,705,47.0,2,117.125,3,-16.536,-0.419,-0.419,5.9236,0.3664,2.599,1.0,-0.2822,-7.701,13.008
Car A,706,47.0667,2,104.5,3,-25.895,5.753,0.085,5.6881,0.1845,-0.0637,1.0,1.0,-6.375,-13.012
Car B,706,47.0667,2,117.512,3,-16.148,-0.337,-0.337,5.9375,0.2082,0.5488,1.0,-0.2329,-7.055,13.012
Car A,707,47.1333,2,104.877,3,-25.847,5.378,0.104,5.6787,-0.1411,0.4906,1.0,1.0,24.953,-13.024
Car B,707,47.1333,2,117.902,3,-15.759,-0.267,-0.267,5.9385,0.0153,-0.6254,1.0,-0.2303,-5.823,13.024
Car A,708,47.2,2,105.275,3,-25.79,5.004,0.119,5.6705,-0.1226,1.5221,1.0,1.0,24.999,-13.018
Car B,708,47.2,2,118.293,3,-15.367,-0.209,-0.209,5.9351,-0.0515,-1.5251,1.0,-0.2313,-5.757,13.018
Car A,709,47.2667,2,105.653,3,-25.716,4.633,0.104,5.6613,-0.1382,2.235,1.0,1.0,25.0,-13.034
Car B,709,47.2667,2,118.687,3,-14.974,-0.165,-0.165,5.9465,0.1716,-2.0852,1.0,-0.2218,-5.781,13.034
Car A,710,47.3333,2,106.03,3,-25.627,4.266,0.106,5.6521,-0.138,2.7796,1.0,1.0,25.0,-13.054
Car B,710,47.3333,2,119.084,3,-14.576,-0.131,-0.131,5.9985,0.7807,-2.0765,1.0,-0.2118,-5.546,13.054
Car A,711,47.4,2,106.423,3,-25.52,3.904,0.079,5.6437,-0.1265,3.2296,1.0,1.0,25.0,-13.063
Car B,711,47.4,2,119.486,3,-14.174,-0.105,-0.105,6.0653,1.0015,-2.0401,1.0,-0.1857,-5.294,13.063
Car A,712,47.4667,2,106.8,3,-25.397,3.547,0.057,5.6364,-0.1094,3.5811,1.0,1.0,25.0,-13.091
Car B,712,47.4667,2,119.891,3,-13.769,-0.086,-0.086,6.0736,0.1248,-1.8146,1.0,-0.1415,-4.645,13.091
Car A,713,47.5333,2,107.184,3,-25.256,3.197,0.036,5.6305,-0.0887,3.8507,1.0,1.0,25.0,-13.112
Car B,713,47.5333,2,120.296,3,-13.364,-0.071,-0.071,6.0636,-0.1499,-1.4021,1.0,-0.1186,-3.541,13.112
Car A,714,47.6,2,107.559,3,-25.097,2.855,-0.007,5.6257,-0.0713,4.0601,1.0,1.0,25.0,-13.143
Car B,714,47.6,2,120.701,3,-12.959,-0.059,-0.059,6.0842,0.3083,-1.1848,1.0,-0.0695,-2.955,13.143
Car A,715,47.6667,2,107.935,3,-24.92,2.522,-0.031,5.622,-0.0549,4.2271,1.0,1.0,24.999,-13.171
Car B,715,47.6667,2,121.106,3,-12.555,-0.049,-0.049,6.0547,-0.4416,-0.7449,1.0,-0.0978,-1.736,13.171
Car A,716,47.7333,2,108.303,3,-24.726,2.2,-0.08,5.6193,-0.0414,4.3582,1.0,1.0,24.999,-13.206
Car B,716,47.7333,2,121.509,3,-12.152,-0.043,-0.043,6.0608,0.0914,-0.9791,1.0,0.0057,-2.44,13.206
Car A,717,47.8,2,108.677,3,-24.514,1.888,-0.122,5.6173,-0.0301,4.4616,1.0,1.0,24.999,-13.235
Car B,717,47.8,2,121.912,3,-11.748,-0.036,-0.036,6.0336,-0.4084,0.0443,1.0,-0.1407,0.138,13.235
Car A,718,47.8667,2,109.03,3,-24.285,1.588,-0.156,5.6159,-0.0206,4.5437,1.0,1.0,24.999,-13.284
Car B,718,47.8667,2,122.314,3,-11.346,-0.029,-0.029,6.0301,-0.0532,-0.8267,1.0,0.0075,-3.511,13.284
Car A,719,47.9333,2,109.402,3,-24.04,1.302,-0.215,5.615,-0.0132,4.6097,1.0,1.0,24.999,-13.314
Car B,719,47.9333,2,122.716,3,-10.944,-0.027,-0.027,6.0235,-0.0992,0.0466,1.0,-0.0932,0.181,13.314
Car A,720,48.0,2,109.777,3,-23.78,1.03,-0.253,5.6146,-0.0067,4.6624,1.0,1.0,24.999,-13.341
Car B,720,48.0,2,123.118,3,-10.543,-0.024,-0.024,6.0187,-0.0711,-0.7688,1.0,0.0467,-2.326,13.341
Car A,721,48.0667,2,110.108,3,-23.504,0.773,-0.307,5.6145,-0.0014,4.7045,1.0,1.0,24.999,-13.41
Car B,721,48.0667,2,123.519,3,-10.141,-0.023,-0.023,6.016,-0.0404,0.1808,1.0,-0.0589,1.163,13.41
Car A,722,48.1333,2,110.481,3,-23.215,0.531,-0.361,5.6147,0.0027,4.7385,1.0,1.0,24.999,-13.438
Car B,722,48.1333,2,123.92,3,-9.741,-0.02,-0.02,6.0082,-0.1178,-0.5084,1.0,0.0362,-1.469,13.438
Car A,723,48.2,2,110.836,3,-22.912,0.307,-0.394,5.6151,0.0063,4.7647,1.0,1.0,24.999,-13.484
Car B,723,48.2,2,124.32,3,-9.34,-0.018,-0.018,6.0033,-0.0731,0.3395,1.0,-0.0988,0.9,13.484
Car A,724,48.2667,2,111.165,3,-22.597,0.1,-0.463,5.6157,0.0086,4.7858,1.0,1.0,24.999,-13.555
Car B,724,48.2667,2,124.72,3,-8.94,-0.016,-0.016,6.0023,-0.0143,-0.5591,1.0,0.0414,-2.464,13.555
Car A,725,48.3333,2,111.539,3,-22.27,-0.088,-0.512,5.6163,0.0102,4.8035,1.0,1.0,24.999,-13.581
Car B,725,48.3333,2,125.12,3,-8.54,-0.017,-0.017,6.0002,-0.0323,0.2579,1.0,-0.0494,1.029,13.581
Car A,726,48.4,2,111.829,3,-21.933,-0.258,-0.554,5.6171,0.0121,4.8175,1.0,1.0,24.999,-13.691
Car B,726,48.4,2,125.52,3,-8.14,-0.017,-0.017,5.9981,-0.0313,-0.4668,1.0,0.0515,-1.232,13.691
Car A,727,48.4667,2,112.201,3,-21.587,-0.407,-0.619,5.618,0.0132,4.8283,1.0,1.0,24.999,-13.719
Car B,727,48.4667,2,125.92,3,-7.74,-0.016,-0.016,5.9974,-0.0106,0.448,1.0,-0.0834,1.284,13.719
Car A,728,48.5333,2,112.576,3,-21.233,-0.537,-0.663,5.619,0.0141,4.8367,1.0,1.0,24.999,-13.744
Car B,728,48.5333,2,126.32,3,-7.34,-0.015,-0.015,5.9966,-0.0117,-0.4557,1.0,0.0472,-2.079,13.744
Car A,729,48.6,2,112.842,3,-20.871,-0.647,-0.713,5.6199,0.0139,4.8435,1.0,1.0,24.999,-13.877
Car B,729,48.6,2,126.719,3,-6.941,-0.017,-0.017,5.9944,-0.0338,0.3291,1.0,-0.0406,1.176,13.877
Car A,730,48.6667,2,113.215,3,-20.505,-0.735,-0.772,5.621,0.016,4.8487,1.0,1.0,24.999,-13.904
Car B,730,48.6667,2,127.119,3,-6.541,-0.016,-0.016,5.9943,-0.0008,-0.3906,1.0,0.0566,-1.011,13.904
Car A,731,48.7333,2,113.591,3,-20.133,-0.802,-0.81,5.6219,0.0146,4.8529,1.0,1.0,24.999,-13.928
Car B,731,48.7333,2,127.519,3,-6.142,-0.016,-0.016,5.9962,0.0278,0.5021,1.0,-0.1128,1.411,13.928
Car A,732,48.8,2,113.902,3,-19.758,-0.848,-0.848,5.623,0.016,4.8567,1.0,1.0,24.999,-14.016
Car B,732,48.8,2,127.918,3,-5.742,-0.015,-0.015,5.9954,-0.011,-0.4506,1.0,0.0486,-2.813,14.016
Car A,733,48.8667,2,114.279,3,-19.382,-0.872,-0.872,5.624,0.0147,4.8592,1.0,1.0,24.999,-14.039
Car B,733,48.8667,2,128.318,3,-5.342,-0.017,-0.017,5.9944,-0.0146,0.3219,1.0,-0.1009,1.207,14.039
Car A,734,48.9333,2,114.656,3,-19.004,-0.874,-0.874,5.625,0.0157,4.8611,1.0,1.0,24.999,-14.061
Car B,734,48.9333,2,128.718,3,-4.943,-0.017,-0.017,5.9932,-0.019,-0.5224,1.0,0.0648,-2.517,14.061
Car A,735,49.0,2,115.034,3,-18.627,-0.855,-0.855,5.626,0.0151,4.863,1.0,1.0,24.999,-14.083
Car B,735,49.0,2,129.117,3,-4.543,-0.021,-0.021,5.9915,-0.0254,0.2758,1.0,0.0052,1.613,14.083
Car A,736,49.0667,2,115.409,3,-18.251,-0.814,-0.814,5.6271,0.0155,4.8642,1.0,1.0,24.999,-14.107
Car B,736,49.0667,2,129.517,3,-4.144,-0.021,-0.021,5.9958,0.0651,-0.0502,1.0,0.0469,0.139,14.107
Car A,737,49.1333,2,115.782,3,-17.878,-0.751,-0.751,5.6281,0.015,4.8649,1.0,0.9279,24.999,-14.135
Car B,737,49.1333,2,129.917,3,-3.743,-0.018,-0.018,6.022,0.3924,0.4757,1.0,-0.0798,1.166,14.135
Car A,738,49.2,2,116.151,3,-17.51,-0.667,-0.667,5.63,0.0291,4.8569,1.0,0.4412,23.199,-14.168
Car B,738,49.2,2,130.318,3,-3.342,-0.017,-0.017,6.0196,-0.0353,-0.5104,1.0,0.0548,-1.989,14.168
Car A,739,49.2667,2,116.517,3,-17.143,-0.569,-0.569,5.7034,1.1015,3.6798,1.0,0.051,11.049,-14.202
Car B,739,49.2667,2,130.719,3,-2.941,-0.019,-0.019,6.0143,-0.0799,0.3217,1.0,-0.0339,1.365,14.202
Car A,740,49.3333,2,116.885,3,-16.775,-0.467,-0.467,5.7357,0.4835,2.0676,1.0,-0.2519,1.291,-14.235
Car B,740,49.3333,2,131.12,3,-2.54,-0.018,-0.018,6.0074,-0.1031,-0.3284,1.0,0.0512,-0.845,14.235
Car A,741,49.4,2,117.257,3,-16.403,-0.373,-0.373,5.7532,0.2636,0.4443,1.0,-0.2641,-6.286,-14.263
Car B,741,49.4,2,131.521,3,-2.14,-0.018,-0.018,6.007,-0.0062,0.4792,1.0,-0.0912,1.276,14.263
Car A,742,49.4667,2,117.632,3,-16.028,-0.291,-0.291,5.7575,0.0635,-0.6925,1.0,-0.2686,-6.601,-14.289
Car B,742,49.4667,2,131.921,3,-1.739,-0.017,-0.017,6.0059,-0.0174,-0.4676,1.0,0.0549,-2.275,14.289
Car A,743,49.5333,2,118.01,3,-15.651,-0.222,-0.222,5.7591,0.0237,-1.5536,1.0,-0.2706,-6.714,-14.311
Car B,743,49.5333,2,132.321,3,-1.339,-0.019,-0.019,6.0035,-0.0356,0.3181,1.0,-0.0313,1.368,14.311
Car A,744,49.6,2,118.39,3,-15.27,-0.167,-0.167,5.774,0.2242,-2.1644,1.0,-0.2705,-6.765,-14.331
Car B,744,49.6,2,132.721,3,-0.939,-0.019,-0.019,5.998,-0.0818,-0.3062,1.0,0.0516,-0.778,14.331
Car A,745,49.6667,2,118.776,3,-14.885,-0.124,-0.124,5.834,0.8999,-2.3431,1.0,-0.269,-6.763,-14.346
Car B,745,49.6667,2,133.121,3,-0.539,-0.018,-0.018,5.9974,-0.0087,0.4942,1.0,-0.0996,1.286,14.346
Car A,746,49.7333,2,119.166,3,-14.494,-0.091,-0.091,5.901,1.0045,-2.3978,1.0,-0.2628,-6.724,-14.355
Car B,746,49.7333,2,133.521,3,-0.139,-0.017,-0.017,5.9979,0.0067,-0.4773,1.0,0.0576,-2.485,14.355
Car A,747,49.8,2,119.562,3,-14.098,-0.068,-0.068,5.9663,0.9804,-2.4066,1.0,-0.234,-6.57,-14.359
Car B,747,49.8,3,0.26,1,0.261,-0.02,-0.02,5.9958,-0.0315,0.3091,1.0,-0.0337,1.433,14.359
Car A,748,49.8667,2,119.963,3,-13.698,-0.054,-0.054,6.0402,1.1084,-2.2175,1.0,-0.1508,-5.849,-14.358
Car B,748,49.8667,3,0.66,1,0.66,-0.02,-0.02,5.9943,-0.0224,-0.325,1.0,0.0569,-0.838,14.358
Car A,749,49.9333,2,120.366,3,-13.294,-0.044,-0.044,6.0587,0.2768,-1.4669,1.0,-0.1269,-3.773,-14.354
Car B,749,49.9333,3,1.06,1,1.06,-0.019,-0.019,5.9949,0.009,0.5273,1.0,-0.1147,1.418,14.354
Car A,750,50.0,2,120.771,3,-12.889,-0.035,-0.035,6.0887,0.4512,-1.2731,1.0,-0.0741,-3.166,-14.348
Car B,750,50.0,3,1.459,1,1.459,-0.018,-0.018,5.9946,-0.0042,-0.4456,1.0,0.0566,-2.861,14.348
Car A,751,50.0667,2,121.176,3,-12.484,-0.029,-0.029,6.0594,-0.4406,-0.7875,1.0,-0.0757,-1.85,-14.343
Car B,751,50.0667,3,1.859,1,1.859,-0.02,-0.02,5.9935,-0.0162,0.3243,1.0,-0.0441,1.408,14.343
Car A,752,50.1333,2,121.579,3,-12.081,-0.024,-0.024,6.0528,-0.0991,-0.7626,1.0,-0.0469,-1.881,-14.339
Car B,752,50.1333,3,2.258,1,2.259,-0.02,-0.02,5.9907,-0.0428,-0.4014,1.0,0.0629,-1.097,14.339
Car A,753,50.2,2,121.982,3,-11.678,-0.02,-0.02,6.04,-0.191,-0.3742,1.0,-0.0561,-1.156,-14.336
Car B,753,50.2,3,2.658,1,2.658,-0.021,-0.021,5.9907,0.0001,0.4916,1.0,-0.0914,1.569,14.336
Car A,754,50.2667,2,122.385,3,-11.276,-0.017,-0.017,6.0388,-0.0189,-0.5587,1.0,-0.0283,-1.39,-14.333
Car B,754,50.2667,3,3.057,1,3.057,-0.019,-0.019,5.9898,-0.0129,-0.3988,1.0,0.0555,-2.279,14.333
Car A,755,50.3333,2,122.787,3,-10.874,-0.016,-0.016,6.0036,-0.5272,-0.2786,1.0,-0.0316,-0.703,-14.33
Car B,755,50.3333,3,3.456,1,3.456,-0.021,-0.021,5.9889,-0.0136,0.3576,1.0,-0.0483,1.383,14.33
Car A,756,50.4,2,123.186,3,-10.474,-0.015,-0.015,6.0178,0.212,-0.2722,1.0,-0.021,-0.779,-14.33
Car B,756,50.4,3,3.856,1,3.856,-0.021,-0.021,5.9887,-0.0026,-0.4344,1.0,0.066,-1.204,14.33
Car A,757,50.4667,2,123.588,3,-10.073,-0.014,-0.014,6.0192,0.0215,-0.1374,1.0,-0.0213,-0.52,-14.328
Car B,757,50.4667,3,4.255,1,4.255,-0.022,-0.022,5.9893,0.0083,0.4884,1.0,-0.0828,1.646,14.328
Car A,758,50.5333,2,123.989,3,-9.672,-0.014,-0.014,6.0118,-0.1114,-0.0944,1.0,-0.021,-0.518,-14.326
Car B,758,50.5333,3,4.654,1,4.654,-0.02,-0.02,5.9878,-0.0221,-0.3798,1.0,0.0552,-2.063,14.326
Car A,759,50.6,2,124.389,3,-9.271,-0.013,-0.013,6.011,-0.0107,-0.0866,1.0,-0.0189,-0.51,-14.324
Car B,759,50.6,3,5.053,1,5.053,-0.022,-0.022,5.9871,-0.0114,0.367,1.0,-0.0508,1.375,14.324
Car A,760,50.6667,2,124.79,3,-8.87,-0.013,-0.013,6.0115,0.007,-0.1103,1.0,-0.0137,-0.461,-14.322
Car B,760,50.6667,3,5.452,1,5.452,-0.022,-0.022,5.9873,0.0029,-0.4446,1.0,0.0667,-1.264,14.322
Car A,761,50.7333,2,125.191,3,-8.469,-0.015,-0.015,6.0151,0.0534,-0.1039,1.0,-0.0078,-0.337,-14.321
Car B,761,50.7333,3,5.851,1,5.852,-0.022,-0.022,5.9877,0.0069,0.4749,1.0,-0.0768,1.661,14.321
Car A,762,50.8,2,125.592,3,-8.068,-0.016,-0.016,6.0039,-0.1674,-0.0896,1.0,-0.0043,-0.191,-14.319
Car B,762,50.8,3,6.251,1,6.251,-0.021,-0.021,5.9862,-0.0226,-0.3796,1.0,0.0561,-1.915,14.319
Car A,763,50.8667,2,125.992,3,-7.668,-0.017,-0.017,5.9956,-0.1252,-0.0372,1.0,-0.0026,-0.107,-14.318
Car B,763,50.8667,3,6.65,1,6.65,-0.022,-0.022,5.9857,-0.0078,0.3732,1.0,-0.051,1.397,14.318
Car A,764,50.9333,2,126.392,3,-7.268,-0.018,-0.018,6.0025,0.104,-0.012,1.0,-0.0016,-0.064,-14.317
Car B,764,50.9333,3,7.049,1,7.049,-0.022,-0.022,5.9847,-0.015,-0.4424,1.0,0.0661,-1.271,14.317
Car A,765,51.0,2,126.792,3,-6.868,-0.02,-0.02,6.0006,-0.0279,-0.0186,1.0,0.0006,-0.04,-14.316
Car B,765,51.0,3,7.448,1,7.448,-0.023,-0.023,5.9856,0.0138,0.4489,1.0,-0.0686,1.647,14.316
Car A,766,51.0667,2,127.192,3,-6.468,-0.021,-0.021,6.0038,0.0467,0.0165,1.0,0.0006,0.015,-14.315
Car B,766,51.0667,3,7.846,1,7.846,-0.021,-0.021,5.9841,-0.0225,-0.3827,1.0,0.0574,-1.71,14.315
Car A,767,51.1333,2,127.592,3,-6.068,-0.022,-0.022,6.0007,-0.0465,0.0063,1.0,0.0018,0.014,-14.313
Car B,767,51.1333,3,8.245,1,8.245,-0.023,-0.023,5.9832,-0.0141,0.3854,1.0,-0.0554,1.429,14.313
Car A,768,51.2,2,127.992,3,-5.668,-0.023,-0.023,6.0021,0.0216,-0.0045,1.0,0.004,0.043,-14.312
Car B,768,51.2,3,8.644,1,8.644,-0.022,-0.022,5.983,-0.0027,-0.4181,1.0,0.063,-1.38,14.312
Car A,769,51.2667,2,128.393,3,-5.268,-0.025,-0.025,6.0026,0.0069,0.0069,1.0,0.0055,0.095,-14.311
Car B,769,51.2667,3,9.043,1,9.043,-0.023,-0.023,5.9827,-0.0041,0.4306,1.0,-0.0663,1.569,14.311
Car A,770,51.3333,2,128.793,3,-4.867,-0.026,-0.026,6.0011,-0.0222,0.0149,1.0,0.0064,0.133,-14.309
Car B,770,51.3333,3,9.442,1,9.442,-0.022,-0.022,5.9821,-0.0088,-0.3967,1.0,0.0591,-1.653,14.309
Car A,771,51.4,2,129.193,3,-4.467,-0.027,-0.027,5.9996,-0.0214,0.0235,1.0,0.0067,0.156,-14.308
Car B,771,51.4,3,9.84,1,9.84,-0.023,-0.023,5.9808,-0.0197,0.3886,1.0,-0.0554,1.473,14.308
Car A,772,51.4667,2,129.593,3,-4.067,-0.028,-0.028,5.9988,-0.0119,0.0348,1.0,0.0062,0.163,-14.307
Car B,772,51.4667,3,10.239,1,10.239,-0.022,-0.022,5.9813,0.0073,-0.41,1.0,0.0621,-1.379,14.307
Car A,773,51.5333,2,129.993,3,-3.667,-0.028,-0.028,5.9981,-0.0111,0.036,1.0,0.0055,0.152,-14.305
Car B,773,51.5333,3,10.638,1,10.638,-0.023,-0.023,5.9808,-0.0082,0.428,1.0,-0.067,1.549,14.305
Car A,774,51.6,2,130.393,3,-3.268,-0.029,-0.029,5.9975,-0.009,0.0153,1.0,0.0054,0.135,-14.304
Car B,774,51.6,3,11.037,1,11.037,-0.022,-0.022,5.9808,0.0004,-0.3982,1.0,0.0589,-1.67,14.304
Car A,775,51.6667,2,130.793,3,-2.868,-0.029,-0.029,5.9988,0.0192,0.0257,1.0,0.0046,0.133,-14.303
Car B,775,51.6667,3,11.435,1,11.435,-0.023,-0.023,5.9799,-0.014,0.3876,1.0,-0.0554,1.468,14.303
Car A,776,51.7333,2,131.193,3,-2.468,-0.029,-0.029,5.9978,-0.0141,0.0306,1.0,0.0033,0.113,-14.302
Car B,776,51.7333,3,11.834,1,11.834,-0.022,-0.022,5.9805,0.0098,-0.4186,1.0,0.063,-1.381,14.302
Car A,777,51.8,2,131.592,3,-2.068,-0.029,-0.029,5.9996,0.0262,0.0196,1.0,0.0026,0.082,-14.3
Car B,777,51.8,3,12.232,1,12.233,-0.023,-0.023,5.9808,0.0039,0.455,1.0,-0.0754,1.569,14.3
Car A,778,51.8667,2,131.992,3,-1.668,-0.029,-0.029,5.9992,-0.0056,0.0118,1.0,0.0024,0.064,-14.299
Car B,778,51.8667,3,12.631,1,12.631,-0.021,-0.021,5.9802,-0.0082,-0.3951,1.0,0.0573,-1.879,14.299
Car A,779,51.9333,2,132.393,3,-1.268,-0.029,-0.029,5.9998,0.0079,0.0093,1.0,0.002,0.058,-14.298
Car B,779,51.9333,3,13.03,1,13.03,-0.023,-0.023,5.9801,-0.0023,0.3686,1.0,-0.0505,1.427,14.298
Car A,780,52.0,2,132.793,3,-0.868,-0.029,-0.029,5.9997,-0.0012,0.0142,1.0,0.0011,0.049,-14.296
Car B,780,52.0,3,13.428,1,13.428,-0.022,-0.022,5.9802,0.0021,-0.4165,1.0,0.0634,-1.257,14.296
Car A,781,52.0667,2,133.193,3,-0.468,-0.029,-0.029,5.9995,-0.0022,0.0023,1.0,0.0007,0.028,-14.295
Car B,781,52.0667,3,13.827,1,13.827,-0.023,-0.023,5.981,0.0122,0.4538,1.0,-0.0754,1.58,14.295
Car A,782,52.1333,2,133.593,3,-0.068,-0.029,-0.029,6.0003,0.0109,0.0048,1.0,-0.0,0.017,-14.294
Car B,782,52.1333,3,14.226,1,14.226,-0.021,-0.021,5.9803,-0.011,-0.3929,1.0,0.0568,-1.879,14.294
Car A,783,52.2,3,0.332,1,0.332,-0.029,-0.029,5.9996,-0.0092,0.0017,1.0,-0.0007,0.0,-14.292
Car B,783,52.2,3,14.624,1,14.624,-0.023,-0.023,5.9799,-0.0062,0.3704,1.0,-0.052,1.414,14.292
Car A,784,52.2667,3,0.732,1,0.732,-0.028,-0.028,6.0002,0.0091,0.0124,1.0,-0.0018,-0.016,-14.291
Car B,784,52.2667,3,15.023,1,15.023,-0.022,-0.022,5.9803,0.0061,-0.4257,1.0,0.0328,-1.296,14.291
Car A,785,52.3333,3,1.132,1,1.132,-0.028,-0.028,6.0005,0.0035,-0.0019,1.0,-0.0016,-0.041,-14.29
Car B,785,52.3333,3,15.422,1,15.422,-0.023,-0.023,5.9855,0.0779,0.3192,1.0,-0.1112,0.816,14.29
Car A,786,52.4,3,1.532,1,1.532,-0.028,-0.028,6.0009,0.0061,-0.0153,1.0,-0.0009,-0.038,-14.289
Car B,786,52.4,3,15.821,1,15.821,-0.025,-0.025,5.9857,0.0038,-0.6041,1.0,0.0661,-2.773,14.289
Car A,787,52.4667,3,1.933,1,1.933,-0.028,-0.028,6.0006,-0.0046,0.0468,1.0,-0.003,-0.022,-14.287
Car B,787,52.4667,3,16.22,1,16.22,-0.03,-0.03,5.9855,-0.0035,0.218,1.0,-0.1696,1.645,14.287
Car A,788,52.5333,3,2.333,1,2.333,-0.027,-0.027,6.0031,0.0384,-0.0227,1.0,-0.0011,-0.072,-14.286
Car B,788,52.5333,3,16.619,1,16.619,-0.032,-0.032,5.9828,-0.0402,-0.4945,1.0,-0.0093,-4.231,14.286
Car A,789,52.6,3,2.733,1,2.733,-0.027,-0.027,6.0028,-0.0048,-0.0195,1.0,0.0004,-0.028,-14.285
Car B,789,52.6,3,17.018,1,17.018,-0.038,-0.038,5.9935,0.1595,-0.0738,1.0,-0.2051,-0.244,14.285
Car A,790,52.6667,3,3.133,1,3.133,-0.028,-0.028,5.9994,-0.0509,-0.0168,1.0,0.0014,0.008,-14.284
Car B,790,52.6667,3,17.417,1,17.417,-0.048,-0.048,5.9902,-0.0494,-0.9659,1.0,-0.0181,-5.12,14.284
Car A,791,52.7333,3,3.533,1,3.533,-0.028,-0.028,6.0,0.0082,0.0324,1.0,0.0005,0.033,-14.283
Car B,791,52.7333,3,17.816,1,17.816,-0.063,-0.063,5.999,0.1328,-0.1816,1.0,-0.0591,-0.464,14.283
Car A,792,52.8,3,3.933,1,3.933,-0.028,-0.028,6.0014,0.0212,-0.0086,1.0,0.0017,0.011,-14.283
Car B,792,52.8,3,18.216,1,18.216,-0.077,-0.077,5.9749,-0.362,-0.5741,1.0,0.6791,-1.468,14.283
Car A,793,52.8667,3,4.333,1,4.333,-0.028,-0.028,6.0001,-0.0186,-0.0011,1.0,0.0022,0.04,-14.281
Car B,793,52.8667,3,18.614,1,18.614,-0.089,-0.089,5.9796,0.0706,0.124,1.0,0.8068,16.949,14.281
Car A,794,52.9333,3,4.733,1,4.733,-0.028,-0.028,6.0009,0.0117,0.0127,1.0,0.0016,0.053,-14.279
Car B,794,52.9333,3,19.012,1,19.012,-0.088,-0.088,5.9654,-0.2132,1.4325,1.0,1.0,20.165,14.279
Car A,795,53.0,3,5.133,1,5.134,-0.028,-0.028,6.0017,0.0115,0.0078,1.0,0.0006,0.04,-14.276
Car B,795,53.0,3,19.41,1,19.41,-0.073,-0.073,5.9517,-0.2054,2.1923,1.0,1.0,24.992,14.276
Car A,796,53.0667,3,5.534,1,5.534,-0.027,-0.027,6.0013,-0.006,0.0079,1.0,-0.0013,0.015,-14.271
Car B,796,53.0667,3,19.805,1,19.805,-0.042,-0.042,5.9388,-0.1939,2.7835,1.0,1.0,25.0,14.271
Car A,797,53.1333,3,5.934,1,5.934,-0.027,-0.027,6.0014,0.0012,-0.0115,1.0,-0.001,-0.029,-14.265
Car B,797,53.1333,3,20.198,1,20.199,0.007,-0.009,5.9264,-0.1854,3.2421,1.0,1.0,25.0,14.265
Car A,798,53.2,3,6.334,1,6.334,-0.028,-0.028,6.0008,-0.0092,-0.0155,1.0,-0.0015,-0.025,-14.259
Car B,798,53.2,3,20.593,1,20.589,0.073,0.027,5.9155,-0.163,3.6007,1.0,1.0,25.0,14.259
Car A,799,53.2667,3,6.734,1,6.734,-0.028,-0.028,6.0008,0.0007,0.0053,1.0,-0.0039,-0.037,-14.263
Car B,799,53.2667,3,20.996,1,20.975,0.158,0.074,5.9059,-0.1445,3.8774,1.0,1.0,25.0,14.263
Car A,800,53.3333,3,7.134,1,7.134,-0.028,-0.028,6.0009,0.0016,0.0152,1.0,-0.002,-0.093,-14.257
Car B,800,53.3333,3,21.391,1,21.356,0.262,0.086,5.8975,-0.1262,4.0893,1.0,1.0,25.0,14.257
Car A,801,53.4,3,7.534,1,7.534,-0.029,-0.029,6.0013,0.006,-0.021,1.0,0.0006,-0.048,-14.25
Car B,801,53.4,3,21.785,1,21.731,0.385,0.118,5.8902,-0.109,4.2531,1.0,1.0,24.999,14.25
Car A,802,53.4667,3,7.934,1,7.934,-0.03,-0.03,5.9997,-0.0243,-0.0016,1.0,0.0019,0.013,-14.264
Car B,802,53.4667,3,22.198,1,22.099,0.528,0.123,5.8838,-0.0966,4.3802,1.0,1.0,24.999,14.264
Car A,803,53.5333,3,8.334,1,8.334,-0.031,-0.031,6.002,0.0351,-0.0064,1.0,0.0031,0.046,-14.258
Car B,803,53.5333,3,22.592,1,22.458,0.689,0.134,5.8781,-0.0845,4.482,1.0,1.0,24.999,14.258
Car A,804,53.6,3,8.735,1,8.735,-0.032,-0.032,6.0013,-0.0111,0.0043,1.0,0.0034,0.074,-14.274
Car B,804,53.6,3,23.009,1,22.809,0.868,0.139,5.873,-0.0771,4.5606,1.0,1.0,24.999,14.274
Car A,805,53.6667,3,9.135,1,9.135,-0.033,-0.033,6.0,-0.0195,0.0115,1.0,0.0036,0.083,-14.268
Car B,805,53.6667,3,23.402,1,23.149,1.067,0.13,5.8684,-0.0687,4.6222,1.0,1.0,24.999,14.268
Car A,806,53.7333,3,9.535,1,9.535,-0.033,-0.033,5.9994,-0.0087,0.0072,1.0,0.0037,0.088,-14.282
Car B,806,53.7333,3,23.817,1,23.477,1.282,0.136,5.8643,-0.0619,4.6718,1.0,1.0,24.999,14.282
Car A,807,53.8,3,9.935,1,9.935,-0.034,-0.034,5.9992,-0.0033,0.0102,1.0,0.0044,0.091,-14.275
Car B,807,53.8,3,24.209,1,23.794,1.516,0.108,5.8605,-0.0576,4.7103,1.0,1.0,24.999,14.275
Car A,808,53.8667,3,10.335,1,10.335,-0.034,-0.034,6.0001,0.0138,0.019,1.0,0.0044,0.107,-14.267
Car B,808,53.8667,3,24.602,1,24.097,1.766,0.101,5.8569,-0.0529,4.7413,1.0,1.0,24.999,14.267
Car A,809,53.9333,3,10.735,1,10.735,-0.034,-0.034,5.9991,-0.0157,0.0205,1.0,0.0049,0.107,-14.274
Car B,809,53.9333,3,25.009,1,24.386,2.032,0.069,5.8536,-0.0492,4.7659,1.0,1.0,24.999,14.274
Car A,810,54.0,3,11.135,1,11.135,-0.035,-0.035,5.9995,0.0057,0.0207,1.0,0.0054,0.119,-14.266
Car B,810,54.0,3,25.401,1,24.659,2.313,0.044,5.8505,-0.0472,4.7839,1.0,1.0,24.999,14.266
Car A,811,54.0667,3,11.535,1,11.535,-0.035,-0.035,5.9993,-0.002,0.0197,1.0,0.0059,0.132,-14.263
Car B,811,54.0667,3,25.797,1,24.917,2.609,0.017,5.8476,-0.0439,4.7991,1.0,1.0,24.999,14.263
Car A,812,54.1333,3,11.935,1,11.935,-0.035,-0.035,5.9993,0.0004,0.0185,1.0,0.0065,0.143,-14.252
Car B,812,54.1333,3,26.187,1,25.158,2.918,-0.027,5.8448,-0.0422,4.812,1.0,1.0,24.999,14.252
Car A,813,54.2,3,12.335,1,12.335,-0.035,-0.035,5.9993,-0.0012,0.029,1.0,0.0059,0.158,-14.243
Car B,813,54.2,3,26.578,1,25.381,3.24,-0.049,5.8421,-0.0401,4.8218,1.0,1.0,24.999,14.243
Car A,814,54.2667,3,12.735,1,12.735,-0.035,-0.035,5.998,-0.0192,0.0325,1.0,0.0053,0.144,-14.223
Car B,814,54.2667,3,26.958,1,25.587,3.574,-0.108,5.8395,-0.0386,4.8308,1.0,1.0,24.999,14.223
Car A,815,54.3333,3,13.135,1,13.135,-0.034,-0.034,5.9975,-0.0076,0.0292,1.0,0.0043,0.13,-14.212
Car B,815,54.3333,3,27.347,1,25.773,3.918,-0.149,5.837,-0.0381,4.8353,1.0,1.0,24.999,14.212
Car A,816,54.4,3,13.534,1,13.535,-0.034,-0.034,5.9979,0.0057,0.0316,1.0,0.0024,0.106,-14.175
Car B,816,54.4,3,27.709,1,25.94,4.272,-0.198,5.8345,-0.037,4.8391,1.0,1.0,24.999,14.175
Car A,817,54.4667,3,13.934,1,13.934,-0.033,-0.033,5.9984,0.008,0.0147,1.0,-0.0001,0.06,-14.162
Car B,817,54.4667,3,28.096,1,26.087,4.635,-0.256,5.8321,-0.0354,4.8435,1.0,1.0,24.999,14.162
Car A,818,54.5333,3,14.334,1,14.334,-0.032,-0.032,5.9991,0.0101,-0.0075,1.0,-0.0023,0.001,-14.139
Car B,818,54.5333,3,28.474,1,26.214,5.005,-0.293,5.8298,-0.035,4.8464,1.0,1.0,24.999,14.139
Car A,819,54.6,3,14.734,1,14.734,-0.031,-0.031,5.9992,0.0014,0.0161,1.0,-0.012,-0.054,-14.089
Car B,819,54.6,3,28.823,1,26.32,5.381,-0.367,5.8275,-0.0342,4.8493,1.0,1.0,24.999,14.089
Car A,820,54.6667,3,15.134,1,15.135,-0.031,-0.031,6.0109,0.1765,-0.1221,1.0,-0.0134,-0.283,-14.076
Car B,820,54.6667,3,29.21,1,26.404,5.763,-0.422,5.8253,-0.0333,4.8507,1.0,1.0,24.999,14.076
Car A,821,54.7333,3,15.535,1,15.535,-0.031,-0.031,6.0051,-0.0874,-0.0485,1.0,-0.0402,-0.323,-14.028
Car B,821,54.7333,3,29.563,1,26.468,6.148,-0.468,5.8231,-0.0329,4.8521,1.0,1.0,24.999,14.028
Car A,822,54.8,3,15.935,1,15.936,-0.033,-0.033,6.0238,0.281,-0.4239,1.0,-0.0007,-0.996,-14.016
Car B,822,54.8,3,29.952,1,26.51,6.536,-0.51,5.821,-0.0322,4.8534,1.0,1.0,24.999,14.016
Car A,823,54.8667,3,16.337,1,16.337,-0.036,-0.036,6.0114,-0.1872,-0.1144,0.9227,-0.1081,-0.024,-14.005
Car B,823,54.8667,3,30.341,1,26.53,6.926,-0.53,5.8189,-0.0316,4.8543,1.0,1.0,24.999,14.005
Car A,824,54.9333,3,16.734,1,16.734,-0.043,-0.043,5.9288,-1.2382,-0.8365,0.8583,0.0662,-2.697,-13.998
Car B,824,54.9333,3,30.732,1,26.528,7.317,-0.528,5.8168,-0.031,4.8549,1.0,0.9161,24.999,13.998
Car A,825,55.0,3,17.125,1,17.125,-0.051,-0.051,5.8589,-1.0488,0.1254,1.0,0.4829,1.648,-13.996
Car B,825,55.0,3,31.121,1,26.505,7.706,-0.505,5.8157,-0.0171,4.8461,1.0,0.8282,22.906,13.996
Car A,826,55.0667,3,17.516,1,17.516,-0.049,-0.049,5.8552,-0.0552,1.1237,0.9472,-0.038,12.056,-13.993
Car B,826,55.0667,3,31.509,1,26.46,8.094,-0.46,5.8155,-0.003,4.8359,1.0,0.1722,20.707,13.993
Car A,827,55.1333,3,17.906,1,17.906,-0.041,-0.041,5.8523,-0.0435,0.1823,1.0,1.0,-0.929,-13.989
Car B,827,55.1333,3,31.895,1,26.402,8.48,-0.402,5.8608,0.6796,3.0654,1.0,-0.3738,4.33,13.989
Car A,828,55.2,3,18.295,1,18.295,-0.033,-0.033,5.8449,-0.1114,0.7608,1.0,0.764,24.961,-13.989
Car B,828,55.2,3,32.284,1,26.351,8.869,-0.351,5.8836,0.342,1.1952,1.0,-0.1475,-9.324,13.989
Car A,829,55.2667,3,18.684,1,18.685,-0.014,-0.014,5.836,-0.1327,1.7694,0.8433,-0.2414,19.108,-13.99
Car B,829,55.2667,3,32.674,1,26.31,9.259,-0.31,5.8889,0.0803,-0.1708,1.0,0.0393,-3.696,13.99
Car A,830,55.3333,3,19.072,1,19.072,0.013,0.013,5.8314,-0.0692,0.9565,1.0,1.0,-5.998,-13.994
Car B,830,55.3333,3,33.066,1,26.272,9.651,-0.272,5.9175,0.4278,0.3799,1.0,-0.1368,0.975,13.994
Car A,831,55.4,3,19.459,1,19.459,0.039,0.039,5.8145,-0.2535,1.0588,0.8552,0.0877,24.953,-14.0
Car B,831,55.4,3,33.459,1,26.234,10.044,-0.234,5.9193,0.0282,-0.5407,1.0,-0.1296,-3.414,14.0
Car A,832,55.4667,3,19.844,1,19.844,0.064,0.064,5.7856,-0.4335,-0.0285,1.0,1.0,2.228,-14.008
Car B,832,55.4667,3,33.853,1,26.208,10.438,-0.208,5.9326,0.1997,-1.2116,1.0,0.0114,-3.239,14.008
Car A,833,55.5333,3,20.235,1,20.228,0.095,0.077,5.7724,-0.1987,0.9214,1.0,1.0,24.966,-14.013
Car B,833,55.5333,3,34.248,1,26.183,10.833,-0.183,5.9395,0.1035,-0.0879,1.0,-0.1958,0.279,14.013
Car A,834,55.6,3,20.619,1,20.61,0.139,0.09,5.7577,-0.2197,1.9829,1.0,1.0,25.0,-14.024
Car B,834,55.6,3,34.643,1,26.157,11.228,-0.157,5.9379,-0.0241,-0.8026,1.0,-0.2147,-4.887,14.024
Car A,835,55.6667,3,21.02,1,20.989,0.199,0.109,5.7468,-0.1638,2.5973,1.0,1.0,25.0,-14.019
Car B,835,55.6667,3,35.038,1,26.144,11.623,-0.144,5.936,-0.0296,-1.6517,1.0,-0.0925,-5.366,14.019
Car A,836,55.7333,3,21.403,1,21.365,0.275,0.096,5.7369,-0.148,3.0861,1.0,1.0,25.0,-14.032
Car B,836,55.7333,3,35.435,1,26.136,12.02,-0.136,5.9507,0.2215,-0.8941,1.0,-0.1675,-2.318,14.032
Car A,837,55.8,3,21.786,1,21.737,0.369,0.101,5.728,-0.1338,3.468,1.0,1.0,25.0,-14.045
Car B,837,55.8,3,35.832,1,26.133,12.417,-0.133,5.9538,0.0462,-1.495,1.0,0.0216,-4.184,14.045
Car A,838,55.8667,3,22.185,1,22.103,0.481,0.078,5.7204,-0.1141,3.7663,1.0,1.0,25.0,-14.044
Car B,838,55.8667,3,36.229,1,26.133,12.814,-0.133,5.9565,0.0407,-0.3367,1.0,1.0,0.532,14.044
Car A,839,55.9333,3,22.567,1,22.463,0.612,0.061,5.7141,-0.0941,4.0001,1.0,1.0,25.0,-14.058
Car B,839,55.9333,3,36.625,1,26.122,13.21,-0.122,5.9511,-0.0808,0.5617,1.0,1.0,24.963,14.058
Car A,840,56.0,3,22.958,1,22.815,0.76,0.043,5.709,-0.0775,4.1806,1.0,1.0,24.999,-14.063
Car B,840,56.0,3,37.021,1,26.098,13.605,-0.098,5.9343,-0.2532,1.6957,1.0,1.0,25.0,14.063
Car A,841,56.0667,3,23.339,1,23.159,0.927,0.006,5.7048,-0.0633,4.3229,1.0,1.0,24.999,-14.075
Car B,841,56.0667,3,37.414,1,26.059,13.999,-0.059,5.921,-0.1984,2.4058,1.0,1.0,25.0,14.075
Car A,842,56.1333,3,23.721,1,23.494,1.113,-0.011,5.7013,-0.0514,4.4346,1.0,1.0,24.999,-14.083
Car B,842,56.1333,3,37.804,1,26.003,14.39,-0.034,5.9085,-0.188,2.9481,1.0,1.0,25.0,14.083
Car A,843,56.2,3,24.097,1,23.818,1.316,-0.06,5.6985,-0.042,4.5217,1.0,1.0,24.999,-14.098
Car B,843,56.2,3,38.196,1,25.93,14.778,0.009,5.897,-0.1718,3.3662,1.0,1.0,25.0,14.098
Car A,844,56.2667,3,24.478,1,24.13,1.536,-0.095,5.6963,-0.0329,4.5937,1.0,1.0,24.999,-14.115
Car B,844,56.2667,3,38.593,1,25.838,15.161,0.033,5.8869,-0.1519,3.6917,1.0,1.0,25.0,14.115
Car A,845,56.3333,3,24.841,1,24.429,1.773,-0.132,5.6945,-0.027,4.6483,1.0,1.0,24.999,-14.145
Car B,845,56.3333,3,38.986,1,25.729,15.539,0.052,5.8781,-0.1328,3.9502,1.0,1.0,25.0,14.145
Car A,846,56.4,3,25.219,1,24.715,2.027,-0.185,5.6931,-0.0211,4.6923,1.0,1.0,24.999,-14.172
Car B,846,56.4,3,39.391,1,25.6,15.911,0.076,5.8704,-0.1152,4.1453,1.0,1.0,25.0,14.172
Car A,847,56.4667,3,25.6,1,24.987,2.296,-0.216,5.692,-0.0165,4.7292,1.0,1.0,24.999,-14.184
Car B,847,56.4667,3,39.784,1,25.453,16.275,0.073,5.8637,-0.0998,4.2965,1.0,1.0,24.999,14.184
Car A,848,56.5333,3,25.942,1,25.242,2.579,-0.276,5.6912,-0.0129,4.7574,1.0,1.0,24.999,-14.234
Car B,848,56.5333,3,40.176,1,25.287,16.631,0.09,5.8579,-0.0876,4.413,1.0,1.0,24.999,14.234
Car A,849,56.6,3,26.321,1,25.482,2.877,-0.324,5.6905,-0.0103,4.7793,1.0,1.0,24.999,-14.261
Car B,849,56.6,3,40.582,1,25.103,16.977,0.075,5.8528,-0.077,4.5069,1.0,1.0,24.999,14.261
Car A,850,56.6667,3,26.646,1,25.704,3.187,-0.365,5.69,-0.0077,4.798,1.0,1.0,24.999,-14.329
Car B,850,56.6667,3,40.975,1,24.901,17.313,0.072,5.8482,-0.0689,4.5801,1.0,1.0,24.999,14.329
Car A,851,56.7333,3,27.022,1,25.908,3.51,-0.43,5.6896,-0.006,4.8112,1.0,1.0,24.999,-14.356
Car B,851,56.7333,3,41.378,1,24.681,17.638,0.06,5.8441,-0.0614,4.6388,1.0,1.0,24.999,14.356
Car A,852,56.8,3,27.401,1,26.094,3.844,-0.474,5.6893,-0.0047,4.8224,1.0,1.0,24.999,-14.368
Car B,852,56.8,3,41.769,1,24.444,17.95,0.037,5.8404,-0.0556,4.6858,1.0,1.0,24.999,14.368
Car A,853,56.8667,3,27.702,1,26.26,4.187,-0.529,5.6891,-0.003,4.8324,1.0,1.0,24.999,-14.464
Car B,853,56.8667,3,42.166,1,24.191,18.248,0.03,5.837,-0.0508,4.7197,1.0,1.0,24.999,14.464
Car A,854,56.9333,3,28.079,1,26.407,4.54,-0.59,5.6889,-0.0024,4.8397,1.0,1.0,24.999,-14.476
Car B,854,56.9333,3,42.555,1,23.921,18.532,-0.011,5.8339,-0.0468,4.7493,1.0,1.0,24.999,14.476
Car A,855,57.0,3,28.459,1,26.534,4.9,-0.629,5.6887,-0.0024,4.8446,1.0,1.0,24.999,-14.487
Car B,855,57.0,3,42.945,1,23.637,18.801,-0.031,5.831,-0.0431,4.7719,1.0,1.0,24.999,14.487
Car A,856,57.0667,3,28.734,1,26.64,5.267,-0.695,5.6887,-0.0011,4.8493,1.0,1.0,24.999,-14.594
Car B,856,57.0667,3,43.329,1,23.338,19.053,-0.071,5.8283,-0.0408,4.7919,1.0,1.0,24.999,14.594
Car A,857,57.1333,3,29.112,1,26.725,5.639,-0.751,5.6886,-0.0013,4.8525,1.0,1.0,24.999,-14.605
Car B,857,57.1333,3,43.718,1,23.027,19.289,-0.109,5.8257,-0.039,4.8046,1.0,1.0,24.999,14.605
Car A,858,57.2,3,29.431,1,26.788,6.016,-0.788,5.6886,-0.0005,4.8553,1.0,1.0,24.999,-14.656
Car B,858,57.2,3,44.087,1,22.702,19.507,-0.14,5.8233,-0.0361,4.8152,1.0,1.0,24.999,14.656
Car A,859,57.2667,3,29.81,1,26.83,6.395,-0.83,5.6885,-0.0005,4.8569,1.0,1.0,24.999,-14.663
Car B,859,57.2667,3,44.473,1,22.367,19.706,-0.196,5.8209,-0.0353,4.8241,1.0,1.0,24.999,14.663
Car A,860,57.3333,3,30.192,1,26.851,6.777,-0.851,5.6885,-0.0,4.8586,1.0,1.0,24.999,-14.671
Car B,860,57.3333,3,44.862,2,22.02,19.887,-0.23,5.8187,-0.0337,4.8314,1.0,1.0,24.999,14.671
Car A,861,57.4,3,30.574,1,26.849,7.159,-0.849,5.6885,-0.0002,4.8603,1.0,1.0,24.999,-14.637
Car B,861,57.4,3,45.211,2,21.665,20.048,-0.288,5.8165,-0.0332,4.838,1.0,1.0,24.999,14.637
Car A,862,57.4667,3,30.955,1,26.826,7.54,-0.826,5.6885,0.0002,4.861,1.0,1.0,24.999,-14.643
Car B,862,57.4667,3,45.597,2,21.301,20.189,-0.34,5.8144,-0.0315,4.8418,1.0,1.0,24.999,14.643
Car A,863,57.5333,3,31.334,1,26.781,7.919,-0.781,5.6885,-0.0,4.8624,1.0,0.93,24.999,-14.593
Car B,863,57.5333,3,45.927,2,20.93,20.309,-0.381,5.8123,-0.0308,4.8456,1.0,1.0,24.999,14.593
Car A,864,57.6,3,31.71,1,26.715,8.295,-0.715,5.6894,0.013,4.8555,1.0,0.5459,23.252,-14.6
Car B,864,57.6,3,46.31,2,20.553,20.409,-0.451,5.8103,-0.0307,4.8483,1.0,1.0,24.999,14.6
Car A,865,57.6667,3,32.085,1,26.632,8.67,-0.632,5.7437,0.8142,4.2177,1.0,0.2078,13.661,-14.613
Car B,865,57.6667,3,46.697,2,20.172,20.487,-0.499,5.8083,-0.0295,4.8509,1.0,1.0,24.999,14.613
Car A,866,57.7333,3,32.459,1,26.54,9.044,-0.54,5.7884,0.6715,2.5699,1.0,-0.1914,5.207,-14.585
Car B,866,57.7333,3,47.044,2,19.786,20.544,-0.544,5.8064,-0.029,4.8533,1.0,1.0,24.999,14.585
Car A,867,57.8,3,32.837,1,26.455,9.422,-0.455,5.8102,0.3263,0.8163,1.0,-0.2287,-4.77,-14.595
Car B,867,57.8,3,47.432,2,19.398,20.58,-0.58,5.8045,-0.0283,4.8527,1.0,1.0,24.999,14.595
Car A,868,57.8667,3,33.218,1,26.382,9.803,-0.382,5.8172,0.1047,-0.435,1.0,-0.2343,-5.715,-14.603
Car B,868,57.8667,3,47.821,2,19.009,20.594,-0.594,5.8026,-0.0276,4.8535,1.0,1.0,24.999,14.603
Car A,869,57.9333,3,33.601,1,26.321,10.186,-0.321,5.8176,0.0066,-1.3657,1.0,-0.2385,-5.856,-14.609
Car B,869,57.9333,3,48.21,2,18.62,20.586,-0.586,5.8008,-0.0274,4.8547,1.0,0.9606,24.999,14.609
Car A,870,58.0,3,33.986,1,26.273,10.571,-0.273,5.8337,0.2421,-1.9937,1.0,-0.1895,-5.962,-14.612
Car B,870,58.0,3,48.598,2,18.232,20.556,-0.556,5.7995,-0.0196,4.8505,1.0,0.5957,24.015,14.612
Car A,871,58.0667,3,34.376,1,26.234,10.961,-0.234,5.8954,0.9242,-1.7976,1.0,-0.1869,-4.739,-14.609
Car B,871,58.0667,3,48.985,2,17.845,20.506,-0.506,5.8378,0.5749,4.6338,1.0,-0.0698,14.906,14.609
Car A,872,58.1333,3,34.77,1,26.201,11.355,-0.201,5.9623,1.0047,-1.717,0.9834,-0.143,-4.673,-14.602
Car B,872,58.1333,3,49.372,2,17.458,20.445,-0.445,5.8764,0.5787,2.8757,1.0,-0.4017,-1.719,14.602
Car A,873,58.2,3,35.165,1,26.172,11.75,-0.172,5.9192,-0.6471,-1.3836,0.9641,-0.146,-3.575,-14.596
Car B,873,58.2,3,49.762,2,17.068,20.391,-0.391,5.8961,0.2956,1.039,1.0,-0.1929,-10.031,14.596
Car A,874,58.2667,3,35.558,1,26.149,12.143,-0.149,5.8904,-0.4322,-1.3586,0.8697,-0.1177,-3.637,-14.595
Car B,874,58.2667,3,50.153,2,16.677,20.348,-0.348,5.9005,0.0652,-0.3028,1.0,0.0547,-4.829,14.595
Car A,875,58.3333,3,35.943,1,26.13,12.528,-0.13,5.715,-2.6304,-1.0369,0.8716,-0.1044,-2.943,-14.601
Car B,875,58.3333,3,50.544,2,16.286,20.308,-0.308,5.909,0.1278,0.3989,1.0,-0.0921,1.358,14.601
Car A,876,58.4,3,36.317,1,26.114,12.902,-0.114,5.5396,-2.6308,-0.8666,1.0,1.0,-2.61,-14.619
Car B,876,58.4,3,50.936,2,15.894,20.266,-0.266,5.9136,0.0691,-0.4741,1.0,-0.0077,-2.296,14.619
Car A,877,58.4667,3,36.686,1,26.095,13.271,-0.095,5.543,0.05,0.0527,1.0,0.9983,24.958,-14.644
Car B,877,58.4667,3,51.33,2,15.5,20.229,-0.229,5.9758,0.9327,-0.0611,1.0,-0.1192,-0.196,14.644
Car A,878,58.5333,3,37.054,1,26.066,13.639,-0.066,5.5368,-0.0928,1.1812,1.0,0.1995,24.956,-14.673
Car B,878,58.5333,3,51.727,2,15.103,20.194,-0.194,5.9738,-0.0296,-0.9098,1.0,-0.064,-2.975,14.673
Car A,879,58.6,3,37.421,1,26.028,14.008,-0.028,5.5766,0.5975,0.7956,1.0,1.0,5.019,-14.704
Car B,879,58.6,3,52.124,2,14.706,20.166,-0.166,5.9625,-0.1689,-0.6399,1.0,-0.1297,-1.597,14.704
Car A,880,58.6667,3,37.791,1,25.98,14.376,-0.01,5.5677,-0.1333,1.564,1.0,1.0,24.97,-14.73
Car B,880,58.6667,3,52.521,2,14.309,20.141,-0.141,5.9626,0.0014,-1.2068,1.0,-0.0484,-3.239,14.73
Car A,881,58.7333,3,38.161,1,25.918,14.742,0.024,5.5534,-0.2143,2.479,1.0,1.0,25.0,-14.758
Car B,881,58.7333,3,52.919,2,13.911,20.12,-0.12,5.9705,0.1185,-0.4879,1.0,-0.1527,-1.208,14.758
Car A,882,58.8,3,38.538,1,25.839,15.104,0.046,5.5457,-0.1163,2.9741,1.0,1.0,25.0,-14.779
Car B,882,58.8,3,53.316,2,13.514,20.102,-0.102,5.9662,-0.0654,-1.183,1.0,-0.0441,-3.813,14.779
Car A,883,58.8667,3,38.908,1,25.742,15.462,0.057,5.539,-0.1009,3.3742,1.0,1.0,25.0,-14.806
Car B,883,58.8667,3,53.714,2,13.116,20.088,-0.088,5.9775,0.1695,-0.4247,1.0,-0.1277,-1.105,14.806
Car A,884,58.9333,3,39.278,1,25.628,15.814,0.085,5.5336,-0.0807,3.6797,1.0,1.0,25.0,-14.835
Car B,884,58.9333,3,54.113,2,12.717,20.078,-0.078,5.9756,-0.0273,-1.1503,1.0,0.0175,-3.188,14.835
Car A,885,59.0,3,39.662,1,25.496,16.161,0.077,5.5293,-0.0636,3.934,1.0,1.0,25.0,-14.849
Car B,885,59.0,3,54.511,2,12.319,20.069,-0.069,5.9769,0.0188,-0.0531,1.0,-0.1177,0.432,14.849
Car A,886,59.0667,3,40.032,1,25.345,16.499,0.087,5.5263,-0.0449,4.1223,1.0,1.0,24.999,-14.877
Car B,886,59.0667,3,54.909,2,11.921,20.059,-0.059,5.9749,-0.0299,-0.7519,1.0,-0.0102,-2.936,14.877
Car A,887,59.1333,3,40.418,1,25.177,16.829,0.089,5.5244,-0.0291,4.2778,1.0,1.0,24.999,-14.89
Car B,887,59.1333,3,55.308,2,11.522,20.053,-0.053,5.996,0.3163,-0.0916,1.0,-0.0904,-0.262,14.89
Car A,888,59.2,3,40.788,1,24.991,17.15,0.081,5.5232,-0.0173,4.3947,1.0,1.0,24.999,-14.919
Car B,888,59.2,3,55.707,2,11.123,20.049,-0.049,5.9906,-0.0815,-0.8474,1.0,0.0453,-2.256,14.919
Car A,889,59.2667,3,41.159,1,24.787,17.459,0.093,5.5229,-0.0052,4.491,1.0,1.0,24.999,-14.948
Car B,889,59.2667,3,56.107,2,10.723,20.045,-0.045,5.9926,0.0301,0.199,1.0,-0.087,1.126,14.948
Car A,890,59.3333,3,41.543,1,24.565,17.757,0.07,5.5231,0.0023,4.5663,1.0,1.0,24.999,-14.963
Car B,890,59.3333,3,56.506,2,10.324,20.039,-0.039,5.9897,-0.0424,-0.5231,1.0,0.0164,-2.171,14.963
Car A,891,59.4,3,41.914,1,24.328,18.041,0.066,5.5238,0.0107,4.6283,1.0,1.0,24.999,-14.991
Car B,891,59.4,3,56.906,2,9.925,20.037,-0.037,5.9949,0.0774,0.171,1.0,-0.08,0.403,14.991
Car A,892,59.4667,3,42.296,1,24.074,18.312,0.057,5.5249,0.0165,4.6776,1.0,1.0,24.999,-15.009
Car B,892,59.4667,3,57.305,2,9.525,20.035,-0.035,5.9914,-0.0525,-0.6929,1.0,0.0546,-1.996,15.009
Car A,893,59.5333,3,42.666,1,23.805,18.568,0.037,5.5262,0.0199,4.7158,1.0,1.0,24.999,-15.038
Car B,893,59.5333,3,57.705,2,9.126,20.035,-0.035,5.9925,0.0162,0.2622,1.0,-0.0522,1.36,15.038
Car A,894,59.6,3,43.037,1,23.522,18.808,0.038,5.5279,0.0253,4.748,1.0,1.0,24.999,-15.066
Car B,894,59.6,3,58.104,2,8.726,20.032,-0.032,5.9891,-0.05,-0.4413,1.0,0.0398,-1.301,15.066
Car A,895,59.6667,3,43.413,1,23.225,19.031,0.006,5.5297,0.0275,4.7728,1.0,1.0,24.999,-15.09
Car B,895,59.6667,3,58.503,2,8.327,20.03,-0.03,5.9902,0.016,0.3773,1.0,-0.0918,0.991,15.09
Car A,896,59.7333,3,43.785,1,22.916,19.237,-0.007,5.5317,0.0299,4.7945,1.0,1.0,24.999,-15.118
Car B,896,59.7333,3,58.903,2,7.928,20.028,-0.028,5.9902,-0.0001,-0.5541,1.0,0.0498,-2.29,15.118
Car A,897,59.8,3,44.154,1,22.595,19.425,-0.023,5.5339,0.0323,4.8114,1.0,1.0,24.999,-15.147
Car B,897,59.8,3,59.302,2,7.528,20.03,-0.03,5.9891,-0.016,0.2627,1.0,-0.0354,1.24,15.147
Car A,898,59.8667,3,44.525,1,22.264,19.594,-0.053,5.5359,0.031,4.8235,1.0,1.0,24.999,-15.176
Car B,898,59.8667,3,59.701,2,7.129,20.028,-0.028,5.9884,-0.0109,-0.3349,1.0,0.0436,-0.88,15.176
Car A,899,59.9333,3,44.897,2,21.923,19.743,-0.06,5.5382,0.0346,4.8333,1.0,1.0,24.999,-15.203
Car B,899,59.9333,3,60.1,2,6.73,20.027,-0.027,5.9902,0.0271,0.4239,1.0,-0.09,1.088,15.203
Car A,900,60.0,3,45.258,2,21.575,19.872,-0.096,5.5405,0.0334,4.8426,1.0,1.0,24.999,-15.242
Car B,900,60.0,3,60.5,2,6.33,20.026,-0.026,5.9907,0.0077,-0.5124,1.0,0.0523,-2.246,15.242
Car A,901,60.0667,3,45.629,2,21.219,19.981,-0.119,5.5427,0.0341,4.8482,1.0,1.0,24.999,-15.27
Car B,901,60.0667,3,60.899,2,5.931,20.028,-0.028,5.9897,-0.0157,0.2862,1.0,-0.029,1.301,15.27
Car A,902,60.1333,3,45.982,2,20.857,20.069,-0.136,5.545,0.0342,4.8538,1.0,1.0,24.999,-15.317
Car B,902,60.1333,3,61.298,2,5.532,20.028,-0.028,5.9868,-0.0438,-0.2981,1.0,0.0458,-0.718,15.317
Car A,903,60.2,3,46.352,2,20.49,20.136,-0.174,5.5473,0.0343,4.8573,1.0,1.0,24.999,-15.345
Car B,903,60.2,3,61.698,2,5.132,20.026,-0.026,5.9906,0.0579,0.4338,1.0,-0.0888,1.142,15.345
Car A,904,60.2667,3,46.725,2,20.12,20.181,-0.19,5.5495,0.0335,4.8605,1.0,1.0,24.999,-15.372
Car B,904,60.2667,3,62.097,2,4.733,20.026,-0.026,5.9903,-0.0051,-0.5143,1.0,0.0548,-2.214,15.372
Car A,905,60.3333,3,47.082,2,19.748,20.205,-0.205,5.5518,0.0333,4.8638,1.0,1.0,24.999,-15.414
Car B,905,60.3333,3,62.496,2,4.334,20.028,-0.028,5.9898,-0.0074,0.2891,1.0,-0.0269,1.364,15.414
Car A,906,60.4,3,47.455,2,19.375,20.207,-0.207,5.554,0.0339,4.866,1.0,1.0,24.999,-15.44
Car B,906,60.4,3,62.896,2,3.935,20.027,-0.027,5.9894,-0.0056,-0.2791,1.0,0.0462,-0.667,15.44
Car A,907,60.4667,3,47.828,2,19.002,20.187,-0.187,5.5562,0.0331,4.8679,1.0,0.4119,24.999,-15.467
Car B,907,60.4667,3,63.295,2,3.535,20.026,-0.026,6.0004,0.1641,0.4528,1.0,-0.0898,1.152,15.467
Car A,908,60.5333,3,48.201,2,18.629,20.153,-0.153,5.6285,1.084,3.3875,1.0,0.0146,10.32,-15.494
Car B,908,60.5333,3,63.695,2,3.135,20.025,-0.025,5.9994,-0.0138,-0.4921,1.0,0.0539,-2.239,15.494
Car A,909,60.6,3,48.576,2,18.254,20.119,-0.119,5.6592,0.4612,1.8128,1.0,-0.1399,0.38,-15.519
Car B,909,60.6,3,64.095,2,2.735,20.028,-0.028,5.9981,-0.0209,0.3169,1.0,-0.0387,1.343,15.519
Car A,910,60.6667,3,48.954,2,17.876,20.095,-0.095,5.6778,0.2788,0.2826,1.0,-0.1263,-3.491,-15.541
Car B,910,60.6667,3,64.495,2,2.335,20.028,-0.028,5.9931,-0.0745,-0.3667,1.0,0.0549,-0.962,15.541
Car A,911,60.7333,3,49.333,2,17.497,20.083,-0.083,5.6942,0.2454,-0.7679,1.0,-0.0592,-3.157,-15.561
Car B,911,60.7333,3,64.894,2,1.936,20.027,-0.027,5.9928,-0.0043,0.504,1.0,-0.0981,1.369,15.561
Car A,912,60.8,3,49.715,2,17.115,20.076,-0.076,5.7862,1.3804,-0.5356,1.0,-0.039,-1.482,-15.578
Car B,912,60.8,3,65.294,2,1.536,20.027,-0.027,5.9931,0.0047,-0.4296,1.0,0.0525,-2.446,15.578
Car A,913,60.8667,3,50.106,2,16.724,20.069,-0.069,5.9212,2.0249,-0.3737,1.0,-0.0244,-0.976,-15.587
Car B,913,60.8667,3,65.693,2,1.137,20.029,-0.029,5.9921,-0.0148,0.3253,1.0,-0.0537,1.305,15.587
Car A,914,60.9333,3,50.504,2,16.326,20.062,-0.062,5.9793,0.8707,-0.1473,1.0,-0.0285,-0.601,-15.589
Car B,914,60.9333,3,66.093,2,0.738,20.029,-0.029,5.9893,-0.0416,-0.444,1.0,0.0642,-1.338,15.589
Car A,915,61.0,3,50.902,2,15.928,20.055,-0.055,5.9918,0.1876,-0.2994,1.0,-0.0192,-0.707,-15.589
Car B,915,61.0,3,66.492,2,0.338,20.03,-0.03,5.9898,0.0074,0.4406,1.0,-0.0795,1.601,15.589
Car A,916,61.0667,3,51.302,2,15.529,20.049,-0.049,5.9846,-0.1079,-0.1298,1.0,-0.0257,-0.476,-15.59
Car B,916,61.0667,3,66.891,2,-0.061,20.03,-0.03,5.988,-0.0272,-0.4056,1.0,0.0599,-1.983,15.59
Car A,917,61.1333,3,51.7,2,15.13,20.044,-0.044,5.981,-0.0541,-0.1599,1.0,-0.0225,-0.617,-15.59
Car B,917,61.1333,3,67.29,2,-0.46,20.032,-0.032,5.9868,-0.0184,0.3683,1.0,-0.0506,1.493,15.59
Car A,918,61.2,3,52.1,2,14.731,20.039,-0.039,5.9869,0.0886,-0.133,1.0,-0.0233,-0.551,-15.59
Car B,918,61.2,3,67.689,2,-0.859,20.032,-0.032,5.9859,-0.013,-0.4075,1.0,0.0655,-1.261,15.59
Car A,919,61.2667,3,52.499,2,14.331,20.035,-0.035,5.9918,0.0741,-0.1066,1.0,-0.0256,-0.568,-15.589
Car B,919,61.2667,3,68.088,2,-1.258,20.033,-0.033,5.986,0.0009,0.4608,1.0,-0.0765,1.634,15.589
Car A,920,61.3333,3,52.898,2,13.932,20.031,-0.031,5.994,0.033,-0.0466,1.0,-0.0287,-0.619,-15.589
Car B,920,61.3333,3,68.487,2,-1.657,20.032,-0.032,5.9847,-0.0193,-0.3824,1.0,0.0603,-1.907,15.589
Car A,921,61.4,3,53.297,2,13.533,20.028,-0.028,5.9798,-0.2132,-0.23,1.0,-0.0164,-0.693,-15.589
Car B,921,61.4,3,68.886,2,-2.056,20.034,-0.034,5.9841,-0.0087,0.3644,1.0,-0.0453,1.501,15.589
Car A,922,61.4667,3,53.697,2,13.134,20.026,-0.026,5.9856,0.087,-0.1141,1.0,-0.0184,-0.407,-15.588
Car B,922,61.4667,3,69.285,2,-2.455,20.034,-0.034,5.9834,-0.0105,-0.401,1.0,0.0659,-1.128,15.588
Car A,923,61.5333,3,54.096,2,12.734,20.024,-0.024,5.9946,0.1354,-0.0826,1.0,-0.0197,-0.448,-15.588
Car B,923,61.5333,3,69.684,2,-2.854,20.035,-0.035,5.9835,0.001,0.4899,1.0,-0.0884,1.644,15.588
Car A,924,61.6,3,54.496,2,12.334,20.021,-0.021,5.9947,0.0008,-0.0913,1.0,-0.0193,-0.478,-15.587
Car B,924,61.6,3,70.083,2,-3.253,20.033,-0.033,5.983,-0.0072,-0.3896,1.0,0.0584,-2.204,15.587
Car A,925,61.6667,3,54.895,2,11.935,20.02,-0.02,5.992,-0.0399,-0.0961,1.0,-0.0175,-0.47,-15.586
Car B,925,61.6667,3,70.482,2,-3.651,20.035,-0.035,5.983,-0.0007,0.3651,1.0,-0.0517,1.455,15.586
Car A,926,61.7333,3,55.295,2,11.535,20.019,-0.019,5.9909,-0.0164,-0.1037,1.0,-0.0145,-0.429,-15.586
Car B,926,61.7333,3,70.88,2,-4.05,20.035,-0.035,5.9827,-0.0045,-0.4152,1.0,0.0657,-1.288,15.586
Car A,927,61.8,3,55.694,2,11.136,20.019,-0.019,5.9908,-0.0016,-0.0798,1.0,-0.0117,-0.356,-15.585
Car B,927,61.8,3,71.279,2,-4.449,20.035,-0.035,5.983,0.0045,0.4501,1.0,-0.0753,1.637,15.585
Car A,928,61.8667,3,56.094,2,10.737,20.019,-0.019,5.9922,0.0205,-0.0537,1.0,-0.0092,-0.289,-15.584
Car B,928,61.8667,3,71.678,2,-4.848,20.034,-0.034,5.9819,-0.0152,-0.3922,1.0,0.0601,-1.876,15.584
Car A,929,61.9333,3,56.493,2,10.337,20.019,-0.019,6.0023,0.1523,-0.0383,1.0,-0.0056,-0.226,-15.583
Car B,929,61.9333,3,72.077,2,-5.247,20.036,-0.036,5.9812,-0.0109,0.3747,1.0,-0.0545,1.498,15.583
Car A,930,62.0,3,56.894,2,9.936,20.02,-0.02,6.0019,-0.006,-0.0189,1.0,-0.0032,-0.139,-15.582
Car B,930,62.0,3,72.475,2,-5.645,20.035,-0.035,5.9809,-0.0043,-0.4215,1.0,0.0657,-1.358,15.582
Car A,931,62.0667,3,57.294,2,9.536,20.021,-0.021,5.9983,-0.0541,-0.0265,1.0,-0.0003,-0.08,-15.58
Car B,931,62.0667,3,72.874,2,-6.044,20.036,-0.036,5.9807,-0.0042,0.4374,1.0,-0.0716,1.638,15.58
Car A,932,62.1333,3,57.694,2,9.136,20.022,-0.022,6.0022,0.0588,-0.0001,1.0,-0.0003,-0.006,-15.579
Car B,932,62.1333,3,73.273,2,-6.443,20.035,-0.035,5.9803,-0.0046,-0.3991,1.0,0.0613,-1.784,15.579
Car A,933,62.2,3,58.094,2,8.736,20.022,-0.022,6.0009,-0.0198,0.0032,1.0,-0.0001,-0.008,-15.578
Car B,933,62.2,3,73.671,2,-6.841,20.036,-0.036,5.98,-0.0052,0.3777,1.0,-0.0551,1.526,15.578
Car A,934,62.2667,3,58.494,2,8.336,20.023,-0.023,6.001,0.0015,-0.0186,1.0,0.0015,-0.001,-15.576
Car B,934,62.2667,3,74.07,2,-7.24,20.036,-0.036,5.9803,0.0051,-0.408,1.0,0.0646,-1.374,15.576
Car A,935,62.3333,3,58.894,2,7.936,20.023,-0.023,6.0,-0.0158,-0.0057,1.0,0.0022,0.036,-15.575
Car B,935,62.3333,3,74.469,2,-7.638,20.036,-0.036,5.9799,-0.0067,0.4538,1.0,-0.0794,1.61,15.575
Car A,936,62.4,3,59.294,2,7.536,20.024,-0.024,6.0007,0.0112,0.0044,1.0,0.0025,0.052,-15.573
Car B,936,62.4,3,74.867,2,-8.037,20.035,-0.035,5.9798,-0.0017,-0.3874,1.0,0.059,-1.98,15.573
Car A,937,62.4667,3,59.694,2,7.136,20.025,-0.025,6.0017,0.0145,0.0233,1.0,0.0022,0.06,-15.572
Car B,937,62.4667,3,75.266,2,-8.436,20.037,-0.037,5.9795,-0.0042,0.3516,1.0,-0.0495,1.469,15.572
Car A,938,62.5333,3,60.094,2,6.736,20.025,-0.025,5.9999,-0.0268,0.0187,1.0,0.0022,0.053,-15.57
Car B,938,62.5333,3,75.664,2,-8.834,20.036,-0.036,5.9796,0.002,-0.4003,1.0,0.0642,-1.234,15.57
Car A,939,62.6,3,60.494,2,6.336,20.025,-0.025,5.9997,-0.003,0.0069,1.0,0.0027,0.053,-15.569
Car B,939,62.6,3,76.063,2,-9.233,20.036,-0.036,5.9808,0.0174,0.4688,1.0,-0.0851,1.601,15.569
Car A,940,62.6667,3,60.894,2,5.936,20.026,-0.026,6.0002,0.0077,-0.0109,1.0,0.0037,0.065,-15.567
Car B,940,62.6667,3,76.462,2,-9.632,20.035,-0.035,5.9795,-0.0191,-0.3967,1.0,0.0588,-2.121,15.567
Car A,941,62.7333,3,61.294,2,5.536,20.026,-0.026,6.0009,0.0101,0.0031,1.0,0.0037,0.089,-15.566
Car B,941,62.7333,3,76.86,2,-10.03,20.036,-0.036,5.9799,0.0061,0.3476,1.0,-0.0494,1.465,15.566
Car A,942,62.8,3,61.694,2,5.136,20.027,-0.027,5.9991,-0.0268,0.0105,1.0,0.003,0.089,-15.564
Car B,942,62.8,3,77.259,2,-10.429,20.036,-0.036,5.9808,0.0128,-0.4155,1.0,0.0653,-1.23,15.564
Car A,943,62.8667,3,62.094,2,4.736,20.027,-0.027,5.9989,-0.0028,0.0145,1.0,0.0021,0.073,-15.563
Car B,943,62.8667,3,77.658,2,-10.828,20.036,-0.036,5.9813,0.0084,0.4767,1.0,-0.0897,1.627,15.563
Car A,944,62.9333,3,62.494,2,4.336,20.027,-0.027,6.0008,0.0281,0.0039,1.0,0.0018,0.052,-15.562
Car B,944,62.9333,3,78.056,2,-11.226,20.034,-0.034,5.9811,-0.0039,-0.3845,1.0,0.0559,-2.236,15.562
Car A,945,63.0,3,62.894,2,3.936,20.027,-0.027,6.0002,-0.0086,0.0143,1.0,0.001,0.044,-15.561
Car B,945,63.0,3,78.455,2,-11.625,20.036,-0.036,5.9812,0.0015,0.3581,1.0,-0.057,1.393,15.561
Car A,946,63.0667,3,63.294,2,3.536,20.026,-0.026,6.0,-0.0038,0.0062,1.0,0.0005,0.025,-15.559
Car B,946,63.0667,3,78.854,2,-12.024,20.035,-0.035,5.981,-0.0027,-0.441,1.0,0.0658,-1.419,15.559
Car A,947,63.1333,3,63.695,2,3.136,20.026,-0.026,6.0001,0.0019,-0.013,1.0,0.0007,0.013,-15.558
Car B,947,63.1333,3,79.252,2,-12.422,20.036,-0.036,5.9809,-0.0012,0.4269,1.0,-0.0708,1.64,15.558
Car A,948,63.2,3,64.095,2,2.736,20.026,-0.026,6.0019,0.0279,0.024,1.0,-0.0009,0.018,-15.556
Car B,948,63.2,3,79.651,2,-12.821,20.035,-0.035,5.9801,-0.0126,-0.3909,1.0,0.06,-1.765,15.556
Car A,949,63.2667,3,64.495,2,2.335,20.026,-0.026,6.0028,0.0132,-0.0057,1.0,-0.0007,-0.02,-15.555
Car B,949,63.2667,3,80.05,2,-13.22,20.036,-0.036,5.9799,-0.0027,0.3759,1.0,-0.0572,1.494,15.555
Car A,950,63.3333,3,64.895,2,1.935,20.026,-0.026,6.0004,-0.0363,-0.0166,1.0,-0.0003,-0.018,-15.553
Car B,950,63.3333,3,80.448,2,-13.618,20.035,-0.035,5.9802,0.0041,-0.4273,1.0,0.0655,-1.425,15.553
Car A,951,63.4,3,65.295,2,1.535,20.025,-0.025,6.001,0.0087,-0.0058,1.0,-0.0009,-0.009,-15.552
Car B,951,63.4,3,80.847,2,-14.017,20.036,-0.036,5.9798,-0.006,0.4315,1.0,-0.0703,1.631,15.552
Car A,952,63.4667,3,65.695,2,1.135,20.025,-0.025,6.0004,-0.0081,0.0048,1.0,-0.0017,-0.021,-15.55
Car B,952,63.4667,3,81.245,2,-14.415,20.035,-0.035,5.9793,-0.0075,-0.3935,1.0,0.061,-1.753,15.55
Car A,953,63.5333,3,66.095,2,0.735,20.025,-0.025,6.0006,0.0022,-0.012,1.0,-0.0016,-0.04,-15.549
Car B,953,63.5333,3,81.644,2,-14.814,20.037,-0.037,5.9785,-0.0124,0.3894,1.0,-0.0585,1.519,15.549
Car A,954,63.6,3,66.495,2,0.335,20.025,-0.025,6.0009,0.0043,-0.0138,1.0,-0.0013,-0.038,-15.547
Car B,954,63.6,3,82.042,2,-15.212,20.036,-0.036,5.9785,0.0005,-0.4084,1.0,0.0347,-1.457,15.547
Car A,955,63.6667,3,66.895,2,-0.065,20.025,-0.025,6.0009,-0.0,-0.0022,1.0,-0.0016,-0.033,-15.546
Car B,955,63.6667,3,82.441,2,-15.611,20.037,-0.037,5.9826,0.0619,0.3279,1.0,-0.1122,0.862,15.546
Car A,956,63.7333,3,67.295,2,-0.465,20.025,-0.025,6.0011,0.0026,-0.0133,1.0,-0.0011,-0.038,-15.545
Car B,956,63.7333,3,82.84,2,-16.01,20.038,-0.038,5.9822,-0.0055,-0.5665,1.0,-0.0561,-2.8,15.545
Car A,957,63.8,3,67.696,2,-0.865,20.025,-0.025,6.0005,-0.0087,0.0299,1.0,-0.0022,-0.027,-15.543
Car B,957,63.8,3,83.238,2,-16.408,20.046,-0.046,5.9642,-0.2703,-0.4017,1.0,-0.0079,-1.381,15.543
Car A,958,63.8667,3,68.096,2,-1.265,20.025,-0.025,6.0007,0.0029,0.0028,1.0,-0.0014,-0.053,-15.542
Car B,958,63.8667,3,83.637,2,-16.807,20.051,-0.051,5.9955,0.4692,-0.074,1.0,-0.0416,-0.2,15.542
Car A,959,63.9333,3,68.496,2,-1.666,20.025,-0.025,6.0007,0.0003,-0.039,1.0,0.001,-0.035,-15.541
Car B,959,63.9333,3,84.036,2,-17.206,20.058,-0.058,5.9705,-0.3744,-0.4496,1.0,-0.1523,-1.02,15.541
Car A,960,64.0,3,68.895,2,-2.065,20.024,-0.024,5.9983,-0.036,0.0416,1.0,-0.0035,0.025,-15.539
Car B,960,64.0,3,84.434,2,-17.604,20.072,-0.072,5.9697,-0.0125,-1.1504,1.0,0.0667,-3.804,15.539
Car A,961,64.0667,3,69.295,2,-2.465,20.024,-0.024,6.0027,0.0655,-0.0089,1.0,-0.001,-0.083,-15.536
Car B,961,64.0667,3,84.832,2,-18.002,20.09,-0.09,5.9728,0.0462,-0.156,1.0,0.8535,1.659,15.536
Car A,962,64.1333,3,69.695,2,-2.865,20.024,-0.024,5.9982,-0.0666,-0.0347,1.0,0.0017,-0.026,-15.534
Car B,962,64.1333,3,85.229,2,-18.399,20.097,-0.097,5.969,-0.0562,0.6537,1.0,0.7465,21.307,15.534
Car A,963,64.2,3,70.095,2,-3.265,20.025,-0.025,5.9987,0.0079,-0.0241,1.0,0.0024,0.039,-15.531
Car B,963,64.2,3,85.627,2,-18.797,20.09,-0.09,5.9542,-0.2226,1.8178,1.0,1.0,18.667,15.531
Car A,964,64.2667,3,70.495,2,-3.665,20.025,-0.025,6.0008,0.0304,-0.001,1.0,0.0016,0.058,-15.528
Car B,964,64.2667,3,86.023,2,-19.193,20.067,-0.067,5.9409,-0.1992,2.4932,1.0,1.0,24.99,15.528
Car A,965,64.3333,3,70.896,2,-4.065,20.025,-0.025,6.001,0.0031,-0.0173,1.0,0.0007,0.039,-15.522
Car B,965,64.3333,3,86.417,2,-19.587,20.028,-0.028,5.9284,-0.1882,3.0153,1.0,1.0,25.0,15.522
Car A,966,64.4,3,71.296,2,-4.465,20.025,-0.025,5.9995,-0.0228,-0.002,1.0,-0.0023,0.018,-15.514
Car B,966,64.4,3,86.809,2,-19.979,19.971,0.029,5.9168,-0.1737,3.433,1.0,1.0,25.0,15.514
Car A,967,64.4667,3,71.696,2,-4.865,20.025,-0.025,6.0004,0.0138,-0.0118,1.0,-0.0034,-0.051,-15.509
Car B,967,64.4667,3,87.204,2,-20.367,19.896,0.075,5.9066,-0.1535,3.7482,1.0,1.0,25.0,15.509
Car A,968,64.5333,3,72.096,2,-5.266,20.025,-0.025,6.0007,0.0048,-0.0052,1.0,-0.006,-0.081,-15.498
Car B,968,64.5333,3,87.594,2,-20.751,19.802,0.138,5.8977,-0.1331,3.9836,1.0,1.0,25.0,15.498
Car A,969,64.6,3,72.496,2,-5.666,20.024,-0.024,6.0002,-0.0069,0.0085,1.0,-0.0091,-0.144,-15.516
Car B,969,64.6,3,88.012,2,-21.129,19.689,0.186,5.8899,-0.1162,4.176,1.0,1.0,25.0,15.516
Car A,970,64.6667,3,72.896,2,-6.066,20.024,-0.024,6.0013,0.0162,-0.023,1.0,-0.0096,-0.217,-15.508
Car B,970,64.6667,3,88.404,2,-21.5,19.557,0.227,5.8831,-0.1032,4.3191,1.0,1.0,24.999,15.508
Car A,971,64.7333,3,73.296,2,-6.466,20.024,-0.024,6.0043,0.0441,-0.0448,1.0,-0.0092,-0.233,-15.541
Car B,971,64.7333,3,88.837,2,-21.864,19.406,0.273,5.8771,-0.0899,4.4325,1.0,1.0,24.999,15.541
Car A,972,64.8,3,73.696,2,-6.866,20.024,-0.024,6.0056,0.0203,-0.041,1.0,-0.0082,-0.223,-15.534
Car B,972,64.8,3,89.23,3,-22.219,19.236,0.294,5.8718,-0.0795,4.5219,1.0,1.0,24.999,15.534
Car A,973,64.8667,3,74.097,2,-7.267,20.025,-0.025,6.006,0.0058,-0.054,1.0,-0.0067,-0.2,-15.525
Car B,973,64.8667,3,89.621,3,-22.565,19.048,0.336,5.867,-0.0714,4.5908,1.0,1.0,24.999,15.525
Car A,974,64.9333,3,74.497,2,-7.667,20.026,-0.026,6.0058,-0.0024,-0.0479,1.0,-0.0046,-0.165,-15.57
Car B,974,64.9333,3,90.068,3,-22.899,18.842,0.339,5.8627,-0.065,4.6475,1.0,1.0,24.999,15.57
Car A,975,65.0,3,74.898,2,-8.068,20.027,-0.027,6.0006,-0.0783,-0.0186,1.0,-0.004,-0.114,-15.562
Car B,975,65.0,3,90.46,3,-23.222,18.618,0.361,5.8587,-0.0591,4.6904,1.0,1.0,24.999,15.562
Car A,976,65.0667,3,75.298,2,-8.467,20.029,-0.029,5.9983,-0.0349,-0.0087,1.0,-0.0026,-0.099,-15.613
Car B,976,65.0667,3,90.91,3,-23.532,18.376,0.36,5.8551,-0.0544,4.7269,1.0,1.0,24.999,15.613
Car A,977,65.1333,3,75.698,2,-8.867,20.03,-0.03,6.0013,0.0456,-0.0043,1.0,-0.0005,-0.064,-15.605
Car B,977,65.1333,3,91.303,3,-23.828,18.119,0.363,5.8518,-0.0502,4.7543,1.0,1.0,24.999,15.605
Car A,978,65.2,3,76.098,2,-9.268,20.031,-0.031,6.0034,0.0304,-0.0321,1.0,0.0031,-0.015,-15.655
Car B,978,65.2,3,91.753,3,-24.11,17.846,0.359,5.8486,-0.048,4.7757,1.0,1.0,24.999,15.655
Car A,979,65.2667,3,76.498,2,-9.668,20.033,-0.033,6.0014,-0.0291,0.019,1.0,0.0026,0.074,-15.647
Car B,979,65.2667,3,92.145,3,-24.376,17.558,0.344,5.8456,-0.0438,4.7925,1.0,1.0,24.999,15.647
Car A,980,65.3333,3,76.898,2,-10.068,20.034,-0.034,6.0024,0.0144,0.0285,1.0,0.0029,0.063,-15.693
Car B,980,65.3333,3,92.591,3,-24.625,17.255,0.337,5.8428,-0.0427,4.8067,1.0,1.0,24.999,15.693
Car A,981,65.4,3,77.298,2,-10.468,20.035,-0.035,6.002,-0.006,0.0161,1.0,0.0052,0.071,-15.683
Car B,981,65.4,3,92.981,3,-24.858,16.94,0.303,5.8401,-0.0406,4.8158,1.0,1.0,24.999,15.683
Car A,982,65.4667,3,77.698,2,-10.868,20.036,-0.036,6.0008,-0.0179,0.0066,1.0,0.0077,0.125,-15.674
Car B,982,65.4667,3,93.373,3,-25.072,16.612,0.292,5.8375,-0.0384,4.8265,1.0,1.0,24.999,15.674
Car A,983,65.5333,3,78.098,2,-11.268,20.038,-0.038,6.0013,0.0076,-0.0054,1.0,0.0114,0.184,-15.709
Car B,983,65.5333,3,93.807,3,-25.269,16.274,0.244,5.835,-0.0386,4.833,1.0,1.0,24.999,15.709
Car A,984,65.6,3,78.498,2,-11.668,20.038,-0.038,5.9947,-0.0996,0.0619,1.0,0.0072,0.277,-15.699
Car B,984,65.6,3,94.197,3,-25.446,15.925,0.214,5.8326,-0.0355,4.8386,1.0,1.0,24.999,15.699
Car A,985,65.6667,3,78.898,2,-12.068,20.038,-0.038,6.0024,0.1159,0.0454,1.0,0.0064,0.176,-15.719
Car B,985,65.6667,3,94.618,3,-25.603,15.567,0.168,5.8302,-0.0359,4.8416,1.0,1.0,24.999,15.719
Car A,986,65.7333,3,79.298,2,-12.468,20.038,-0.038,6.0051,0.0405,0.0333,1.0,0.0071,0.156,-15.707
Car B,986,65.7333,3,95.006,3,-25.74,15.201,0.12,5.8279,-0.0347,4.8452,1.0,1.0,24.999,15.707
Car A,987,65.8,3,79.699,2,-12.869,20.038,-0.038,6.0031,-0.0297,0.0225,1.0,0.0082,0.172,-15.71
Car B,987,65.8,3,95.409,3,-25.857,14.827,0.078,5.8256,-0.034,4.8477,1.0,1.0,24.999,15.71
Car A,988,65.8667,3,80.099,2,-13.269,20.038,-0.038,6.0036,0.0069,0.021,1.0,0.0096,0.198,-15.695
Car B,988,65.8667,3,95.794,3,-25.953,14.449,0.012,5.8234,-0.0327,4.8495,1.0,1.0,24.999,15.695
Car A,989,65.9333,3,80.499,2,-13.669,20.038,-0.038,6.004,0.007,0.0292,1.0,0.01,0.233,-15.683
Car B,989,65.9333,3,96.182,3,-26.027,14.065,-0.032,5.8213,-0.0327,4.8504,1.0,1.0,24.999,15.683
Car A,990,66.0,3,80.899,2,-14.069,20.038,-0.038,6.0049,0.0134,0.035,1.0,0.0093,0.242,-15.667
Car B,990,66.0,3,96.567,3,-26.08,13.678,-0.08,5.8191,-0.032,4.8519,1.0,1.0,24.999,15.667
Car A,991,66.0667,3,81.3,2,-14.47,20.037,-0.037,6.0064,0.0219,0.0424,1.0,0.0074,0.228,-15.656
Car B,991,66.0667,3,96.956,3,-26.111,13.289,-0.111,5.8171,-0.031,4.8538,1.0,0.9388,24.999,15.656
Car A,992,66.1333,3,81.7,2,-14.87,20.036,-0.036,6.0065,0.0015,0.0372,1.0,0.0044,0.181,-15.645
Car B,992,66.1333,3,97.346,3,-26.121,12.899,-0.121,5.8156,-0.0212,4.8478,1.0,0.4952,23.472,15.645
Car A,993,66.2,3,82.101,2,-15.271,20.035,-0.035,6.0063,-0.003,0.0434,1.0,0.002,0.11,-15.636
Car B,993,66.2,3,97.737,3,-26.115,12.508,-0.115,5.8544,0.5809,4.0802,1.0,-0.0343,12.396,15.636
Car A,994,66.2667,3,82.501,2,-15.671,20.033,-0.033,6.0024,-0.0578,0.0251,1.0,-0.0003,0.05,-15.628
Car B,994,66.2667,3,98.129,3,-26.101,12.116,-0.101,5.886,0.4745,2.4027,1.0,-0.1734,-0.838,15.628
Car A,995,66.3333,3,82.901,2,-16.071,20.031,-0.031,5.9982,-0.0635,0.0363,1.0,0.0319,-0.006,-15.621
Car B,995,66.3333,3,98.523,3,-26.096,11.723,-0.096,5.9027,0.25,0.6658,1.0,0.0799,-4.328,15.621
Car A,996,66.4,3,83.301,2,-16.471,20.027,-0.027,6.0081,0.1488,0.3143,1.0,-0.0112,0.792,-15.616
Car B,996,66.4,3,98.917,3,-26.094,11.328,-0.094,5.9331,0.456,0.7685,1.0,0.0556,1.987,15.616
Car A,997,66.4667,3,83.702,2,-16.872,20.025,-0.025,6.0148,0.1003,-0.2115,1.0,0.0307,-0.261,-15.611
Car B,997,66.4667,3,99.313,3,-26.089,10.932,-0.089,5.9474,0.2143,0.5983,1.0,-0.004,1.374,15.611
Car A,998,66.5333,3,84.102,2,-17.272,20.021,-0.021,5.9902,-0.3687,0.1286,0.8579,-0.0345,0.755,-15.608
Car B,998,66.5333,3,99.71,3,-26.086,10.535,-0.086,5.9855,0.5714,-0.0699,1.0,0.0746,-0.086,15.608
Car A,999,66.6,3,84.495,2,-17.665,20.019,-0.019,5.8372,-2.2949,-0.2485,0.8424,0.0362,-0.859,-15.615
Car B,999,66.6,3,100.11,3,-26.081,10.136,-0.081,5.9953,0.1476,0.714,1.0,-0.0831,1.863,15.615
Car A,1000,66.6667,3,84.878,2,-18.048,20.016,-0.016,5.6942,-2.1448,0.2499,1.0,1.0,0.902,-15.631
Car B,1000,66.6667,3,100.509,3,-26.075,9.736,-0.075,5.9957,0.0055,-0.32,1.0,-0.0397,-2.072,15.631
Car A,1001,66.7333,3,85.258,2,-18.427,20.005,-0.005,5.692,-0.0339,0.9151,1.0,0.3943,24.964,-15.651
Car B,1001,66.7333,3,100.909,3,-26.076,9.336,-0.076,5.9751,-0.309,-0.2983,1.0,-0.0062,-0.977,15.651
Car A,1002,66.8,3,85.636,2,-18.806,19.98,0.02,5.6836,-0.1262,1.8919,1.0,1.0,9.879,-15.672
Car B,1002,66.8,3,101.308,3,-26.075,8.937,-0.075,5.9867,0.1751,-0.1989,1.0,-0.1958,-0.16,15.672
Car A,1003,66.8667,3,86.013,2,-19.183,19.941,0.059,5.6738,-0.1461,2.556,0.6708,-0.1463,24.976,-15.694
Car B,1003,66.8667,3,101.707,3,-26.079,8.538,-0.079,5.9854,-0.0203,-0.9091,1.0,-0.0448,-4.888,15.694
Car A,1004,66.9333,3,86.387,2,-19.557,19.893,0.107,5.6591,-0.2207,1.5995,0.4199,-0.6389,-3.615,-15.719
Car B,1004,66.9333,3,102.106,3,-26.089,8.139,-0.089,6.0016,0.2439,-0.427,1.0,0.3984,-1.126,15.719
Car A,1005,67.0,3,86.757,2,-19.926,19.853,0.147,5.5291,-1.9496,0.1938,0.7199,-0.0866,-15.953,-15.75
Car B,1005,67.0,3,102.506,3,-26.092,7.739,-0.092,6.0011,-0.0087,0.5652,1.0,0.3765,9.942,15.75
Car A,1006,67.0667,3,87.133,2,-20.289,19.82,0.157,5.4093,-1.7982,-0.2938,1.0,1.0,-2.185,-15.774
Car B,1006,67.0667,3,102.906,3,-26.083,7.339,-0.083,5.9948,-0.0933,1.4901,1.0,0.3521,9.414,15.774
Car A,1007,67.1333,3,87.493,2,-20.648,19.786,0.163,5.4099,0.01,0.3722,1.0,1.0,24.959,-15.812
Car B,1007,67.1333,3,103.305,3,-26.059,6.94,-0.059,5.9875,-0.1099,2.208,1.0,1.0,8.804,15.812
Car A,1008,67.2,3,87.88,2,-21.006,19.74,0.165,5.4046,-0.0806,1.4385,1.0,1.0,25.0,-15.822
Car B,1008,67.2,3,103.702,3,-26.019,6.543,-0.019,5.9744,-0.1974,2.7666,1.0,1.0,24.974,15.822
Car A,1009,67.2667,3,88.24,2,-21.361,19.68,0.141,5.3991,-0.0825,2.1243,1.0,1.0,25.0,-15.857
Car B,1009,67.2667,3,104.097,3,-25.962,6.148,0.038,5.961,-0.2003,3.2591,1.0,1.0,25.0,15.857
Car A,1010,67.3333,3,88.6,2,-21.713,19.603,0.133,5.393,-0.091,2.6866,1.0,1.0,25.0,-15.896
Car B,1010,67.3333,3,104.496,3,-25.887,5.757,0.093,5.9496,-0.1705,3.617,1.0,1.0,25.0,15.896
Car A,1011,67.4,3,88.98,2,-22.061,19.51,0.102,5.3877,-0.0796,3.1245,1.0,1.0,25.0,-15.909
Car B,1011,67.4,3,104.889,3,-25.794,5.371,0.156,5.9396,-0.1502,3.8959,1.0,1.0,25.0,15.909
Car A,1012,67.4667,3,89.339,3,-22.405,19.399,0.073,5.3833,-0.0655,3.4853,1.0,1.0,25.0,-15.974
Car B,1012,67.4667,3,105.313,3,-25.682,4.99,0.221,5.9309,-0.1309,4.1015,1.0,1.0,25.0,15.974
Car A,1013,67.5333,3,89.709,3,-22.742,19.271,0.055,5.3802,-0.0461,3.768,1.0,1.0,25.0,-15.999
Car B,1013,67.5333,3,105.708,3,-25.551,4.615,0.261,5.9232,-0.1157,4.2624,1.0,1.0,25.0,15.999
Car A,1014,67.6,3,90.066,3,-23.071,19.125,0.007,5.3784,-0.0278,3.9949,1.0,1.0,24.999,-16.034
Car B,1014,67.6,3,106.1,3,-25.4,4.248,0.321,5.9163,-0.1028,4.3895,1.0,1.0,24.999,16.034
Car A,1015,67.6667,3,90.426,3,-23.393,18.961,-0.021,5.3778,-0.0088,4.1666,1.0,1.0,24.999,-16.12
Car B,1015,67.6667,3,106.546,3,-25.232,3.89,0.341,5.9102,-0.0917,4.4881,1.0,1.0,24.999,16.12
Car A,1016,67.7333,3,90.78,3,-23.704,18.779,-0.058,5.3782,0.0055,4.3091,1.0,1.0,24.999,-16.16
Car B,1016,67.7333,3,106.94,3,-25.044,3.541,0.38,5.9047,-0.083,4.5639,1.0,1.0,24.999,16.16
Car A,1017,67.8,3,91.139,3,-24.005,18.579,-0.102,5.3794,0.0184,4.4182,1.0,1.0,24.999,-16.258
Car B,1017,67.8,3,107.397,3,-24.839,3.203,0.394,5.8997,-0.0751,4.6253,1.0,1.0,24.999,16.258
Car A,1018,67.8667,3,91.499,3,-24.295,18.363,-0.126,5.3813,0.0287,4.5084,1.0,1.0,24.999,-16.292
Car B,1018,67.8667,3,107.792,3,-24.616,2.877,0.414,5.8951,-0.0689,4.6728,1.0,1.0,24.999,16.292
Car A,1019,67.9333,3,91.837,3,-24.572,18.13,-0.177,5.3838,0.0375,4.5812,1.0,1.0,24.999,-16.417
Car B,1019,67.9333,3,108.254,3,-24.375,2.563,0.422,5.8908,-0.0641,4.712,1.0,1.0,24.999,16.417
Car A,1020,68.0,3,92.197,3,-24.834,17.881,-0.215,5.3868,0.0452,4.6415,1.0,1.0,24.999,-16.452
Car B,1020,68.0,3,108.649,3,-24.119,2.263,0.423,5.8869,-0.0594,4.7421,1.0,1.0,24.999,16.452
Car A,1021,68.0667,3,92.521,3,-25.082,17.618,-0.242,5.3902,0.05,4.6871,1.0,1.0,24.999,-16.59
Car B,1021,68.0667,3,109.111,3,-23.846,1.978,0.425,5.8831,-0.0564,4.767,1.0,1.0,24.999,16.59
Car A,1022,68.1333,3,92.88,3,-25.315,17.339,-0.295,5.3938,0.0546,4.7245,1.0,1.0,24.999,-16.625
Car B,1022,68.1333,3,109.505,3,-23.559,1.708,0.406,5.8796,-0.0532,4.7859,1.0,1.0,24.999,16.625
Car A,1023,68.2,3,93.241,3,-25.53,17.048,-0.326,5.3978,0.0593,4.7558,1.0,1.0,24.999,-16.722
Car B,1023,68.2,3,109.963,3,-23.257,1.454,0.403,5.8762,-0.0501,4.7997,1.0,1.0,24.999,16.722
Car A,1024,68.2667,3,93.549,3,-25.729,16.744,-0.361,5.4017,0.0598,4.782,1.0,1.0,24.999,-16.806
Car B,1024,68.2667,3,110.355,3,-22.942,1.217,0.366,5.873,-0.0487,4.8113,1.0,1.0,24.999,16.806
Car A,1025,68.3333,3,93.909,3,-25.909,16.428,-0.406,5.4059,0.0623,4.8001,1.0,1.0,24.999,-16.839
Car B,1025,68.3333,3,110.749,3,-22.615,0.998,0.35,5.8698,-0.0469,4.8206,1.0,1.0,24.999,16.839
Car A,1026,68.4,3,94.272,3,-26.07,16.102,-0.431,5.4102,0.0642,4.8172,1.0,1.0,24.999,-16.922
Car B,1026,68.4,3,111.194,3,-22.277,0.798,0.304,5.8668,-0.0455,4.8278,1.0,1.0,24.999,16.922
Car A,1027,68.4667,3,94.565,3,-26.211,15.767,-0.471,5.4145,0.0642,4.8298,1.0,1.0,24.999,-17.021
Car B,1027,68.4667,3,111.586,3,-21.928,0.616,0.27,5.8638,-0.0447,4.8347,1.0,1.0,24.999,17.021
Car A,1028,68.5333,3,94.927,3,-26.333,15.424,-0.509,5.4188,0.0649,4.8398,1.0,1.0,24.999,-17.09
Car B,1028,68.5333,3,112.017,3,-21.57,0.454,0.222,5.861,-0.0422,4.8383,1.0,1.0,24.999,17.09
Car A,1029,68.6,3,95.291,3,-26.434,15.074,-0.525,5.4231,0.0645,4.8488,1.0,1.0,24.999,-17.115
Car B,1029,68.6,3,112.406,3,-21.203,0.312,0.17,5.8582,-0.0421,4.842,1.0,1.0,24.999,17.115
Car A,1030,68.6667,3,95.57,3,-26.514,14.718,-0.568,5.4273,0.0637,4.8551,1.0,1.0,24.999,-17.248
Car B,1030,68.6667,3,112.818,3,-20.83,0.19,0.125,5.8555,-0.0409,4.8453,1.0,1.0,24.999,17.248
Car A,1031,68.7333,3,95.934,3,-26.573,14.357,-0.599,5.4316,0.0642,4.8594,1.0,1.0,24.999,-17.271
Car B,1031,68.7333,3,113.205,3,-20.45,0.09,0.054,5.8528,-0.0407,4.8473,1.0,1.0,24.999,17.271
Car A,1032,68.8,3,96.251,3,-26.61,13.994,-0.61,5.4358,0.063,4.8639,1.0,1.0,24.999,-17.343
Car B,1032,68.8,3,113.594,3,-20.066,0.01,0.005,5.8502,-0.0382,4.8487,1.0,0.9157,24.999,17.343
Car A,1033,68.8667,3,96.616,3,-26.626,13.629,-0.626,5.44,0.0623,4.8667,1.0,1.0,24.999,-17.366
Car B,1033,68.8667,3,113.983,3,-19.678,-0.048,-0.048,5.8485,-0.0259,4.8417,1.0,1.0,22.896,17.366
Car A,1034,68.9333,3,96.982,3,-26.62,13.263,-0.62,5.4441,0.0617,4.8695,1.0,1.0,24.999,-17.391
Car B,1034,68.9333,3,114.373,3,-19.287,-0.084,-0.084,5.8458,-0.0396,4.8555,1.0,1.0,24.996,17.391
Car A,1035,69.0,3,97.347,3,-26.592,12.898,-0.592,5.4482,0.0613,4.871,1.0,1.0,24.999,-17.418
Car B,1035,69.0,3,114.765,3,-18.895,-0.099,-0.099,5.8433,-0.0374,4.852,1.0,0.5807,24.999,17.418
Car A,1036,69.0667,3,97.71,3,-26.542,12.535,-0.542,5.4522,0.0601,4.8722,1.0,0.655,24.999,-17.448
Car B,1036,69.0667,3,115.159,3,-18.502,-0.094,-0.094,5.8877,0.6656,4.5617,1.0,-0.3782,14.532,17.448
Car A,1037,69.1333,3,98.072,3,-26.473,12.173,-0.473,5.5078,0.8348,4.587,1.0,-0.0648,16.387,-17.481
Car B,1037,69.1333,3,115.553,3,-18.107,-0.08,-0.08,5.9168,0.4362,3.0477,1.0,-0.4758,-9.419,17.481
Car A,1038,69.2,3,98.434,3,-26.393,11.811,-0.393,5.5562,0.7256,2.9571,1.0,-0.2398,-1.591,-17.515
Car B,1038,69.2,3,115.949,3,-17.712,-0.072,-0.072,5.9355,0.2801,0.9198,1.0,-0.0106,-11.891,17.515
Car A,1039,69.2667,3,98.799,3,-26.32,11.446,-0.32,5.5863,0.4511,1.1387,1.0,-0.2565,-5.988,-17.546
Car B,1039,69.2667,3,116.345,3,-17.316,-0.072,-0.072,5.9427,0.1077,-0.0127,1.0,0.0792,-0.282,17.546
Car A,1040,69.3333,3,99.167,3,-26.258,11.078,-0.258,5.5977,0.1719,-0.1498,1.0,-0.2656,-6.411,-17.574
Car B,1040,69.3333,3,116.741,3,-16.919,-0.072,-0.072,5.9529,0.1543,0.7172,1.0,-0.0441,1.976,17.574
Car A,1041,69.4,3,99.537,3,-26.207,10.708,-0.207,5.6037,0.0903,-1.1067,1.0,-0.2689,-6.64,-17.601
Car B,1041,69.4,3,117.138,3,-16.522,-0.071,-0.071,5.9574,0.0663,-0.2838,1.0,0.0774,-1.097,17.601
Car A,1042,69.4667,3,99.909,3,-26.17,10.336,-0.17,5.6173,0.2026,-1.8388,1.0,-0.2611,-6.721,-17.626
Car B,1042,69.4667,3,117.535,3,-16.125,-0.071,-0.071,5.9592,0.0275,0.5109,1.0,-0.0324,1.931,17.626
Car A,1043,69.5333,3,100.285,3,-26.145,9.96,-0.145,5.6791,0.9283,-2.1161,1.0,-0.2215,-6.528,-17.647
Car B,1043,69.5333,3,117.933,3,-15.728,-0.07,-0.07,5.9673,0.1222,-0.2888,1.0,0.0687,-0.804,17.647
Car A,1044,69.6,3,100.668,3,-26.128,9.578,-0.128,5.7746,1.4312,-1.8659,1.0,-0.1184,-5.539,-17.663
Car B,1044,69.6,3,118.331,3,-15.33,-0.068,-0.068,5.9702,0.0435,0.563,1.0,-0.1432,1.712,17.663
Car A,1045,69.6667,3,101.055,3,-26.113,9.19,-0.113,5.8454,1.0622,-1.1183,1.0,-0.1044,-2.952,-17.673
Car B,1045,69.6667,3,118.729,3,-14.932,-0.066,-0.066,5.9703,0.001,-0.3778,1.0,0.0548,-3.572,17.673
Car A,1046,69.7333,3,101.448,3,-26.098,8.798,-0.098,5.9058,0.9057,-1.0027,0.8666,-0.0393,-2.604,-17.679
Car B,1046,69.7333,3,119.127,3,-14.534,-0.066,-0.066,5.972,0.0248,0.3621,1.0,-0.117,1.362,17.679
Car A,1047,69.8,3,101.835,3,-26.083,8.41,-0.083,5.755,-2.262,-0.3577,0.8924,-0.1045,-0.984,-17.69
Car B,1047,69.8,3,119.525,3,-14.136,-0.065,-0.065,5.972,0.0002,-0.489,1.0,0.0705,-2.917,17.69
Car A,1048,69.8667,3,102.214,3,-26.072,8.031,-0.072,5.6372,-1.7658,-0.8732,1.0,1.0,-2.608,-17.709
Car B,1048,69.8667,3,119.923,3,-13.737,-0.068,-0.068,5.9724,0.0065,0.297,1.0,-0.0086,1.755,17.709
Car A,1049,69.9333,3,102.589,3,-26.059,7.656,-0.059,5.6402,0.0446,0.035,1.0,0.9152,24.958,-17.732
Car B,1049,69.9333,3,120.322,3,-13.339,-0.066,-0.066,5.9947,0.3339,0.0062,1.0,0.0341,-0.204,17.732
Car A,1050,70.0,3,102.965,3,-26.037,7.28,-0.037,5.635,-0.078,1.1554,1.0,0.1231,22.882,-17.756
Car B,1050,70.0,3,120.721,3,-12.939,-0.063,-0.063,5.985,-0.1456,0.3722,1.0,-0.0921,0.838,17.756
Car A,1051,70.0667,3,103.34,3,-26.008,6.905,-0.008,5.652,0.2544,0.5696,1.0,0.9612,3.108,-17.78
Car B,1051,70.0667,3,121.12,3,-12.54,-0.063,-0.063,5.9835,-0.0212,-0.6104,1.0,0.0738,-2.298,17.78
Car A,1052,70.1333,3,103.714,3,-25.971,6.531,0.029,5.642,-0.1495,1.3032,0.9345,-0.0004,23.997,-17.805
Car B,1052,70.1333,3,121.519,3,-12.141,-0.066,-0.066,5.9831,-0.0068,0.2475,1.0,-0.0137,1.838,17.805
Car A,1053,70.2,3,104.088,3,-25.93,6.158,0.07,5.6371,-0.0737,0.8404,1.0,1.0,0.027,-17.831
Car B,1053,70.2,3,121.918,3,-11.742,-0.065,-0.065,6.0025,0.2907,-0.1473,1.0,0.0484,-0.329,17.831
Car A,1054,70.2667,3,104.468,3,-25.887,5.785,0.096,5.622,-0.2262,1.0434,1.0,1.0,24.962,-17.85
Car B,1054,70.2667,3,122.318,3,-11.342,-0.062,-0.062,6.0119,0.1408,0.4804,1.0,-0.1338,1.206,17.85
Car A,1055,70.3333,3,104.842,3,-25.831,5.415,0.123,5.6101,-0.1792,2.0123,1.0,1.0,25.0,-17.877
Car B,1055,70.3333,3,122.719,3,-10.941,-0.061,-0.061,6.0111,-0.0112,-0.5108,1.0,0.0622,-3.337,17.877
Car A,1056,70.4,3,105.239,3,-25.759,5.048,0.159,5.6014,-0.13,2.6181,1.0,1.0,25.0,-17.881
Car B,1056,70.4,3,123.12,3,-10.541,-0.063,-0.063,6.0097,-0.0204,0.2832,1.0,-0.0438,1.547,17.881
Car A,1057,70.4667,3,105.613,3,-25.67,4.684,0.161,5.5935,-0.1189,3.0869,1.0,1.0,25.0,-17.907
Car B,1057,70.4667,3,123.52,3,-10.14,-0.062,-0.062,6.001,-0.1306,-0.4021,1.0,0.0613,-1.089,17.907
Car A,1058,70.5333,3,105.987,3,-25.564,4.326,0.18,5.5864,-0.106,3.4625,1.0,1.0,25.0,-17.934
Car B,1058,70.5333,3,123.92,3,-9.74,-0.062,-0.062,5.9994,-0.0244,0.5077,1.0,-0.1647,1.527,17.934
Car A,1059,70.6,3,106.39,3,-25.441,3.973,0.179,5.5807,-0.0854,3.7553,1.0,1.0,25.0,-17.93
Car B,1059,70.6,3,124.32,3,-9.34,-0.061,-0.061,5.9989,-0.0081,-0.4221,1.0,0.0547,-4.11,17.93
Car A,1060,70.6667,3,106.763,3,-25.299,3.627,0.178,5.5762,-0.0678,3.9907,1.0,1.0,25.0,-17.957
Car B,1060,70.6667,3,124.72,3,-8.94,-0.062,-0.062,5.9984,-0.0077,0.3405,1.0,-0.0806,1.359,17.957
Car A,1061,70.7333,3,107.166,3,-25.139,3.289,0.183,5.5729,-0.05,4.1699,1.0,1.0,24.999,-17.953
Car B,1061,70.7333,3,125.12,3,-8.54,-0.062,-0.062,5.9962,-0.0325,-0.4623,1.0,0.0652,-2.009,17.953
Car A,1062,70.8,3,107.54,3,-24.961,2.961,0.163,5.5705,-0.0355,4.3111,1.0,1.0,24.999,-17.98
Car B,1062,70.8,3,125.519,3,-8.141,-0.064,-0.064,5.9937,-0.0379,0.355,1.0,-0.0668,1.623,17.98
Car A,1063,70.8667,3,107.913,3,-24.766,2.642,0.163,5.5689,-0.0233,4.4236,1.0,1.0,24.999,-18.006
Car B,1063,70.8667,3,125.919,3,-7.741,-0.064,-0.064,5.9918,-0.0274,-0.408,1.0,0.0648,-1.664,18.006
Car A,1064,70.9333,3,108.312,3,-24.553,2.335,0.139,5.568,-0.0134,4.5154,1.0,1.0,24.999,-18.007
Car B,1064,70.9333,3,126.318,3,-7.342,-0.066,-0.066,5.9899,-0.0297,0.3897,1.0,-0.0774,1.616,18.007
Car A,1065,71.0,3,108.685,3,-24.323,2.041,0.123,5.5677,-0.0054,4.5885,1.0,1.0,24.999,-18.032
Car B,1065,71.0,3,126.717,3,-6.943,-0.066,-0.066,5.9877,-0.0332,-0.4037,1.0,0.0665,-1.929,18.032
Car A,1066,71.0667,3,109.077,3,-24.077,1.759,0.109,5.5678,0.0024,4.6433,1.0,1.0,24.999,-18.039
Car B,1066,71.0667,3,127.116,3,-6.544,-0.068,-0.068,5.9868,-0.0125,0.3653,1.0,-0.0598,1.658,18.039
Car A,1067,71.1333,3,109.45,3,-23.816,1.492,0.076,5.5684,0.0076,4.6888,1.0,1.0,24.999,-18.066
Car B,1067,71.1333,3,127.516,3,-6.145,-0.068,-0.068,5.9856,-0.0176,-0.3954,1.0,0.0695,-1.49,18.066
Car A,1068,71.2,3,109.823,3,-23.539,1.24,0.064,5.5691,0.0115,4.7275,1.0,1.0,24.999,-18.091
Car B,1068,71.2,3,127.914,3,-5.746,-0.07,-0.07,5.9842,-0.0218,0.4189,1.0,-0.09,1.731,18.091
Car A,1069,71.2667,3,110.205,3,-23.249,1.005,0.025,5.5702,0.0154,4.7567,1.0,1.0,24.999,-18.108
Car B,1069,71.2667,3,128.313,3,-5.347,-0.069,-0.069,5.9831,-0.017,-0.3871,1.0,0.0685,-2.244,18.108
Car A,1070,71.3333,3,110.578,3,-22.945,0.786,-0.003,5.5714,0.0183,4.7798,1.0,1.0,24.999,-18.134
Car B,1070,71.3333,3,128.712,3,-4.948,-0.072,-0.072,5.9827,-0.0055,0.3625,1.0,-0.0542,1.706,18.134
Car A,1071,71.4,3,110.949,3,-22.629,0.585,-0.027,5.5727,0.0205,4.7987,1.0,1.0,24.999,-18.162
Car B,1071,71.4,3,129.111,3,-4.549,-0.072,-0.072,5.9824,-0.0046,-0.3903,1.0,0.0716,-1.349,18.162
Car A,1072,71.4667,3,111.321,3,-22.303,0.403,-0.071,5.5742,0.0219,4.8134,1.0,1.0,24.999,-18.189
Car B,1072,71.4667,3,129.51,3,-4.151,-0.073,-0.073,5.9826,0.0025,0.4422,1.0,-0.0981,1.785,18.189
Car A,1073,71.5333,3,111.695,3,-21.966,0.24,-0.092,5.5758,0.0234,4.8255,1.0,1.0,24.999,-18.214
Car B,1073,71.5333,3,129.908,3,-3.752,-0.072,-0.072,5.9806,-0.0301,-0.3789,1.0,0.0685,-2.446,18.214
Car A,1074,71.6,3,112.051,3,-21.62,0.096,-0.137,5.5774,0.024,4.835,1.0,1.0,24.999,-18.256
Car B,1074,71.6,3,130.307,3,-3.353,-0.074,-0.074,5.9805,-0.0005,0.3696,1.0,-0.0674,1.706,18.256
Car A,1075,71.6667,3,112.424,3,-21.266,-0.027,-0.175,5.579,0.0244,4.8429,1.0,1.0,24.999,-18.282
Car B,1075,71.6667,3,130.706,3,-2.955,-0.074,-0.074,5.9798,-0.0101,-0.4094,1.0,0.0731,-1.679,18.282
Car A,1076,71.7333,3,112.768,3,-20.906,-0.13,-0.2,5.5807,0.0251,4.8486,1.0,1.0,24.999,-18.337
Car B,1076,71.7333,3,131.104,3,-2.556,-0.076,-0.076,5.9794,-0.0062,0.3857,1.0,-0.0829,1.821,18.337
Car A,1077,71.8,3,113.139,3,-20.54,-0.211,-0.253,5.5823,0.0238,4.8537,1.0,1.0,24.999,-18.364
Car B,1077,71.8,3,131.503,3,-2.158,-0.076,-0.076,5.9786,-0.0125,-0.3874,1.0,0.0718,-2.067,18.364
Car A,1078,71.8667,3,113.513,3,-20.17,-0.272,-0.284,5.5839,0.0251,4.8574,1.0,1.0,24.999,-18.389
Car B,1078,71.8667,3,131.901,3,-1.759,-0.078,-0.078,5.9783,-0.0039,0.3658,1.0,-0.0648,1.789,18.389
Car A,1079,71.9333,3,113.864,3,-19.797,-0.311,-0.311,5.5856,0.0249,4.8601,1.0,1.0,24.999,-18.436
Car B,1079,71.9333,3,132.3,3,-1.361,-0.078,-0.078,5.9783,-0.0006,-0.3875,1.0,0.0729,-1.614,18.436
Car A,1080,72.0,3,114.239,3,-19.422,-0.328,-0.328,5.5872,0.0248,4.8623,1.0,1.0,24.999,-18.46
Car B,1080,72.0,3,132.698,3,-0.962,-0.08,-0.08,5.9771,-0.0178,0.4028,1.0,-0.1035,1.817,18.46
Car A,1081,72.0667,3,114.614,3,-19.046,-0.324,-0.324,5.5889,0.0243,4.8641,1.0,1.0,24.999,-18.483
Car B,1081,72.0667,3,133.097,3,-0.564,-0.079,-0.079,5.9764,-0.0108,-0.3896,1.0,0.0718,-2.581,18.483
Car A,1082,72.1333,3,114.988,3,-18.672,-0.297,-0.297,5.5905,0.0253,4.8654,1.0,0.3041,24.999,-18.507
Car B,1082,72.1333,3,133.495,3,-0.165,-0.082,-0.082,5.9765,0.0012,0.361,1.0,-0.103,1.789,18.507
Car A,1083,72.2,3,115.363,3,-18.298,-0.258,-0.258,5.6467,0.8417,3.1587,1.0,-0.0573,7.63,-18.531
Car B,1083,72.2,4,0.233,1,0.233,-0.082,-0.082,5.9757,-0.0114,-0.4038,1.0,0.0705,-2.568,18.531
Car A,1084,72.2667,3,115.74,3,-17.92,-0.224,-0.224,5.6843,0.564,1.3345,1.0,-0.0658,-1.418,-18.552
Car B,1084,72.2667,4,0.631,1,0.631,-0.085,-0.085,5.9759,0.0034,0.3497,1.0,-0.1807,1.756,18.552
Car A,1085,72.3333,3,116.119,3,-17.541,-0.2,-0.2,5.7028,0.2789,-0.028,1.0,-0.0624,-1.645,-18.571
Car B,1085,72.3333,4,1.03,1,1.03,-0.086,-0.086,5.9739,-0.0298,-0.4355,1.0,0.0694,-4.509,18.571
Car A,1086,72.4,3,116.502,3,-17.158,-0.186,-0.186,5.7976,1.4207,-0.5638,1.0,-0.0503,-1.561,-18.586
Car B,1086,72.4,4,1.428,1,1.428,-0.09,-0.09,5.9759,0.0288,0.3314,1.0,-0.2194,1.726,18.586
Car A,1087,72.4667,3,116.894,3,-16.767,-0.175,-0.175,5.9262,1.9302,-0.4872,1.0,-0.0387,-1.255,-18.593
Car B,1087,72.4667,4,1.826,1,1.826,-0.091,-0.091,5.9726,-0.0496,-0.4548,1.0,0.0482,-5.473,18.593
Car A,1088,72.5333,3,117.29,3,-16.37,-0.164,-0.164,5.9697,0.6515,-0.2275,1.0,-0.0352,-0.953,-18.594
Car B,1088,72.5333,4,2.224,1,2.224,-0.096,-0.096,5.9751,0.0383,0.3134,1.0,-0.2375,1.196,18.594
Car A,1089,72.6,3,117.688,3,-15.972,-0.153,-0.153,5.9796,0.149,-0.193,1.0,-0.0332,-0.861,-18.595
Car B,1089,72.6,4,2.622,1,2.623,-0.1,-0.1,5.9735,-0.0241,-0.5531,1.0,0.0659,-5.927,18.595
Car A,1090,72.6667,3,118.087,3,-15.573,-0.143,-0.143,5.9837,0.0608,-0.1659,1.0,-0.0327,-0.812,-18.594
Car B,1090,72.6667,4,3.021,1,3.021,-0.107,-0.107,5.9754,0.0278,0.2424,1.0,-0.174,1.635,18.594
Car A,1091,72.7333,3,118.486,3,-15.174,-0.133,-0.133,5.9862,0.0385,-0.1601,1.0,-0.0323,-0.797,-18.593
Car B,1091,72.7333,4,3.419,1,3.419,-0.112,-0.112,5.9728,-0.0377,-0.4844,1.0,0.0653,-4.341,18.593
Car A,1092,72.8,3,118.885,3,-14.775,-0.124,-0.124,5.9867,0.0071,-0.1551,1.0,-0.0322,-0.786,-18.592
Car B,1092,72.8,4,3.817,1,3.817,-0.12,-0.12,5.9741,0.0188,0.3016,1.0,-0.1667,1.623,18.592
Car A,1093,72.8667,3,119.284,3,-14.376,-0.115,-0.115,5.9873,0.0098,-0.1531,1.0,-0.032,-0.785,-18.591
Car B,1093,72.8667,4,4.215,1,4.215,-0.125,-0.125,5.9719,-0.033,-0.4642,1.0,0.0688,-4.158,18.591
Car A,1094,72.9333,3,119.683,3,-13.977,-0.107,-0.107,5.9874,0.001,-0.1539,1.0,-0.0318,-0.781,-18.59
Car B,1094,72.9333,4,4.613,1,4.613,-0.134,-0.134,5.9734,0.0229,0.3104,1.0,-0.1524,1.71,18.59
Car A,1095,73.0,3,120.082,3,-13.578,-0.1,-0.1,5.9873,-0.002,-0.1545,1.0,-0.0312,-0.774,-18.589
Car B,1095,73.0,4,5.011,1,5.011,-0.14,-0.14,5.9715,-0.0296,-0.445,1.0,0.0719,-3.801,18.589
Car A,1096,73.0667,3,120.481,3,-13.179,-0.093,-0.093,5.9872,-0.0019,-0.1544,1.0,-0.0305,-0.762,-18.588
Car B,1096,73.0667,4,5.409,1,5.409,-0.149,-0.149,5.9725,0.0163,0.326,1.0,-0.1435,1.788,18.588
Car A,1097,73.1333,3,120.88,3,-12.78,-0.088,-0.088,5.987,-0.0016,-0.1501,1.0,-0.0296,-0.745,-18.587
Car B,1097,73.1333,4,5.807,1,5.807,-0.156,-0.156,5.971,-0.0231,-0.4343,1.0,0.0752,-3.579,18.587
Car A,1098,73.2,3,121.28,3,-12.381,-0.082,-0.082,5.987,-0.0005,-0.146,1.0,-0.0284,-0.722,-18.586
Car B,1098,73.2,4,6.205,1,6.205,-0.165,-0.165,5.9725,0.0228,0.3298,1.0,-0.1323,1.872,18.586
Car A,1099,73.2667,3,121.679,3,-11.982,-0.078,-0.078,5.9873,0.0045,-0.1417,1.0,-0.0269,-0.694,-18.585
Car B,1099,73.2667,4,6.603,1,6.603,-0.172,-0.172,5.9707,-0.0274,-0.4187,1.0,0.0777,-3.299,18.585
Car A,1100,73.3333,3,122.078,3,-11.582,-0.074,-0.074,5.9875,0.0021,-0.1347,1.0,-0.0252,-0.658,-18.583
Car B,1100,73.3333,4,7.001,1,7.001,-0.183,-0.183,5.9718,0.0163,0.3442,1.0,-0.1251,1.935,18.583
Car A,1101,73.4,3,122.477,3,-11.183,-0.071,-0.071,5.9883,0.012,-0.1237,1.0,-0.0233,-0.616,-18.582
Car B,1101,73.4,4,7.399,1,7.399,-0.19,-0.19,5.971,-0.0114,-0.4145,1.0,0.0808,-3.12,18.582
Car A,1102,73.4667,3,122.876,3,-10.784,-0.069,-0.069,5.9885,0.0031,-0.1203,1.0,-0.021,-0.57,-18.581
Car B,1102,73.4667,4,7.797,1,7.797,-0.2,-0.2,5.9711,0.0019,0.3462,1.0,-0.1141,2.012,18.581
Car A,1103,73.5333,3,123.276,3,-10.385,-0.067,-0.067,5.9886,0.0019,-0.1133,1.0,-0.0186,-0.514,-18.58
Car B,1103,73.5333,4,8.195,1,8.195,-0.208,-0.208,5.9709,-0.0039,-0.4007,1.0,0.0828,-2.844,18.58
Car A,1104,73.6,3,123.675,3,-9.986,-0.066,-0.066,5.9896,0.0153,-0.1034,1.0,-0.0159,-0.455,-18.578
Car B,1104,73.6,4,8.593,1,8.593,-0.219,-0.219,5.9712,0.0041,0.356,1.0,-0.1041,2.061,18.578
Car A,1105,73.6667,3,124.074,3,-9.586,-0.065,-0.065,5.9904,0.0116,-0.0896,1.0,-0.0134,-0.391,-18.577
Car B,1105,73.6667,4,8.991,1,8.991,-0.227,-0.227,5.9711,-0.0004,-0.3922,1.0,0.0847,-2.595,18.577
Car A,1106,73.7333,3,124.473,3,-9.187,-0.065,-0.065,5.9919,0.0231,-0.0761,1.0,-0.0107,-0.331,-18.575
Car B,1106,73.7333,4,9.388,1,9.389,-0.238,-0.238,5.9711,-0.0007,0.3617,1.0,-0.0928,2.11,18.575
Car A,1107,73.8,3,124.873,3,-8.787,-0.065,-0.065,6.0017,0.1464,-0.1356,1.0,-0.0042,-0.263,-18.574
Car B,1107,73.8,4,9.786,1,9.786,-0.245,-0.245,5.9716,0.0072,-0.3864,1.0,0.0861,-2.312,18.574
Car A,1108,73.8667,3,125.273,3,-8.387,-0.065,-0.065,6.0038,0.0319,-0.0537,1.0,-0.0041,-0.103,-18.571
Car B,1108,73.8667,4,10.184,1,10.184,-0.256,-0.256,5.9714,-0.0029,0.3704,1.0,-0.0851,2.146,18.571
Car A,1109,73.9333,3,125.673,3,-7.987,-0.065,-0.065,5.9987,-0.0764,-0.0358,1.0,-0.0045,-0.101,-18.569
Car B,1109,73.9333,4,10.582,1,10.582,-0.264,-0.264,5.9718,0.007,-0.3796,1.0,0.0877,-2.122,18.569
Car A,1110,74.0,3,126.074,3,-7.587,-0.065,-0.065,6.0033,0.0685,-0.0301,1.0,-0.0026,-0.11,-18.567
Car B,1110,74.0,4,10.98,1,10.98,-0.275,-0.275,5.9715,-0.0056,0.376,1.0,-0.0728,2.186,18.567
Car A,1111,74.0667,3,126.474,3,-7.186,-0.066,-0.066,6.0011,-0.0334,-0.0084,1.0,-0.0021,-0.064,-18.565
Car B,1111,74.0667,4,11.378,1,11.378,-0.283,-0.283,5.9725,0.0154,-0.3722,1.0,0.0889,-1.813,18.565
Car A,1112,74.1333,3,126.874,3,-6.786,-0.066,-0.066,5.9994,-0.0245,0.0844,1.0,-0.0043,-0.053,-18.563
Car B,1112,74.1333,4,11.776,1,11.776,-0.293,-0.293,5.9722,-0.0048,0.3924,1.0,-0.0642,2.216,18.563
Car A,1113,74.2,3,127.274,3,-6.386,-0.066,-0.066,6.0019,0.037,-0.0272,1.0,-0.0006,-0.105,-18.56
Car B,1113,74.2,4,12.174,1,12.174,-0.301,-0.301,5.9728,0.0089,-0.3601,1.0,0.0895,-1.599,18.56
Car A,1114,74.2667,3,127.674,3,-5.986,-0.067,-0.067,5.9982,-0.056,0.0112,1.0,0.0004,-0.015,-18.559
Car B,1114,74.2667,4,12.572,1,12.572,-0.311,-0.311,5.9725,-0.0041,0.4162,1.0,-0.064,2.232,18.559
Car A,1115,74.3333,3,128.074,3,-5.586,-0.068,-0.068,6.0019,0.0562,-0.013,1.0,0.0029,0.01,-18.557
Car B,1115,74.3333,4,12.97,1,12.97,-0.318,-0.318,5.973,0.0082,-0.3468,1.0,0.0898,-1.594,18.557
Car A,1116,74.4,3,128.474,3,-5.186,-0.068,-0.068,6.0028,0.0128,0.0023,1.0,0.0035,0.068,-18.555
Car B,1116,74.4,4,13.368,1,13.368,-0.327,-0.327,5.9722,-0.0127,0.4193,1.0,-0.0608,2.239,18.555
Car A,1117,74.4667,3,128.874,3,-4.786,-0.069,-0.069,6.0008,-0.0297,0.0077,1.0,0.0035,0.086,-18.552
Car B,1117,74.4667,4,13.766,1,13.766,-0.333,-0.333,5.973,0.0121,-0.3418,1.0,0.0902,-1.514,18.552
Car A,1118,74.5333,3,129.274,3,-4.386,-0.069,-0.069,5.9991,-0.0251,0.011,1.0,0.0032,0.085,-18.55
Car B,1118,74.5333,4,14.164,1,14.164,-0.342,-0.342,5.9729,-0.0018,0.433,1.0,-0.0588,2.249,18.55
Car A,1119,74.6,3,129.674,3,-3.986,-0.07,-0.07,6.0023,0.0476,0.0154,1.0,0.0032,0.078,-18.549
Car B,1119,74.6,4,14.563,1,14.563,-0.348,-0.348,5.9736,0.0112,-0.337,1.0,0.0904,-1.463,18.549
Car A,1120,74.6667,3,130.075,3,-3.586,-0.07,-0.07,6.0023,-0.0,0.0123,1.0,0.0033,0.078,-18.546
Car B,1120,74.6667,4,14.961,1,14.961,-0.356,-0.356,5.9726,-0.0152,0.441,1.0,-0.0611,2.255,18.546
Car A,1121,74.7333,3,130.475,3,-3.186,-0.07,-0.07,6.0022,-0.0008,0.0118,1.0,0.0032,0.08,-18.544
Car B,1121,74.7333,4,15.359,1,15.359,-0.361,-0.361,5.9738,0.0182,-0.3351,1.0,0.0834,-1.521,18.544
Car A,1122,74.8,3,130.875,3,-2.785,-0.07,-0.07,6.0023,0.0017,0.0119,1.0,0.003,0.077,-18.542
Car B,1122,74.8,4,15.757,1,15.757,-0.369,-0.369,5.9738,0.0001,0.4335,1.0,-0.1252,2.08,18.542
Car A,1123,74.8667,3,131.275,3,-2.385,-0.07,-0.07,6.0022,-0.002,0.0351,1.0,0.0019,0.073,-18.54
Car B,1123,74.8667,4,16.155,1,16.155,-0.373,-0.373,5.9721,-0.0268,-0.3637,1.0,0.0318,-3.123,18.54
Car A,1124,74.9333,3,131.675,3,-1.985,-0.07,-0.07,6.001,-0.0175,-0.0045,1.0,0.0021,0.046,-18.538
Car B,1124,74.9333,4,16.553,1,16.553,-0.382,-0.382,5.9807,0.1291,0.3001,1.0,-0.1488,0.789,18.538
Car A,1125,75.0,3,132.075,3,-1.585,-0.07,-0.07,6.0001,-0.0146,0.0046,1.0,0.0015,0.052,-18.537
Car B,1125,75.0,4,16.952,1,16.952,-0.39,-0.39,5.9804,-0.0041,-0.6216,1.0,0.1227,-3.712,18.537
Car A,1126,75.0667,3,132.475,3,-1.185,-0.07,-0.07,6.0001,0.0,-0.0003,1.0,0.0011,0.038,-18.535
Car B,1126,75.0667,4,17.35,1,17.35,-0.402,-0.402,5.9807,0.0039,0.1964,1.0,-0.0476,3.058,18.535
Car A,1127,75.1333,3,132.875,3,-0.785,-0.07,-0.07,6.0006,0.0075,0.0112,1.0,0.0,0.026,-18.534
Car B,1127,75.1333,4,17.749,1,17.749,-0.411,-0.411,5.9852,0.0685,-0.4335,1.0,0.1244,-1.182,18.534
Car A,1128,75.2,3,133.276,3,-0.385,-0.07,-0.07,6.0014,0.0133,0.0018,1.0,-0.0005,0.0,-18.533
Car B,1128,75.2,4,18.148,1,18.148,-0.42,-0.42,5.9859,0.0104,0.479,1.0,1.0,3.104,18.533
Car A,1129,75.2667,4,0.015,1,0.015,-0.069,-0.069,6.0009,-0.0083,-0.0048,1.0,-0.0003,-0.011,-18.531
Car B,1129,75.2667,4,18.546,1,18.546,-0.418,-0.418,5.977,-0.1336,1.139,1.0,0.5933,24.967,18.531
Car A,1130,75.3333,4,0.415,1,0.415,-0.069,-0.069,6.0005,-0.0064,-0.0048,1.0,0.0004,-0.007,-18.528
Car B,1130,75.3333,4,18.944,1,18.944,-0.401,-0.401,5.9608,-0.2424,2.1471,1.0,0.8492,14.848,18.528
Car A,1131,75.4,4,0.816,1,0.816,-0.069,-0.069,6.0004,-0.0001,0.029,1.0,0.0001,0.01,-18.525
Car B,1131,75.4,4,19.34,1,19.34,-0.369,-0.369,5.9494,-0.1715,2.7527,1.0,0.6252,21.219,18.525
Car A,1132,75.4667,4,1.216,1,1.216,-0.069,-0.069,6.0004,-0.0008,0.0017,1.0,0.0009,0.003,-18.518
Car B,1132,75.4667,4,19.734,1,19.734,-0.319,-0.319,5.9416,-0.1171,3.1926,1.0,1.0,15.639,18.518
Car A,1133,75.5333,4,1.616,1,1.616,-0.069,-0.069,6.0011,0.0113,-0.0067,1.0,0.0011,0.021,-18.489
Car B,1133,75.5333,4,20.105,1,20.125,-0.252,-0.261,5.9305,-0.1668,3.578,1.0,1.0,24.985,18.489
Car A,1134,75.6,4,2.016,1,2.016,-0.069,-0.069,6.0005,-0.0103,0.0003,1.0,-0.0007,0.026,-18.482
Car B,1134,75.6,4,20.497,1,20.512,-0.166,-0.205,5.9207,-0.147,3.8525,1.0,0.8809,24.999,18.482
Car A,1135,75.6667,4,2.416,1,2.416,-0.068,-0.068,5.9991,-0.021,0.0218,1.0,-0.005,-0.015,-18.471
Car B,1135,75.6667,4,20.886,1,20.894,-0.061,-0.131,5.9139,-0.1017,4.0601,1.0,0.5217,22.026,18.471
Car A,1136,75.7333,4,2.816,1,2.816,-0.068,-0.068,5.9999,0.0119,-0.0061,1.0,-0.007,-0.117,-18.446
Car B,1136,75.7333,4,21.262,1,21.271,0.063,-0.088,5.9287,0.222,4.1266,1.0,1.0,13.055,18.446
Car A,1137,75.8,4,3.216,1,3.216,-0.067,-0.067,6.0011,0.0186,-0.0065,1.0,-0.009,-0.168,-18.44
Car B,1137,75.8,4,21.655,1,21.642,0.204,-0.038,5.9205,-0.1232,4.2679,1.0,1.0,24.981,18.44
Car A,1138,75.8667,4,3.616,1,3.616,-0.067,-0.067,6.0023,0.0186,-0.0184,1.0,-0.01,-0.216,-18.433
Car B,1138,75.8667,4,22.048,1,22.004,0.364,0.008,5.9139,-0.0987,4.3982,1.0,1.0,24.999,18.433
Car A,1139,75.9333,4,4.016,1,4.016,-0.067,-0.067,6.0039,0.023,-0.0323,1.0,-0.0098,-0.243,-18.427
Car B,1139,75.9333,4,22.443,1,22.357,0.543,0.038,5.9078,-0.0914,4.4937,1.0,1.0,24.999,18.427
Car A,1140,76.0,4,4.417,1,4.417,-0.067,-0.067,6.0057,0.0271,-0.0463,1.0,-0.01,-0.239,-18.433
Car B,1140,76.0,4,22.849,1,22.7,0.74,0.086,5.9024,-0.0821,4.5711,1.0,1.0,24.999,18.433
Car A,1141,76.0667,4,4.817,1,4.817,-0.067,-0.067,6.005,-0.0097,-0.0404,1.0,-0.0093,-0.243,-18.428
Car B,1141,76.0667,4,23.245,1,23.032,0.955,0.095,5.8974,-0.0742,4.6298,1.0,1.0,24.999,18.428
Car A,1142,76.1333,4,5.217,1,5.217,-0.068,-0.068,6.006,0.0144,-0.0492,1.0,-0.0084,-0.226,-18.421
Car B,1142,76.1333,4,23.639,1,23.352,1.187,0.126,5.8929,-0.0677,4.6783,1.0,1.0,24.999,18.421
Car A,1143,76.2,4,5.618,1,5.618,-0.069,-0.069,6.0054,-0.0082,-0.0482,1.0,-0.0075,-0.205,-18.437
Car B,1143,76.2,4,24.055,1,23.659,1.436,0.135,5.8886,-0.0639,4.7142,1.0,1.0,24.999,18.437
Car A,1144,76.2667,4,6.018,1,6.018,-0.07,-0.07,6.0055,0.0013,-0.0465,1.0,-0.0061,-0.183,-18.431
Car B,1144,76.2667,4,24.449,1,23.951,1.701,0.146,5.8847,-0.0585,4.7449,1.0,1.0,24.999,18.431
Car A,1145,76.3333,4,6.419,1,6.419,-0.072,-0.072,6.0056,0.0018,-0.0419,1.0,-0.0052,-0.149,-18.45
Car B,1145,76.3333,4,24.869,1,24.229,1.981,0.156,5.881,-0.0558,4.7676,1.0,1.0,24.999,18.45
Car A,1146,76.4,4,6.819,1,6.819,-0.073,-0.073,6.0045,-0.0169,-0.0358,1.0,-0.0032,-0.127,-18.444
Car B,1146,76.4,4,25.263,1,24.49,2.276,0.148,5.8775,-0.0521,4.7873,1.0,1.0,24.999,18.444
Car A,1147,76.4667,4,7.219,1,7.219,-0.075,-0.075,6.0011,-0.052,-0.0216,1.0,-0.0034,-0.078,-18.463
Car B,1147,76.4667,4,25.682,1,24.735,2.585,0.159,5.8742,-0.0505,4.8011,1.0,1.0,24.999,18.463
Car A,1148,76.5333,4,7.619,1,7.619,-0.076,-0.076,6.0006,-0.0071,-0.0164,1.0,-0.0007,-0.081,-18.455
Car B,1148,76.5333,4,26.075,1,24.963,2.906,0.133,5.871,-0.0477,4.8123,1.0,1.0,24.999,18.455
Car A,1149,76.6,4,8.019,1,8.019,-0.078,-0.078,5.9977,-0.0425,-0.0287,1.0,0.0018,-0.02,-18.449
Car B,1149,76.6,4,26.469,1,25.173,3.239,0.129,5.8679,-0.0465,4.822,1.0,1.0,24.999,18.449
Car A,1150,76.6667,4,8.419,1,8.419,-0.081,-0.081,5.9985,0.0115,-0.0151,1.0,0.005,0.041,-18.462
Car B,1150,76.6667,4,26.881,1,25.363,3.583,0.102,5.8649,-0.0448,4.8295,1.0,1.0,24.999,18.462
Car A,1151,76.7333,4,8.819,1,8.819,-0.083,-0.083,5.9994,0.013,-0.0063,1.0,0.0089,0.119,-18.455
Car B,1151,76.7333,4,27.274,1,25.535,3.937,0.078,5.862,-0.0438,4.8351,1.0,1.0,24.999,18.455
Car A,1152,76.8,4,9.219,1,9.219,-0.085,-0.085,5.998,-0.0208,-0.0642,1.0,0.0122,0.211,-18.458
Car B,1152,76.8,4,27.677,1,25.687,4.3,0.055,5.8592,-0.0425,4.8393,1.0,1.0,24.999,18.458
Car A,1153,76.8667,4,9.619,1,9.619,-0.086,-0.086,5.9964,-0.0234,0.0678,1.0,0.0098,0.296,-18.449
Car B,1153,76.8667,4,28.068,1,25.818,4.67,0.014,5.8564,-0.0415,4.8433,1.0,1.0,24.999,18.449
Car A,1154,76.9333,4,10.019,1,10.019,-0.087,-0.087,5.9938,-0.0399,0.0686,1.0,0.0089,0.241,-18.441
Car B,1154,76.9333,4,28.46,1,25.929,5.047,-0.006,5.8537,-0.0408,4.8459,1.0,0.9734,24.999,18.441
Car A,1155,77.0,4,10.418,1,10.418,-0.087,-0.087,5.9958,0.0304,0.0538,1.0,0.0123,0.218,-18.429
Car B,1155,77.0,4,28.847,1,26.018,5.429,-0.063,5.8513,-0.0354,4.8454,1.0,0.9838,24.335,18.429
Car A,1156,77.0667,4,10.818,1,10.818,-0.088,-0.088,6.0007,0.0742,0.0385,1.0,0.0163,0.296,-18.42
Car B,1156,77.0667,4,29.238,1,26.087,5.815,-0.101,5.8488,-0.0369,4.8466,1.0,0.5475,24.595,18.42
Car A,1157,77.1333,4,11.218,1,11.218,-0.088,-0.088,5.9949,-0.0876,0.0184,1.0,0.0106,0.388,-18.404
Car B,1157,77.1333,4,29.621,1,26.138,6.206,-0.138,5.9062,0.8601,4.344,1.0,0.4924,13.703,18.404
Car A,1158,77.2,4,11.618,1,11.618,-0.087,-0.087,6.008,0.1968,0.0652,1.0,0.0095,0.261,-18.398
Car B,1158,77.2,4,30.016,1,26.172,6.601,-0.172,5.9317,0.382,4.2728,1.0,0.2081,12.312,18.398
Car A,1159,77.2667,4,12.019,1,12.019,-0.087,-0.087,6.0073,-0.0104,0.0559,1.0,0.0058,0.233,-18.395
Car B,1159,77.2667,4,30.414,1,26.196,6.999,-0.196,5.9711,0.592,2.5311,1.0,-0.1283,5.213,18.395
Car A,1160,77.3333,4,12.419,1,12.419,-0.085,-0.085,6.0076,0.0045,0.029,1.0,0.0042,0.143,-18.392
Car B,1160,77.3333,4,30.811,1,26.228,7.396,-0.228,5.9872,0.2419,0.8134,1.0,0.109,-3.194,18.392
Car A,1161,77.4,4,12.82,1,12.82,-0.084,-0.084,6.001,-0.0997,0.0101,1.0,0.0023,0.104,-18.39
Car B,1161,77.4,4,31.209,1,26.263,7.794,-0.263,6.0024,0.2276,1.047,1.0,0.1005,2.716,18.39
Car A,1162,77.4667,4,13.22,1,13.22,-0.083,-0.083,5.9977,-0.0492,0.0169,1.0,0.0018,0.059,-18.389
Car B,1162,77.4667,4,31.608,1,26.292,8.193,-0.292,5.988,-0.2161,1.0201,1.0,0.084,2.511,18.389
Car A,1163,77.5333,4,13.62,1,13.62,-0.081,-0.081,5.9999,0.0324,0.0158,1.0,0.0031,0.044,-18.387
Car B,1163,77.5333,4,32.007,1,26.318,8.592,-0.318,5.9669,-0.3173,0.8258,1.0,0.0814,2.097,18.387
Car A,1164,77.6,4,14.02,1,14.02,-0.08,-0.08,6.0014,0.0233,0.0075,1.0,0.004,0.075,-18.384
Car B,1164,77.6,4,32.404,1,26.341,8.989,-0.341,5.965,-0.0275,0.804,1.0,0.0723,2.033,18.384
Car A,1165,77.6667,4,14.42,1,14.42,-0.079,-0.079,6.0008,-0.0093,0.0114,1.0,0.0013,0.096,-18.383
Car B,1165,77.6667,4,32.802,1,26.361,9.387,-0.361,6.0038,0.5823,0.696,1.0,0.0785,1.809,18.383
Car A,1166,77.7333,4,14.82,1,14.82,-0.077,-0.077,5.9976,-0.0484,0.0335,1.0,0.0007,0.034,-18.38
Car B,1166,77.7333,4,33.2,1,26.377,9.785,-0.377,5.9395,-0.9657,0.7675,1.0,-0.0737,1.943,18.38
Car A,1167,77.8,4,15.22,1,15.22,-0.076,-0.076,5.9995,0.0293,0.005,1.0,0.02,0.017,-18.376
Car B,1167,77.8,4,33.595,1,26.395,10.18,-0.395,5.9435,0.06,-0.2636,1.0,0.1046,-1.836,18.376
Car A,1168,77.8667,4,15.619,1,15.619,-0.073,-0.073,5.9909,-0.129,0.0735,1.0,0.0081,0.481,-18.372
Car B,1168,77.8667,4,33.991,1,26.417,10.576,-0.417,5.9444,0.0148,0.4421,1.0,-0.0435,2.608,18.372
Car A,1169,77.9333,4,16.019,1,16.019,-0.07,-0.07,5.9998,0.1329,0.0845,0.9107,0.0573,0.2,-18.368
Car B,1169,77.9333,4,34.387,1,26.435,10.972,-0.435,5.9509,0.0961,-0.3094,1.0,0.2419,-1.081,18.368
Car A,1170,78.0,4,16.413,1,16.413,-0.063,-0.063,5.853,-2.2021,0.4981,0.9335,-0.0254,1.43,-18.371
Car B,1170,78.0,4,34.783,1,26.455,11.368,-0.455,5.9496,-0.0181,0.5603,1.0,0.1495,6.035,18.371
Car A,1171,78.0667,4,16.8,1,16.8,-0.058,-0.058,5.7591,-1.4077,-0.2158,0.8961,0.0196,-0.632,-18.38
Car B,1171,78.0667,4,35.18,1,26.462,11.765,-0.462,5.9564,0.1011,1.3576,1.0,-0.0711,3.74,18.38
Car A,1172,78.1333,4,17.178,1,17.178,-0.053,-0.053,5.6081,-2.2648,0.1579,1.0,0.981,0.489,-18.4
Car B,1172,78.1333,4,35.577,1,26.466,12.162,-0.466,5.9593,0.0434,0.224,1.0,1.0,-1.77,18.4
Car A,1173,78.2,4,17.551,1,17.551,-0.041,-0.041,5.6086,0.0065,0.7951,1.0,0.892,24.489,-18.423
Car B,1173,78.2,4,35.974,1,26.471,12.559,-0.471,5.9478,-0.173,0.7183,1.0,1.0,24.96,18.423
Car A,1174,78.2667,4,17.924,1,17.924,-0.017,-0.017,5.5994,-0.1375,1.8159,1.0,0.8559,22.303,-18.446
Car B,1174,78.2667,4,36.37,1,26.465,12.955,-0.465,5.9317,-0.2403,1.783,1.0,0.9187,25.0,18.446
Car A,1175,78.3333,4,18.295,1,18.295,0.023,0.023,5.5922,-0.1074,2.4508,0.7243,-0.233,21.399,-18.469
Car B,1175,78.3333,4,36.764,1,26.443,13.349,-0.443,5.9203,-0.172,2.4546,1.0,0.8227,22.971,18.469
Car A,1176,78.4,4,18.665,1,18.665,0.071,0.071,5.5841,-0.1218,1.5407,1.0,-1.0,-5.783,-18.493
Car B,1176,78.4,4,37.158,1,26.403,13.742,-0.403,5.9103,-0.1494,2.9688,1.0,1.0,20.57,18.493
Car A,1177,78.4667,4,19.035,1,19.035,0.11,0.11,5.5897,0.0836,0.1834,1.0,0.1272,-24.971,-18.486
Car B,1177,78.4667,4,37.52,1,26.347,14.133,-0.356,5.899,-0.1694,3.3952,1.0,1.0,24.993,18.486
Car A,1178,78.5333,4,19.405,1,19.405,0.146,0.146,5.5842,-0.0831,0.3396,1.0,-0.3824,3.138,-18.507
Car B,1178,78.5333,4,37.912,1,26.272,14.52,-0.312,5.889,-0.1497,3.718,1.0,1.0,25.0,18.507
Car A,1179,78.6,4,19.776,1,19.776,0.177,0.177,5.5885,0.0645,-0.8979,1.0,1.0,-9.539,-18.524
Car B,1179,78.6,4,38.301,1,26.178,14.902,-0.248,5.8803,-0.1314,3.967,1.0,1.0,25.0,18.524
Car A,1180,78.6667,4,20.163,1,20.147,0.205,0.193,5.582,-0.0973,-0.067,1.0,1.0,24.948,-18.493
Car B,1180,78.6667,4,38.655,1,26.066,15.279,-0.215,5.8727,-0.114,4.1565,1.0,1.0,25.0,18.493
Car A,1181,78.7333,4,20.535,1,20.518,0.241,0.2,5.5784,-0.0531,1.0869,1.0,1.0,25.0,-18.511
Car B,1181,78.7333,4,39.046,1,25.934,15.65,-0.174,5.866,-0.0997,4.3043,1.0,1.0,24.999,18.511
Car A,1182,78.8,4,20.906,1,20.886,0.294,0.223,5.5709,-0.1131,1.8782,1.0,1.0,25.0,-18.509
Car B,1182,78.8,4,39.415,1,25.783,16.013,-0.132,5.8602,-0.0867,4.4224,1.0,1.0,24.999,18.509
Car A,1183,78.8667,4,21.312,1,21.251,0.361,0.207,5.5625,-0.1255,2.5014,1.0,1.0,25.0,-18.494
Car B,1183,78.8667,4,39.807,1,25.614,16.367,-0.111,5.8551,-0.0777,4.512,1.0,1.0,24.999,18.494
Car A,1184,78.9333,4,21.684,1,21.613,0.445,0.204,5.5548,-0.1156,2.9969,1.0,1.0,25.0,-18.513
Car B,1184,78.9333,4,40.197,1,25.426,16.711,-0.069,5.8505,-0.0684,4.5858,1.0,1.0,24.999,18.513
Car A,1185,79.0,4,22.087,1,21.97,0.547,0.189,5.548,-0.1024,3.3873,1.0,1.0,25.0,-18.492
Car B,1185,79.0,4,40.579,1,25.22,17.045,-0.06,5.8464,-0.0614,4.6431,1.0,1.0,24.999,18.492
Car A,1186,79.0667,4,22.457,1,22.322,0.666,0.165,5.5425,-0.082,3.6983,1.0,1.0,25.0,-18.513
Car B,1186,79.0667,4,40.97,1,24.996,17.366,-0.037,5.8427,-0.0556,4.6868,1.0,1.0,24.999,18.513
Car A,1187,79.1333,4,22.853,1,22.667,0.803,0.157,5.5383,-0.064,3.9409,1.0,1.0,25.0,-18.505
Car B,1187,79.1333,4,41.358,1,24.755,17.675,-0.021,5.8393,-0.0509,4.7227,1.0,1.0,24.999,18.505
Car A,1188,79.2,4,23.222,1,23.004,0.957,0.112,5.5352,-0.0458,4.1322,1.0,1.0,24.999,-18.528
Car B,1188,79.2,4,41.75,1,24.498,17.971,-0.018,5.8362,-0.0473,4.7521,1.0,1.0,24.999,18.528
Car A,1189,79.2667,4,23.592,1,23.332,1.13,0.088,5.5331,-0.0309,4.2807,1.0,1.0,24.999,-18.549
Car B,1189,79.2667,4,42.141,1,24.226,18.251,0.005,5.8332,-0.0441,4.7738,1.0,1.0,24.999,18.549
Car A,1190,79.3333,4,23.974,1,23.651,1.321,0.053,5.532,-0.0179,4.4008,1.0,1.0,24.999,-18.558
Car B,1190,79.3333,4,42.532,1,23.938,18.516,-0.01,5.8305,-0.0413,4.7924,1.0,1.0,24.999,18.558
Car A,1191,79.4,4,24.343,1,23.958,1.529,0.012,5.5315,-0.0074,4.4943,1.0,1.0,24.999,-18.58
Car B,1191,79.4,4,42.923,1,23.636,18.765,-0.003,5.8279,-0.039,4.8059,1.0,1.0,24.999,18.58
Car A,1192,79.4667,4,24.712,1,24.253,1.755,-0.01,5.5315,0.0006,4.5693,1.0,1.0,24.999,-18.601
Car B,1192,79.4667,4,43.313,1,23.321,18.996,-0.014,5.8254,-0.0369,4.8158,1.0,1.0,24.999,18.601
Car A,1193,79.5333,4,25.079,1,24.535,1.996,-0.067,5.5321,0.0092,4.631,1.0,1.0,24.999,-18.625
Car B,1193,79.5333,4,43.704,1,22.994,19.21,-0.025,5.8231,-0.0349,4.8259,1.0,1.0,24.999,18.625
Car A,1194,79.6,4,25.449,1,24.803,2.254,-0.104,5.5331,0.0142,4.6793,1.0,1.0,24.999,-18.642
Car B,1194,79.6,4,44.091,1,22.656,19.405,-0.029,5.8208,-0.0346,4.8334,1.0,1.0,24.999,18.642
Car A,1195,79.6667,4,25.799,1,25.056,2.526,-0.144,5.5344,0.0196,4.7187,1.0,1.0,24.999,-18.681
Car B,1195,79.6667,4,44.48,1,22.308,19.581,-0.058,5.8186,-0.0332,4.8381,1.0,1.0,24.999,18.681
Car A,1196,79.7333,4,26.168,1,25.293,2.813,-0.197,5.5359,0.023,4.7508,1.0,1.0,24.999,-18.703
Car B,1196,79.7333,4,44.87,2,21.95,19.737,-0.065,5.8164,-0.0327,4.8419,1.0,1.0,24.999,18.703
Car A,1197,79.8,4,26.538,1,25.513,3.112,-0.228,5.5376,0.0252,4.7739,1.0,1.0,24.999,-18.71
Car B,1197,79.8,4,45.248,2,21.584,19.874,-0.1,5.8143,-0.0314,4.8457,1.0,1.0,24.999,18.71
Car A,1198,79.8667,4,26.869,1,25.715,3.425,-0.284,5.5395,0.0288,4.7955,1.0,1.0,24.999,-18.769
Car B,1198,79.8667,4,45.638,2,21.212,19.989,-0.125,5.8123,-0.0303,4.8479,1.0,0.7857,24.999,18.769
Car A,1199,79.9333,4,27.238,1,25.899,3.748,-0.33,5.5414,0.0294,4.8116,1.0,1.0,24.999,-18.767
Car B,1199,79.9333,4,46.006,2,20.834,20.084,-0.149,5.814,0.0258,4.8167,1.0,1.0,19.651,18.767
Car A,1200,80.0,4,27.553,1,26.064,4.082,-0.363,5.5435,0.0309,4.8236,1.0,1.0,24.999,-18.84
Car B,1200,80.0,4,46.393,2,20.451,20.158,-0.193,5.8116,-0.0356,4.8619,1.0,0.6676,24.991,18.84
Car A,1201,80.0667,4,27.921,1,26.209,4.425,-0.424,5.5456,0.0313,4.8341,1.0,1.0,24.999,-18.862
Car B,1201,80.0667,4,46.783,2,20.064,20.21,-0.215,5.8195,0.1179,4.7826,1.0,0.2147,16.702,18.862
Car A,1202,80.1333,4,28.291,1,26.335,4.776,-0.464,5.5477,0.0318,4.8423,1.0,1.0,24.999,-18.864
Car B,1202,80.1333,4,47.155,2,19.675,20.25,-0.25,5.866,0.6988,3.0062,1.0,-0.1603,5.385,18.864
Car A,1203,80.2,4,28.586,1,26.439,5.133,-0.506,5.5499,0.0324,4.8482,1.0,1.0,24.999,-18.959
Car B,1203,80.2,4,47.545,2,19.285,20.297,-0.297,5.8909,0.3727,1.1524,1.0,0.0627,-3.992,18.959
Car A,1204,80.2667,4,28.954,1,26.523,5.497,-0.561,5.552,0.0325,4.8537,1.0,1.0,24.999,-18.981
Car B,1204,80.2667,4,47.935,2,18.895,20.35,-0.35,5.9346,0.6559,0.6275,1.0,0.0944,1.553,18.981
Car A,1205,80.3333,4,29.326,1,26.586,5.865,-0.595,5.5542,0.0323,4.8569,1.0,1.0,24.999,-19.004
Car B,1205,80.3333,4,48.33,2,18.5,20.4,-0.4,5.961,0.3958,0.9554,1.0,0.085,2.357,19.004
Car A,1206,80.4,4,29.65,1,26.627,6.235,-0.627,5.5563,0.0323,4.8618,1.0,1.0,24.999,-19.076
Car B,1206,80.4,4,48.726,2,18.104,20.446,-0.446,5.9703,0.1388,0.8569,1.0,0.078,2.122,19.076
Car A,1207,80.4667,4,30.023,1,26.646,6.608,-0.646,5.5585,0.0317,4.8635,1.0,1.0,24.999,-19.1
Car B,1207,80.4667,4,49.123,2,17.707,20.489,-0.489,6.0114,0.6168,0.7598,1.0,0.0872,1.95,19.1
Car A,1208,80.5333,4,30.397,1,26.644,6.982,-0.644,5.5606,0.0317,4.8652,1.0,1.0,24.999,-19.122
Car B,1208,80.5333,4,49.519,2,17.311,20.527,-0.527,5.9339,-1.1619,0.869,1.0,0.0175,2.162,19.122
Car A,1209,80.6,4,30.77,1,26.62,7.354,-0.62,5.5626,0.0312,4.8669,1.0,1.0,24.999,-19.144
Car B,1209,80.6,4,49.914,2,16.917,20.567,-0.567,5.9758,0.6281,0.1603,1.0,0.0839,0.437,19.144
Car A,1210,80.6667,4,31.14,1,26.574,7.725,-0.574,5.5647,0.031,4.8676,1.0,0.4067,24.999,-19.17
Car B,1210,80.6667,4,50.31,2,16.52,20.604,-0.604,5.9879,0.1816,0.7892,1.0,0.0367,2.094,19.17
Car A,1211,80.7333,4,31.511,1,26.514,8.096,-0.514,5.635,1.0536,3.3644,1.0,-0.0575,10.191,-19.197
Car B,1211,80.7333,4,50.708,2,16.122,20.639,-0.639,5.9756,-0.1849,0.2981,1.0,0.0434,0.907,19.197
Car A,1212,80.8,4,31.883,1,26.455,8.468,-0.455,5.6645,0.4431,1.7957,1.0,-0.0743,-1.42,-19.221
Car B,1212,80.8,4,51.104,2,15.726,20.674,-0.674,5.9646,-0.1644,0.3927,1.0,-0.0059,1.062,19.221
Car A,1213,80.8667,4,32.259,1,26.405,8.844,-0.405,5.684,0.2919,0.2727,1.0,-0.0776,-1.857,-19.242
Car B,1213,80.8667,4,51.501,2,15.329,20.71,-0.71,5.9954,0.4619,0.0435,1.0,0.051,-0.137,19.242
Car A,1214,80.9333,4,32.637,1,26.366,9.222,-0.366,5.7335,0.7425,-0.6611,1.0,-0.0522,-1.94,-19.262
Car B,1214,80.9333,4,51.899,2,14.931,20.743,-0.743,5.9776,-0.2666,0.5184,1.0,-0.0601,1.263,19.262
Car A,1215,81.0,4,33.023,1,26.33,9.608,-0.33,5.8656,1.9821,-0.4817,1.0,-0.0565,-1.306,-19.274
Car B,1215,81.0,4,52.297,2,14.534,20.777,-0.777,5.9787,0.0153,-0.4521,1.0,0.0559,-1.499,19.274
Car A,1216,81.0667,4,33.416,1,26.296,10.001,-0.296,5.9478,1.2336,-0.5533,1.0,-0.0203,-1.4,-19.277
Car B,1216,81.0667,4,52.693,2,14.137,20.814,-0.814,5.9793,0.0103,0.3941,1.0,-0.0892,1.392,19.277
Car A,1217,81.1333,4,33.813,1,26.261,10.398,-0.261,5.9876,0.5967,-0.1941,1.0,-0.1273,-0.502,-19.277
Car B,1217,81.1333,4,53.091,2,13.74,20.849,-0.849,5.9788,-0.0084,-0.4371,1.0,0.0416,-2.224,19.277
Car A,1218,81.2,4,34.211,1,26.23,10.796,-0.23,5.984,-0.0541,-0.9858,1.0,-0.1468,-3.177,-19.276
Car B,1218,81.2,4,53.487,2,13.343,20.887,-0.887,5.9802,0.0217,0.3151,1.0,-0.0479,1.035,19.276
Car A,1219,81.2667,4,34.61,1,26.211,11.195,-0.211,6.0138,0.4473,-1.4087,1.0,0.6354,-3.669,-19.274
Car B,1219,81.2667,4,53.884,2,12.946,20.923,-0.923,5.9848,0.069,-0.4433,1.0,0.139,-1.194,19.274
Car A,1220,81.3333,4,35.011,1,26.191,11.596,-0.191,6.019,0.077,-0.4417,1.0,0.7441,15.856,-19.271
Car B,1220,81.3333,4,54.282,2,12.548,20.96,-0.96,5.9855,0.0106,0.4877,1.0,-0.0187,3.468,19.271
Car A,1221,81.4,4,35.41,1,26.159,11.995,-0.159,6.0093,-0.1454,0.9914,1.0,0.915,18.597,-19.269
Car B,1221,81.4,4,54.679,2,12.151,20.993,-0.993,5.9914,0.0876,-0.1854,1.0,0.1817,-0.458,19.269
Car A,1222,81.4667,4,35.808,1,26.114,12.393,-0.114,5.9969,-0.1854,1.8532,0.7654,0.0719,22.868,-19.269
Car B,1222,81.4667,4,55.078,2,11.753,21.026,-1.026,5.9918,0.0065,0.6882,1.0,0.0154,4.536,19.269
Car A,1223,81.5333,4,36.203,1,26.062,12.788,-0.062,5.9381,-0.8816,0.8937,1.0,1.0,1.829,-19.273
Car B,1223,81.5333,4,55.476,2,11.354,21.054,-1.054,6.0019,0.1521,0.1506,1.0,0.2338,0.393,19.273
Car A,1224,81.6,4,36.595,1,26.007,13.18,-0.007,5.9337,-0.0673,1.3314,1.0,1.0,24.965,-19.281
Car B,1224,81.6,4,55.875,2,10.955,21.08,-1.08,5.9984,-0.0526,0.9965,1.0,-0.0183,5.835,19.281
Car A,1225,81.6667,4,36.984,1,25.938,13.569,0.062,5.9154,-0.2736,2.3003,1.0,-0.4166,25.0,-19.291
Car B,1225,81.6667,4,56.275,2,10.555,21.101,-1.101,6.0008,0.0347,0.074,1.0,0.3019,-0.449,19.291
Car A,1226,81.7333,4,37.371,1,25.864,13.956,0.136,5.921,0.0844,1.0898,1.0,-0.3196,-10.361,-19.303
Car B,1226,81.7333,4,56.674,2,10.156,21.124,-1.124,5.9959,-0.0725,0.8353,1.0,0.1057,7.536,19.303
Car A,1227,81.8,4,37.775,1,25.797,14.346,0.176,5.9264,0.0797,-0.3143,1.0,1.0,-7.993,-19.298
Car B,1227,81.8,4,57.073,2,9.757,21.137,-1.137,5.9945,-0.0212,0.9832,1.0,-0.0443,2.649,19.298
Car A,1228,81.8667,4,38.168,1,25.732,14.734,0.209,5.9133,-0.1951,0.3145,1.0,1.0,24.95,-19.305
Car B,1228,81.8667,4,57.473,2,9.357,21.152,-1.152,5.9963,0.0273,-0.0798,1.0,0.3585,-1.103,19.305
Car A,1229,81.9333,4,38.597,1,25.66,15.122,0.216,5.9028,-0.158,1.4127,1.0,1.0,24.999,-19.275
Car B,1229,81.9333,4,57.872,2,8.958,21.169,-1.169,5.9909,-0.0812,0.6697,1.0,0.1978,8.947,19.275
Car A,1230,82.0,4,38.99,1,25.571,15.505,0.213,5.8904,-0.1859,2.1816,1.0,1.0,25.0,-19.281
Car B,1230,82.0,4,58.271,2,8.559,21.173,-1.173,5.9872,-0.0558,1.5402,1.0,-0.2527,4.949,19.281
Car A,1231,82.0667,4,39.417,1,25.466,15.883,0.211,5.8779,-0.1873,2.7613,1.0,1.0,25.0,-19.253
Car B,1231,82.0667,4,58.67,2,8.16,21.172,-1.172,5.9888,0.0241,0.4194,1.0,0.1684,-6.299,19.253
Car A,1232,82.1333,4,39.808,1,25.345,16.257,0.179,5.8665,-0.172,3.2234,1.0,1.0,25.0,-19.261
Car B,1232,82.1333,4,59.07,2,7.761,21.174,-1.174,5.9873,-0.0219,0.9487,1.0,-0.1586,4.193,19.261
Car A,1233,82.2,4,40.2,1,25.207,16.623,0.167,5.8562,-0.1535,3.5871,1.0,1.0,25.0,-19.269
Car B,1233,82.2,4,59.469,2,7.361,21.172,-1.172,5.9872,-0.0019,0.0111,1.0,0.2417,-3.952,19.269
Car A,1234,82.2667,4,40.614,1,25.052,16.983,0.116,5.8474,-0.1328,3.8614,1.0,1.0,25.0,-19.254
Car B,1234,82.2667,4,59.868,2,6.962,21.174,-1.174,5.9852,-0.0308,0.6363,1.0,-0.0138,6.027,19.254
Car A,1235,82.3333,4,41.004,1,24.879,17.334,0.08,5.8398,-0.1139,4.0757,1.0,1.0,25.0,-19.263
Car B,1235,82.3333,4,60.267,2,6.563,21.171,-1.171,5.9913,0.0917,-0.145,1.0,0.2396,-0.334,19.263
Car A,1236,82.4,4,41.401,1,24.688,17.675,0.03,5.8332,-0.0986,4.2436,1.0,1.0,24.999,-19.265
Car B,1236,82.4,4,60.666,2,6.164,21.168,-1.168,5.9898,-0.0224,0.7664,1.0,-0.1346,5.979,19.265
Car A,1237,82.4667,4,41.788,1,24.48,18.006,-0.027,5.8276,-0.0849,4.3712,1.0,1.0,24.999,-19.278
Car B,1237,82.4667,4,61.065,2,5.765,21.161,-1.161,5.9909,0.0168,-0.0835,1.0,0.1583,-3.349,19.278
Car A,1238,82.5333,4,42.166,1,24.255,18.325,-0.071,5.8226,-0.0742,4.4741,1.0,1.0,24.999,-19.299
Car B,1238,82.5333,4,61.465,2,5.365,21.157,-1.157,5.9903,-0.0086,0.5607,1.0,-0.0785,3.945,19.299
Car A,1239,82.6,4,42.549,1,24.014,18.631,-0.147,5.8183,-0.0643,4.5544,1.0,1.0,24.999,-19.315
Car B,1239,82.6,4,61.864,2,4.966,21.15,-1.15,5.9906,0.0047,-0.2447,1.0,0.1546,-1.953,19.315
Car A,1240,82.6667,4,42.935,1,23.756,18.924,-0.202,5.8145,-0.0576,4.6162,1.0,1.0,24.999,-19.328
Car B,1240,82.6667,4,62.263,2,4.567,21.145,-1.145,5.9874,-0.048,0.4622,1.0,-0.0707,3.856,19.328
Car A,1241,82.7333,4,43.283,1,23.484,19.202,-0.274,5.8111,-0.051,4.6673,1.0,1.0,24.999,-19.38
Car B,1241,82.7333,4,62.662,2,4.168,21.138,-1.138,5.9881,0.0099,-0.3096,1.0,0.1432,-1.76,19.38
Car A,1242,82.8,4,43.665,1,23.196,19.465,-0.348,5.8081,-0.0448,4.7083,1.0,1.0,24.999,-19.396
Car B,1242,82.8,4,63.061,2,3.769,21.133,-1.133,5.9857,-0.0353,0.445,1.0,-0.1013,3.57,19.396
Car A,1243,82.8667,4,44.006,1,22.895,19.712,-0.404,5.8053,-0.0413,4.7406,1.0,1.0,24.999,-19.455
Car B,1243,82.8667,4,63.46,2,3.37,21.125,-1.125,5.9856,-0.0023,-0.3348,1.0,0.1254,-2.524,19.455
Car A,1244,82.9333,4,44.366,1,22.58,19.941,-0.495,5.8028,-0.0382,4.7652,1.0,1.0,24.999,-19.493
Car B,1244,82.9333,4,63.859,2,2.971,21.12,-1.12,5.984,-0.0237,0.4055,1.0,-0.1236,3.125,19.493
Car A,1245,83.0,4,44.749,2,22.254,20.153,-0.566,5.8004,-0.0354,4.7839,1.0,1.0,24.999,-19.509
Car B,1245,83.0,4,64.258,2,2.572,21.112,-1.112,5.9839,-0.0012,-0.3635,1.0,0.1031,-3.08,19.509
Car A,1246,83.0667,4,45.036,2,21.916,20.347,-0.637,5.7983,-0.0317,4.8012,1.0,1.0,24.999,-19.621
Car B,1246,83.0667,4,64.657,2,2.173,21.107,-1.107,5.9847,0.0115,0.3826,1.0,-0.1527,2.569,19.621
Car A,1247,83.1333,4,45.415,2,21.569,20.521,-0.725,5.7963,-0.0311,4.8141,1.0,1.0,24.999,-19.641
Car B,1247,83.1333,4,65.055,2,1.775,21.099,-1.099,5.9821,-0.0388,-0.3864,1.0,0.1041,-3.807,19.641
Car A,1248,83.2,4,45.798,2,21.212,20.676,-0.792,5.7943,-0.0289,4.8223,1.0,1.0,24.999,-19.656
Car B,1248,83.2,4,65.454,2,1.376,21.094,-1.094,5.9822,0.0014,0.3759,1.0,-0.1715,2.592,19.656
Car A,1249,83.2667,4,46.049,2,20.847,20.81,-0.874,5.7924,-0.0284,4.831,1.0,1.0,24.999,-19.804
Car B,1249,83.2667,4,65.853,2,0.977,21.086,-1.086,5.9807,-0.0227,-0.3891,1.0,0.1076,-4.277,19.804
Car A,1250,83.3333,4,46.428,2,20.476,20.924,-0.958,5.7906,-0.0269,4.8369,1.0,1.0,24.999,-19.823
Car B,1250,83.3333,4,66.251,2,0.579,21.082,-1.082,5.9801,-0.0081,0.3796,1.0,-0.206,2.678,19.823
Car A,1251,83.4,4,46.812,2,20.099,21.017,-1.022,5.789,-0.0252,4.842,1.0,1.0,24.999,-19.838
Car B,1251,83.4,4,66.65,2,0.18,21.074,-1.074,5.9785,-0.0245,-0.4005,1.0,0.0894,-5.138,19.838
Car A,1252,83.4667,4,47.113,2,19.717,21.089,-1.089,5.7872,-0.0259,4.8452,1.0,1.0,24.999,-19.935
Car B,1252,83.4667,4,67.048,2,-0.218,21.07,-1.07,5.9793,0.0112,0.3719,1.0,-0.2178,2.224,19.935
Car A,1253,83.5333,4,47.498,2,19.332,21.139,-1.139,5.7857,-0.0237,4.8478,1.0,1.0,24.999,-19.949
Car B,1253,83.5333,4,67.447,2,-0.617,21.063,-1.063,5.9766,-0.0397,-0.4178,1.0,0.0909,-5.432,19.949
Car A,1254,83.6,4,47.885,2,18.945,21.168,-1.168,5.784,-0.0243,4.8515,1.0,1.0,24.999,-19.96
Car B,1254,83.6,4,67.845,2,-1.015,21.059,-1.059,5.9772,0.009,0.35,1.0,-0.2176,2.261,19.96
Car A,1255,83.6667,4,48.273,2,18.557,21.175,-1.175,5.7826,-0.0222,4.8535,1.0,1.0,24.999,-19.97
Car B,1255,83.6667,4,68.243,2,-1.413,21.052,-1.052,5.9745,-0.0409,-0.4183,1.0,0.081,-5.429,19.97
Car A,1256,83.7333,4,48.661,2,18.169,21.16,-1.16,5.781,-0.0229,4.8545,1.0,1.0,24.999,-19.981
Car B,1256,83.7333,4,68.642,2,-1.812,21.049,-1.049,5.9757,0.0187,0.3565,1.0,-0.2276,2.014,19.981
Car A,1257,83.8,4,49.047,2,17.783,21.124,-1.124,5.7795,-0.0227,4.8553,1.0,1.0,24.999,-19.993
Car B,1257,83.8,4,69.04,2,-2.21,21.043,-1.043,5.9729,-0.0422,-0.4189,1.0,0.0763,-5.679,19.993
Car A,1258,83.8667,4,49.43,2,17.4,21.066,-1.066,5.778,-0.0223,4.8568,1.0,1.0,24.999,-20.008
Car B,1258,83.8667,4,69.438,2,-2.608,21.04,-1.04,5.9739,0.0155,0.3431,1.0,-0.2316,1.895,20.008
Car A,1259,83.9333,4,49.81,2,17.021,20.987,-0.987,5.7767,-0.0198,4.8571,1.0,0.1226,24.999,-20.026
Car B,1259,83.9333,4,69.836,2,-3.006,21.035,-1.035,5.9708,-0.0478,-0.4601,1.0,0.0939,-5.777,20.026
Car A,1260,84.0,4,50.187,2,16.643,20.895,-0.895,5.817,0.6049,3.4143,1.0,-0.0658,3.097,-20.047
Car B,1260,84.0,4,70.234,2,-3.404,21.033,-1.033,5.9722,0.021,0.3346,1.0,-0.2601,2.334,20.047
Car A,1261,84.0667,4,50.567,2,16.263,20.808,-0.808,5.8493,0.4838,1.1735,1.0,-0.0701,-1.637,-20.065
Car B,1261,84.0667,4,70.632,2,-3.802,21.028,-1.028,5.9691,-0.0464,-0.4384,1.0,0.0175,-6.489,20.065
Car A,1262,84.1333,4,50.95,2,15.88,20.733,-0.733,5.8612,0.1789,-0.1717,1.0,-0.0694,-1.751,-20.08
Car B,1262,84.1333,4,71.03,2,-4.2,21.027,-1.027,5.9885,0.2909,0.1869,1.0,-0.2439,0.424,20.08
Car A,1263,84.2,4,51.337,2,15.493,20.666,-0.666,5.9142,0.7947,-0.6624,1.0,-0.0688,-1.717,-20.092
Car B,1263,84.2,4,71.429,2,-4.599,21.027,-1.027,5.9873,-0.0174,-0.6895,1.0,0.1016,-6.087,20.092
Car A,1264,84.2667,4,51.728,2,15.102,20.603,-0.603,5.934,0.2972,-0.6841,1.0,-0.0763,-1.696,-20.101
Car B,1264,84.2667,4,71.829,2,-4.998,21.03,-1.03,5.9879,0.0087,0.1578,1.0,-0.2515,2.527,20.101
Car A,1265,84.3333,4,52.119,2,14.711,20.544,-0.544,5.9313,-0.0411,-0.7576,1.0,-0.0829,-1.886,-20.109
Car B,1265,84.3333,4,72.228,2,-5.397,21.03,-1.03,5.9851,-0.0413,-0.5215,1.0,0.068,-6.275,20.109
Car A,1266,84.4,4,52.51,2,14.32,20.488,-0.488,5.9256,-0.0845,-0.8032,1.0,-0.0904,-2.05,-20.116
Car B,1266,84.4,4,72.627,2,-5.796,21.034,-1.034,5.9865,0.0206,0.268,1.0,-0.262,1.688,20.116
Car A,1267,84.4667,4,52.902,2,13.928,20.437,-0.437,5.9191,-0.0975,-0.8739,1.0,-0.1009,-2.239,-20.123
Car B,1267,84.4667,4,73.025,2,-6.195,21.035,-1.035,5.9823,-0.0629,-0.4936,1.0,0.1045,-6.536,20.123
Car A,1268,84.5333,4,53.294,2,13.536,20.391,-0.391,5.9083,-0.1621,-0.9814,1.0,-0.1162,-2.501,-20.13
Car B,1268,84.5333,4,73.424,2,-6.594,21.039,-1.039,5.9828,0.0076,0.2941,1.0,-0.2476,2.599,20.13
Car A,1269,84.6,4,53.686,2,13.144,20.351,-0.351,5.9308,0.3374,-1.0425,1.0,-0.1418,-2.903,-20.137
Car B,1269,84.6,4,73.823,2,-6.993,21.041,-1.041,5.9803,-0.0385,-0.4505,1.0,0.101,-6.176,20.137
Car A,1270,84.6667,4,54.08,2,12.75,20.317,-0.317,5.946,0.2272,-1.3153,1.0,-0.1405,-3.543,-20.141
Car B,1270,84.6667,4,74.221,2,-7.391,21.046,-1.046,5.9801,-0.0021,0.3375,1.0,-0.2673,2.512,20.141
Car A,1271,84.7333,4,54.477,2,12.353,20.29,-0.29,5.9615,0.2329,-1.3688,1.0,-0.149,-3.51,-20.143
Car B,1271,84.7333,4,74.62,2,-7.79,21.047,-1.047,5.9771,-0.045,-0.4233,1.0,0.0751,-6.668,20.143
Car A,1272,84.8,4,54.875,2,11.955,20.269,-0.269,6.0014,0.599,-1.409,1.0,-0.1348,-3.723,-20.143
Car B,1272,84.8,4,75.018,2,-8.188,21.053,-1.053,5.979,0.0284,0.3457,1.0,-0.2826,1.863,20.143
Car A,1273,84.8667,4,55.275,2,11.555,20.254,-0.254,6.0044,0.0451,-1.3197,1.0,-0.1144,-3.37,-20.141
Car B,1273,84.8667,4,75.417,2,-8.587,21.055,-1.055,5.9752,-0.0571,-0.4541,1.0,0.0738,-7.05,20.141
Car A,1274,84.9333,4,55.677,2,11.153,20.242,-0.242,6.0212,0.2516,-1.1245,1.0,-0.0793,-2.86,-20.138
Car B,1274,84.9333,4,75.815,2,-8.985,21.062,-1.062,5.9755,0.0041,0.3059,1.0,-0.2744,1.83,20.138
Car A,1275,85.0,4,56.078,2,10.753,20.232,-0.232,6.0031,-0.2712,-0.7508,1.0,-0.0223,-1.984,-20.136
Car B,1275,85.0,4,76.213,2,-9.383,21.065,-1.065,5.9726,-0.0432,-0.4633,1.0,0.1186,-6.846,20.136
Car A,1276,85.0667,4,56.477,2,10.353,20.221,-0.221,5.9811,-0.3304,-0.2628,1.0,0.0314,-0.555,-20.134
Car B,1276,85.0667,4,76.611,2,-9.781,21.073,-1.073,5.9737,0.0168,0.3143,1.0,-0.2419,2.951,20.134
Car A,1277,85.1333,4,56.876,2,9.954,20.205,-0.205,6.0097,0.4294,0.3333,1.0,-0.0738,0.783,-20.133
Car B,1277,85.1333,4,77.009,2,-10.179,21.076,-1.076,5.9715,-0.0335,-0.4375,1.0,0.1332,-6.033,20.133
Car A,1278,85.2,4,57.276,2,9.554,20.192,-0.192,6.0032,-0.0973,-0.6442,1.0,0.0961,-1.84,-20.131
Car B,1278,85.2,4,77.407,2,-10.577,21.084,-1.084,5.9721,0.0087,0.3487,1.0,-0.249,3.316,20.131
Car A,1279,85.2667,4,57.677,2,9.154,20.181,-0.181,6.0025,-0.011,0.3233,1.0,-0.0112,2.396,-20.129
Car B,1279,85.2667,4,77.805,2,-10.975,21.088,-1.088,5.9698,-0.0334,-0.4065,1.0,0.1554,-6.211,20.129
Car A,1280,85.3333,4,58.076,2,8.754,20.165,-0.165,5.9997,-0.042,-0.1172,1.0,0.0174,-0.265,-20.127
Car B,1280,85.3333,4,78.203,2,-11.373,21.095,-1.095,5.9695,-0.0053,0.356,1.0,-0.2357,3.87,20.127
Car A,1281,85.4,4,58.476,2,8.354,20.15,-0.15,5.9959,-0.0572,0.1496,1.0,-0.0666,0.423,-20.125
Car B,1281,85.4,4,78.601,2,-11.771,21.099,-1.099,5.9696,0.0022,-0.3901,1.0,0.183,-5.877,20.125
Car A,1282,85.4667,4,58.876,2,7.954,20.138,-0.138,5.9887,-0.1082,-0.6451,1.0,0.1247,-1.66,-20.123
Car B,1282,85.4667,4,78.999,2,-12.169,21.107,-1.107,5.9693,-0.0052,0.3757,1.0,-0.2187,4.56,20.123
Car A,1283,85.5333,4,59.275,2,7.555,20.127,-0.127,5.989,0.005,0.4102,1.0,-0.0723,3.109,-20.122
Car B,1283,85.5333,4,79.397,2,-12.566,21.111,-1.111,5.9684,-0.0128,-0.4026,1.0,0.2214,-5.452,20.122
Car A,1284,85.6,4,59.674,2,7.156,20.112,-0.112,5.9896,0.008,-0.3555,1.0,0.0057,-1.8,-20.12
Car B,1284,85.6,4,79.794,2,-12.964,21.119,-1.119,5.968,-0.0069,0.375,1.0,-0.2028,5.517,20.12
Car A,1285,85.6667,4,60.073,2,6.757,20.101,-0.101,5.9945,0.0746,0.0947,1.0,-0.0707,0.129,-20.119
Car B,1285,85.6667,4,80.192,2,-13.362,21.123,-1.123,5.9673,-0.0096,-0.3848,1.0,0.23,-5.055,20.119
Car A,1286,85.7333,4,60.473,2,6.357,20.093,-0.093,5.9845,-0.1503,-0.6955,1.0,0.1503,-1.763,-20.117
Car B,1286,85.7333,4,80.59,2,-13.76,21.13,-1.13,5.9663,-0.0152,0.3765,1.0,-0.182,5.733,20.117
Car A,1287,85.8,4,60.872,2,5.958,20.084,-0.084,5.987,0.038,0.3834,1.0,-0.0662,3.75,-20.116
Car B,1287,85.8,4,80.988,2,-14.157,21.134,-1.134,5.9671,0.0117,-0.3753,1.0,0.253,-4.533,20.116
Car A,1288,85.8667,4,61.271,2,5.559,20.071,-0.071,5.9866,-0.006,-0.3641,1.0,0.0187,-1.646,-20.114
Car B,1288,85.8667,4,81.385,2,-14.555,21.142,-1.142,5.967,-0.0008,0.3987,1.0,-0.1744,6.308,20.114
Car A,1289,85.9333,4,61.67,2,5.16,20.062,-0.062,5.9972,0.1581,0.1999,1.0,-0.0838,0.457,-20.113
Car B,1289,85.9333,4,81.783,2,-14.953,21.145,-1.145,5.9663,-0.0118,-0.3954,1.0,0.2713,-4.344,20.113
Car A,1290,86.0,4,62.07,2,4.761,20.054,-0.054,5.9949,-0.0336,-0.5998,1.0,0.0813,-2.091,-20.111
Car B,1290,86.0,4,82.18,2,-15.35,21.153,-1.153,5.9647,-0.0235,0.3823,1.0,-0.1462,6.766,20.111
Car A,1291,86.0667,4,62.469,2,4.361,20.048,-0.048,5.9939,-0.0158,0.2865,1.0,-0.0654,2.026,-20.109
Car B,1291,86.0667,4,82.578,2,-15.748,21.157,-1.157,5.9657,0.0149,-0.3712,1.0,0.2677,-3.639,20.109
Car A,1292,86.1333,4,62.869,2,3.962,20.038,-0.038,5.993,-0.0134,-0.4281,1.0,0.0364,-1.63,-20.107
Car B,1292,86.1333,4,82.976,2,-16.145,21.164,-1.164,5.9633,-0.036,0.3994,1.0,-0.1748,6.675,20.107
Car A,1293,86.2,4,63.268,2,3.562,20.031,-0.031,5.9908,-0.0324,0.3339,1.0,-0.0945,0.906,-20.105
Car B,1293,86.2,4,83.373,2,-16.543,21.167,-1.167,5.9645,0.019,-0.3719,1.0,0.1797,-4.353,20.105
Car A,1294,86.2667,4,63.667,2,3.163,20.024,-0.024,5.9906,-0.0037,-0.5938,1.0,0.0764,-2.358,-20.103
Car B,1294,86.2667,4,83.771,2,-16.94,21.174,-1.174,5.9645,-0.0011,0.391,1.0,-0.0515,4.478,20.103
Car A,1295,86.3333,4,64.066,2,2.764,20.02,-0.02,5.9891,-0.0219,0.2601,1.0,-0.0517,1.904,-20.102
Car B,1295,86.3333,4,84.168,2,-17.338,21.178,-1.178,5.9678,0.0494,-0.3604,1.0,0.1969,-1.277,20.102
Car A,1296,86.4,4,64.466,2,2.365,20.012,-0.012,5.9893,0.0027,-0.4527,1.0,0.0574,-1.288,-20.1
Car B,1296,86.4,4,84.566,2,-17.736,21.183,-1.183,5.9666,-0.0176,0.5084,1.0,-0.0918,4.913,20.1
Car A,1297,86.4667,4,64.865,2,1.965,20.006,-0.006,5.9903,0.0145,0.4609,1.0,-0.1082,1.43,-20.099
Car B,1297,86.4667,4,84.964,2,-18.134,21.184,-1.184,5.968,0.0208,-0.2768,1.0,0.7295,-2.284,20.099
Car A,1298,86.5333,4,65.264,2,1.566,19.998,0.002,5.9884,-0.0287,-0.4272,1.0,0.0035,-2.698,-20.097
Car B,1298,86.5333,4,85.361,2,-18.531,21.187,-1.187,5.9642,-0.0566,0.2325,1.0,0.5778,18.207,20.097
Car A,1299,86.6,4,65.663,2,1.167,19.995,0.005,5.9982,0.1472,0.0451,1.0,-0.0549,0.074,-20.095
Car B,1299,86.6,4,85.758,2,-18.928,21.179,-1.179,5.9534,-0.1626,1.4587,1.0,1.0,14.452,20.095
Car A,1300,86.6667,4,66.063,2,0.767,19.992,0.008,5.9743,-0.3584,-0.5299,1.0,0.0931,-1.361,-20.091
Car B,1300,86.6667,4,86.154,2,-19.324,21.155,-1.155,5.939,-0.2149,2.2444,1.0,1.0,24.983,20.091
Car A,1301,86.7333,4,66.462,2,0.369,19.989,0.011,5.9768,0.0382,0.4472,1.0,-0.1012,2.322,-20.087
Car B,1301,86.7333,4,86.548,2,-19.718,21.115,-1.115,5.9263,-0.1913,2.8154,1.0,0.9824,25.0,20.087
Car A,1302,86.8,4,66.86,2,-0.03,19.982,0.018,5.9768,0.0002,-0.3449,1.0,-0.0537,-2.522,-19.996
Car B,1302,86.8,4,86.856,2,-20.109,21.058,-1.064,5.9145,-0.1775,3.263,1.0,1.0,24.561,19.996
Car A,1303,86.8667,4,67.259,2,-0.429,19.983,0.017,5.9973,0.307,-0.501,1.0,0.0312,-1.344,-19.99
Car B,1303,86.8667,4,87.249,2,-20.497,20.983,-1.019,5.9038,-0.1603,3.6199,1.0,0.7262,24.999,19.99
Car A,1304,86.9333,4,67.659,2,-0.829,19.982,0.018,6.0004,0.0463,0.2998,1.0,-0.1234,0.777,-19.98
Car B,1304,86.9333,4,87.638,2,-20.881,20.889,-0.956,5.898,-0.0864,3.8711,1.0,1.0,18.164,19.98
Car A,1305,87.0,4,68.059,2,-1.229,19.98,0.02,5.9993,-0.0168,-0.5708,1.0,-0.0289,-3.08,-19.826
Car B,1305,87.0,4,87.885,2,-21.259,20.777,-0.903,5.8896,-0.1259,4.0976,1.0,1.0,24.989,19.826
Car A,1306,87.0667,4,68.459,2,-1.629,19.984,0.016,6.0266,0.4102,-0.3475,1.0,-0.0324,-0.722,-19.817
Car B,1306,87.0667,4,88.277,2,-21.631,20.646,-0.862,5.8827,-0.1041,4.252,1.0,1.0,24.999,19.817
Car A,1307,87.1333,4,68.861,2,-2.03,19.988,0.012,5.9955,-0.4666,-0.3184,1.0,-0.0334,-0.8,-19.805
Car B,1307,87.1333,4,88.666,2,-21.995,20.496,-0.801,5.8764,-0.0947,4.3813,1.0,1.0,24.999,19.805
Car A,1308,87.2,4,69.26,2,-2.43,19.993,0.007,6.0165,0.3146,-0.3431,1.0,-0.0523,-0.828,-19.674
Car B,1308,87.2,4,88.934,2,-22.35,20.327,-0.764,5.8708,-0.0839,4.4815,1.0,1.0,24.999,19.674
Car A,1309,87.2667,4,69.66,2,-2.83,20.002,-0.002,5.9679,-0.7287,-0.5549,1.0,0.0027,-1.293,-19.665
Car B,1309,87.2667,4,89.325,3,-22.696,20.14,-0.723,5.8658,-0.0739,4.562,1.0,1.0,24.999,19.665
Car A,1310,87.3333,4,70.059,2,-3.229,20.009,-0.009,5.9887,0.3121,0.1402,1.0,-0.1471,0.056,-19.596
Car B,1310,87.3333,4,89.655,3,-23.031,19.935,-0.664,5.8613,-0.0678,4.6208,1.0,1.0,24.999,19.596
Car A,1311,87.4,4,70.458,2,-3.628,20.019,-0.019,5.9874,-0.0194,-0.8405,0.9961,-0.0279,-3.672,-19.544
Car B,1311,87.4,4,90.001,3,-23.355,19.712,-0.641,5.8573,-0.0606,4.6718,1.0,1.0,24.999,19.544
Car A,1312,87.4667,4,70.857,2,-4.027,20.034,-0.034,5.983,-0.0669,-0.2712,0.987,0.0305,-0.701,-19.535
Car B,1312,87.4667,4,90.392,3,-23.665,19.472,-0.599,5.8536,-0.055,4.7105,1.0,1.0,24.999,19.535
Car A,1313,87.5333,4,71.255,2,-4.424,20.043,-0.043,5.9537,-0.4385,0.315,1.0,0.0087,0.752,-19.438
Car B,1313,87.5333,4,90.693,3,-23.962,19.215,-0.558,5.8502,-0.0518,4.7416,1.0,1.0,24.999,19.438
Car A,1314,87.6,4,71.653,2,-4.823,20.052,-0.052,6.0076,0.8086,0.1546,1.0,0.024,0.218,-19.431
Car B,1314,87.6,4,91.084,3,-24.245,18.943,-0.534,5.847,-0.0474,4.767,1.0,1.0,24.999,19.431
Car A,1315,87.6667,4,72.054,2,-5.224,20.059,-0.059,6.0156,0.1198,0.2607,1.0,0.0218,0.587,-19.42
Car B,1315,87.6667,4,91.474,3,-24.512,18.656,-0.489,5.844,-0.0453,4.7858,1.0,1.0,24.999,19.42
Car A,1316,87.7333,4,72.455,2,-5.625,20.065,-0.065,6.0137,-0.0282,0.1229,1.0,0.0308,0.532,-19.335
Car B,1316,87.7333,4,91.79,3,-24.762,18.355,-0.468,5.8411,-0.0428,4.8008,1.0,1.0,24.999,19.335
Car A,1317,87.8,4,72.855,2,-6.025,20.07,-0.07,6.0194,0.0847,0.306,1.0,0.0195,0.758,-19.325
Car B,1317,87.8,4,92.181,3,-24.996,18.04,-0.441,5.8384,-0.0402,4.8131,1.0,1.0,24.999,19.325
Car A,1318,87.8667,4,73.255,2,-6.425,20.074,-0.074,5.9863,-0.4958,0.1224,1.0,0.0253,0.483,-19.251
Car B,1318,87.8667,4,92.507,3,-25.212,17.714,-0.403,5.8358,-0.0394,4.8219,1.0,1.0,24.999,19.251
Car A,1319,87.9333,4,73.654,2,-6.824,20.077,-0.077,5.9808,-0.0834,0.1906,1.0,0.0171,0.607,-19.244
Car B,1319,87.9333,4,92.898,3,-25.409,17.376,-0.394,5.8334,-0.0369,4.8298,1.0,1.0,24.999,19.244
Car A,1320,88.0,4,74.053,2,-7.223,20.081,-0.081,5.9879,0.1072,0.1182,1.0,0.0186,0.422,-19.235
Car B,1320,88.0,4,93.288,3,-25.587,17.027,-0.364,5.8309,-0.0372,4.836,1.0,1.0,24.999,19.235
Car A,1321,88.0667,4,74.453,2,-7.623,20.084,-0.084,5.9944,0.0972,0.0928,1.0,0.0207,0.453,-19.171
Car B,1321,88.0667,4,93.624,3,-25.746,16.67,-0.349,5.8285,-0.0352,4.8402,1.0,1.0,24.999,19.171
Car A,1322,88.1333,4,74.853,2,-8.022,20.087,-0.087,5.9956,0.0185,0.0917,1.0,0.0207,0.502,-19.162
Car B,1322,88.1333,4,94.014,3,-25.884,16.304,-0.337,5.8262,-0.0344,4.8434,1.0,1.0,24.999,19.162
Car A,1323,88.2,4,75.252,2,-8.422,20.089,-0.089,5.993,-0.0399,0.1037,1.0,0.0184,0.504,-19.11
Car B,1323,88.2,4,94.362,3,-26.002,15.932,-0.306,5.824,-0.0333,4.8469,1.0,-0.4636,24.999,19.11
Car A,1324,88.2667,4,75.652,2,-8.821,20.091,-0.091,5.9901,-0.0428,0.1136,1.0,0.0158,0.451,-19.094
Car B,1324,88.2667,4,94.746,3,-26.11,15.556,-0.323,5.8568,0.4922,3.1104,1.0,-0.0622,-11.536,19.094
Car A,1325,88.3333,4,76.051,2,-9.221,20.092,-0.092,5.9903,0.0029,0.1055,1.0,0.0137,0.386,-19.087
Car B,1325,88.3333,4,95.138,3,-26.221,15.18,-0.343,5.8871,0.4543,1.1509,1.0,-0.3323,-1.569,19.087
Car A,1326,88.4,4,76.45,2,-9.62,20.093,-0.093,5.9921,0.0271,0.0858,1.0,0.0146,0.336,-19.018
Car B,1326,88.4,4,95.468,3,-26.343,14.807,-0.405,5.8915,0.0657,-0.2004,1.0,0.4505,-8.298,19.018
Car A,1327,88.4667,4,76.85,2,-10.02,20.093,-0.093,5.9958,0.0548,0.0655,1.0,0.0126,0.355,-18.998
Car B,1327,88.4667,4,95.848,3,-26.469,14.435,-0.501,5.8941,0.0382,0.155,1.0,0.3615,11.234,18.998
Car A,1328,88.5333,4,77.25,2,-10.419,20.093,-0.093,5.9928,-0.0452,0.0709,1.0,-0.0006,0.308,-18.982
Car B,1328,88.5333,4,96.232,3,-26.583,14.059,-0.586,5.8868,-0.1081,1.4111,1.0,-0.002,9.039,18.982
Car A,1329,88.6,4,77.649,2,-10.819,20.094,-0.094,5.9928,-0.0001,0.1141,1.0,-0.0627,-0.007,-18.914
Car B,1329,88.6,4,96.564,3,-26.691,13.682,-0.691,5.8956,0.1306,0.4064,1.0,1.0,-0.036,18.914
Car A,1330,88.6667,4,78.049,2,-11.219,20.098,-0.098,6.0054,0.1904,-0.5983,1.0,-0.0312,-1.566,-18.892
Car B,1330,88.6667,4,96.941,3,-26.8,13.304,-0.8,5.8906,-0.074,0.9014,1.0,0.8143,24.962,18.892
Car A,1331,88.7333,4,78.449,2,-11.619,20.105,-0.105,5.9798,-0.3842,-0.254,1.0,0.1271,-0.768,-18.873
Car B,1331,88.7333,4,97.321,3,-26.896,12.924,-0.896,5.8778,-0.1921,1.9246,1.0,0.4299,20.365,18.873
Car A,1332,88.8,4,78.847,2,-12.017,20.106,-0.106,5.9803,0.0074,0.6746,1.0,0.0832,3.171,-18.858
Car B,1332,88.8,4,97.705,3,-26.976,12.54,-0.976,5.8737,-0.0616,2.5123,1.0,0.0852,10.762,18.858
Car A,1333,88.8667,4,79.247,2,-12.416,20.099,-0.099,5.9739,-0.0958,0.8504,1.0,-0.0353,2.08,-18.844
Car B,1333,88.8667,4,98.091,3,-27.05,12.154,-1.05,5.8951,0.3205,1.2113,1.0,0.4333,2.144,18.844
Car A,1334,88.9333,4,79.645,2,-12.815,20.095,-0.095,5.9792,0.0786,-0.2794,1.0,0.2094,-0.878,-18.832
Car B,1334,88.9333,4,98.477,3,-27.123,11.768,-1.123,5.8884,-0.1005,1.6658,1.0,0.3889,10.819,18.832
Car A,1335,89.0,4,80.044,2,-13.213,20.091,-0.091,5.9782,-0.0148,0.5953,1.0,0.0064,5.226,-18.822
Car B,1335,89.0,4,98.865,3,-27.182,11.38,-1.182,5.8839,-0.0663,2.3244,1.0,0.1433,9.723,18.822
Car A,1336,89.0667,4,80.442,2,-13.612,20.084,-0.084,5.9965,0.2739,0.0461,1.0,0.0692,0.178,-18.813
Car B,1336,89.0667,4,99.255,3,-27.234,10.99,-1.234,5.9303,0.6948,1.2577,1.0,0.4582,3.594,18.813
Car A,1337,89.1333,4,80.842,2,-14.012,20.075,-0.075,5.9975,0.0152,0.669,1.0,-0.1146,1.728,-18.805
Car B,1337,89.1333,4,99.648,3,-27.281,10.598,-1.281,5.9201,-0.153,1.9869,1.0,0.3433,11.442,18.805
Car A,1338,89.2,4,81.242,2,-14.412,20.067,-0.067,5.9986,0.0169,-0.383,1.0,0.0582,-2.857,-18.799
Car B,1338,89.2,4,100.041,3,-27.313,10.204,-1.313,5.9177,-0.0354,2.5652,1.0,0.5267,8.586,18.799
Car A,1339,89.2667,4,81.642,2,-14.812,20.062,-0.062,5.9985,-0.0007,0.3729,1.0,-0.0776,1.447,-18.794
Car B,1339,89.2667,4,100.436,3,-27.328,9.809,-1.328,5.9112,-0.0977,3.0428,1.0,1.0,13.16,18.794
Car A,1340,89.3333,4,82.041,2,-15.211,20.055,-0.055,5.9957,-0.043,-0.4442,1.0,0.2466,-1.934,-18.789
Car B,1340,89.3333,4,100.831,3,-27.326,9.414,-1.326,5.9003,-0.1633,3.4609,1.0,1.0,24.981,18.789
Car A,1341,89.4,4,82.441,2,-15.611,20.05,-0.05,5.9918,-0.0577,0.4065,1.0,0.036,6.152,-18.784
Car B,1341,89.4,4,101.224,3,-27.305,9.021,-1.305,5.8905,-0.147,3.7584,1.0,1.0,24.999,18.784
Car A,1342,89.4667,4,82.841,2,-16.011,20.039,-0.039,6.025,0.4973,0.334,1.0,0.5011,0.904,-18.776
Car B,1342,89.4667,4,101.616,3,-27.265,8.629,-1.265,5.8818,-0.1305,4.0032,1.0,1.0,25.0,18.776
Car A,1343,89.5333,4,83.242,2,-16.412,20.024,-0.024,6.0204,-0.069,1.1491,1.0,-0.0077,12.509,-18.763
Car B,1343,89.5333,4,102.005,3,-27.206,8.24,-1.206,5.8743,-0.1121,4.1841,1.0,0.6017,25.0,18.763
Car A,1344,89.6,4,83.643,2,-16.813,20.003,-0.003,6.0224,0.0305,0.1778,0.969,-0.1038,-0.173,-18.748
Car B,1344,89.6,4,102.391,3,-27.126,7.854,-1.126,5.8771,0.0418,4.2845,1.0,0.0498,15.056,18.748
Car A,1345,89.6667,4,84.043,2,-17.213,19.993,0.007,5.9862,-0.5433,-0.8308,1.0,0.8988,-2.59,-18.732
Car B,1345,89.6667,4,102.774,3,-27.035,7.471,-1.035,5.9127,0.5336,2.5991,1.0,-1.0,1.266,18.732
Car A,1346,89.7333,4,84.442,2,-17.611,19.984,0.016,5.9865,0.0049,0.0188,1.0,0.795,22.432,-18.719
Car B,1346,89.7333,4,103.16,3,-26.953,7.085,-0.953,5.9201,0.1116,1.0386,1.0,-0.6605,-24.96,18.719
Car A,1347,89.8,4,84.84,2,-18.01,19.964,0.036,5.9754,-0.1664,1.2631,1.0,0.3401,19.879,-18.708
Car B,1347,89.8,4,103.548,3,-26.879,6.697,-0.879,5.9145,-0.0853,-0.4248,1.0,-0.4153,-16.525,18.708
Car A,1348,89.8667,4,85.236,2,-18.406,19.929,0.071,5.9634,-0.1801,2.0201,0.8158,-0.208,8.519,-18.701
Car B,1348,89.8667,4,103.937,3,-26.819,6.308,-0.819,5.91,-0.0668,-1.3568,1.0,0.3478,-10.391,18.701
Car A,1349,89.9333,4,85.631,2,-18.801,19.888,0.112,5.941,-0.3357,0.8298,1.0,1.0,-5.178,-18.637
Car B,1349,89.9333,4,104.267,3,-26.764,5.918,-0.768,5.9157,0.086,-0.6823,1.0,1.0,8.665,18.637
Car A,1350,90.0,4,86.024,2,-19.194,19.846,0.154,5.9298,-0.1684,1.2228,1.0,0.4513,24.955,-18.636
Car B,1350,90.0,4,104.66,3,-26.698,5.529,-0.733,5.9046,-0.167,0.8386,1.0,0.7849,24.974,18.636
Car A,1351,90.0667,4,86.416,2,-19.586,19.793,0.207,5.9245,-0.079,2.0703,1.0,-0.489,11.302,-18.634
Car B,1351,90.0667,4,105.05,3,-26.619,5.144,-0.684,5.895,-0.1434,1.6772,1.0,0.9746,19.631,18.634
Car A,1352,90.1333,4,86.806,2,-19.976,19.733,0.267,5.932,0.1111,1.1283,1.0,-0.4025,-12.19,-18.531
Car B,1352,90.1333,4,105.338,3,-26.525,4.763,-0.652,5.8832,-0.1778,2.3904,1.0,1.0,24.358,18.531
Car A,1353,90.2,4,87.222,2,-20.369,19.683,0.287,5.9325,0.0087,-0.4025,1.0,1.0,-10.066,-18.507
Car B,1353,90.2,4,105.73,3,-26.415,4.386,-0.633,5.8713,-0.178,2.9248,1.0,1.0,24.999,18.507
Car A,1354,90.2667,4,87.616,2,-20.76,19.635,0.304,5.9194,-0.1972,0.2876,1.0,1.0,24.947,-18.504
Car B,1354,90.2667,4,106.12,3,-26.288,4.015,-0.596,5.8603,-0.1653,3.3548,1.0,1.0,25.0,18.504
Car A,1355,90.3333,4,88.059,2,-21.15,19.578,0.289,5.9079,-0.1721,1.3521,1.0,1.0,24.999,-18.359
Car B,1355,90.3333,4,106.418,3,-26.144,3.651,-0.594,5.8506,-0.1452,3.6794,1.0,1.0,25.0,18.359
Car A,1356,90.4,4,88.452,2,-21.537,19.506,0.269,5.8953,-0.1899,2.122,1.0,1.0,25.0,-18.357
Car B,1356,90.4,4,106.809,3,-25.983,3.294,-0.581,5.8422,-0.1258,3.9367,1.0,1.0,25.0,18.357
Car A,1357,90.4667,4,88.885,2,-21.92,19.418,0.241,5.8828,-0.1873,2.7271,1.0,1.0,25.0,-18.226
Car B,1357,90.4667,4,107.111,3,-25.804,2.947,-0.562,5.835,-0.1085,4.1359,1.0,1.0,25.0,18.226
Car A,1358,90.5333,4,89.275,3,-22.299,19.313,0.193,5.8712,-0.174,3.205,1.0,1.0,25.0,-18.227
Car B,1358,90.5333,4,107.502,3,-25.607,2.609,-0.571,5.8288,-0.0931,4.2879,1.0,1.0,24.999,18.227
Car A,1359,90.6,4,89.691,3,-22.671,19.191,0.16,5.8609,-0.1543,3.5659,1.0,1.0,25.0,-18.201
Car B,1359,90.6,4,107.892,3,-25.394,2.282,-0.56,5.8234,-0.0805,4.408,1.0,1.0,24.999,18.201
Car A,1360,90.6667,4,90.076,3,-23.037,19.051,0.088,5.8519,-0.1352,3.8483,1.0,1.0,25.0,-18.119
Car B,1360,90.6667,4,108.195,3,-25.163,1.968,-0.563,5.8187,-0.0702,4.5009,1.0,1.0,24.999,18.119
Car A,1361,90.7333,4,90.464,3,-23.396,18.893,0.035,5.8441,-0.1162,4.0635,1.0,1.0,25.0,-18.121
Car B,1361,90.7333,4,108.585,3,-24.916,1.666,-0.572,5.8146,-0.0616,4.5765,1.0,1.0,24.999,18.121
Car A,1362,90.8,4,90.851,3,-23.745,18.717,-0.038,5.8374,-0.1003,4.2339,1.0,1.0,25.0,-18.102
Car B,1362,90.8,4,108.953,3,-24.653,1.378,-0.559,5.811,-0.0543,4.6343,1.0,1.0,24.999,18.102
Car A,1363,90.8667,4,91.235,3,-24.085,18.524,-0.111,5.8317,-0.0862,4.3649,1.0,1.0,24.999,-18.04
Car B,1363,90.8667,4,109.275,3,-24.376,1.105,-0.582,5.8078,-0.0487,4.6827,1.0,1.0,24.999,18.04
Car A,1364,90.9333,4,91.595,3,-24.413,18.313,-0.175,5.8266,-0.0756,4.4679,1.0,1.0,24.999,-18.069
Car B,1364,90.9333,4,109.665,3,-24.083,0.848,-0.588,5.8049,-0.0433,4.7193,1.0,1.0,24.999,18.069
Car A,1365,91.0,4,91.975,3,-24.73,18.085,-0.268,5.8223,-0.0657,4.5497,1.0,1.0,24.999,-17.988
Car B,1365,91.0,4,109.962,3,-23.777,0.607,-0.591,5.8022,-0.04,4.7488,1.0,1.0,24.999,17.988
Car A,1366,91.0667,4,92.358,3,-25.034,17.84,-0.341,5.8183,-0.0588,4.6132,1.0,1.0,24.999,-17.992
Car B,1366,91.0667,4,110.35,3,-23.459,0.383,-0.615,5.7998,-0.036,4.7717,1.0,1.0,24.999,17.992
Car A,1367,91.1333,4,92.68,3,-25.325,17.579,-0.429,5.8149,-0.0514,4.6678,1.0,1.0,24.999,-18.059
Car B,1367,91.1333,4,110.739,3,-23.129,0.178,-0.617,5.7975,-0.0342,4.7905,1.0,1.0,24.999,18.059
Car A,1368,91.2,4,93.059,3,-25.6,17.303,-0.519,5.8118,-0.0464,4.7065,1.0,1.0,24.999,-17.971
Car B,1368,91.2,4,111.031,3,-22.788,-0.009,-0.637,5.7955,-0.0311,4.8049,1.0,1.0,24.999,17.971
Car A,1369,91.2667,4,93.421,3,-25.86,17.013,-0.589,5.809,-0.0431,4.7375,1.0,1.0,24.999,-17.998
Car B,1369,91.2667,4,111.419,3,-22.437,-0.176,-0.657,5.7935,-0.0295,4.8165,1.0,1.0,24.999,17.998
Car A,1370,91.3333,4,93.724,3,-26.103,16.709,-0.694,5.8064,-0.0383,4.762,1.0,1.0,24.999,-18.053
Car B,1370,91.3333,4,111.777,3,-22.077,-0.324,-0.657,5.7916,-0.0288,4.8261,1.0,1.0,24.999,18.053
Car A,1371,91.4,4,94.104,3,-26.329,16.392,-0.781,5.804,-0.0358,4.7841,1.0,1.0,24.999,-17.987
Car B,1371,91.4,4,112.091,3,-21.71,-0.451,-0.691,5.7898,-0.0271,4.833,1.0,1.0,24.999,17.987
Car A,1372,91.4667,4,94.362,3,-26.537,16.063,-0.857,5.8018,-0.0339,4.8004,1.0,1.0,24.999,-18.117
Car B,1372,91.4667,4,112.479,3,-21.337,-0.558,-0.708,5.7881,-0.0254,4.8386,1.0,1.0,24.999,18.117
Car A,1373,91.5333,4,94.728,3,-26.727,15.723,-0.962,5.7996,-0.0317,4.8124,1.0,1.0,24.999,-18.028
Car B,1373,91.5333,4,112.755,3,-20.958,-0.644,-0.717,5.7864,-0.0257,4.8429,1.0,1.0,24.999,18.028
Car A,1374,91.6,4,95.108,3,-26.897,15.373,-1.045,5.7976,-0.0299,4.8225,1.0,1.0,24.999,-18.034
Car B,1374,91.6,4,113.142,3,-20.576,-0.708,-0.751,5.7847,-0.0244,4.8464,1.0,1.0,24.999,18.034
Car A,1375,91.6667,4,95.316,3,-27.048,15.015,-1.124,5.7957,-0.0292,4.8299,1.0,1.0,24.999,-18.214
Car B,1375,91.6667,4,113.53,3,-20.19,-0.751,-0.764,5.7832,-0.0233,4.8494,1.0,0.5279,24.999,18.214
Car A,1376,91.7333,4,95.691,3,-27.178,14.648,-1.225,5.7939,-0.0274,4.8362,1.0,1.0,24.999,-18.168
Car B,1376,91.7333,4,113.859,3,-19.801,-0.778,-0.778,5.8283,0.6775,4.1189,1.0,0.5659,13.215,18.168
Car A,1377,91.8,4,96.072,3,-27.287,14.275,-1.305,5.7921,-0.027,4.841,1.0,1.0,24.999,-18.178
Car B,1377,91.8,4,114.249,3,-19.411,-0.788,-0.788,5.8308,0.0367,4.2331,1.0,0.0293,14.146,18.178
Car A,1378,91.8667,4,96.348,3,-27.376,13.897,-1.376,5.7904,-0.0257,4.8459,1.0,1.0,24.999,-18.293
Car B,1378,91.8667,4,114.641,3,-19.02,-0.787,-0.787,5.867,0.5426,2.5673,1.0,-0.2528,0.752,18.293
Car A,1379,91.9333,4,96.731,3,-27.443,13.515,-1.443,5.7887,-0.0254,4.8482,1.0,1.0,24.999,-18.302
Car B,1379,91.9333,4,115.033,3,-18.628,-0.794,-0.794,5.8851,0.2727,0.8095,1.0,0.0976,-6.309,18.302
Car A,1380,92.0,4,97.116,3,-27.489,13.129,-1.489,5.787,-0.0244,4.8511,1.0,1.0,24.999,-18.309
Car B,1380,92.0,4,115.425,3,-18.235,-0.804,-0.804,5.8956,0.157,0.967,1.0,0.0942,2.408,18.309
Car A,1381,92.0667,4,97.504,3,-27.513,12.742,-1.513,5.7855,-0.0239,4.8533,1.0,1.0,24.999,-18.315
Car B,1381,92.0667,4,115.819,3,-17.841,-0.809,-0.809,5.9053,0.1455,0.9215,1.0,0.0942,2.332,18.315
Car A,1382,92.1333,4,97.892,3,-27.516,12.354,-1.516,5.7839,-0.0234,4.8545,1.0,1.0,24.999,-18.321
Car B,1382,92.1333,4,116.213,3,-17.447,-0.81,-0.81,5.9093,0.0592,0.9242,1.0,0.0921,2.334,18.321
Car A,1383,92.2,4,98.279,3,-27.497,11.966,-1.497,5.7824,-0.0227,4.8551,1.0,1.0,24.999,-18.328
Car B,1383,92.2,4,116.607,3,-17.053,-0.806,-0.806,5.9117,0.0366,0.9063,1.0,0.0896,2.282,18.328
Car A,1384,92.2667,4,98.665,3,-27.456,11.58,-1.456,5.7808,-0.023,4.8559,1.0,1.0,24.999,-18.337
Car B,1384,92.2667,4,117.002,3,-16.659,-0.799,-0.799,5.9142,0.038,0.88,1.0,0.0863,2.219,18.337
Car A,1385,92.3333,4,99.048,3,-27.393,11.197,-1.393,5.7794,-0.0218,4.8567,1.0,1.0,24.999,-18.349
Car B,1385,92.3333,4,117.397,3,-16.264,-0.788,-0.788,5.9284,0.2121,0.8529,1.0,0.085,2.136,18.349
Car A,1386,92.4,4,99.426,3,-27.31,10.819,-1.31,5.7779,-0.022,4.8573,1.0,1.0,24.999,-18.365
Car B,1386,92.4,4,117.792,3,-15.869,-0.774,-0.774,5.9232,-0.0782,0.8414,1.0,0.0703,2.102,18.365
Car A,1387,92.4667,4,99.8,3,-27.205,10.446,-1.205,5.7765,-0.0215,4.8574,1.0,0.8311,24.999,-18.387
Car B,1387,92.4667,4,118.187,3,-15.473,-0.757,-0.757,5.936,0.192,0.5744,1.0,0.0865,1.729,18.387
Car A,1388,92.5333,4,100.166,3,-27.079,10.079,-1.079,5.7781,0.0244,4.8304,1.0,0.0935,20.783,-18.416
Car B,1388,92.5333,4,118.582,3,-15.078,-0.737,-0.737,5.9233,-0.1903,0.8598,1.0,-0.0272,2.141,18.416
Car A,1389,92.6,4,100.529,3,-26.941,9.716,-0.941,5.8234,0.6784,3.0873,1.0,-0.1927,2.365,-18.447
Car B,1389,92.6,4,118.977,3,-14.684,-0.717,-0.717,5.9336,0.1549,-0.1658,1.0,0.0945,-0.675,18.447
Car A,1390,92.6667,4,100.896,3,-26.809,9.349,-0.809,5.8492,0.3881,1.1744,1.0,-0.2345,-4.806,-18.476
Car B,1390,92.6667,4,119.372,3,-14.288,-0.699,-0.699,5.9368,0.0489,0.6229,1.0,-0.051,2.357,18.476
Car A,1391,92.7333,4,101.267,3,-26.686,8.979,-0.686,5.8555,0.0942,-0.1628,1.0,-0.2611,-5.86,-18.501
Car B,1391,92.7333,4,119.767,3,-13.893,-0.678,-0.678,5.9414,0.0687,-0.2262,1.0,0.0894,-1.27,18.501
Car A,1392,92.8,4,101.641,3,-26.576,8.604,-0.576,5.8551,-0.0069,-1.1688,1.0,-0.2719,-6.526,-18.522
Car B,1392,92.8,4,120.163,3,-13.497,-0.659,-0.659,5.944,0.0378,0.5004,1.0,-0.0992,2.23,18.522
Car A,1393,92.8667,4,102.019,3,-26.478,8.226,-0.478,5.8552,0.0018,-1.9219,1.0,-0.2744,-6.797,-18.539
Car B,1393,92.8667,4,120.559,3,-13.102,-0.638,-0.638,5.9451,0.0166,-0.3122,1.0,0.0822,-2.474,18.539
Car A,1394,92.9333,4,102.401,3,-26.395,7.844,-0.395,5.8771,0.3294,-2.3912,1.0,-0.2311,-6.858,-18.553
Car B,1394,92.9333,4,120.955,3,-12.706,-0.62,-0.62,5.9477,0.04,0.4024,1.0,-0.1364,2.047,18.553
Car A,1395,93.0,4,102.789,3,-26.32,7.456,-0.32,5.9515,1.1149,-2.0954,1.0,-0.2435,-5.779,-18.561
Car B,1395,93.0,4,121.351,3,-12.31,-0.599,-0.599,5.9478,0.0011,-0.3838,1.0,0.0606,-3.403,18.561
Car A,1396,93.0667,4,103.183,3,-26.253,7.063,-0.253,6.0009,0.7421,-2.2738,0.9137,-0.2358,-6.087,-18.564
Car B,1396,93.0667,4,121.747,3,-11.914,-0.581,-0.581,5.9504,0.0383,0.3577,1.0,-0.1709,1.508,18.564
Car A,1397,93.1333,4,103.573,3,-26.197,6.672,-0.197,5.8423,-2.3801,-2.1152,0.9062,-0.2284,-5.894,-18.57
Car B,1397,93.1333,4,122.143,3,-11.517,-0.561,-0.561,5.9502,-0.0021,-0.4515,1.0,0.0674,-4.263,18.57
Car A,1398,93.2,4,103.954,3,-26.151,6.291,-0.151,5.6888,-2.3014,-1.9506,1.0,0.7754,-5.712,-18.585
Car B,1398,93.2,4,122.539,3,-11.121,-0.545,-0.545,5.9533,0.0466,0.3174,1.0,-0.1317,1.675,18.585
Car A,1399,93.2667,4,104.322,3,-26.105,5.914,-0.112,5.7014,0.1878,-0.7777,1.0,1.0,19.347,-18.613
Car B,1399,93.2667,4,122.936,3,-10.725,-0.526,-0.526,5.9526,-0.0108,-0.4597,1.0,0.0682,-3.284,18.613
Car A,1400,93.3333,4,104.702,3,-26.05,5.538,-0.086,5.6961,-0.0784,0.6193,1.0,1.0,24.991,-18.631
Car B,1400,93.3333,4,123.332,3,-10.328,-0.511,-0.511,5.9547,0.0314,0.3056,1.0,-0.155,1.697,18.631
Car A,1401,93.4,4,105.079,3,-25.98,5.165,-0.046,5.6879,-0.1228,1.5221,1.0,1.0,25.0,-18.65
Car B,1401,93.4,4,123.729,3,-9.932,-0.492,-0.492,5.9538,-0.0132,-0.4448,1.0,0.0481,-3.867,18.65
Car A,1402,93.4667,4,105.452,3,-25.897,4.795,-0.033,5.6779,-0.1507,2.2343,1.0,1.0,25.0,-18.673
Car B,1402,93.4667,4,124.125,3,-9.535,-0.478,-0.478,5.9584,0.0688,0.3257,1.0,-0.167,1.194,18.673
Car A,1403,93.5333,4,105.831,3,-25.797,4.43,-0.022,5.6685,-0.1402,2.7957,1.0,1.0,25.0,-18.691
Car B,1403,93.5333,4,124.522,3,-9.138,-0.461,-0.461,5.9577,-0.0104,-0.5352,1.0,0.0552,-4.166,18.691
Car A,1404,93.6,4,106.209,3,-25.681,4.07,-0.006,5.6599,-0.1297,3.2405,1.0,1.0,25.0,-18.711
Car B,1404,93.6,4,124.919,3,-8.741,-0.449,-0.449,5.9605,0.042,0.2521,1.0,-0.1632,1.372,18.711
Car A,1405,93.6667,4,106.587,3,-25.548,3.715,-0.018,5.6524,-0.1123,3.5876,1.0,1.0,25.0,-18.73
Car B,1405,93.6667,4,125.316,3,-8.344,-0.433,-0.433,5.9589,-0.024,-0.5178,1.0,0.0459,-4.071,18.73
Car A,1406,93.7333,4,106.965,3,-25.397,3.369,-0.011,5.6463,-0.0914,3.854,1.0,1.0,25.0,-18.749
Car B,1406,93.7333,4,125.713,3,-7.947,-0.422,-0.422,5.9626,0.0561,0.2629,1.0,-0.166,1.138,18.749
Car A,1407,93.8,4,107.341,3,-25.228,3.03,-0.028,5.6414,-0.074,4.0669,1.0,1.0,25.0,-18.77
Car B,1407,93.8,4,126.111,3,-7.55,-0.409,-0.409,5.9612,-0.0219,-0.5618,1.0,0.0522,-4.142,18.77
Car A,1408,93.8667,4,107.719,3,-25.042,2.701,-0.041,5.6375,-0.0576,4.2308,1.0,1.0,24.999,-18.789
Car B,1408,93.8667,4,126.508,3,-7.152,-0.4,-0.4,5.9636,0.036,0.2314,1.0,-0.1623,1.295,18.789
Car A,1409,93.9333,4,108.09,3,-24.839,2.383,-0.047,5.6346,-0.0445,4.3614,1.0,1.0,24.999,-18.815
Car B,1409,93.9333,4,126.905,3,-6.755,-0.388,-0.388,5.9619,-0.0247,-0.5467,1.0,0.0469,-4.048,18.815
Car A,1410,94.0,4,108.466,3,-24.619,2.076,-0.079,5.6324,-0.033,4.4644,1.0,1.0,24.999,-18.836
Car B,1410,94.0,4,127.303,3,-6.358,-0.38,-0.38,5.9651,0.0482,0.2429,1.0,-0.1631,1.164,18.836
Car A,1411,94.0667,4,108.844,3,-24.382,1.781,-0.09,5.6308,-0.0239,4.5467,1.0,1.0,24.999,-18.856
Car B,1411,94.0667,4,127.7,3,-5.96,-0.37,-0.37,5.9634,-0.0263,-0.5314,1.0,0.0467,-4.069,18.856
Car A,1412,94.1333,4,109.206,3,-24.129,1.501,-0.121,5.6297,-0.0163,4.6121,1.0,1.0,24.999,-18.892
Car B,1412,94.1333,4,128.098,3,-5.562,-0.364,-0.364,5.9666,0.0475,0.255,1.0,-0.1646,1.16,18.892
Car A,1413,94.2,4,109.583,3,-23.861,1.235,-0.149,5.6291,-0.0094,4.6636,1.0,1.0,24.999,-18.913
Car B,1413,94.2,4,128.495,3,-5.165,-0.355,-0.355,5.9648,-0.0256,-0.5608,1.0,0.0542,-4.106,18.913
Car A,1414,94.2667,4,109.935,3,-23.578,0.984,-0.165,5.6287,-0.0051,4.7065,1.0,1.0,24.999,-18.958
Car B,1414,94.2667,4,128.893,3,-4.767,-0.351,-0.351,5.9669,0.0304,0.2396,1.0,-0.1639,1.346,18.958
Car A,1415,94.3333,4,110.31,3,-23.282,0.75,-0.21,5.6287,-0.0004,4.7394,1.0,1.0,24.999,-18.98
Car B,1415,94.3333,4,129.291,3,-4.37,-0.344,-0.344,5.9652,-0.0257,-0.5118,1.0,0.0435,-4.089,18.98
Car A,1416,94.4,4,110.687,3,-22.972,0.533,-0.233,5.6289,0.0028,4.7654,1.0,1.0,24.999,-19.001
Car B,1416,94.4,4,129.688,3,-3.972,-0.34,-0.34,5.968,0.0425,0.2762,1.0,-0.1648,1.079,19.001
Car A,1417,94.4667,4,111.026,3,-22.651,0.334,-0.268,5.6292,0.0052,4.7869,1.0,1.0,24.999,-19.061
Car B,1417,94.4667,4,130.086,3,-3.574,-0.335,-0.335,5.9674,-0.0089,-0.5693,1.0,0.0528,-4.111,19.061
Car A,1418,94.5333,4,111.402,3,-22.319,0.153,-0.308,5.6297,0.0076,4.8033,1.0,1.0,24.999,-19.083
Car B,1418,94.5333,4,130.484,3,-3.176,-0.334,-0.334,5.9696,0.0328,0.2269,1.0,-0.158,1.312,19.083
Car A,1419,94.6,4,111.777,3,-21.977,-0.008,-0.326,5.6303,0.0081,4.8171,1.0,1.0,24.999,-19.105
Car B,1419,94.6,4,130.882,3,-2.778,-0.33,-0.33,5.9679,-0.0255,-0.5161,1.0,0.0489,-3.942,19.105
Car A,1420,94.6667,4,112.102,3,-21.627,-0.15,-0.378,5.631,0.0108,4.8277,1.0,1.0,24.999,-19.178
Car B,1420,94.6667,4,131.28,3,-2.38,-0.33,-0.33,5.9703,0.0366,0.2698,1.0,-0.1669,1.214,19.178
Car A,1421,94.7333,4,112.478,3,-21.269,-0.271,-0.413,5.6317,0.0104,4.8367,1.0,1.0,24.999,-19.199
Car B,1421,94.7333,4,131.678,3,-1.982,-0.328,-0.328,5.9684,-0.0287,-0.5467,1.0,0.0513,-4.164,19.199
Car A,1422,94.8,4,112.788,3,-20.904,-0.372,-0.442,5.6324,0.0113,4.8433,1.0,1.0,24.999,-19.288
Car B,1422,94.8,4,132.076,3,-1.585,-0.33,-0.33,5.9707,0.0336,0.2419,1.0,-0.1699,1.273,19.288
Car A,1423,94.8667,4,113.163,3,-20.534,-0.451,-0.492,5.6333,0.0122,4.8487,1.0,1.0,24.999,-19.311
Car B,1423,94.8667,4,132.474,3,-1.187,-0.329,-0.329,5.9688,-0.0276,-0.5485,1.0,0.0445,-4.239,19.311
Car A,1424,94.9333,4,113.54,3,-20.161,-0.51,-0.521,5.6341,0.0124,4.8527,1.0,1.0,24.999,-19.331
Car B,1424,94.9333,4,132.872,3,-0.789,-0.332,-0.332,5.9716,0.0413,0.2418,1.0,-0.1644,1.105,19.331
Car A,1425,95.0,4,113.876,3,-19.784,-0.546,-0.546,5.6349,0.0116,4.8561,1.0,1.0,24.999,-19.393
Car B,1425,95.0,4,133.27,3,-0.391,-0.334,-0.334,5.97,-0.0239,-0.5742,1.0,0.048,-4.101,19.393
Car A,1426,95.0667,4,114.254,3,-19.406,-0.561,-0.561,5.6357,0.0127,4.8584,1.0,1.0,24.999,-19.413
Car B,1426,95.0667,5,0.007,1,0.007,-0.339,-0.339,5.9722,0.0335,0.223,1.0,-0.1653,1.191,19.413
Car A,1427,95.1333,4,114.633,3,-19.028,-0.555,-0.555,5.6366,0.0127,4.8606,1.0,1.0,24.999,-19.433
Car B,1427,95.1333,5,0.405,1,0.405,-0.342,-0.342,5.9699,-0.0345,-0.5628,1.0,0.049,-4.124,19.433
Car A,1428,95.2,4,115.01,3,-18.65,-0.526,-0.526,5.6374,0.0123,4.8621,1.0,1.0,24.999,-19.454
Car B,1428,95.2,5,0.803,1,0.803,-0.349,-0.349,5.9722,0.0342,0.2293,1.0,-0.1706,1.216,19.454
Car A,1429,95.2667,4,115.385,3,-18.275,-0.476,-0.476,5.6382,0.0122,4.8633,1.0,-0.0418,24.999,-19.476
Car B,1429,95.2667,5,1.201,1,1.201,-0.354,-0.354,5.97,-0.0323,-0.5583,1.0,0.0417,-4.256,19.476
Car A,1430,95.3333,4,115.759,3,-17.901,-0.414,-0.414,5.6808,0.6393,3.3755,1.0,-0.1004,-1.005,-19.5
Car B,1430,95.3333,5,1.599,1,1.599,-0.363,-0.363,5.9733,0.0492,0.2316,1.0,-0.1937,1.034,19.5
Car A,1431,95.4,4,116.136,3,-17.524,-0.356,-0.356,5.7161,0.5294,1.2205,1.0,-0.1278,-2.507,-19.522
Car B,1431,95.4,5,1.997,1,1.997,-0.37,-0.37,5.9714,-0.0294,-0.5966,1.0,0.0254,-4.832,19.522
Car A,1432,95.4667,4,116.515,3,-17.146,-0.31,-0.31,5.7297,0.2041,-0.1242,1.0,-0.1284,-3.193,-19.541
Car B,1432,95.4667,5,2.395,1,2.396,-0.381,-0.381,5.9773,0.0892,0.1946,1.0,-0.2128,0.627,19.541
Car A,1433,95.5333,4,116.896,3,-16.764,-0.275,-0.275,5.7544,0.3696,-1.0432,1.0,-0.0943,-3.208,-19.558
Car B,1433,95.5333,5,2.794,1,2.794,-0.391,-0.391,5.9751,-0.0324,-0.6934,1.0,0.0388,-5.31,19.558
Car A,1434,95.6,4,117.283,3,-16.378,-0.247,-0.247,5.8615,1.6067,-0.9113,1.0,-0.0871,-2.353,-19.57
Car B,1434,95.6,5,3.192,1,3.192,-0.406,-0.406,5.9779,0.0415,0.1335,1.0,-0.2505,0.959,19.57
Car A,1435,95.6667,4,117.676,3,-15.985,-0.22,-0.22,5.9301,1.0291,-0.8472,1.0,-0.0798,-2.176,-19.575
Car B,1435,95.6667,5,3.59,1,3.59,-0.418,-0.418,5.9752,-0.0405,-0.6346,1.0,-0.0172,-6.25,19.575
Car A,1436,95.7333,4,118.072,3,-15.589,-0.196,-0.196,5.9348,0.0702,-0.7667,1.0,-0.0744,-1.977,-19.577
Car B,1436,95.7333,5,3.988,1,3.988,-0.435,-0.435,5.9982,0.3455,-0.1683,1.0,-0.1461,-0.439,19.577
Car A,1437,95.8,4,118.468,3,-15.192,-0.175,-0.175,5.9628,0.42,-0.6997,1.0,-0.0691,-1.858,-19.58
Car B,1437,95.8,5,4.388,1,4.388,-0.455,-0.455,5.9966,-0.0245,-0.9549,1.0,0.0517,-3.648,19.58
Car A,1438,95.8667,4,118.864,3,-14.796,-0.156,-0.156,5.9573,-0.0822,-0.6119,1.0,-0.0693,-1.722,-19.583
Car B,1438,95.8667,5,4.787,1,4.787,-0.479,-0.479,5.997,0.0053,-0.0246,1.0,-0.1995,1.286,19.583
Car A,1439,95.9333,4,119.261,3,-14.4,-0.14,-0.14,5.9388,-0.2764,-0.6971,1.0,-0.0591,-1.709,-19.586
Car B,1439,95.9333,5,5.186,1,5.186,-0.5,-0.5,5.9929,-0.0604,-0.6583,1.0,-0.0025,-4.979,19.586
Car A,1440,96.0,4,119.657,3,-14.003,-0.126,-0.126,5.947,0.1218,-0.6069,1.0,-0.0549,-1.452,-19.588
Car B,1440,96.0,5,5.585,1,5.585,-0.525,-0.525,6.0002,0.1088,-0.0137,1.0,-0.1813,-0.082,19.588
Car A,1441,96.0667,4,120.054,3,-13.607,-0.114,-0.114,5.9541,0.1071,-0.5253,1.0,-0.0572,-1.352,-19.59
Car B,1441,96.0667,5,5.984,1,5.984,-0.552,-0.552,5.9976,-0.0391,-0.9072,1.0,-0.0023,-4.526,19.59
Car A,1442,96.1333,4,120.451,3,-13.21,-0.105,-0.105,5.95,-0.0613,-0.578,1.0,-0.049,-1.406,-19.592
Car B,1442,96.1333,5,6.382,1,6.382,-0.583,-0.583,6.0018,0.0629,-0.0176,1.0,-0.1496,-0.074,19.592
Car A,1443,96.2,4,120.847,3,-12.813,-0.097,-0.097,5.9598,0.1461,-0.3712,1.0,-0.0708,-1.198,-19.594
Car B,1443,96.2,5,6.781,1,6.781,-0.614,-0.614,5.9988,-0.0451,-0.8591,1.0,-0.0361,-3.733,19.594
Car A,1444,96.2667,4,121.245,3,-12.416,-0.092,-0.092,5.944,-0.237,-0.6179,1.0,-0.05,-1.749,-19.596
Car B,1444,96.2667,5,7.18,1,7.18,-0.65,-0.65,6.0201,0.32,-0.3467,1.0,-0.0696,-0.905,19.596
Car A,1445,96.3333,4,121.642,3,-12.018,-0.088,-0.088,5.967,0.3457,-0.5113,1.0,-0.1026,-1.237,-19.596
Car B,1445,96.3333,5,7.578,1,7.578,-0.687,-0.687,5.9576,-0.9366,-0.6885,1.0,-0.0484,-1.73,19.596
Car A,1446,96.4,4,122.04,3,-11.62,-0.09,-0.09,5.9554,-0.1741,-1.0116,0.9849,-0.0125,-2.558,-19.593
Car B,1446,96.4,5,7.973,1,7.973,-0.728,-0.728,5.9811,0.3515,-0.4595,1.0,-0.0273,-1.211,19.593
Car A,1447,96.4667,4,122.437,3,-11.223,-0.093,-0.093,5.9213,-0.511,-0.1108,1.0,-0.0996,-0.315,-19.594
Car B,1447,96.4667,5,8.37,1,8.37,-0.767,-0.767,5.9976,0.2483,-0.265,1.0,0.0075,-0.682,19.594
Car A,1448,96.5333,4,122.832,3,-10.828,-0.097,-0.097,5.9294,0.1209,-0.8595,1.0,0.0918,-2.485,-19.597
Car B,1448,96.5333,5,8.768,1,8.769,-0.805,-0.805,5.9907,-0.1033,0.1843,1.0,-0.0326,0.17,19.597
Car A,1449,96.6,4,123.227,3,-10.433,-0.103,-0.103,5.9333,0.0593,0.1419,1.0,0.1701,2.287,-19.6
Car B,1449,96.6,5,9.166,1,9.167,-0.845,-0.845,6.0157,0.3739,-0.3363,1.0,0.1419,-0.806,19.6
Car A,1450,96.6667,4,123.623,3,-10.038,-0.097,-0.097,5.9328,-0.0079,1.1385,1.0,-0.0329,4.25,-19.603
Car B,1450,96.6667,5,9.566,1,9.566,-0.883,-0.883,6.0145,-0.0182,0.6106,1.0,-0.0523,3.54,19.603
Car A,1451,96.7333,4,124.018,3,-9.642,-0.087,-0.087,5.9385,0.0858,0.1729,1.0,-0.0231,-0.815,-19.607
Car B,1451,96.7333,5,9.965,1,9.965,-0.916,-0.916,6.0131,-0.0207,-0.2022,1.0,0.2109,-1.299,19.607
Car A,1452,96.8,4,124.416,3,-9.244,-0.085,-0.085,5.977,0.5765,-0.3346,1.0,0.1265,-0.561,-19.608
Car B,1452,96.8,5,10.364,1,10.364,-0.952,-0.952,6.0091,-0.06,0.5451,1.0,0.0186,5.262,19.608
Car A,1453,96.8667,4,124.815,3,-8.846,-0.079,-0.079,5.9773,0.0043,0.6883,1.0,-0.064,3.157,-19.61
Car B,1453,96.8667,5,10.764,1,10.764,-0.984,-0.984,6.0189,0.1472,0.3635,1.0,0.126,0.475,19.61
Car A,1454,96.9333,4,125.213,3,-8.447,-0.07,-0.07,5.9781,0.0131,-0.1465,1.0,0.0101,-1.592,-19.612
Car B,1454,96.9333,5,11.164,1,11.164,-1.011,-1.011,6.0145,-0.0656,0.997,1.0,-0.1892,3.146,19.612
Car A,1455,97.0,4,125.612,3,-8.048,-0.064,-0.064,5.9915,0.2002,0.0991,1.0,-0.0209,0.239,-19.613
Car B,1455,97.0,5,11.564,1,11.564,-1.036,-1.036,6.0133,-0.0177,-0.0268,1.0,0.2569,-4.718,19.613
Car A,1456,97.0667,4,126.012,3,-7.648,-0.06,-0.06,6.014,0.3382,-0.2251,1.0,0.0759,-0.506,-19.612
Car B,1456,97.0667,5,11.964,1,11.964,-1.064,-1.064,6.0107,-0.0393,0.6142,1.0,0.0341,6.406,19.612
Car A,1457,97.1333,4,126.413,3,-7.248,-0.053,-0.053,6.0094,-0.0691,0.6683,1.0,-0.118,1.894,-19.612
Car B,1457,97.1333,5,12.364,1,12.364,-1.087,-1.087,6.0294,0.2808,0.3158,1.0,0.2022,0.864,19.612
Car A,1458,97.2,4,126.813,3,-6.847,-0.044,-0.044,6.0093,-0.002,-0.317,1.0,-0.0002,-2.942,-19.613
Car B,1458,97.2,5,12.766,1,12.766,-1.106,-1.106,6.0246,-0.0733,1.1197,1.0,-0.237,5.048,19.613
Car A,1459,97.2667,4,127.214,3,-6.447,-0.039,-0.039,6.0076,-0.0255,0.049,1.0,-0.0401,-0.023,-19.614
Car B,1459,97.2667,5,13.167,1,13.167,-1.12,-1.12,6.0239,-0.0105,0.1307,1.0,0.2382,-5.909,19.614
Car A,1460,97.3333,4,127.614,3,-6.046,-0.036,-0.036,6.0077,0.0016,-0.3904,1.0,0.109,-0.996,-19.615
Car B,1460,97.3333,5,13.568,1,13.568,-1.137,-1.137,6.021,-0.0428,0.7403,1.0,-0.0584,5.936,19.615
Car A,1461,97.4,4,128.014,3,-5.646,-0.031,-0.031,6.0068,-0.0135,0.5673,1.0,-0.0939,2.719,-19.615
Car B,1461,97.4,5,13.969,1,13.969,-1.15,-1.15,6.0215,0.0072,-0.1116,1.0,0.3103,-1.448,19.615
Car A,1462,97.4667,4,128.415,3,-5.246,-0.022,-0.022,6.0048,-0.0292,-0.2506,1.0,-0.0162,-2.339,-19.616
Car B,1462,97.4667,5,14.37,1,14.37,-1.166,-1.166,6.0158,-0.0859,0.6009,1.0,0.0465,7.743,19.616
Car A,1463,97.5333,4,128.815,3,-4.845,-0.019,-0.019,6.018,0.1979,-0.2379,1.0,0.0197,-0.408,-19.617
Car B,1463,97.5333,5,14.771,1,14.771,-1.176,-1.176,6.0417,0.3897,0.4523,1.0,0.1271,1.168,19.617
Car A,1464,97.6,4,129.216,3,-4.445,-0.012,-0.012,5.9912,-0.403,0.1992,1.0,-0.077,0.471,-19.619
Car B,1464,97.6,5,15.174,1,15.174,-1.182,-1.182,6.036,-0.0855,1.1116,1.0,-0.2616,3.173,19.619
Car A,1465,97.6667,4,129.615,3,-4.045,-0.01,-0.01,5.9935,0.0354,-0.7055,1.0,0.1488,-1.92,-19.622
Car B,1465,97.6667,5,15.576,1,15.576,-1.185,-1.185,6.0364,0.0049,-0.0245,1.0,0.3167,-6.525,19.622
Car A,1466,97.7333,4,130.015,3,-3.646,-0.008,-0.008,5.9937,0.0032,0.3165,1.0,-0.0263,3.712,-19.624
Car B,1466,97.7333,5,15.979,1,15.979,-1.192,-1.192,6.0333,-0.0463,0.6148,1.0,-0.0942,7.893,19.624
Car A,1467,97.8,4,130.414,3,-3.246,-0.003,-0.003,5.9962,0.0369,-0.2631,1.0,0.0471,-0.648,-19.627
Car B,1467,97.8,5,16.381,1,16.381,-1.195,-1.195,6.0331,-0.0033,-0.2053,1.0,0.2798,-2.339,19.627
Car A,1468,97.8667,4,130.814,3,-2.846,0.002,0.002,6.0015,0.0796,0.4544,1.0,-0.0993,1.174,-19.629
Car B,1468,97.8667,5,16.783,1,16.783,-1.201,-1.201,6.0282,-0.0734,0.5121,1.0,-0.0581,6.98,19.629
Car A,1469,97.9333,4,131.214,3,-2.446,0.007,0.007,6.001,-0.0082,-0.4748,1.0,0.0391,-2.477,-19.631
Car B,1469,97.9333,5,17.184,1,17.184,-1.204,-1.204,6.0269,-0.0185,-0.2841,1.0,0.2829,-1.44,19.631
Car A,1470,98.0,4,131.614,3,-2.046,0.009,0.009,5.9996,-0.0208,0.2948,1.0,-0.0636,0.972,-19.632
Car B,1470,98.0,5,17.586,1,17.586,-1.208,-1.208,6.0218,-0.0772,0.5218,1.0,-0.0359,7.059,19.632
Car A,1471,98.0667,4,132.014,3,-1.646,0.012,0.012,5.997,-0.0381,-0.5291,1.0,0.0963,-1.586,-19.634
Car B,1471,98.0667,5,17.987,1,17.987,-1.209,-1.209,6.0209,-0.0134,-0.2701,1.0,0.7885,-0.885,19.634
Car A,1472,98.1333,4,132.414,3,-1.247,0.014,0.014,5.9961,-0.0142,0.3904,1.0,-0.061,2.401,-19.635
Car B,1472,98.1333,5,18.388,1,18.389,-1.21,-1.21,6.0213,0.0064,0.428,1.0,0.5875,19.681,19.635
Car A,1473,98.2,4,132.813,3,-0.847,0.019,0.019,5.995,-0.0156,-0.3601,1.0,0.0245,-1.519,-19.636
Car B,1473,98.2,5,18.789,1,18.789,-1.198,-1.198,6.0084,-0.1936,1.6121,1.0,1.0,14.695,19.636
Car A,1474,98.2667,4,133.213,3,-0.447,0.021,0.021,5.9967,0.0251,0.2412,1.0,-0.077,0.608,-19.636
Car B,1474,98.2667,5,19.189,1,19.189,-1.172,-1.172,5.994,-0.2163,2.3521,1.0,1.0,24.984,19.636
Car A,1475,98.3333,4,133.613,3,-0.048,0.022,0.022,5.9944,-0.0343,-0.6446,1.0,0.0928,-1.921,-19.634
Car B,1475,98.3333,5,19.586,1,19.586,-1.129,-1.129,5.9805,-0.2029,2.9021,1.0,1.0,25.0,19.634
Car A,1476,98.4,5,0.352,1,0.352,0.021,0.021,5.9941,-0.0047,0.3071,1.0,-0.0768,2.312,-19.629
Car B,1476,98.4,5,19.981,1,19.981,-1.068,-1.068,5.9679,-0.1883,3.3379,1.0,0.887,25.0,19.629
Car A,1477,98.4667,5,0.751,1,0.751,0.023,0.023,5.9928,-0.0202,-0.4064,1.0,-0.0151,-1.913,-19.541
Car B,1477,98.4667,5,20.293,1,20.372,-0.989,-1.015,5.9585,-0.1412,3.6627,1.0,0.9793,22.18,19.541
Car A,1478,98.5333,5,1.151,1,1.151,0.021,0.021,6.0147,0.3285,-0.2218,1.0,-0.0391,-0.379,-19.534
Car B,1478,98.5333,5,20.685,1,20.758,-0.892,-0.949,5.9489,-0.1447,3.9294,1.0,1.0,24.477,19.534
Car A,1479,98.6,5,1.552,1,1.552,0.018,0.018,6.0256,0.1637,-0.4008,1.0,-0.0322,-0.964,-19.389
Car B,1479,98.6,5,20.941,1,21.138,-0.776,-0.873,5.9402,-0.1291,4.131,1.0,0.6552,24.999,19.389
Car A,1480,98.6667,5,1.954,1,1.954,0.013,0.013,6.0211,-0.0669,-0.1923,1.0,-0.0521,-0.791,-19.379
Car B,1480,98.6667,5,21.332,1,21.512,-0.641,-0.829,5.9374,-0.0427,4.2611,1.0,1.0,16.393,19.379
Car A,1481,98.7333,5,2.355,1,2.355,0.005,0.005,5.995,-0.392,-0.5155,1.0,-0.007,-1.298,-19.37
Car B,1481,98.7333,5,21.725,1,21.879,-0.488,-0.766,5.93,-0.1117,4.3967,1.0,1.0,24.986,19.37
Car A,1482,98.8,5,2.755,1,2.755,-0.002,-0.002,5.9851,-0.1481,-0.2131,1.0,-0.0983,-0.173,-19.249
Car B,1482,98.8,5,22.003,1,22.237,-0.316,-0.71,5.9238,-0.0926,4.4828,1.0,1.0,24.999,19.249
Car A,1483,98.8667,5,3.153,1,3.153,-0.013,-0.013,5.9827,-0.0365,-0.873,1.0,-0.0411,-2.453,-19.244
Car B,1483,98.8667,5,22.398,1,22.585,-0.125,-0.667,5.918,-0.0863,4.5613,1.0,1.0,24.999,19.244
Car A,1484,98.9333,5,3.552,1,3.552,-0.027,-0.027,5.9929,0.1534,-0.3942,0.9778,0.0267,-1.028,-19.237
Car B,1484,98.9333,5,22.789,1,22.922,0.083,-0.603,5.9128,-0.0784,4.6237,1.0,1.0,24.999,19.237
Car A,1485,99.0,5,3.95,1,3.95,-0.038,-0.038,5.9211,-1.0779,0.2488,1.0,0.0127,0.667,-19.141
Car B,1485,99.0,5,23.091,1,23.247,0.31,-0.567,5.908,-0.0717,4.6719,1.0,1.0,24.999,19.141
Car A,1486,99.0667,5,4.347,1,4.347,-0.046,-0.046,5.9841,0.9461,0.112,1.0,0.0292,0.314,-19.137
Car B,1486,99.0667,5,23.484,1,23.559,0.553,-0.523,5.9035,-0.0672,4.7103,1.0,1.0,24.999,19.137
Car A,1487,99.1333,5,4.746,1,4.746,-0.053,-0.053,5.9862,0.0306,0.3524,1.0,0.0205,0.724,-19.055
Car B,1487,99.1333,5,23.801,1,23.858,0.812,-0.469,5.8994,-0.0625,4.7411,1.0,1.0,24.999,19.055
Car A,1488,99.2,5,5.145,1,5.145,-0.059,-0.059,5.9839,-0.0334,0.1337,1.0,0.0294,0.508,-19.051
Car B,1488,99.2,5,24.196,1,24.142,1.088,-0.444,5.8954,-0.0595,4.765,1.0,1.0,24.999,19.051
Car A,1489,99.2667,5,5.544,1,5.544,-0.063,-0.063,5.9774,-0.0978,0.2171,1.0,0.0223,0.707,-19.045
Car B,1489,99.2667,5,24.588,1,24.41,1.378,-0.398,5.8917,-0.0554,4.7848,1.0,1.0,24.999,19.045
Car A,1490,99.3333,5,5.944,1,5.944,-0.067,-0.067,6.0114,0.5091,0.1285,1.0,0.0275,0.546,-18.979
Car B,1490,99.3333,5,24.923,1,24.662,1.682,-0.368,5.8881,-0.0541,4.7993,1.0,1.0,24.999,18.979
Car A,1491,99.4,5,6.344,1,6.344,-0.07,-0.07,5.9932,-0.2722,0.2739,1.0,0.0138,0.675,-18.972
Car B,1491,99.4,5,25.316,1,24.897,1.999,-0.341,5.8846,-0.0519,4.8097,1.0,1.0,24.999,18.972
Car A,1492,99.4667,5,6.744,1,6.744,-0.073,-0.073,5.9853,-0.1186,0.0558,1.0,0.0178,0.346,-18.918
Car B,1492,99.4667,5,25.661,1,25.114,2.328,-0.298,5.8814,-0.0492,4.8209,1.0,1.0,24.999,18.918
Car A,1493,99.5333,5,7.144,1,7.144,-0.076,-0.076,6.007,0.3259,0.0718,1.0,0.0191,0.433,-18.912
Car B,1493,99.5333,5,26.056,1,25.313,2.669,-0.289,5.8781,-0.0486,4.8277,1.0,1.0,24.999,18.912
Car A,1494,99.6,5,7.544,1,7.544,-0.079,-0.079,6.0077,0.0098,0.0686,1.0,0.0182,0.464,-18.904
Car B,1494,99.6,5,26.449,1,25.493,3.02,-0.259,5.875,-0.0463,4.8341,1.0,1.0,24.999,18.904
Car A,1495,99.6667,5,7.945,1,7.945,-0.081,-0.081,6.0103,0.0385,0.0801,1.0,0.0171,0.443,-18.859
Car B,1495,99.6667,5,26.804,1,25.652,3.38,-0.243,5.872,-0.0458,4.8379,1.0,1.0,24.999,18.859
Car A,1496,99.7333,5,8.346,1,8.346,-0.082,-0.082,6.0102,-0.0006,0.083,1.0,0.015,0.416,-18.852
Car B,1496,99.7333,5,27.197,1,25.792,3.748,-0.232,5.869,-0.0447,4.841,1.0,1.0,24.999,18.852
Car A,1497,99.8,5,8.746,1,8.746,-0.084,-0.084,6.0114,0.0186,0.0953,1.0,0.0125,0.368,-18.811
Car B,1497,99.8,5,27.557,1,25.911,4.123,-0.205,5.8661,-0.0433,4.8445,1.0,1.0,24.999,18.811
Car A,1498,99.8667,5,9.147,1,9.147,-0.084,-0.084,6.0104,-0.016,0.0745,1.0,0.0113,0.306,-18.804
Car B,1498,99.8667,5,27.951,1,26.01,4.504,-0.211,5.8633,-0.043,4.8464,1.0,0.5873,24.999,18.804
Car A,1499,99.9333,5,9.547,1,9.547,-0.085,-0.085,5.9976,-0.1917,0.0113,1.0,0.0069,0.275,-18.798
Car B,1499,99.9333,5,28.345,1,26.089,4.891,-0.198,5.901,0.5655,4.616,1.0,-1.0,14.698,18.798
Car A,1500,100.0,5,9.947,1,9.947,-0.084,-0.084,5.9925,-0.0759,0.0675,1.0,0.002,0.171,-18.762
Car B,1500,100.0,5,28.709,1,26.161,5.279,-0.217,5.9162,0.2282,2.751,1.0,0.0033,-24.94,18.762
Car A,1501,100.0667,5,10.347,1,10.347,-0.084,-0.084,5.9951,0.0379,0.0467,1.0,0.0024,0.056,-18.756
Car B,1501,100.0667,5,29.102,1,26.237,5.667,-0.262,5.9454,0.4389,1.1664,1.0,0.0223,0.045,18.756
Car A,1502,100.1333,5,10.746,1,10.746,-0.084,-0.084,5.9993,0.0634,0.007,1.0,0.0054,0.059,-18.725
Car B,1502,100.1333,5,29.471,1,26.322,6.056,-0.322,5.9881,0.6395,0.0339,1.0,0.2368,0.546,18.725
Car A,1503,100.2,5,11.147,1,11.147,-0.085,-0.085,6.0028,0.0523,0.0093,1.0,0.0092,0.129,-18.715
Car B,1503,100.2,5,29.862,1,26.404,6.447,-0.404,5.9844,-0.0545,0.9812,1.0,0.1711,5.91,18.715
Car A,1504,100.2667,5,11.547,1,11.547,-0.085,-0.085,6.003,0.0028,-0.046,1.0,0.0102,0.218,-18.708
Car B,1504,100.2667,5,30.255,1,26.474,6.84,-0.474,5.9913,0.1036,1.606,1.0,0.1041,4.278,18.708
Car A,1505,100.3333,5,11.947,1,11.947,-0.084,-0.084,5.9989,-0.0615,0.0417,1.0,0.0018,0.247,-18.704
Car B,1505,100.3333,5,30.65,1,26.54,7.235,-0.54,6.0239,0.4886,1.0303,1.0,0.1131,2.606,18.704
Car A,1506,100.4,5,12.347,1,12.347,-0.084,-0.084,5.9958,-0.0463,0.0117,1.0,-0.0082,0.052,-18.701
Car B,1506,100.4,5,31.047,1,26.602,7.632,-0.602,6.0285,0.0691,1.0881,1.0,0.0964,2.827,18.701
Car A,1507,100.4667,5,12.747,1,12.747,-0.084,-0.084,6.0028,0.1058,0.0047,1.0,-0.0336,-0.191,-18.698
Car B,1507,100.4667,5,31.444,1,26.661,8.029,-0.661,6.0045,-0.3596,0.9407,1.0,0.071,2.411,18.698
Car A,1508,100.5333,5,13.147,1,13.147,-0.087,-0.087,6.0215,0.28,-0.3642,1.0,-0.0292,-0.828,-18.693
Car B,1508,100.5333,5,31.84,1,26.718,8.425,-0.718,5.9736,-0.4648,0.7175,1.0,0.0367,1.774,18.693
Car A,1509,100.6,5,13.549,1,13.549,-0.091,-0.091,6.0201,-0.0213,-0.1732,1.0,-0.0857,-0.714,-18.687
Car B,1509,100.6,5,32.235,1,26.775,8.82,-0.775,5.9876,0.211,0.3634,1.0,0.0826,0.91,18.687
Car A,1510,100.6667,5,13.95,1,13.95,-0.098,-0.098,6.0138,-0.0945,-0.8154,1.0,0.0829,-2.14,-18.682
Car B,1510,100.6667,5,32.631,1,26.829,9.216,-0.829,6.0173,0.4447,0.8065,1.0,0.0405,2.062,18.682
Car A,1511,100.7333,5,14.351,1,14.351,-0.107,-0.107,6.0141,0.0056,0.2307,1.0,0.0747,2.065,-18.678
Car B,1511,100.7333,5,33.028,1,26.88,9.613,-0.88,6.0164,-0.0125,0.4111,1.0,0.1662,1.013,18.678
Car A,1512,100.8,5,14.751,1,14.752,-0.105,-0.105,6.0216,0.1114,0.7329,1.0,-0.0289,1.869,-18.675
Car B,1512,100.8,5,33.426,1,26.928,10.011,-0.928,6.0126,-0.0577,1.1161,1.0,-0.0292,4.151,18.675
Car A,1513,100.8667,5,15.153,1,15.153,-0.104,-0.104,6.0147,-0.1039,-0.2498,1.0,0.4375,-0.718,-18.672
Car B,1513,100.8667,5,33.825,1,26.971,10.41,-0.971,6.0136,0.0154,0.1558,1.0,0.361,-0.722,18.672
Car A,1514,100.9333,5,15.554,1,15.554,-0.104,-0.104,6.0132,-0.0214,0.6884,1.0,0.2771,10.919,-18.669
Car B,1514,100.9333,5,34.223,1,27.016,10.808,-1.016,6.007,-0.0994,0.8272,1.0,0.1485,9.009,18.669
Car A,1515,101.0,5,15.954,1,15.954,-0.091,-0.091,6.0075,-0.0857,1.5736,1.0,0.5196,6.932,-18.668
Car B,1515,101.0,5,34.622,1,27.049,11.207,-1.049,6.02,0.1951,1.3948,1.0,0.8781,3.72,18.668
Car A,1516,101.0667,5,16.354,1,16.354,-0.063,-0.063,5.9979,-0.1445,2.2913,1.0,-0.173,12.981,-18.669
Car B,1516,101.0667,5,35.023,1,27.072,11.608,-1.072,6.016,-0.0598,1.7192,1.0,0.5446,21.926,18.669
Car A,1517,101.1333,5,16.753,1,16.753,-0.028,-0.028,6.0089,0.1645,1.0515,1.0,-0.249,-4.299,-18.671
Car B,1517,101.1333,5,35.423,1,27.079,12.008,-1.079,5.9984,-0.2647,2.6398,1.0,1.0,13.626,18.671
Car A,1518,101.2,5,17.153,1,17.153,-0.003,-0.003,6.0107,0.0273,-0.3199,1.0,0.2378,-6.222,-18.671
Car B,1518,101.2,5,35.823,1,27.069,12.408,-1.069,5.9851,-0.1996,3.1513,1.0,0.9459,24.982,18.671
Car A,1519,101.2667,5,17.553,1,17.553,0.017,0.017,6.0093,-0.0207,0.4172,0.8843,-0.1544,5.926,-18.669
Car B,1519,101.2667,5,36.222,1,27.041,12.807,-1.041,5.9738,-0.1695,3.5191,1.0,1.0,23.648,18.669
Car A,1520,101.3333,5,17.952,1,17.952,0.042,0.042,5.9862,-0.3457,-0.3459,1.0,0.1643,-3.845,-18.667
Car B,1520,101.3333,5,36.618,1,26.994,13.203,-0.994,5.9632,-0.1577,3.8205,1.0,0.7459,24.997,18.667
Car A,1521,101.4,5,18.35,1,18.35,0.063,0.063,5.9857,-0.0074,0.4214,1.0,0.1189,4.095,-18.662
Car B,1521,101.4,5,37.012,1,26.928,13.597,-0.928,5.9571,-0.0925,4.0324,1.0,0.4775,18.658,18.662
Car A,1522,101.4667,5,18.748,1,18.748,0.096,0.096,5.9859,0.0023,1.1325,0.7867,-0.5344,2.973,-18.655
Car B,1522,101.4667,5,37.402,1,26.844,13.987,-0.844,5.9822,0.3765,4.0309,1.0,0.4391,11.948,18.655
Car A,1523,101.5333,5,19.144,1,19.144,0.129,0.129,5.9563,-0.4438,-0.1091,1.0,1.0,-13.334,-18.587
Car B,1523,101.5333,5,37.731,1,26.742,14.376,-0.769,6.0102,0.4211,3.9705,1.0,0.5467,10.978,18.587
Car A,1524,101.6,5,19.539,1,19.539,0.161,0.161,5.9426,-0.2064,0.6125,1.0,1.0,24.942,-18.584
Car B,1524,101.6,5,38.124,1,26.623,14.76,-0.681,6.0074,-0.043,4.1114,1.0,1.0,13.662,18.584
Car A,1525,101.6667,5,19.933,1,19.933,0.201,0.201,5.9328,-0.1457,1.5785,1.0,0.837,24.999,-18.486
Car B,1525,101.6667,5,38.419,1,26.486,15.137,-0.591,5.9977,-0.1452,4.2634,1.0,1.0,24.982,18.486
Car A,1526,101.7333,5,20.344,1,20.325,0.258,0.231,5.9222,-0.16,2.2793,1.0,0.9893,20.932,-18.471
Car B,1526,101.7333,5,38.815,1,26.33,15.507,-0.525,5.9899,-0.1164,4.3955,1.0,0.8619,24.999,18.471
Car A,1527,101.8,5,20.737,1,20.713,0.331,0.274,5.9096,-0.1893,2.8584,1.0,0.9162,24.727,-18.47
Car B,1527,101.8,5,39.207,1,26.155,15.868,-0.44,5.9848,-0.077,4.4816,1.0,0.807,21.552,18.47
Car A,1528,101.8667,5,21.176,1,21.097,0.42,0.3,5.8995,-0.1503,3.2873,1.0,1.0,22.909,-18.361
Car B,1528,101.8667,5,39.537,1,25.962,16.219,-0.376,5.9798,-0.0752,4.5515,1.0,1.0,20.177,18.361
Car A,1529,101.9333,5,21.57,1,21.476,0.528,0.316,5.8892,-0.1547,3.6365,1.0,1.0,24.996,-18.362
Car B,1529,101.9333,5,39.933,1,25.751,16.559,-0.311,5.9737,-0.0916,4.6275,1.0,0.7819,24.992,18.362
Car A,1530,102.0,5,22.016,1,21.849,0.654,0.334,5.8802,-0.1357,3.9037,1.0,1.0,25.0,-18.271
Car B,1530,102.0,5,40.287,1,25.522,16.888,-0.235,5.971,-0.0397,4.6509,1.0,1.0,19.556,18.271
Car A,1531,102.0667,5,22.41,1,22.215,0.798,0.327,5.8723,-0.1186,4.1094,1.0,1.0,25.0,-18.275
Car B,1531,102.0667,5,40.685,1,25.277,17.203,-0.191,5.9653,-0.0858,4.7135,1.0,1.0,24.991,18.275
Car A,1532,102.1333,5,22.856,1,22.573,0.96,0.34,5.8654,-0.1031,4.2678,1.0,1.0,24.999,-18.223
Car B,1532,102.1333,5,41.079,1,25.015,17.505,-0.126,5.9604,-0.0736,4.733,1.0,1.0,24.999,18.223
Car A,1533,102.2,5,23.248,1,22.922,1.141,0.311,5.8595,-0.089,4.3936,1.0,1.0,24.999,-18.211
Car B,1533,102.2,5,41.459,1,24.737,17.792,-0.084,5.9555,-0.0738,4.7561,1.0,1.0,24.999,18.211
Car A,1534,102.2667,5,23.64,1,23.261,1.339,0.304,5.8541,-0.0801,4.4895,1.0,1.0,24.999,-18.215
Car B,1534,102.2667,5,41.856,1,24.445,18.064,-0.038,5.9508,-0.071,4.7774,1.0,1.0,24.999,18.215
Car A,1535,102.3333,5,24.078,1,23.588,1.555,0.271,5.8495,-0.0698,4.5668,1.0,1.0,24.999,-18.173
Car B,1535,102.3333,5,42.252,1,24.138,18.319,0.009,5.9463,-0.0675,4.7931,1.0,1.0,24.999,18.173
Car A,1536,102.4,5,24.469,1,23.903,1.788,0.244,5.8453,-0.0625,4.6281,1.0,1.0,24.999,-18.18
Car B,1536,102.4,5,42.649,1,23.819,18.557,0.036,5.9419,-0.0651,4.8044,1.0,1.0,24.999,18.18
Car A,1537,102.4667,5,24.896,1,24.205,2.038,0.211,5.8415,-0.0568,4.6766,1.0,1.0,24.999,-18.148
Car B,1537,102.4667,5,43.045,1,23.487,18.778,0.084,5.9377,-0.0629,4.8149,1.0,0.5997,24.999,18.148
Car A,1538,102.5333,5,25.285,1,24.493,2.304,0.165,5.838,-0.052,4.7139,1.0,1.0,24.999,-18.171
Car B,1538,102.5333,5,43.457,1,23.144,18.98,0.092,5.9539,0.2423,4.7194,1.0,1.0,15.007,18.171
Car A,1539,102.6,5,25.697,1,24.765,2.584,0.134,5.8349,-0.0478,4.7431,1.0,1.0,24.999,-18.157
Car B,1539,102.6,5,43.855,1,22.79,19.166,0.119,5.9481,-0.0871,4.7855,1.0,0.6924,24.984,18.157
Car A,1540,102.6667,5,26.083,1,25.022,2.879,0.069,5.832,-0.0436,4.7685,1.0,1.0,24.999,-18.19
Car B,1540,102.6667,5,44.273,1,22.428,19.331,0.127,5.9481,0.0006,4.7216,1.0,1.0,17.32,18.19
Car A,1541,102.7333,5,26.472,1,25.262,3.188,0.025,5.8292,-0.0414,4.7878,1.0,1.0,24.999,-18.2
Car B,1541,102.7333,5,44.672,2,22.057,19.477,0.134,5.9431,-0.0759,4.7835,1.0,0.8775,24.988,18.2
Car A,1542,102.8,5,26.859,1,25.485,3.509,-0.039,5.8266,-0.0396,4.8023,1.0,1.0,24.999,-18.234
Car B,1542,102.8,5,45.093,2,21.679,19.603,0.142,5.9407,-0.0355,4.7632,1.0,1.0,21.942,18.234
Car A,1543,102.8667,5,27.245,1,25.689,3.842,-0.1,5.8241,-0.037,4.8147,1.0,1.0,24.999,-18.246
Car B,1543,102.8667,5,45.491,2,21.295,19.708,0.129,5.9361,-0.0682,4.796,1.0,1.0,24.995,18.246
Car A,1544,102.9333,5,27.61,1,25.875,4.186,-0.155,5.8217,-0.0355,4.8233,1.0,1.0,24.999,-18.3
Car B,1544,102.9333,5,45.91,2,20.906,19.791,0.137,5.932,-0.0618,4.8011,1.0,0.8921,24.999,18.3
Car A,1545,103.0,5,27.993,1,26.041,4.539,-0.234,5.8194,-0.0343,4.8299,1.0,1.0,24.999,-18.314
Car B,1545,103.0,5,46.307,2,20.513,19.854,0.105,5.9297,-0.0352,4.7966,1.0,0.3581,22.306,18.314
Car A,1546,103.0667,5,28.379,1,26.188,4.901,-0.292,5.8172,-0.0329,4.8366,1.0,1.0,24.999,-18.326
Car B,1546,103.0667,5,46.705,2,20.118,19.903,0.087,5.9943,0.9694,3.3203,1.0,-0.3496,8.972,18.326
Car A,1547,103.1333,5,28.712,1,26.313,5.27,-0.37,5.8151,-0.032,4.8423,1.0,1.0,24.999,-18.398
Car B,1547,103.1333,5,47.11,2,19.72,19.953,0.047,6.0123,0.2696,1.6748,1.0,0.187,-8.713,18.398
Car A,1548,103.2,5,29.095,1,26.419,5.646,-0.445,5.813,-0.0312,4.845,1.0,1.0,24.999,-18.413
Car B,1548,103.2,5,47.508,2,19.323,20.003,-0.003,6.0114,-0.0133,1.8565,1.0,0.1762,4.652,18.413
Car A,1549,103.2667,5,29.442,1,26.503,6.027,-0.503,5.811,-0.0307,4.8473,1.0,1.0,24.999,-18.466
Car B,1549,103.2667,5,47.908,2,18.922,20.045,-0.045,6.0488,0.5618,1.6977,1.0,0.1456,4.406,18.466
Car A,1550,103.3333,5,29.826,1,26.566,6.411,-0.566,5.809,-0.0295,4.8492,1.0,1.0,24.999,-18.485
Car B,1550,103.3333,5,48.312,2,18.518,20.082,-0.082,6.1004,0.7739,1.4724,1.0,0.1351,3.637,18.485
Car A,1551,103.4,5,30.214,1,26.607,6.799,-0.607,5.8071,-0.0288,4.852,1.0,1.0,24.999,-18.502
Car B,1551,103.4,5,48.716,2,18.114,20.114,-0.114,6.0579,-0.6382,1.336,1.0,0.1163,3.378,18.502
Car A,1552,103.4667,5,30.603,1,26.626,7.188,-0.626,5.8052,-0.0287,4.8532,1.0,1.0,24.999,-18.517
Car B,1552,103.4667,5,49.12,2,17.71,20.142,-0.142,6.0827,0.3717,1.1647,1.0,0.111,2.901,18.517
Car A,1553,103.5333,5,30.992,1,26.624,7.577,-0.624,5.8033,-0.0276,4.8545,1.0,1.0,24.999,-18.531
Car B,1553,103.5333,5,49.524,2,17.307,20.165,-0.165,6.0348,-0.7176,1.0918,1.0,0.0993,2.775,18.531
Car A,1554,103.6,5,31.381,1,26.6,7.966,-0.6,5.8015,-0.0276,4.8549,1.0,1.0,24.999,-18.545
Car B,1554,103.6,5,49.926,2,16.905,20.185,-0.185,6.0274,-0.1113,0.9587,1.0,0.0936,2.484,18.545
Car A,1555,103.6667,5,31.767,1,26.555,8.352,-0.555,5.7997,-0.027,4.8559,1.0,0.4582,24.999,-18.559
Car B,1555,103.6667,5,50.327,2,16.503,20.201,-0.201,5.9961,-0.469,0.924,1.0,0.0657,2.34,18.559
Car A,1556,103.7333,5,32.153,1,26.495,8.738,-0.495,5.8441,0.6652,3.9109,1.0,-0.061,11.475,-18.574
Car B,1556,103.7333,5,50.727,2,16.103,20.215,-0.215,6.0266,0.4568,0.6453,1.0,0.0885,1.642,18.574
Car A,1557,103.8,5,32.539,1,26.428,9.124,-0.428,5.8731,0.4359,2.2452,1.0,-0.0888,-1.505,-18.59
Car B,1557,103.8,5,51.129,2,15.701,20.225,-0.225,6.0504,0.3572,0.8864,1.0,0.0519,2.209,18.59
Car A,1558,103.8667,5,32.927,1,26.37,9.512,-0.37,5.8895,0.2461,0.5457,1.0,-0.1186,-2.219,-18.604
Car B,1558,103.8667,5,51.531,2,15.299,20.234,-0.234,6.0353,-0.2267,0.5585,1.0,0.0689,1.295,18.604
Car A,1559,103.9333,5,33.317,1,26.323,9.902,-0.323,5.8947,0.0772,-0.6179,1.0,-0.1094,-2.964,-18.616
Car B,1559,103.9333,5,51.933,2,14.897,20.24,-0.24,6.0446,0.1394,0.6972,1.0,0.0153,1.715,18.616
Car A,1560,104.0,5,33.709,1,26.287,10.294,-0.287,5.9382,0.6531,-1.0149,1.0,-0.0515,-2.735,-18.626
Car B,1560,104.0,5,52.336,2,14.495,20.246,-0.246,6.0241,-0.3079,0.2163,1.0,0.0717,0.386,18.626
Car A,1561,104.0667,5,34.105,1,26.251,10.69,-0.251,5.9682,0.4494,-0.5029,1.0,-0.0698,-1.284,-18.632
Car B,1561,104.0667,5,52.737,2,14.093,20.25,-0.25,6.0309,0.1021,0.7079,1.0,-0.1083,1.79,18.632
Car A,1562,104.1333,5,34.503,1,26.218,11.088,-0.218,5.9614,-0.1009,-0.6821,0.9384,-0.0063,-1.736,-18.636
Car B,1562,104.1333,5,53.139,2,13.691,20.254,-0.254,6.031,0.0019,-0.3103,1.0,0.0912,-2.699,18.636
Car A,1563,104.2,5,34.894,1,26.184,11.479,-0.184,5.8265,-2.0234,-0.0614,0.9667,-0.1454,-0.159,-18.647
Car B,1563,104.2,5,53.541,2,13.289,20.262,-0.262,6.0274,-0.0539,0.4225,1.0,0.0223,2.273,18.647
Car A,1564,104.2667,5,35.281,1,26.153,11.866,-0.153,5.8229,-0.054,-0.872,0.9626,0.0195,-3.63,-18.662
Car B,1564,104.2667,5,53.943,2,12.888,20.264,-0.264,6.0253,-0.0312,0.2659,1.0,0.0395,0.556,18.662
Car A,1565,104.3333,5,35.668,1,26.126,12.253,-0.126,5.8186,-0.065,0.0224,0.929,-0.1096,0.48,-18.676
Car B,1565,104.3333,5,54.344,2,12.486,20.265,-0.265,5.999,-0.395,0.4178,1.0,-0.0926,0.984,18.676
Car A,1566,104.4,5,36.053,1,26.098,12.638,-0.098,5.7889,-0.4456,-0.6943,0.9628,-0.0355,-2.734,-18.69
Car B,1566,104.4,5,54.744,2,12.086,20.269,-0.269,5.9979,-0.0165,-0.5631,1.0,0.091,-2.31,18.69
Car A,1567,104.4667,5,36.439,1,26.074,13.024,-0.074,5.8055,0.2488,-0.3283,1.0,0.9779,-0.884,-18.705
Car B,1567,104.4667,5,55.144,2,11.687,20.276,-0.276,5.9963,-0.0231,0.2755,1.0,-0.0338,2.268,18.705
Car A,1568,104.5333,5,36.824,1,26.044,13.409,-0.044,5.8047,-0.011,0.4845,1.0,0.9128,24.408,-18.719
Car B,1568,104.5333,5,55.543,2,11.287,20.279,-0.279,5.9973,0.0147,-0.3209,1.0,0.0834,-0.839,18.719
Car A,1569,104.6,5,37.209,1,26.001,13.794,-0.001,5.7932,-0.1736,1.5962,1.0,1.0,22.821,-18.734
Car B,1569,104.6,5,55.943,2,10.887,20.283,-0.283,5.9977,0.0051,0.5561,1.0,-0.1479,2.081,18.734
Car A,1570,104.6667,5,37.594,1,25.943,14.175,0.043,5.7817,-0.1718,2.2988,1.0,1.0,24.996,-18.748
Car B,1570,104.6667,5,56.343,2,10.487,20.284,-0.284,5.9945,-0.0469,-0.334,1.0,0.0757,-3.689,18.748
Car A,1571,104.7333,5,37.977,1,25.869,14.554,0.087,5.7709,-0.1619,2.8591,1.0,0.9363,25.0,-18.765
Car B,1571,104.7333,5,56.742,2,10.088,20.289,-0.289,5.9949,0.0049,0.413,1.0,-0.1364,1.884,18.765
Car A,1572,104.8,5,38.381,1,25.778,14.928,0.146,5.7624,-0.1277,3.2734,1.0,1.0,23.409,-18.761
Car B,1572,104.8,5,57.142,2,9.688,20.291,-0.291,5.9917,-0.0469,-0.4008,1.0,0.0759,-3.402,18.761
Car A,1573,104.8667,5,38.766,1,25.67,15.298,0.165,5.7538,-0.129,3.6191,1.0,1.0,24.997,-18.775
Car B,1573,104.8667,5,57.541,2,9.289,20.297,-0.297,5.9921,0.0057,0.3536,1.0,-0.1301,1.888,18.775
Car A,1574,104.9333,5,39.149,1,25.543,15.661,0.204,5.7465,-0.1099,3.8917,1.0,1.0,25.0,-18.792
Car B,1574,104.9333,5,57.94,2,8.89,20.299,-0.299,5.9898,-0.0351,-0.4262,1.0,0.0745,-3.245,18.792
Car A,1575,105.0,5,39.567,1,25.398,16.018,0.222,5.7403,-0.0925,4.0944,1.0,1.0,25.0,-18.773
Car B,1575,105.0,5,58.34,2,8.491,20.305,-0.305,5.9894,-0.0061,0.3589,1.0,-0.1314,1.855,18.773
Car A,1576,105.0667,5,39.951,1,25.235,16.366,0.239,5.7353,-0.0757,4.2586,1.0,1.0,24.999,-18.788
Car B,1576,105.0667,5,58.739,2,8.091,20.308,-0.308,5.987,-0.0351,-0.4203,1.0,0.0753,-3.276,18.788
Car A,1577,105.1333,5,40.376,1,25.054,16.705,0.259,5.7311,-0.0633,4.3834,1.0,1.0,24.999,-18.762
Car B,1577,105.1333,5,59.138,2,7.692,20.315,-0.315,5.9866,-0.0061,0.3469,1.0,-0.1227,1.875,18.762
Car A,1578,105.2,5,40.76,1,24.855,17.033,0.257,5.7276,-0.0524,4.4815,1.0,1.0,24.999,-18.777
Car B,1578,105.2,5,59.537,2,7.293,20.318,-0.318,5.9855,-0.0174,-0.4269,1.0,0.0789,-3.059,18.777
Car A,1579,105.2667,5,41.143,1,24.638,17.35,0.276,5.7247,-0.0436,4.5585,1.0,1.0,24.999,-18.792
Car B,1579,105.2667,5,59.936,2,6.895,20.325,-0.325,5.9849,-0.0085,0.3455,1.0,-0.1255,1.964,18.792
Car A,1580,105.3333,5,41.57,1,24.405,17.655,0.258,5.7223,-0.0353,4.6215,1.0,1.0,24.999,-18.764
Car B,1580,105.3333,5,60.334,2,6.496,20.329,-0.329,5.9831,-0.0264,-0.4114,1.0,0.0808,-3.13,18.764
Car A,1581,105.4,5,41.954,1,24.155,17.946,0.259,5.7203,-0.0305,4.6706,1.0,1.0,24.999,-18.779
Car B,1581,105.4,5,60.733,2,6.097,20.336,-0.336,5.9833,0.0021,0.3536,1.0,-0.1116,2.012,18.779
Car A,1582,105.4667,5,42.378,1,23.89,18.223,0.244,5.7187,-0.024,4.7128,1.0,1.0,24.999,-18.754
Car B,1582,105.4667,5,61.132,2,5.698,20.34,-0.34,5.982,-0.0191,-0.4014,1.0,0.0832,-2.783,18.754
Car A,1583,105.5333,5,42.762,1,23.609,18.485,0.227,5.7173,-0.0209,4.7443,1.0,1.0,24.999,-18.769
Car B,1583,105.5333,5,61.531,2,5.3,20.348,-0.348,5.9818,-0.0026,0.3575,1.0,-0.0935,2.073,18.769
Car A,1584,105.6,5,43.181,1,23.314,18.73,0.216,5.7161,-0.0177,4.768,1.0,1.0,24.999,-18.749
Car B,1584,105.6,5,61.929,2,4.901,20.352,-0.352,5.9808,-0.0149,-0.3981,1.0,0.0853,-2.332,18.749
Car A,1585,105.6667,5,43.563,1,23.006,18.959,0.182,5.7151,-0.0147,4.7895,1.0,1.0,24.999,-18.765
Car B,1585,105.6667,5,62.328,2,4.502,20.36,-0.36,5.9801,-0.0105,0.3619,1.0,-0.0759,2.126,18.765
Car A,1586,105.7333,5,43.946,1,22.686,19.17,0.17,5.7142,-0.0135,4.8046,1.0,1.0,24.999,-18.781
Car B,1586,105.7333,5,62.726,2,4.104,20.364,-0.364,5.9799,-0.003,-0.3809,1.0,0.085,-1.891,18.781
Car A,1587,105.8,5,44.353,1,22.355,19.363,0.126,5.7136,-0.01,4.8168,1.0,1.0,24.999,-18.772
Car B,1587,105.8,5,63.125,2,3.705,20.372,-0.372,5.9791,-0.012,0.3732,1.0,-0.0649,2.119,18.772
Car A,1588,105.8667,5,44.735,2,22.013,19.536,0.096,5.7129,-0.0101,4.8271,1.0,1.0,24.999,-18.788
Car B,1588,105.8667,5,63.524,2,3.307,20.376,-0.376,5.9795,0.0053,-0.3659,1.0,0.0863,-1.615,18.788
Car A,1589,105.9333,5,45.131,2,21.662,19.69,0.061,5.7123,-0.0088,4.835,1.0,1.0,24.999,-18.792
Car B,1589,105.9333,5,63.922,2,2.908,20.382,-0.382,5.9778,-0.0251,0.4088,1.0,-0.0726,2.151,18.792
Car A,1590,106.0,5,45.511,2,21.302,19.824,0.014,5.7118,-0.0078,4.8412,1.0,1.0,24.999,-18.809
Car B,1590,106.0,5,64.32,2,2.51,20.386,-0.386,5.9784,0.0083,-0.3531,1.0,0.0865,-1.809,18.809
Car A,1591,106.0667,5,45.892,2,20.936,19.938,-0.011,5.7113,-0.0074,4.8462,1.0,1.0,24.999,-18.827
Car B,1591,106.0667,5,64.719,2,2.111,20.392,-0.392,5.9777,-0.0102,0.4125,1.0,-0.0728,2.156,18.827
Car A,1592,106.1333,5,46.27,2,20.564,20.03,-0.074,5.7109,-0.0055,4.8495,1.0,1.0,24.999,-18.847
Car B,1592,106.1333,5,65.117,2,1.713,20.396,-0.396,5.9772,-0.0074,-0.3595,1.0,0.0867,-1.813,18.847
Car A,1593,106.2,5,46.651,2,20.188,20.101,-0.116,5.7105,-0.0062,4.852,1.0,1.0,24.999,-18.865
Car B,1593,106.2,5,65.516,2,1.315,20.402,-0.402,5.9767,-0.007,0.3931,1.0,-0.0601,2.162,18.865
Car A,1594,106.2667,5,47.023,2,19.808,20.151,-0.151,5.7101,-0.0063,4.8555,1.0,1.0,24.999,-18.891
Car B,1594,106.2667,5,65.914,2,0.916,20.405,-0.405,5.9762,-0.0075,-0.3556,1.0,0.086,-1.496,18.891
Car A,1595,106.3333,5,47.405,2,19.425,20.179,-0.179,5.7097,-0.0056,4.8568,1.0,1.0,24.999,-18.908
Car B,1595,106.3333,5,66.312,2,0.518,20.411,-0.411,5.9765,0.0037,0.4277,1.0,-0.0811,2.145,18.908
Car A,1596,106.4,5,47.788,2,19.042,20.186,-0.186,5.7093,-0.0056,4.8579,1.0,1.0,24.999,-18.923
Car B,1596,106.4,5,66.711,2,0.119,20.413,-0.413,5.9758,-0.0097,-0.3611,1.0,0.0851,-2.021,18.923
Car A,1597,106.4667,5,48.171,2,18.659,20.171,-0.171,5.709,-0.0056,4.859,1.0,0.3887,24.999,-18.938
Car B,1597,106.4667,5,67.109,2,-0.279,20.419,-0.419,5.9758,-0.0004,0.3969,1.0,-0.0848,2.121,18.938
Car A,1598,106.5333,5,48.554,2,18.276,20.142,-0.142,5.7768,1.0172,3.3214,1.0,-0.0599,9.74,-18.953
Car B,1598,106.5333,5,67.507,2,-0.677,20.421,-0.421,5.9754,-0.0065,-0.3759,1.0,0.0797,-2.114,18.953
Car A,1599,106.6,5,48.94,2,17.891,20.112,-0.112,5.8009,0.3612,1.77,1.0,-0.1144,-1.48,-18.966
Car B,1599,106.6,5,67.905,2,-1.075,20.427,-0.427,5.9747,-0.0096,0.3853,1.0,-0.1322,1.985,18.966
Car A,1600,106.6667,5,49.327,2,17.504,20.093,-0.093,5.815,0.2127,0.1959,1.0,-0.0874,-2.858,-18.977
Car B,1600,106.6667,5,68.304,2,-1.474,20.43,-0.43,5.9736,-0.0172,-0.4032,1.0,0.0749,-3.295,18.977
Car A,1601,106.7333,5,49.715,2,17.115,20.085,-0.085,5.8439,0.4328,-0.7617,1.0,-0.033,-2.186,-18.987
Car B,1601,106.7333,5,68.702,2,-1.872,20.436,-0.436,5.9746,0.0156,0.3693,1.0,-0.1473,1.864,18.987
Car A,1602,106.8,5,50.107,2,16.723,20.081,-0.081,5.9308,1.3038,-0.3112,1.0,-0.0379,-0.828,-18.993
Car B,1602,106.8,5,69.1,2,-2.27,20.44,-0.44,5.9728,-0.0274,-0.4176,1.0,0.0637,-3.673,18.993
Car A,1603,106.8667,5,50.505,2,16.325,20.076,-0.076,5.9755,0.6708,-0.4237,1.0,-0.025,-0.934,-18.993
Car B,1603,106.8667,5,69.498,2,-2.668,20.447,-0.447,5.9745,0.0253,0.335,1.0,-0.1719,1.583,18.993
Car A,1604,106.9333,5,50.905,2,15.925,20.073,-0.073,5.9954,0.2976,-0.2621,1.0,-0.0258,-0.614,-18.991
Car B,1604,106.9333,5,69.896,2,-3.066,20.451,-0.451,5.9721,-0.0362,-0.4516,1.0,0.0631,-4.287,18.991
Car A,1605,107.0,5,51.305,2,15.525,20.068,-0.068,5.9909,-0.0675,-0.1304,1.0,-0.0314,-0.629,-18.989
Car B,1605,107.0,5,70.294,2,-3.464,20.459,-0.459,5.9744,0.0353,0.3173,1.0,-0.1669,1.569,18.989
Car A,1606,107.0667,5,51.704,2,15.126,20.066,-0.066,6.0016,0.1604,-0.2997,1.0,-0.0183,-0.779,-18.988
Car B,1606,107.0667,5,70.692,2,-3.862,20.465,-0.465,5.9724,-0.0306,-0.4733,1.0,0.0693,-4.164,18.988
Car A,1607,107.1333,5,52.105,2,14.726,20.064,-0.064,6.0105,0.1333,-0.1347,1.0,-0.0218,-0.452,-18.986
Car B,1607,107.1333,5,71.09,2,-4.26,20.474,-0.474,5.9733,0.0132,0.294,1.0,-0.1601,1.724,18.986
Car A,1608,107.2,5,52.505,2,14.325,20.063,-0.063,6.014,0.0539,-0.2156,1.0,-0.014,-0.534,-18.983
Car B,1608,107.2,5,71.488,2,-4.658,20.48,-0.48,5.9703,-0.0453,-0.4566,1.0,0.0689,-3.995,18.983
Car A,1609,107.2667,5,52.906,2,13.924,20.063,-0.063,6.015,0.0145,-0.0939,1.0,-0.0164,-0.346,-18.98
Car B,1609,107.2667,5,71.886,2,-5.056,20.49,-0.49,5.9723,0.0302,0.3244,1.0,-0.1637,1.712,18.98
Car A,1610,107.3333,5,53.307,2,13.523,20.061,-0.061,6.0066,-0.1267,-0.0506,1.0,-0.0194,-0.397,-18.978
Car B,1610,107.3333,5,72.284,2,-5.454,20.497,-0.497,5.9703,-0.0298,-0.4528,1.0,0.0719,-4.084,18.978
Car A,1611,107.4,5,53.708,2,13.123,20.061,-0.061,6.0146,0.1203,-0.1403,1.0,-0.0114,-0.466,-18.975
Car B,1611,107.4,5,72.682,2,-5.852,20.507,-0.507,5.9711,0.0123,0.3263,1.0,-0.1572,1.787,18.975
Car A,1612,107.4667,5,54.108,2,12.722,20.062,-0.062,6.0161,0.0225,0.0869,1.0,-0.02,-0.286,-18.972
Car B,1612,107.4667,5,73.08,2,-6.25,20.515,-0.515,5.9695,-0.0244,-0.4334,1.0,0.0707,-3.92,18.972
Car A,1613,107.5333,5,54.509,2,12.321,20.064,-0.064,6.0216,0.0828,-0.2651,1.0,0.0037,-0.482,-18.968
Car B,1613,107.5333,5,73.478,2,-6.648,20.526,-0.526,5.9718,0.0354,0.3386,1.0,-0.1525,1.76,18.968
Car A,1614,107.6,5,54.91,2,11.92,20.064,-0.064,6.0086,-0.1947,-0.1068,1.0,-0.0039,0.081,-18.966
Car B,1614,107.6,5,73.876,2,-7.046,20.534,-0.534,5.9691,-0.0409,-0.4377,1.0,0.0723,-3.803,18.966
Car A,1615,107.6667,5,55.311,2,11.52,20.065,-0.065,6.0008,-0.1179,-0.0098,1.0,-0.0108,-0.09,-18.963
Car B,1615,107.6667,5,74.274,2,-7.443,20.546,-0.546,5.9705,0.0215,0.3341,1.0,-0.1321,1.799,18.963
Car A,1616,107.7333,5,55.711,2,11.119,20.066,-0.066,6.0074,0.0998,-0.045,1.0,-0.0069,-0.254,-18.961
Car B,1616,107.7333,5,74.671,2,-7.841,20.554,-0.554,5.9695,-0.0151,-0.4274,1.0,0.0716,-3.293,18.961
Car A,1617,107.8,5,56.111,2,10.719,20.068,-0.068,6.0001,-0.1104,-0.0373,1.0,-0.0056,-0.17,-18.958
Car B,1617,107.8,5,75.069,2,-8.239,20.566,-0.566,5.9706,0.0164,0.3408,1.0,-0.1229,1.782,18.958
Car A,1618,107.8667,5,56.511,2,10.319,20.07,-0.07,5.9974,-0.0401,-0.0376,1.0,-0.0039,-0.138,-18.956
Car B,1618,107.8667,5,75.467,2,-8.637,20.576,-0.576,5.9696,-0.0161,-0.449,1.0,0.0722,-3.064,18.956
Car A,1619,107.9333,5,56.911,2,9.919,20.072,-0.072,6.0012,0.0575,-0.014,1.0,-0.0044,-0.097,-18.954
Car B,1619,107.9333,5,75.865,2,-9.035,20.589,-0.589,5.9708,0.0182,0.3264,1.0,-0.104,1.798,18.954
Car A,1620,108.0,5,57.311,2,9.519,20.074,-0.074,6.0026,0.0209,-0.0232,1.0,-0.004,-0.106,-18.951
Car B,1620,108.0,5,76.263,2,-9.433,20.599,-0.599,5.9693,-0.0214,-0.4172,1.0,0.0676,-2.594,18.951
Car A,1621,108.0667,5,57.711,2,9.119,20.076,-0.076,6.0031,0.0078,-0.0283,1.0,-0.0041,-0.099,-18.949
Car B,1621,108.0667,5,76.66,2,-9.83,20.612,-0.612,5.972,0.04,0.329,1.0,-0.0924,1.683,18.949
Car A,1622,108.1333,5,58.112,2,8.718,20.078,-0.078,6.0029,-0.0032,-0.0112,1.0,-0.0056,-0.1,-18.947
Car B,1622,108.1333,5,77.058,2,-10.228,20.622,-0.622,5.9705,-0.0224,-0.4194,1.0,0.0652,-2.305,18.947
Car A,1623,108.2,5,58.512,2,8.318,20.08,-0.08,6.0013,-0.0243,-0.0074,1.0,-0.0084,-0.134,-18.944
Car B,1623,108.2,5,77.456,2,-10.626,20.636,-0.636,5.9714,0.0126,0.3535,1.0,-0.0973,1.624,18.944
Car A,1624,108.2667,5,58.912,2,7.918,20.082,-0.082,6.0011,-0.0033,0.0029,1.0,-0.0125,-0.202,-18.942
Car B,1624,108.2667,5,77.854,2,-11.024,20.647,-0.647,5.971,-0.0054,-0.4455,1.0,0.0629,-2.425,18.942
Car A,1625,108.3333,5,59.312,2,7.518,20.084,-0.084,6.0041,0.046,-0.024,1.0,-0.0092,-0.295,-18.94
Car B,1625,108.3333,5,78.252,2,-11.422,20.661,-0.661,5.9712,0.0023,0.3384,1.0,-0.0854,1.565,18.94
Car A,1626,108.4,5,59.713,2,7.117,20.088,-0.088,6.009,0.0735,-0.0583,1.0,-0.0028,-0.226,-18.937
Car B,1626,108.4,5,78.65,2,-11.819,20.673,-0.673,5.9714,0.0038,-0.4326,1.0,0.0566,-2.129,18.937
Car A,1627,108.4667,5,60.113,2,6.717,20.091,-0.091,6.006,-0.0464,-0.0291,1.0,-0.0031,-0.073,-18.934
Car B,1627,108.4667,5,79.047,2,-12.217,20.687,-0.687,5.9719,0.0072,0.3401,1.0,-0.0794,1.409,18.934
Car A,1628,108.5333,5,60.514,2,6.317,20.094,-0.094,6.0025,-0.0511,-0.0122,1.0,-0.0043,-0.075,-18.932
Car B,1628,108.5333,5,79.445,2,-12.615,20.7,-0.7,5.9718,-0.0007,-0.4474,1.0,0.0522,-1.979,18.932
Car A,1629,108.6,5,60.914,2,5.916,20.097,-0.097,6.0015,-0.0161,0.0065,1.0,-0.0093,-0.104,-18.929
Car B,1629,108.6,5,79.843,2,-13.013,20.715,-0.715,5.9733,0.0217,0.3461,1.0,-0.0732,1.301,18.929
Car A,1630,108.6667,5,61.314,2,5.516,20.101,-0.101,5.9977,-0.0562,-0.0202,1.0,-0.0022,-0.227,-18.927
Car B,1630,108.6667,5,80.241,2,-13.411,20.728,-0.728,5.9732,-0.0011,-0.465,1.0,0.0477,-1.825,18.927
Car A,1631,108.7333,5,61.713,2,5.117,20.105,-0.105,5.995,-0.0413,-0.0306,1.0,0.006,-0.06,-18.926
Car B,1631,108.7333,5,80.639,2,-13.809,20.744,-0.744,5.9741,0.013,0.3498,1.0,-0.0698,1.186,18.926
Car A,1632,108.8,5,62.113,2,4.717,20.108,-0.108,5.9968,0.0273,-0.0502,1.0,0.0104,0.141,-18.924
Car B,1632,108.8,5,81.037,2,-14.207,20.758,-0.758,5.9748,0.0109,-0.49,1.0,0.0426,-1.739,18.924
Car A,1633,108.8667,5,62.513,2,4.317,20.111,-0.111,5.9973,0.0073,0.0214,1.0,-0.0054,0.254,-18.922
Car B,1633,108.8667,5,81.435,2,-14.605,20.775,-0.775,5.9766,0.0263,0.339,1.0,-0.0653,1.06,18.922
Car A,1634,108.9333,5,62.913,2,3.917,20.115,-0.115,5.9967,-0.0079,0.0969,1.0,-0.0132,-0.124,-18.92
Car B,1634,108.9333,5,81.833,2,-15.003,20.79,-0.79,5.9783,0.0265,-0.5107,1.0,0.0144,-1.629,18.92
Car A,1635,109.0,5,63.314,2,3.516,20.119,-0.119,6.0115,0.2217,-0.1449,1.0,0.04,-0.31,-18.918
Car B,1635,109.0,5,82.231,2,-15.401,20.808,-0.808,5.9915,0.1981,0.1637,1.0,-0.0649,0.352,18.918
Car A,1636,109.0667,5,63.714,2,3.116,20.12,-0.12,6.0209,0.1399,0.3993,1.0,-0.077,0.994,-18.916
Car B,1636,109.0667,5,82.63,2,-15.8,20.827,-0.827,5.988,-0.0535,-0.6229,1.0,0.0361,-1.618,18.916
Car A,1637,109.1333,5,64.116,2,2.715,20.123,-0.123,6.0167,-0.0621,-0.5632,1.0,0.085,-1.919,-18.914
Car B,1637,109.1333,5,83.029,2,-16.199,20.847,-0.847,5.9896,0.0245,0.3168,1.0,-0.1773,0.897,18.914
Car A,1638,109.2,5,64.517,2,2.314,20.129,-0.129,6.0142,-0.0377,0.324,1.0,0.0153,2.12,-18.912
Car B,1638,109.2,5,83.428,2,-16.598,20.866,-0.866,5.9895,-0.0013,-0.5661,1.0,0.1298,-4.423,18.912
Car A,1639,109.2667,5,64.917,2,1.913,20.129,-0.129,6.0204,0.0933,0.2376,1.0,0.0022,0.385,-18.909
Car B,1639,109.2667,5,83.827,2,-16.997,20.888,-0.888,5.9894,-0.001,0.2205,1.0,-0.1056,3.233,18.909
Car A,1640,109.3333,5,65.318,2,1.512,20.131,-0.131,6.0126,-0.1167,0.1103,1.0,0.0456,0.062,-18.907
Car B,1640,109.3333,5,84.225,2,-17.395,20.908,-0.908,5.989,-0.0074,-0.4564,1.0,0.1988,-2.63,18.907
Car A,1641,109.4,5,65.719,2,1.111,20.13,-0.13,6.0217,0.1355,0.4632,1.0,-0.0211,1.135,-18.905
Car B,1641,109.4,5,84.624,2,-17.794,20.93,-0.93,5.9863,-0.0396,0.3537,1.0,-0.0681,4.957,18.905
Car A,1642,109.4667,5,66.12,2,0.71,20.13,-0.13,6.0152,-0.097,-0.2153,1.0,0.1023,-0.516,-18.902
Car B,1642,109.4667,5,85.022,2,-18.192,20.949,-0.949,5.9868,0.0077,-0.3925,1.0,1.0,-1.693,18.902
Car A,1643,109.5333,5,66.521,2,0.309,20.127,-0.127,6.012,-0.0474,0.7774,1.0,-0.0556,2.552,-18.9
Car B,1643,109.5333,5,85.421,2,-18.591,20.968,-0.968,5.9833,-0.0525,0.3604,1.0,1.0,24.96,18.9
Car A,1644,109.6,5,66.922,2,-0.092,20.121,-0.121,6.009,-0.046,-0.1365,1.0,0.0134,-1.384,-18.897
Car B,1644,109.6,5,85.819,2,-18.989,20.976,-0.976,5.967,-0.2446,1.5325,1.0,1.0,25.0,18.897
Car A,1645,109.6667,5,67.322,2,-0.492,20.119,-0.119,5.9943,-0.2196,0.1768,1.0,-0.031,0.319,-18.895
Car B,1645,109.6667,5,86.217,2,-19.387,20.968,-0.968,5.9534,-0.205,2.2675,1.0,1.0,25.0,18.895
Car A,1646,109.7333,5,67.722,2,-0.892,20.119,-0.119,5.981,-0.2005,-0.391,1.0,0.0509,-0.763,-18.891
Car B,1646,109.7333,5,86.613,2,-19.783,20.944,-0.944,5.9404,-0.1943,2.8475,1.0,1.0,25.0,18.891
Car A,1647,109.8,5,68.121,2,-1.291,20.116,-0.116,5.9889,0.1187,0.4843,1.0,-0.1361,1.269,-18.815
Car B,1647,109.8,5,86.936,2,-20.177,20.902,-0.913,5.9282,-0.1831,3.2851,1.0,1.0,25.0,18.815
Car A,1648,109.8667,5,68.52,2,-1.69,20.114,-0.114,5.9892,0.0052,-0.4572,1.0,-0.0879,-3.396,-18.811
Car B,1648,109.8667,5,87.331,2,-20.568,20.842,-0.884,5.9173,-0.1636,3.6387,1.0,0.9562,25.0,18.811
Car A,1649,109.9333,5,68.92,2,-2.09,20.121,-0.121,5.9838,-0.0812,-0.8902,1.0,0.0583,-2.197,-18.804
Car B,1649,109.9333,5,87.723,2,-20.956,20.764,-0.836,5.9083,-0.1351,3.8994,1.0,1.0,23.905,18.804
Car A,1650,110.0,5,69.319,2,-2.489,20.127,-0.127,5.9872,0.0501,0.1954,1.0,-0.0503,1.451,-18.67
Car B,1650,110.0,5,87.988,2,-21.339,20.666,-0.813,5.9001,-0.1234,4.1108,1.0,1.0,24.998,18.67
Car A,1651,110.0667,5,69.718,2,-2.888,20.129,-0.129,5.9879,0.0113,-0.4596,1.0,0.0473,-1.252,-18.665
Car B,1651,110.0667,5,88.382,2,-21.716,20.549,-0.787,5.8929,-0.1078,4.273,1.0,1.0,24.999,18.665
Car A,1652,110.1333,5,70.117,2,-3.287,20.133,-0.133,5.9887,0.0124,0.4436,1.0,-0.0087,1.178,-18.596
Car B,1652,110.1333,5,88.713,2,-22.087,20.413,-0.744,5.8865,-0.0955,4.3927,1.0,1.0,24.999,18.596
Car A,1653,110.2,5,70.516,2,-3.686,20.134,-0.134,5.9922,0.0524,-0.1348,1.0,0.031,-0.203,-18.535
Car B,1653,110.2,5,89.052,2,-22.449,20.258,-0.737,5.8809,-0.0846,4.493,1.0,1.0,24.999,18.535
Car A,1654,110.2667,5,70.916,2,-4.086,20.134,-0.134,6.0168,0.3683,0.3107,1.0,0.004,0.766,-18.528
Car B,1654,110.2667,5,89.445,3,-22.802,20.084,-0.712,5.8757,-0.077,4.5683,1.0,1.0,24.999,18.528
Car A,1655,110.3333,5,71.317,2,-4.487,20.135,-0.135,5.9978,-0.2848,0.0912,1.0,0.021,0.103,-18.412
Car B,1655,110.3333,5,89.729,3,-23.146,19.892,-0.686,5.8712,-0.0685,4.6279,1.0,1.0,24.999,18.412
Car A,1656,110.4,5,71.717,2,-4.886,20.134,-0.134,5.9933,-0.068,0.0092,1.0,0.0214,0.51,-18.406
Car B,1656,110.4,5,90.123,3,-23.478,19.681,-0.68,5.867,-0.0621,4.6749,1.0,1.0,24.999,18.406
Car A,1657,110.4667,5,72.116,2,-5.286,20.133,-0.133,5.9929,-0.0055,0.0987,1.0,0.0204,0.52,-18.399
Car B,1657,110.4667,5,90.515,3,-23.799,19.453,-0.653,5.8632,-0.0578,4.7129,1.0,1.0,24.999,18.399
Car A,1658,110.5333,5,72.516,2,-5.685,20.132,-0.132,5.9909,-0.0304,0.1013,1.0,0.0189,0.498,-18.291
Car B,1658,110.5333,5,90.807,3,-24.106,19.208,-0.645,5.8596,-0.0528,4.744,1.0,1.0,24.999,18.291
Car A,1659,110.6,5,72.915,2,-6.085,20.13,-0.13,5.991,0.0013,0.0833,1.0,0.0165,0.463,-18.285
Car B,1659,110.6,5,91.2,3,-24.399,18.947,-0.637,5.8563,-0.0501,4.7696,1.0,1.0,24.999,18.285
Car A,1660,110.6667,5,73.314,2,-6.484,20.127,-0.127,5.9902,-0.0121,0.0925,1.0,0.0177,0.404,-18.223
Car B,1660,110.6667,5,91.538,3,-24.678,18.67,-0.61,5.8532,-0.0472,4.786,1.0,1.0,24.999,18.223
Car A,1661,110.7333,5,73.714,2,-6.884,20.125,-0.125,5.995,0.0733,0.0892,1.0,0.0128,0.431,-18.174
Car B,1661,110.7333,5,91.888,3,-24.941,18.379,-0.619,5.8502,-0.0445,4.8006,1.0,1.0,24.999,18.174
Car A,1662,110.8,5,74.113,2,-7.283,20.121,-0.121,5.9925,-0.0381,0.1005,1.0,0.0069,0.316,-18.166
Car B,1662,110.8,5,92.28,3,-25.187,18.073,-0.608,5.8474,-0.0425,4.8122,1.0,1.0,24.999,18.166
Car A,1663,110.8667,5,74.513,2,-7.683,20.117,-0.117,5.9996,0.107,0.0711,1.0,0.0071,0.171,-18.065
Car B,1663,110.8667,5,92.578,3,-25.416,17.755,-0.598,5.8446,-0.0413,4.822,1.0,1.0,24.999,18.065
Car A,1664,110.9333,5,74.913,2,-8.083,20.114,-0.114,6.0037,0.0613,0.0119,1.0,0.0037,0.173,-18.057
Car B,1664,110.9333,5,92.97,3,-25.627,17.424,-0.605,5.842,-0.0392,4.8291,1.0,1.0,24.999,18.057
Car A,1665,111.0,5,75.314,2,-8.484,20.11,-0.11,6.0033,-0.0066,0.0221,1.0,0.0005,0.093,-18.048
Car B,1665,111.0,5,93.361,3,-25.819,17.083,-0.591,5.8394,-0.0383,4.8367,1.0,1.0,24.999,18.048
Car A,1666,111.0667,5,75.714,2,-8.883,20.106,-0.106,5.9975,-0.0875,0.0404,1.0,-0.0085,0.016,-17.947
Car B,1666,111.0667,5,93.661,3,-25.992,16.732,-0.6,5.837,-0.0372,4.8412,1.0,1.0,24.999,17.947
Car A,1667,111.1333,5,76.114,2,-9.284,20.103,-0.103,6.0032,0.0861,-0.0073,1.0,-0.0094,-0.197,-17.938
Car B,1667,111.1333,5,94.052,3,-26.145,16.372,-0.603,5.8346,-0.0358,4.8439,1.0,1.0,24.999,17.938
Car A,1668,111.2,5,76.514,2,-9.684,20.099,-0.099,6.0034,0.0032,-0.0382,1.0,-0.0065,-0.227,-17.848
Car B,1668,111.2,5,94.362,3,-26.278,16.004,-0.591,5.8322,-0.0357,4.8455,1.0,0.7002,24.999,17.848
Car A,1669,111.2667,5,76.914,2,-10.084,20.096,-0.096,6.0002,-0.0487,-0.0365,1.0,-0.0161,-0.16,-17.827
Car B,1669,111.2667,5,94.741,3,-26.39,15.629,-0.612,5.8363,0.0615,4.8026,1.0,1.0,17.517,17.827
Car A,1670,111.3333,5,77.315,2,-10.485,20.094,-0.094,6.0054,0.0792,-0.0239,1.0,-0.0179,-0.388,-17.818
Car B,1670,111.3333,5,95.132,3,-26.482,15.248,-0.613,5.8336,-0.0403,4.8586,1.0,0.4923,24.988,17.818
Car A,1671,111.4,5,77.715,2,-10.885,20.092,-0.092,6.0069,0.0212,-0.0528,1.0,-0.0192,-0.434,-17.713
Car B,1671,111.4,5,95.428,3,-26.559,14.864,-0.625,5.8705,0.5535,4.0057,1.0,0.5013,12.324,17.713
Car A,1672,111.4667,5,78.116,2,-11.286,20.09,-0.09,6.0076,0.0111,-0.0601,1.0,-0.0395,-0.466,-17.705
Car B,1672,111.4667,5,95.82,3,-26.62,14.475,-0.656,5.8786,0.1212,4.1166,1.0,0.18,12.532,17.705
Car A,1673,111.5333,5,78.516,2,-11.686,20.091,-0.091,6.0236,0.2401,-0.4103,1.0,-0.0063,-0.978,-17.698
Car B,1673,111.5333,5,96.214,3,-26.671,14.084,-0.676,5.9171,0.578,2.4301,1.0,-0.0013,4.511,17.698
Car A,1674,111.6,5,78.917,2,-12.087,20.092,-0.092,5.997,-0.3995,-0.1313,1.0,-0.0772,-0.158,-17.635
Car B,1674,111.6,5,96.552,3,-26.731,13.693,-0.731,5.9388,0.3256,0.6752,1.0,0.1558,-0.026,17.635
Car A,1675,111.6667,5,79.317,2,-12.487,20.096,-0.096,5.991,-0.0891,-0.7363,1.0,-0.0354,-1.927,-17.626
Car B,1675,111.6667,5,96.944,3,-26.793,13.302,-0.793,5.9396,0.0115,1.1281,1.0,0.1388,3.888,17.626
Car A,1676,111.7333,5,79.717,2,-12.887,20.103,-0.103,5.9853,-0.0859,-0.3365,1.0,-0.0731,-0.875,-17.62
Car B,1676,111.7333,5,97.337,3,-26.845,12.908,-0.845,5.9749,0.5291,1.3088,1.0,0.1327,3.47,17.62
Car A,1677,111.8,5,80.115,2,-13.285,20.113,-0.113,5.9507,-0.5196,-0.7257,1.0,0.1147,-1.811,-17.619
Car B,1677,111.8,5,97.734,3,-26.892,12.511,-0.892,6.0206,0.6863,1.269,1.0,0.1313,3.319,17.619
Car A,1678,111.8667,5,80.512,2,-13.682,20.122,-0.122,5.9535,0.0423,0.3533,1.0,0.0702,2.86,-17.621
Car B,1678,111.8667,5,98.133,3,-26.934,12.112,-0.934,6.0159,-0.0701,1.2631,1.0,0.1257,3.282,17.621
Car A,1679,111.9333,5,80.91,2,-14.08,20.121,-0.121,6.0077,0.8138,0.6766,1.0,-0.0594,1.758,-17.622
Car B,1679,111.9333,5,98.533,3,-26.971,11.712,-0.971,6.0033,-0.1899,1.2374,1.0,0.1218,3.14,17.622
Car A,1680,112.0,5,81.311,2,-14.481,20.122,-0.122,6.0071,-0.0101,-0.3029,1.0,0.0803,-1.479,-17.622
Car B,1680,112.0,5,98.933,3,-27.002,11.312,-1.002,6.0038,0.0075,1.1927,1.0,0.1196,3.045,17.622
Car A,1681,112.0667,5,81.711,2,-14.881,20.126,-0.126,6.0038,-0.0486,0.4423,1.0,0.0288,2.001,-17.622
Car B,1681,112.0667,5,99.333,3,-27.029,10.912,-1.029,6.0229,0.2873,1.1717,1.0,0.1242,2.989,17.622
Car A,1682,112.1333,5,82.111,2,-15.281,20.125,-0.125,5.9806,-0.3478,0.2594,1.0,0.2729,0.714,-17.622
Car B,1682,112.1333,5,99.733,3,-27.05,10.513,-1.05,5.9888,-0.5117,1.218,1.0,0.1156,3.103,17.622
Car A,1683,112.2,5,82.51,2,-15.68,20.12,-0.12,5.9777,-0.0438,1.0367,1.0,0.0099,6.812,-17.623
Car B,1683,112.2,5,100.133,3,-27.066,10.112,-1.066,6.0265,0.5653,1.1262,1.0,0.1194,2.89,17.623
Car A,1684,112.2667,5,82.908,2,-16.078,20.11,-0.11,5.9867,0.1341,0.0997,1.0,0.6868,0.258,-17.626
Car B,1684,112.2667,5,100.535,3,-27.078,9.711,-1.078,6.0267,0.0033,1.1487,1.0,0.1316,2.984,17.626
Car A,1685,112.3333,5,83.307,2,-16.477,20.099,-0.099,5.9823,-0.0651,0.9819,1.0,0.3624,17.143,-17.63
Car B,1685,112.3333,5,100.937,3,-27.083,9.308,-1.083,6.0591,0.4851,1.2895,1.0,0.1345,3.288,17.63
Car A,1686,112.4,5,83.705,2,-16.875,20.075,-0.075,5.9747,-0.1145,1.818,0.9942,-0.157,9.072,-17.637
Car B,1686,112.4,5,101.342,3,-27.082,8.903,-1.082,6.0907,0.4741,1.345,1.0,0.2581,3.358,17.637
Car A,1687,112.4667,5,84.102,2,-17.272,20.045,-0.045,5.9802,0.0826,0.7004,1.0,0.2352,-3.905,-17.645
Car B,1687,112.4667,5,101.748,3,-27.072,8.498,-1.072,6.0778,-0.1933,1.948,1.0,0.1765,6.448,17.645
Car A,1688,112.5333,5,84.5,2,-17.67,20.017,-0.017,5.977,-0.0482,1.133,0.8444,-0.2648,5.865,-17.653
Car B,1688,112.5333,5,102.153,3,-27.052,8.092,-1.052,6.0988,0.3154,1.7318,1.0,0.8615,4.414,17.653
Car A,1689,112.6,5,84.896,2,-18.066,19.984,0.016,5.9525,-0.3666,0.1617,0.9037,0.0872,-6.602,-17.662
Car B,1689,112.6,5,102.558,3,-27.022,7.687,-1.022,6.093,-0.0866,1.9784,1.0,0.4821,21.512,17.662
Car A,1690,112.6667,5,85.291,2,-18.46,19.955,0.045,5.9075,-0.6753,0.6818,0.7962,-0.1848,2.166,-17.671
Car B,1690,112.6667,5,102.961,3,-26.976,7.284,-0.976,6.0727,-0.3055,2.8667,1.0,0.1595,12.066,17.671
Car A,1691,112.7333,5,85.68,2,-18.85,19.925,0.075,5.8388,-1.0314,-0.312,1.0,1.0,-4.609,-17.684
Car B,1691,112.7333,5,103.363,3,-26.921,6.882,-0.921,6.1001,0.411,1.4893,1.0,1.0,3.996,17.684
Car A,1692,112.8,5,86.067,2,-19.237,19.897,0.103,5.8291,-0.145,0.3141,1.0,1.0,24.955,-17.698
Car B,1692,112.8,5,103.765,3,-26.862,6.48,-0.862,6.0912,-0.133,1.8875,1.0,0.6719,24.968,17.698
Car A,1693,112.8667,5,86.453,2,-19.623,19.859,0.141,5.8175,-0.1732,1.4331,1.0,0.6669,25.0,-17.711
Car B,1693,112.8667,5,104.164,3,-26.788,6.081,-0.788,6.0719,-0.2896,2.7532,1.0,0.9185,16.809,17.711
Car A,1694,112.9333,5,86.853,2,-20.007,19.805,0.194,5.8085,-0.135,2.1593,1.0,1.0,16.686,-17.65
Car B,1694,112.9333,5,104.503,3,-26.698,5.686,-0.72,6.0592,-0.191,3.2336,1.0,0.8831,22.952,17.65
Car A,1695,113.0,5,87.238,2,-20.388,19.735,0.234,5.7971,-0.1721,2.7662,1.0,0.9024,24.987,-17.662
Car B,1695,113.0,5,104.9,3,-26.589,5.297,-0.643,6.048,-0.1675,3.6017,1.0,1.0,22.078,17.662
Car A,1696,113.0667,5,87.621,2,-20.766,19.648,0.291,5.7886,-0.1276,3.1957,1.0,0.8618,22.564,-17.585
Car B,1696,113.0667,5,105.206,3,-26.463,4.913,-0.556,6.0368,-0.1676,3.8836,1.0,1.0,24.995,17.585
Car A,1697,113.1333,5,88.055,2,-21.138,19.544,0.325,5.7808,-0.1162,3.5562,1.0,1.0,21.546,-17.551
Car B,1697,113.1333,5,105.606,3,-26.318,4.536,-0.504,6.0267,-0.1517,4.0987,1.0,1.0,25.0,17.551
Car A,1698,113.2,5,88.44,2,-21.505,19.422,0.358,5.7729,-0.118,3.844,1.0,1.0,24.994,-17.563
Car B,1698,113.2,5,106.003,3,-26.155,4.167,-0.431,6.0176,-0.1365,4.2632,1.0,1.0,25.0,17.563
Car A,1699,113.2667,5,88.886,2,-21.865,19.282,0.388,5.7664,-0.0988,4.0611,1.0,1.0,24.999,-17.453
Car B,1699,113.2667,5,106.338,3,-25.974,3.808,-0.376,6.0094,-0.1227,4.3873,1.0,1.0,24.999,17.453
Car A,1700,113.3333,5,89.272,3,-22.217,19.123,0.4,5.7607,-0.0848,4.2309,1.0,1.0,24.999,-17.466
Car B,1700,113.3333,5,106.737,3,-25.774,3.459,-0.326,6.002,-0.1122,4.4868,1.0,1.0,24.999,17.466
Car A,1701,113.4,5,89.724,3,-22.56,18.946,0.427,5.756,-0.0701,4.3603,1.0,1.0,24.999,-17.368
Car B,1701,113.4,5,107.092,3,-25.557,3.12,-0.261,5.9951,-0.103,4.5653,1.0,1.0,24.999,17.368
Car A,1702,113.4667,5,90.109,3,-22.893,18.751,0.419,5.7521,-0.0592,4.4631,1.0,1.0,24.999,-17.383
Car B,1702,113.4667,5,107.493,3,-25.323,2.794,-0.232,5.9888,-0.095,4.6246,1.0,1.0,24.999,17.383
Car A,1703,113.5333,5,90.495,3,-23.215,18.539,0.432,5.7487,-0.0502,4.5473,1.0,1.0,24.999,-17.396
Car B,1703,113.5333,5,107.89,3,-25.072,2.481,-0.182,5.9828,-0.0891,4.6735,1.0,1.0,24.999,17.396
Car A,1704,113.6,5,90.948,3,-23.524,18.309,0.416,5.7459,-0.0419,4.6118,1.0,1.0,24.999,-17.316
Car B,1704,113.6,5,108.264,3,-24.806,2.182,-0.152,5.9773,-0.0831,4.7098,1.0,1.0,24.999,17.316
Car A,1705,113.6667,5,91.333,3,-23.821,18.063,0.41,5.7435,-0.0364,4.6633,1.0,1.0,24.999,-17.33
Car B,1705,113.6667,5,108.663,3,-24.523,1.898,-0.122,5.972,-0.0799,4.7413,1.0,1.0,24.999,17.33
Car A,1706,113.7333,5,91.783,3,-24.103,17.801,0.393,5.7415,-0.0298,4.7051,1.0,1.0,24.999,-17.265
Car B,1706,113.7333,5,109.048,3,-24.227,1.63,-0.087,5.967,-0.0749,4.7638,1.0,1.0,24.999,17.265
Car A,1707,113.8,5,92.167,3,-24.371,17.524,0.369,5.7397,-0.0269,4.739,1.0,1.0,24.999,-17.281
Car B,1707,113.8,5,109.448,3,-23.916,1.378,-0.077,5.9621,-0.0724,4.7828,1.0,1.0,24.999,17.281
Car A,1708,113.8667,5,92.609,3,-24.622,17.233,0.351,5.7381,-0.024,4.7635,1.0,1.0,24.999,-17.237
Car B,1708,113.8667,5,109.846,3,-23.593,1.143,-0.045,5.9575,-0.0694,4.7969,1.0,1.0,24.999,17.237
Car A,1709,113.9333,5,92.991,3,-24.857,16.928,0.311,5.7368,-0.0197,4.7838,1.0,1.0,24.999,-17.247
Car B,1709,113.9333,5,110.238,3,-23.258,0.926,-0.047,5.953,-0.068,4.8085,1.0,1.0,24.999,17.247
Car A,1710,114.0,5,93.376,3,-25.074,16.61,0.291,5.7356,-0.0179,4.8012,1.0,1.0,24.999,-17.261
Car B,1710,114.0,5,110.637,3,-22.911,0.728,-0.035,5.9486,-0.0651,4.8177,1.0,1.0,24.999,17.261
Car A,1711,114.0667,5,93.802,3,-25.273,16.281,0.237,5.7346,-0.016,4.8144,1.0,1.0,24.999,-17.229
Car B,1711,114.0667,5,111.032,3,-22.555,0.549,-0.032,5.9444,-0.0635,4.8242,1.0,1.0,24.999,17.229
Car A,1712,114.1333,5,94.185,3,-25.454,15.941,0.2,5.7336,-0.0149,4.8254,1.0,1.0,24.999,-17.245
Car B,1712,114.1333,5,111.43,3,-22.19,0.39,-0.039,5.9402,-0.0623,4.8297,1.0,1.0,24.999,17.245
Car A,1713,114.2,5,94.596,3,-25.615,15.591,0.15,5.7326,-0.014,4.8326,1.0,1.0,24.999,-17.227
Car B,1713,114.2,5,111.824,3,-21.817,0.251,-0.032,5.9362,-0.0601,4.8341,1.0,1.0,24.999,17.227
Car A,1714,114.2667,5,94.977,3,-25.756,15.233,0.097,5.7318,-0.0125,4.8405,1.0,1.0,24.999,-17.243
Car B,1714,114.2667,5,112.221,3,-21.437,0.133,-0.059,5.9323,-0.0597,4.8377,1.0,0.6995,24.999,17.243
Car A,1715,114.3333,5,95.37,3,-25.876,14.868,0.055,5.731,-0.0124,4.8448,1.0,1.0,24.999,-17.248
Car B,1715,114.3333,5,112.618,3,-21.051,0.036,-0.064,5.9331,0.0133,4.7971,1.0,0.569,17.499,17.248
Car A,1716,114.4,5,95.748,3,-25.976,14.497,-0.015,5.7303,-0.0109,4.8479,1.0,1.0,24.999,-17.257
Car B,1716,114.4,5,113.005,3,-20.661,-0.041,-0.093,5.9443,0.168,4.7259,1.0,1.0,14.228,17.257
Car A,1717,114.4667,5,96.129,3,-26.055,14.12,-0.064,5.7295,-0.0109,4.8514,1.0,1.0,24.999,-17.273
Car B,1717,114.4667,5,113.402,3,-20.266,-0.099,-0.119,5.9396,-0.0715,4.7936,1.0,0.6432,24.983,17.273
Car A,1718,114.5333,5,96.505,3,-26.112,13.74,-0.112,5.7288,-0.0105,4.8542,1.0,1.0,24.999,-17.285
Car B,1718,114.5333,5,113.79,3,-19.87,-0.134,-0.134,5.9424,0.0424,4.7139,1.0,0.606,16.092,17.285
Car A,1719,114.6,5,96.888,3,-26.148,13.357,-0.148,5.7281,-0.0102,4.8557,1.0,1.0,24.999,-17.301
Car B,1719,114.6,5,114.189,3,-19.472,-0.149,-0.149,5.9426,0.0032,4.701,1.0,0.4234,15.152,17.301
Car A,1720,114.6667,5,97.272,3,-26.162,12.973,-0.162,5.7275,-0.0096,4.857,1.0,1.0,24.999,-17.316
Car B,1720,114.6667,5,114.588,3,-19.072,-0.148,-0.148,6.0012,0.8792,3.8571,1.0,-0.0745,10.592,17.316
Car A,1721,114.7333,5,97.656,3,-26.154,12.589,-0.154,5.7269,-0.0095,4.8589,1.0,0.3967,24.999,-17.334
Car B,1721,114.7333,5,114.99,3,-18.67,-0.142,-0.142,6.0251,0.3573,2.135,1.0,0.0017,-1.843,17.334
Car A,1722,114.8,5,98.041,3,-26.132,12.204,-0.132,5.7981,1.0689,3.4136,1.0,0.0226,9.939,-17.351
Car B,1722,114.8,5,115.392,3,-18.268,-0.146,-0.146,6.0359,0.1623,0.4332,1.0,0.0945,0.041,17.351
Car A,1723,114.8667,5,98.429,3,-26.11,11.817,-0.11,5.8236,0.3825,1.8441,1.0,-0.0461,0.578,-17.366
Car B,1723,114.8667,5,115.794,3,-17.866,-0.152,-0.152,6.0257,-0.1522,0.8881,1.0,0.0908,2.359,17.366
Car A,1724,114.9333,5,98.818,3,-26.097,11.428,-0.097,5.8406,0.2546,0.2746,1.0,-0.0311,-1.15,-17.378
Car B,1724,114.9333,5,116.195,3,-17.465,-0.151,-0.151,5.9882,-0.5628,0.9181,1.0,0.0735,2.27,17.378
Car A,1725,115.0,5,99.21,3,-26.093,11.036,-0.093,5.9314,1.3624,-0.2937,1.0,-0.0045,-0.778,-17.388
Car B,1725,115.0,5,116.597,3,-17.063,-0.147,-0.147,6.0509,0.9399,0.7404,1.0,0.0771,1.829,17.388
Car A,1726,115.0667,5,99.607,3,-26.09,10.638,-0.09,5.9893,0.8684,-0.0817,1.0,0.0173,-0.112,-17.393
Car B,1726,115.0667,5,117.0,3,-16.66,-0.14,-0.14,6.0544,0.0533,0.7744,1.0,0.0342,1.916,17.393
Car A,1727,115.1333,5,100.007,3,-26.084,10.238,-0.084,5.9922,0.0429,0.1878,1.0,0.0017,0.42,-17.396
Car B,1727,115.1333,5,117.403,3,-16.257,-0.134,-0.134,6.0329,-0.3229,0.2711,1.0,0.0661,0.846,17.396
Car A,1728,115.2,5,100.406,3,-26.078,9.839,-0.078,5.9901,-0.0307,0.157,1.0,0.046,0.048,-17.399
Car B,1728,115.2,5,117.805,3,-15.855,-0.125,-0.125,6.0112,-0.3251,0.6785,1.0,-0.1202,1.651,17.399
Car A,1729,115.2667,5,100.806,3,-26.069,9.439,-0.069,5.9804,-0.1453,0.4832,1.0,0.0017,1.139,-17.4
Car B,1729,115.2667,5,118.206,3,-15.454,-0.118,-0.118,6.0122,0.0139,-0.4014,1.0,0.0788,-2.997,17.4
Car A,1730,115.3333,5,101.205,3,-26.061,9.04,-0.061,6.0057,0.3781,0.1257,0.8364,0.0671,0.05,-17.402
Car B,1730,115.3333,5,118.607,3,-15.054,-0.114,-0.114,6.0105,-0.0247,0.3569,1.0,-0.0281,1.962,17.402
Car A,1731,115.4,5,101.599,3,-26.05,8.646,-0.05,5.8519,-2.3058,0.5238,0.8768,-0.0429,1.675,-17.408
Car B,1731,115.4,5,119.007,3,-14.653,-0.107,-0.107,6.0053,-0.0779,-0.2738,1.0,0.0684,-0.698,17.408
Car A,1732,115.4667,5,101.985,3,-26.039,8.26,-0.039,5.7549,-1.4558,-0.2521,0.8779,-0.0047,-1.067,-17.423
Car B,1732,115.4667,5,119.407,3,-14.253,-0.1,-0.1,6.0054,0.001,0.5816,1.0,-0.1248,1.707,17.423
Car A,1733,115.5333,5,102.362,3,-26.032,7.883,-0.032,5.59,-2.4737,-0.0436,1.0,1.0,-0.118,-17.446
Car B,1733,115.5333,5,119.808,3,-13.853,-0.092,-0.092,6.0042,-0.0174,-0.3913,1.0,0.0574,-3.113,17.446
Car A,1734,115.6,5,102.734,3,-26.018,7.511,-0.018,5.5905,0.0075,0.671,1.0,0.9343,24.962,-17.474
Car B,1734,115.6,5,120.208,3,-13.453,-0.087,-0.087,6.0029,-0.0203,0.3576,1.0,-0.0744,1.428,17.474
Car A,1735,115.6667,5,103.106,3,-25.993,7.14,0.007,5.5816,-0.1337,1.6928,1.0,1.0,23.36,-17.502
Car B,1735,115.6667,5,120.608,3,-13.053,-0.08,-0.08,5.9999,-0.045,-0.4649,1.0,0.0492,-1.853,17.502
Car A,1736,115.7333,5,103.476,3,-25.951,6.77,0.049,5.5732,-0.1251,2.3701,1.0,0.7311,24.997,-17.532
Car B,1736,115.7333,5,121.008,3,-12.653,-0.076,-0.076,5.9965,-0.0511,0.3399,1.0,-0.1075,1.226,17.532
Car A,1737,115.8,5,103.843,3,-25.893,6.402,0.107,5.5688,-0.0665,2.8628,0.761,-0.2855,18.286,-17.564
Car B,1737,115.8,5,121.407,3,-12.253,-0.07,-0.07,5.9956,-0.0131,-0.4912,1.0,0.0374,-2.681,17.564
Car A,1738,115.8667,5,104.209,3,-25.827,6.037,0.173,5.5687,-0.0017,1.8744,1.0,-0.3885,-7.098,-17.598
Car B,1738,115.8667,5,121.807,3,-11.853,-0.068,-0.068,5.9953,-0.0049,0.289,1.0,-0.1137,0.93,17.598
Car A,1739,115.9333,5,104.593,3,-25.77,5.669,0.203,5.5823,0.2041,0.1696,1.0,1.0,-9.708,-17.613
Car B,1739,115.9333,5,122.206,3,-11.454,-0.065,-0.065,5.994,-0.0191,-0.5861,1.0,0.0496,-2.836,17.613
Car A,1740,116.0,5,104.964,3,-25.714,5.302,0.231,5.5739,-0.1252,0.6981,1.0,0.9262,24.948,-17.642
Car B,1740,116.0,5,122.606,3,-11.054,-0.065,-0.065,5.9937,-0.0041,0.223,1.0,-0.072,1.234,17.642
Car A,1741,116.0667,5,105.374,3,-25.649,4.936,0.241,5.5695,-0.0659,1.5841,1.0,1.0,23.158,-17.632
Car B,1741,116.0667,5,123.005,3,-10.655,-0.062,-0.062,5.9909,-0.0416,-0.5031,1.0,0.0531,-1.794,17.632
Car A,1742,116.1333,5,105.745,3,-25.567,4.574,0.235,5.5615,-0.121,2.2784,1.0,1.0,24.997,-17.66
Car B,1742,116.1333,5,123.405,3,-10.256,-0.062,-0.062,5.989,-0.0291,0.342,1.0,-0.0958,1.322,17.66
Car A,1743,116.2,5,106.155,3,-25.47,4.215,0.245,5.5537,-0.116,2.8121,1.0,1.0,25.0,-17.649
Car B,1743,116.2,5,123.804,3,-9.856,-0.06,-0.06,5.9879,-0.0172,-0.4681,1.0,0.0529,-2.388,17.649
Car A,1744,116.2667,5,106.525,3,-25.356,3.862,0.215,5.5466,-0.1075,3.2425,1.0,1.0,25.0,-17.678
Car B,1744,116.2667,5,124.203,3,-9.457,-0.061,-0.061,5.9873,-0.0088,0.3082,1.0,-0.0644,1.317,17.678
Car A,1745,116.3333,5,106.895,3,-25.225,3.515,0.203,5.5405,-0.0905,3.5856,1.0,1.0,25.0,-17.707
Car B,1745,116.3333,5,124.602,3,-9.058,-0.06,-0.06,5.9859,-0.0211,-0.4617,1.0,0.0604,-1.604,17.707
Car A,1746,116.4,5,107.297,3,-25.076,3.175,0.177,5.5359,-0.0701,3.8513,1.0,1.0,25.0,-17.704
Car B,1746,116.4,5,125.001,3,-8.659,-0.061,-0.061,5.9853,-0.0077,0.3795,1.0,-0.0731,1.505,17.704
Car A,1747,116.4667,5,107.666,3,-24.91,2.844,0.146,5.5324,-0.0517,4.0594,1.0,1.0,25.0,-17.734
Car B,1747,116.4667,5,125.4,3,-8.26,-0.059,-0.059,5.984,-0.0206,-0.4177,1.0,0.0588,-1.822,17.734
Car A,1748,116.5333,5,108.057,3,-24.726,2.522,0.128,5.53,-0.0358,4.2241,1.0,1.0,24.999,-17.741
Car B,1748,116.5333,5,125.799,3,-7.861,-0.06,-0.06,5.9829,-0.0157,0.3691,1.0,-0.0632,1.466,17.741
Car A,1749,116.6,5,108.425,3,-24.525,2.21,0.079,5.5286,-0.0221,4.3551,1.0,1.0,24.999,-17.773
Car B,1749,116.6,5,126.198,3,-7.463,-0.06,-0.06,5.9826,-0.0054,-0.4526,1.0,0.0657,-1.574,17.773
Car A,1750,116.6667,5,108.795,3,-24.307,1.91,0.05,5.5279,-0.0105,4.4587,1.0,1.0,24.999,-17.802
Car B,1750,116.6667,5,126.596,3,-7.064,-0.061,-0.061,5.9819,-0.0099,0.3896,1.0,-0.0611,1.636,17.802
Car A,1751,116.7333,5,109.17,3,-24.073,1.622,0.008,5.5278,-0.0011,4.541,1.0,1.0,24.999,-17.825
Car B,1751,116.7333,5,126.995,3,-6.665,-0.06,-0.06,5.9812,-0.0101,-0.3952,1.0,0.062,-1.521,17.825
Car A,1752,116.8,5,109.538,3,-23.822,1.349,-0.038,5.5283,0.0071,4.6069,1.0,1.0,24.999,-17.856
Car B,1752,116.8,5,127.394,3,-6.267,-0.061,-0.061,5.981,-0.0039,0.4096,1.0,-0.0708,1.546,17.856
Car A,1753,116.8667,5,109.899,3,-23.556,1.09,-0.063,5.5291,0.0127,4.6618,1.0,1.0,24.999,-17.894
Car B,1753,116.8667,5,127.792,3,-5.868,-0.06,-0.06,5.98,-0.0142,-0.4051,1.0,0.0615,-1.765,17.894
Car A,1754,116.9333,5,110.265,3,-23.276,0.846,-0.125,5.5303,0.0184,4.7042,1.0,1.0,24.999,-17.926
Car B,1754,116.9333,5,128.191,3,-5.469,-0.061,-0.061,5.9793,-0.0111,0.377,1.0,-0.0599,1.532,17.926
Car A,1755,117.0,5,110.634,3,-22.982,0.619,-0.165,5.5318,0.0223,4.7384,1.0,1.0,24.999,-17.956
Car B,1755,117.0,5,128.59,3,-5.071,-0.06,-0.06,5.9791,-0.0027,-0.4093,1.0,0.0639,-1.492,17.956
Car A,1756,117.0667,5,110.974,3,-22.675,0.409,-0.208,5.5335,0.0259,4.7649,1.0,1.0,24.999,-18.014
Car B,1756,117.0667,5,128.988,3,-4.672,-0.061,-0.061,5.9789,-0.0038,0.411,1.0,-0.0763,1.593,18.014
Car A,1757,117.1333,5,111.342,3,-22.357,0.217,-0.263,5.5354,0.0274,4.7878,1.0,1.0,24.999,-18.045
Car B,1757,117.1333,5,129.387,3,-4.274,-0.06,-0.06,5.9784,-0.0065,-0.4006,1.0,0.0612,-1.902,18.045
Car A,1758,117.2,5,111.712,3,-22.028,0.044,-0.298,5.5374,0.0297,4.8057,1.0,1.0,24.999,-18.073
Car B,1758,117.2,5,129.785,3,-3.875,-0.062,-0.062,5.978,-0.007,0.3664,1.0,-0.0589,1.525,18.073
Car A,1759,117.2667,5,112.032,3,-21.689,-0.11,-0.354,5.5395,0.0319,4.8187,1.0,1.0,24.999,-18.152
Car B,1759,117.2667,5,130.184,3,-3.477,-0.061,-0.061,5.9781,0.0021,-0.4107,1.0,0.0633,-1.466,18.152
Car A,1760,117.3333,5,112.401,3,-21.342,-0.244,-0.404,5.5416,0.0323,4.8298,1.0,1.0,24.999,-18.181
Car B,1760,117.3333,5,130.582,3,-3.078,-0.063,-0.063,5.9784,0.0046,0.4133,1.0,-0.081,1.578,18.181
Car A,1761,117.4,5,112.719,3,-20.988,-0.358,-0.435,5.5438,0.0324,4.8393,1.0,1.0,24.999,-18.262
Car B,1761,117.4,5,130.981,3,-2.68,-0.062,-0.062,5.9775,-0.0132,-0.4037,1.0,0.0595,-2.019,18.262
Car A,1762,117.4667,5,113.071,3,-20.627,-0.451,-0.499,5.5459,0.0322,4.8463,1.0,1.0,24.999,-18.308
Car B,1762,117.4667,5,131.379,3,-2.281,-0.064,-0.064,5.9778,0.0046,0.3588,1.0,-0.0677,1.483,18.308
Car A,1763,117.5333,5,113.441,3,-20.261,-0.523,-0.542,5.5482,0.0332,4.8519,1.0,1.0,24.999,-18.337
Car B,1763,117.5333,5,131.778,3,-1.883,-0.064,-0.064,5.9772,-0.0092,-0.4257,1.0,0.0651,-1.686,18.337
Car A,1764,117.6,5,113.768,3,-19.892,-0.573,-0.573,5.5504,0.0333,4.8563,1.0,1.0,24.999,-18.408
Car B,1764,117.6,5,132.176,3,-1.484,-0.066,-0.066,5.9771,-0.0016,0.3768,1.0,-0.0718,1.623,18.408
Car A,1765,117.6667,5,114.14,3,-19.52,-0.602,-0.602,5.5526,0.033,4.8594,1.0,1.0,24.999,-18.434
Car B,1765,117.6667,5,132.574,3,-1.086,-0.066,-0.066,5.9765,-0.0091,-0.4008,1.0,0.0638,-1.789,18.434
Car A,1766,117.7333,5,114.513,3,-19.147,-0.61,-0.61,5.5547,0.0324,4.8622,1.0,1.0,24.999,-18.46
Car B,1766,117.7333,5,132.973,3,-0.688,-0.068,-0.068,5.9762,-0.0046,0.3767,1.0,-0.0679,1.589,18.46
Car A,1767,117.8,5,114.886,3,-18.774,-0.595,-0.595,5.5569,0.0332,4.8644,1.0,1.0,24.999,-18.485
Car B,1767,117.8,5,133.371,3,-0.289,-0.068,-0.068,5.9761,-0.0015,-0.4102,1.0,0.0669,-1.693,18.485
Car A,1768,117.8667,5,115.258,3,-18.403,-0.559,-0.559,5.5591,0.0321,4.8663,1.0,1.0,24.999,-18.512
Car B,1768,117.8667,6,0.109,1,0.109,-0.07,-0.07,5.9759,-0.0037,0.4082,1.0,-0.0922,1.667,18.512
Car A,1769,117.9333,5,115.627,3,-18.034,-0.501,-0.501,5.5611,0.0309,4.8673,1.0,-0.0035,24.999,-18.541
Car B,1769,117.9333,6,0.507,1,0.507,-0.07,-0.07,5.9751,-0.0109,-0.3986,1.0,0.0656,-2.298,18.541
Car A,1770,118.0,5,115.994,3,-17.666,-0.43,-0.43,5.6059,0.6707,3.4165,1.0,-0.1684,-0.049,-18.572
Car B,1770,118.0,6,0.906,1,0.906,-0.073,-0.073,5.9751,-0.0002,0.358,1.0,-0.125,1.634,18.572
Car A,1771,118.0667,5,116.365,3,-17.296,-0.365,-0.365,5.6433,0.5617,1.28,1.0,-0.203,-4.204,-18.6
Car B,1771,118.0667,6,1.304,1,1.304,-0.074,-0.074,5.9743,-0.0123,-0.426,1.0,0.0668,-3.117,18.6
Car A,1772,118.1333,5,116.737,3,-16.923,-0.31,-0.31,5.656,0.1909,-0.0661,1.0,-0.2169,-5.073,-18.625
Car B,1772,118.1333,6,1.702,1,1.702,-0.077,-0.077,5.9746,0.0045,0.335,1.0,-0.1777,1.663,18.625
Car A,1773,118.2,5,117.112,3,-16.548,-0.268,-0.268,5.6634,0.1103,-1.0506,1.0,-0.2013,-5.421,-18.648
Car B,1773,118.2,6,2.1,1,2.1,-0.079,-0.079,5.9731,-0.0229,-0.447,1.0,0.0688,-4.433,18.648
Car A,1774,118.2667,5,117.49,3,-16.17,-0.238,-0.238,5.7004,0.5555,-1.6556,1.0,-0.1458,-5.032,-18.669
Car B,1774,118.2667,6,2.499,1,2.499,-0.083,-0.083,5.9745,0.022,0.3228,1.0,-0.1977,1.711,18.669
Car A,1775,118.3333,5,117.873,3,-15.787,-0.214,-0.214,5.7884,1.3194,-1.3923,1.0,-0.115,-3.644,-18.684
Car B,1775,118.3333,6,2.897,1,2.897,-0.085,-0.085,5.972,-0.0386,-0.4539,1.0,0.0602,-4.932,18.684
Car A,1776,118.4,5,118.262,3,-15.398,-0.191,-0.191,5.8738,1.2815,-1.0952,1.0,-0.0947,-2.852,-18.693
Car B,1776,118.4,6,3.295,1,3.295,-0.091,-0.091,5.9733,0.0205,0.3167,1.0,-0.2359,1.496,18.693
Car A,1777,118.4667,5,118.656,3,-15.004,-0.171,-0.171,5.9165,0.6409,-0.9053,1.0,-0.0831,-2.363,-18.697
Car B,1777,118.4667,6,3.693,1,3.693,-0.094,-0.094,5.9709,-0.0356,-0.4869,1.0,0.0485,-5.886,18.697
Car A,1778,118.5333,5,119.05,3,-14.61,-0.153,-0.153,5.9256,0.1361,-0.7615,1.0,-0.0748,-2.077,-18.701
Car B,1778,118.5333,6,4.091,1,4.091,-0.101,-0.101,5.9737,0.0408,0.2909,1.0,-0.2059,1.201,18.701
Car A,1779,118.6,5,119.447,3,-14.213,-0.137,-0.137,5.9605,0.523,-0.74,1.0,-0.0612,-1.864,-18.702
Car B,1779,118.6,6,4.489,1,4.489,-0.106,-0.106,5.9718,-0.0287,-0.5531,1.0,0.0617,-5.139,18.702
Car A,1780,118.6667,5,119.844,3,-13.816,-0.123,-0.123,5.9566,-0.0582,-0.357,1.0,-0.0668,-1.506,-18.704
Car B,1780,118.6667,6,4.887,1,4.887,-0.115,-0.115,5.9739,0.0329,0.2441,1.0,-0.169,1.531,18.704
Car A,1781,118.7333,5,120.242,3,-13.418,-0.112,-0.112,5.9887,0.481,-0.6395,1.0,-0.0476,-1.67,-18.704
Car B,1781,118.7333,6,5.285,1,5.285,-0.122,-0.122,5.9711,-0.0423,-0.492,1.0,0.0567,-4.217,18.704
Car A,1782,118.8,5,120.64,3,-13.021,-0.102,-0.102,5.9653,-0.35,-0.308,1.0,-0.0528,-1.171,-18.704
Car B,1782,118.8,6,5.683,1,5.683,-0.131,-0.131,5.9729,0.0267,0.2874,1.0,-0.162,1.41,18.704
Car A,1783,118.8667,5,121.037,3,-12.623,-0.094,-0.094,5.983,0.2644,-0.4981,1.0,-0.0406,-1.318,-18.704
Car B,1783,118.8667,6,6.081,1,6.081,-0.139,-0.139,5.9709,-0.0298,-0.488,1.0,0.0657,-4.041,18.704
Car A,1784,118.9333,5,121.436,3,-12.224,-0.087,-0.087,5.9747,-0.1242,-0.2353,1.0,-0.0433,-0.996,-18.703
Car B,1784,118.9333,6,6.479,1,6.479,-0.15,-0.15,5.9724,0.0215,0.2942,1.0,-0.1509,1.634,18.703
Car A,1785,119.0,5,121.834,3,-11.826,-0.081,-0.081,5.9922,0.2624,-0.4128,1.0,-0.0321,-1.077,-18.703
Car B,1785,119.0,6,6.877,1,6.877,-0.158,-0.158,5.9704,-0.0298,-0.4618,1.0,0.0685,-3.765,18.703
Car A,1786,119.0667,5,122.235,3,-11.425,-0.077,-0.077,6.0173,0.3768,-0.3232,1.0,-0.0262,-0.792,-18.7
Car B,1786,119.0667,6,7.275,1,7.275,-0.169,-0.169,5.9719,0.0235,0.3115,1.0,-0.1498,1.704,18.7
Car A,1787,119.1333,5,122.634,3,-11.026,-0.074,-0.074,5.9794,-0.5684,-0.2882,1.0,-0.0273,-0.639,-18.699
Car B,1787,119.1333,6,7.673,1,7.673,-0.178,-0.178,5.97,-0.0297,-0.4435,1.0,0.0745,-3.737,18.699
Car A,1788,119.2,5,123.034,3,-10.627,-0.07,-0.07,5.9904,0.1648,-0.1277,1.0,-0.0291,-0.665,-18.697
Car B,1788,119.2,6,8.07,1,8.07,-0.19,-0.19,5.9713,0.0204,0.3298,1.0,-0.1367,1.853,18.697
Car A,1789,119.2667,5,123.433,3,-10.227,-0.066,-0.066,5.9913,0.0134,-0.1272,1.0,-0.0278,-0.707,-18.696
Car B,1789,119.2667,6,8.468,1,8.468,-0.199,-0.199,5.9697,-0.0234,-0.4234,1.0,0.0766,-3.41,18.696
Car A,1790,119.3333,5,123.832,3,-9.828,-0.063,-0.063,5.9881,-0.0483,-0.1372,1.0,-0.0256,-0.679,-18.694
Car B,1790,119.3333,6,8.866,1,8.866,-0.212,-0.212,5.9708,0.0166,0.3397,1.0,-0.1262,1.907,18.694
Car A,1791,119.4,5,124.232,3,-9.428,-0.062,-0.062,5.9901,0.0307,-0.2535,1.0,-0.0176,-0.625,-18.692
Car B,1791,119.4,6,9.264,1,9.264,-0.222,-0.222,5.9703,-0.008,-0.4184,1.0,0.0808,-3.146,18.692
Car A,1792,119.4667,5,124.631,3,-9.029,-0.061,-0.061,5.9853,-0.0722,-0.1095,1.0,-0.0185,-0.436,-18.691
Car B,1792,119.4667,6,9.662,1,9.662,-0.235,-0.235,5.9704,0.0012,0.347,1.0,-0.113,2.013,18.691
Car A,1793,119.5333,5,125.031,3,-8.63,-0.06,-0.06,5.9935,0.1235,-0.087,1.0,-0.0165,-0.45,-18.689
Car B,1793,119.5333,6,10.06,1,10.06,-0.244,-0.244,5.9703,-0.0014,-0.4016,1.0,0.083,-2.818,18.689
Car A,1794,119.6,5,125.43,3,-8.23,-0.06,-0.06,5.9918,-0.0262,-0.0898,1.0,-0.0137,-0.404,-18.688
Car B,1794,119.6,6,10.457,1,10.457,-0.258,-0.258,5.9706,0.0039,0.3552,1.0,-0.1016,2.067,18.688
Car A,1795,119.6667,5,125.83,3,-7.831,-0.06,-0.06,5.9913,-0.0072,-0.0751,1.0,-0.0109,-0.337,-18.686
Car B,1795,119.6667,6,10.855,1,10.855,-0.268,-0.268,5.9708,0.0032,-0.3945,1.0,0.0856,-2.533,18.686
Car A,1796,119.7333,5,126.229,3,-7.431,-0.061,-0.061,6.0011,0.1463,-0.1586,1.0,-0.0031,-0.272,-18.684
Car B,1796,119.7333,6,11.253,1,11.253,-0.281,-0.281,5.9707,-0.0008,0.3624,1.0,-0.0904,2.132,18.684
Car A,1797,119.8,5,126.629,3,-7.031,-0.061,-0.061,6.0071,0.0903,-0.0399,1.0,-0.0041,-0.082,-18.682
Car B,1797,119.8,6,11.651,1,11.651,-0.291,-0.291,5.9713,0.0088,-0.3893,1.0,0.0871,-2.254,18.682
Car A,1798,119.8667,5,127.03,3,-6.631,-0.061,-0.061,6.0021,-0.074,-0.0083,1.0,-0.0048,-0.098,-18.679
Car B,1798,119.8667,6,12.049,1,12.049,-0.304,-0.304,5.971,-0.0051,0.3717,1.0,-0.0765,2.171,18.679
Car A,1799,119.9333,5,127.43,3,-6.23,-0.062,-0.062,6.0021,-0.0009,-0.0099,1.0,-0.0042,-0.117,-18.677
Car B,1799,119.9333,6,12.447,1,12.447,-0.314,-0.314,5.9718,0.0123,-0.3777,1.0,0.0887,-1.907,18.677
Car A,1800,120.0,5,127.83,3,-5.83,-0.062,-0.062,6.0036,0.0223,-0.0475,1.0,-0.0013,-0.103,-18.675
Car B,1800,120.0,6,12.844,1,12.845,-0.327,-0.327,5.9715,-0.0037,0.3841,1.0,-0.0655,2.211,18.675
Car A,1801,120.0667,5,128.23,3,-5.43,-0.063,-0.063,6.0027,-0.0135,-0.0081,1.0,-0.0006,-0.032,-18.672
Car B,1801,120.0667,6,13.242,1,13.242,-0.337,-0.337,5.9721,0.0088,-0.3638,1.0,0.0896,-1.632,18.672
Car A,1802,120.1333,5,128.631,3,-5.03,-0.064,-0.064,6.0011,-0.0242,-0.0091,1.0,0.0005,-0.014,-18.67
Car B,1802,120.1333,6,13.64,1,13.64,-0.35,-0.35,5.9713,-0.0127,0.4153,1.0,-0.0655,2.234,18.67
Car A,1803,120.2,5,129.031,3,-4.63,-0.065,-0.065,5.9999,-0.0167,-0.0106,1.0,0.0016,0.012,-18.668
Car B,1803,120.2,6,14.038,1,14.038,-0.359,-0.359,5.9725,0.0177,-0.3495,1.0,0.0901,-1.63,18.668
Car A,1804,120.2667,5,129.431,3,-4.23,-0.066,-0.066,6.0001,0.0024,0.0243,1.0,0.0015,0.039,-18.666
Car B,1804,120.2667,6,14.436,1,14.436,-0.371,-0.371,5.9716,-0.0136,0.415,1.0,-0.0545,2.247,18.666
Car A,1805,120.3333,5,129.831,3,-3.83,-0.067,-0.067,6.0005,0.0066,-0.0143,1.0,0.0032,0.036,-18.664
Car B,1805,120.3333,6,14.834,1,14.834,-0.38,-0.38,5.9731,0.0238,-0.3437,1.0,0.0907,-1.357,18.664
Car A,1806,120.4,5,130.231,3,-3.429,-0.068,-0.068,6.0022,0.0249,0.0046,1.0,0.0037,0.077,-18.662
Car B,1806,120.4,6,15.232,1,15.232,-0.391,-0.391,5.9725,-0.0096,0.4562,1.0,-0.1354,2.262,18.662
Car A,1807,120.4667,5,130.631,3,-3.029,-0.068,-0.068,6.0003,-0.0287,0.0125,1.0,0.0036,0.091,-18.66
Car B,1807,120.4667,6,15.63,1,15.63,-0.399,-0.399,5.9713,-0.0173,-0.349,1.0,0.0834,-3.375,18.66
Car A,1808,120.5333,5,131.031,3,-2.629,-0.069,-0.069,5.9989,-0.0203,0.0149,1.0,0.0031,0.087,-18.657
Car B,1808,120.5333,6,16.028,1,16.028,-0.41,-0.41,5.9718,0.0074,0.386,1.0,-0.1687,2.076,18.657
Car A,1809,120.6,5,131.431,3,-2.229,-0.069,-0.069,5.999,0.001,0.0196,1.0,0.0025,0.075,-18.655
Car B,1809,120.6,6,16.426,1,16.426,-0.419,-0.419,5.9703,-0.0236,-0.3968,1.0,0.0469,-4.207,18.655
Car A,1810,120.6667,5,131.831,3,-1.829,-0.07,-0.07,5.9993,0.0039,0.0159,1.0,0.002,0.061,-18.653
Car B,1810,120.6667,6,16.824,1,16.824,-0.431,-0.431,5.9724,0.0319,0.3465,1.0,-0.1632,1.163,18.653
Car A,1811,120.7333,5,132.231,3,-1.429,-0.07,-0.07,5.9996,0.0045,0.007,1.0,0.0018,0.048,-18.651
Car B,1811,120.7333,6,17.222,1,17.222,-0.442,-0.442,5.9724,-0.0002,-0.5098,1.0,0.1097,-4.073,18.651
Car A,1812,120.8,5,132.631,3,-1.029,-0.07,-0.07,5.9999,0.0044,0.0094,1.0,0.001,0.043,-18.649
Car B,1812,120.8,6,17.62,1,17.62,-0.456,-0.456,5.9733,0.0133,0.2803,1.0,-0.0817,2.732,18.649
Car A,1813,120.8667,5,133.031,3,-0.629,-0.071,-0.071,5.9997,-0.0016,0.007,1.0,0.0001,0.025,-18.647
Car B,1813,120.8667,6,18.018,1,18.018,-0.466,-0.466,5.9741,0.0133,-0.4349,1.0,1.0,-2.036,18.647
Car A,1814,120.9333,5,133.431,3,-0.229,-0.071,-0.071,5.9997,-0.0005,-0.0061,1.0,-0.0005,0.004,-18.645
Car B,1814,120.9333,6,18.415,1,18.416,-0.477,-0.477,5.9688,-0.0798,0.338,1.0,1.0,24.959,18.645
Car A,1815,121.0,6,0.171,1,0.171,-0.071,-0.071,6.0002,0.0071,-0.0035,1.0,-0.0008,-0.01,-18.642
Car B,1815,121.0,6,18.813,1,18.813,-0.478,-0.478,5.9533,-0.2329,1.497,1.0,0.8562,25.0,18.642
Car A,1816,121.0667,6,0.571,1,0.571,-0.071,-0.071,6.0005,0.004,-0.0208,1.0,0.0009,-0.02,-18.639
Car B,1816,121.0667,6,19.209,1,19.209,-0.462,-0.462,5.9419,-0.171,2.2171,1.0,0.7233,21.411,18.639
Car A,1817,121.1333,6,0.971,1,0.971,-0.071,-0.071,6.0029,0.0374,-0.0031,1.0,0.0032,0.02,-18.634
Car B,1817,121.1333,6,19.605,1,19.605,-0.43,-0.43,5.9323,-0.1442,2.7839,1.0,0.5018,18.086,18.634
Car A,1818,121.2,6,1.371,1,1.371,-0.072,-0.072,6.0031,0.0025,0.0012,1.0,0.0055,0.076,-18.626
Car B,1818,121.2,6,19.998,1,19.998,-0.381,-0.381,5.9262,-0.0911,3.2094,1.0,1.0,12.552,18.626
Car A,1819,121.2667,6,1.772,1,1.772,-0.073,-0.073,6.0021,-0.0155,0.0099,1.0,0.0067,0.131,-18.59
Car B,1819,121.2667,6,20.362,1,20.388,-0.315,-0.344,5.9152,-0.1644,3.5819,1.0,1.0,24.98,18.59
Car A,1820,121.3333,6,2.172,1,2.172,-0.073,-0.073,6.0002,-0.0288,0.0206,1.0,0.0055,0.163,-18.582
Car B,1820,121.3333,6,20.754,1,20.774,-0.23,-0.29,5.9057,-0.1433,3.8621,1.0,1.0,24.999,18.582
Car A,1821,121.4,6,2.572,1,2.572,-0.073,-0.073,5.997,-0.0467,0.0379,1.0,0.0032,0.136,-18.534
Car B,1821,121.4,6,21.105,1,21.155,-0.126,-0.245,5.8972,-0.1276,4.0768,1.0,1.0,25.0,18.534
Car A,1822,121.4667,6,2.971,1,2.971,-0.072,-0.072,5.9978,0.0119,0.0271,1.0,0.0012,0.08,-18.527
Car B,1822,121.4667,6,21.499,1,21.53,-0.003,-0.213,5.8898,-0.1103,4.2441,1.0,1.0,25.0,18.527
Car A,1823,121.5333,6,3.371,1,3.371,-0.072,-0.072,5.9979,0.0006,0.0299,1.0,-0.0017,0.031,-18.512
Car B,1823,121.5333,6,21.883,1,21.898,0.139,-0.161,5.8834,-0.0966,4.3736,1.0,1.0,24.999,18.512
Car A,1824,121.6,6,3.771,1,3.771,-0.071,-0.071,5.999,0.0171,0.0091,1.0,-0.0013,-0.037,-18.487
Car B,1824,121.6,6,22.258,1,22.258,0.299,-0.149,5.8776,-0.0864,4.4752,1.0,1.0,24.999,18.487
Car A,1825,121.6667,6,4.171,1,4.171,-0.071,-0.071,6.0008,0.0265,-0.0123,1.0,-0.0012,-0.032,-18.479
Car B,1825,121.6667,6,22.65,1,22.608,0.479,-0.118,5.8725,-0.0762,4.5554,1.0,1.0,24.999,18.479
Car A,1826,121.7333,6,4.571,1,4.571,-0.071,-0.071,6.0008,-0.0005,-0.0117,1.0,-0.0012,-0.03,-18.456
Car B,1826,121.7333,6,23.028,1,22.948,0.677,-0.098,5.868,-0.0687,4.6183,1.0,1.0,24.999,18.456
Car A,1827,121.8,6,4.971,1,4.971,-0.071,-0.071,6.0008,0.0005,-0.0105,1.0,-0.0013,-0.029,-18.449
Car B,1827,121.8,6,23.421,1,23.277,0.892,-0.086,5.8638,-0.0627,4.6682,1.0,1.0,24.999,18.449
Car A,1828,121.8667,6,5.371,1,5.372,-0.07,-0.07,6.0007,-0.0006,-0.0105,1.0,-0.0018,-0.032,-18.432
Car B,1828,121.8667,6,23.803,1,23.594,1.125,-0.059,5.8599,-0.0577,4.7072,1.0,1.0,24.999,18.432
Car A,1829,121.9333,6,5.772,1,5.772,-0.07,-0.07,6.0009,0.0018,-0.0031,1.0,-0.0015,-0.044,-18.425
Car B,1829,121.9333,6,24.196,1,23.897,1.375,-0.066,5.8564,-0.0532,4.7388,1.0,1.0,24.999,18.425
Car A,1830,122.0,6,6.172,1,6.172,-0.07,-0.07,6.001,0.0019,-0.0144,1.0,-0.0012,-0.037,-18.417
Car B,1830,122.0,6,24.589,1,24.186,1.641,-0.052,5.8531,-0.0493,4.7636,1.0,1.0,24.999,18.417
Car A,1831,122.0667,6,6.572,1,6.572,-0.07,-0.07,6.0008,-0.0032,-0.0123,1.0,-0.0003,-0.03,-18.402
Car B,1831,122.0667,6,24.973,1,24.46,1.922,-0.058,5.85,-0.0466,4.7829,1.0,1.0,24.999,18.402
Car A,1832,122.1333,6,6.972,1,6.972,-0.07,-0.07,6.0016,0.0126,-0.0137,1.0,0.0009,-0.007,-18.394
Car B,1832,122.1333,6,25.366,1,24.718,2.217,-0.063,5.847,-0.0443,4.7979,1.0,1.0,24.999,18.394
Car A,1833,122.2,6,7.372,1,7.372,-0.07,-0.07,6.0001,-0.0226,-0.0134,1.0,0.0014,0.021,-18.377
Car B,1833,122.2,6,25.749,1,24.959,2.526,-0.062,5.8442,-0.0421,4.8108,1.0,1.0,24.999,18.377
Car A,1834,122.2667,6,7.772,1,7.772,-0.07,-0.07,6.0006,0.0066,0.0221,1.0,0.0019,0.033,-18.368
Car B,1834,122.2667,6,26.14,1,25.183,2.848,-0.084,5.8416,-0.0402,4.8214,1.0,1.0,24.999,18.368
Car A,1835,122.3333,6,8.172,1,8.172,-0.07,-0.07,6.0013,0.0114,0.0027,1.0,0.003,0.045,-18.36
Car B,1835,122.3333,6,26.532,1,25.388,3.182,-0.085,5.839,-0.0386,4.8302,1.0,1.0,24.999,18.36
Car A,1836,122.4,6,8.572,1,8.572,-0.07,-0.07,6.001,-0.0049,0.005,1.0,0.005,0.072,-18.336
Car B,1836,122.4,6,26.909,1,25.575,3.526,-0.116,5.8365,-0.0378,4.835,1.0,1.0,24.999,18.336
Car A,1837,122.4667,6,8.972,1,8.972,-0.07,-0.07,6.0008,-0.0024,0.0036,1.0,0.0066,0.12,-18.327
Car B,1837,122.4667,6,27.3,1,25.742,3.88,-0.135,5.834,-0.0368,4.8393,1.0,1.0,24.999,18.327
Car A,1838,122.5333,6,9.372,1,9.372,-0.07,-0.07,6.0022,0.021,0.014,1.0,0.0083,0.158,-18.296
Car B,1838,122.5333,6,27.668,1,25.889,4.242,-0.156,5.8317,-0.0352,4.8442,1.0,1.0,24.999,18.296
Car A,1839,122.6,6,9.773,1,9.773,-0.07,-0.07,6.0027,0.0077,0.0209,1.0,0.0096,0.2,-18.285
Car B,1839,122.6,6,28.058,1,26.016,4.612,-0.193,5.8293,-0.0351,4.847,1.0,1.0,24.999,18.285
Car A,1840,122.6667,6,10.173,1,10.173,-0.07,-0.07,6.0039,0.0179,0.0313,1.0,0.0098,0.234,-18.275
Car B,1840,122.6667,6,28.448,1,26.123,4.988,-0.208,5.827,-0.0344,4.8487,1.0,0.6005,24.999,18.275
Car A,1841,122.7333,6,10.573,1,10.573,-0.07,-0.07,6.0049,0.0142,0.0375,1.0,0.0095,0.238,-18.231
Car B,1841,122.7333,6,28.804,1,26.209,5.371,-0.258,5.8615,0.5177,4.6516,1.0,1.0,15.027,18.231
Car A,1842,122.8,6,10.974,1,10.974,-0.069,-0.069,6.0058,0.0136,0.0418,1.0,0.0085,0.23,-18.222
Car B,1842,122.8,6,29.195,1,26.277,5.758,-0.295,5.8569,-0.0692,4.7288,1.0,0.4893,24.984,18.222
Car A,1843,122.8667,6,11.374,1,11.374,-0.068,-0.068,5.9974,-0.1261,0.054,1.0,0.0041,0.208,-18.189
Car B,1843,122.8667,6,29.563,1,26.329,6.148,-0.329,5.8937,0.5512,3.9219,1.0,0.3445,12.25,18.189
Car A,1844,122.9333,6,11.773,1,11.773,-0.066,-0.066,5.9941,-0.0495,0.0554,1.0,-0.0028,0.105,-18.183
Car B,1844,122.9333,6,29.957,1,26.372,6.542,-0.372,5.9562,0.9372,3.1143,1.0,0.1997,8.616,18.183
Car A,1845,123.0,6,12.173,1,12.173,-0.065,-0.065,5.9981,0.0601,0.0337,1.0,-0.0059,-0.063,-18.181
Car B,1845,123.0,6,30.354,1,26.412,6.939,-0.412,6.0172,0.9163,1.9055,1.0,0.1543,4.998,18.181
Car A,1846,123.0667,6,12.573,1,12.573,-0.064,-0.064,5.9994,0.0204,0.005,1.0,-0.0098,-0.14,-18.182
Car B,1846,123.0667,6,30.755,1,26.451,7.34,-0.451,6.0589,0.6246,1.4951,1.0,0.1406,3.859,18.182
Car A,1847,123.1333,6,12.973,1,12.973,-0.063,-0.063,5.9964,-0.045,-0.0398,1.0,-0.0098,-0.238,-18.184
Car B,1847,123.1333,6,31.157,1,26.487,7.742,-0.487,6.0584,-0.0071,1.3719,1.0,0.1293,3.515,18.184
Car A,1848,123.2,6,13.373,1,13.373,-0.063,-0.063,5.9971,0.0101,-0.0446,1.0,-0.0121,-0.239,-18.187
Car B,1848,123.2,6,31.56,1,26.517,8.145,-0.517,6.05,-0.1269,1.2556,1.0,0.1217,3.233,18.187
Car A,1849,123.2667,6,13.773,1,13.773,-0.062,-0.062,5.999,0.0278,-0.0421,1.0,-0.0167,-0.293,-18.189
Car B,1849,123.2667,6,31.962,1,26.542,8.547,-0.542,6.0376,-0.1857,1.1849,1.0,0.116,3.044,18.189
Car A,1850,123.3333,6,14.173,1,14.173,-0.063,-0.063,5.9908,-0.1232,-0.08,1.0,-0.0156,-0.404,-18.192
Car B,1850,123.3333,6,32.364,1,26.563,8.949,-0.563,6.0286,-0.1354,1.1218,1.0,0.111,2.9,18.192
Car A,1851,123.4,6,14.572,1,14.572,-0.064,-0.064,5.9936,0.0433,-0.0685,1.0,-0.0163,-0.382,-18.194
Car B,1851,123.4,6,32.766,1,26.58,9.351,-0.58,6.0483,0.2969,1.0906,1.0,0.11,2.775,18.194
Car A,1852,123.4667,6,14.972,1,14.972,-0.065,-0.065,5.9952,0.023,-0.0747,1.0,-0.0177,-0.397,-18.196
Car B,1852,123.4667,6,33.168,1,26.591,9.753,-0.591,6.011,-0.5602,1.0977,1.0,0.0743,2.75,18.196
Car A,1853,123.5333,6,15.372,1,15.372,-0.066,-0.066,5.9956,0.0066,-0.079,1.0,0.0001,-0.429,-18.198
Car B,1853,123.5333,6,33.569,1,26.601,10.154,-0.601,6.0379,0.4041,0.7402,1.0,0.0972,1.858,18.198
Car A,1854,123.6,6,15.772,1,15.772,-0.068,-0.068,5.992,-0.0549,-0.1765,1.0,0.0066,-0.008,-18.198
Car B,1854,123.6,6,33.97,1,26.607,10.555,-0.607,6.0165,-0.3214,0.9291,1.0,-0.0303,2.428,18.198
Car A,1855,123.6667,6,16.172,1,16.172,-0.069,-0.069,5.9994,0.1122,-0.0232,0.9446,0.0819,0.156,-18.2
Car B,1855,123.6667,6,34.371,1,26.613,10.956,-0.613,6.0153,-0.0186,-0.1082,1.0,0.1824,-0.753,18.2
Car A,1856,123.7333,6,16.568,1,16.568,-0.065,-0.065,5.9041,-1.4307,0.7209,0.9949,-0.0305,2.044,-18.204
Car B,1856,123.7333,6,34.772,1,26.621,11.357,-0.621,6.0116,-0.0548,0.6586,1.0,0.1115,4.551,18.204
Car A,1857,123.8,6,16.961,1,16.962,-0.061,-0.061,5.914,0.1493,-0.2361,1.0,0.9571,-0.758,-18.211
Car B,1857,123.8,6,35.173,1,26.618,11.758,-0.618,6.0289,0.2599,1.0792,1.0,-0.0471,2.79,18.211
Car A,1858,123.8667,6,17.355,1,17.355,-0.056,-0.056,5.913,-0.0145,0.5137,1.0,0.9111,23.891,-18.219
Car B,1858,123.8667,6,35.575,1,26.616,12.16,-0.616,6.027,-0.0295,-0.0092,1.0,1.0,-1.171,18.219
Car A,1859,123.9333,6,17.749,1,17.749,-0.039,-0.039,5.8992,-0.2072,1.643,1.0,0.4813,22.779,-18.227
Car B,1859,123.9333,6,35.976,1,26.614,12.561,-0.614,6.0198,-0.1081,0.6139,1.0,0.8306,24.961,18.227
Car A,1860,124.0,6,18.141,1,18.141,-0.006,-0.006,5.8894,-0.1474,2.3138,0.7999,0.1512,12.049,-18.236
Car B,1860,124.0,6,36.377,1,26.6,12.962,-0.6,6.0068,-0.194,1.6737,1.0,1.0,20.771,18.236
Car A,1861,124.0667,6,18.529,1,18.529,0.034,0.034,5.8111,-1.1745,1.4584,0.5416,-0.8064,3.792,-18.247
Car B,1861,124.0667,6,36.776,1,26.571,13.361,-0.571,5.9928,-0.2107,2.3917,1.0,0.8802,24.993,18.247
Car A,1862,124.1333,6,18.911,1,18.911,0.07,0.07,5.7166,-1.417,0.1962,1.0,1.0,-20.123,-18.262
Car B,1862,124.1333,6,37.173,1,26.525,13.758,-0.525,5.9812,-0.1734,2.9201,1.0,1.0,22.008,18.262
Car A,1863,124.2,6,19.289,1,19.289,0.107,0.107,5.7017,-0.2236,0.9649,1.0,0.8455,24.932,-18.241
Car B,1863,124.2,6,37.531,1,26.462,14.152,-0.473,5.969,-0.1841,3.3596,1.0,1.0,24.995,18.241
Car A,1864,124.2667,6,19.667,1,19.668,0.15,0.15,5.7012,-0.0087,1.7569,1.0,-0.3876,21.142,-18.259
Car B,1864,124.2667,6,37.926,1,26.381,14.543,-0.422,5.9579,-0.1653,3.6871,1.0,1.0,25.0,18.259
Car A,1865,124.3333,6,20.06,1,20.044,0.202,0.198,5.7057,0.0682,0.8108,1.0,1.0,-9.643,-18.259
Car B,1865,124.3333,6,38.318,1,26.281,14.928,-0.353,5.9481,-0.148,3.9494,1.0,1.0,25.0,18.259
Car A,1866,124.4,6,20.439,1,20.42,0.261,0.227,5.6977,-0.1201,1.7666,1.0,0.9329,24.948,-18.222
Car B,1866,124.4,6,38.66,1,26.162,15.308,-0.316,5.9394,-0.1297,4.1481,1.0,1.0,25.0,18.222
Car A,1867,124.4667,6,20.817,1,20.793,0.332,0.269,5.6884,-0.1402,2.4855,1.0,0.9156,23.325,-18.239
Car B,1867,124.4667,6,39.055,1,26.025,15.681,-0.269,5.9318,-0.1143,4.2976,1.0,1.0,25.0,18.239
Car A,1868,124.5333,6,21.24,1,21.162,0.422,0.287,5.6799,-0.1269,2.9906,1.0,1.0,22.89,-18.173
Car B,1868,124.5333,6,39.413,1,25.868,16.046,-0.223,5.925,-0.1022,4.4148,1.0,1.0,24.999,18.173
Car A,1869,124.6,6,21.619,1,21.526,0.529,0.306,5.6716,-0.1248,3.3918,1.0,1.0,24.996,-18.19
Car B,1869,124.6,6,39.809,1,25.693,16.402,-0.197,5.9189,-0.0908,4.509,1.0,1.0,24.999,18.19
Car A,1870,124.6667,6,22.049,1,21.884,0.654,0.321,5.6645,-0.1059,3.7063,1.0,1.0,25.0,-18.154
Car B,1870,124.6667,6,40.203,1,25.5,16.748,-0.151,5.9133,-0.0839,4.5811,1.0,1.0,24.999,18.154
Car A,1871,124.7333,6,22.428,1,22.236,0.796,0.318,5.6587,-0.0871,3.951,1.0,1.0,25.0,-18.148
Car B,1871,124.7333,6,40.576,1,25.288,17.083,-0.138,5.9083,-0.0759,4.6396,1.0,1.0,24.999,18.148
Car A,1872,124.8,6,22.859,1,22.579,0.957,0.334,5.6541,-0.0698,4.1414,1.0,1.0,24.999,-18.112
Car B,1872,124.8,6,40.971,1,25.059,17.406,-0.112,5.9037,-0.0693,4.6837,1.0,1.0,24.999,18.112
Car A,1873,124.8667,6,23.237,1,22.913,1.135,0.312,5.6504,-0.055,4.2906,1.0,1.0,24.999,-18.114
Car B,1873,124.8667,6,41.351,1,24.814,17.716,-0.092,5.8993,-0.065,4.7214,1.0,1.0,24.999,18.114
Car A,1874,124.9333,6,23.616,1,23.237,1.331,0.31,5.6476,-0.0415,4.4096,1.0,1.0,24.999,-18.13
Car B,1874,124.9333,6,41.746,1,24.552,18.012,-0.085,5.8953,-0.0603,4.75,1.0,1.0,24.999,18.13
Car A,1875,125.0,6,24.043,1,23.55,1.545,0.288,5.6455,-0.0322,4.5032,1.0,1.0,24.999,-18.089
Car B,1875,125.0,6,42.131,1,24.274,18.293,-0.059,5.8915,-0.0575,4.7709,1.0,1.0,24.999,18.089
Car A,1876,125.0667,6,24.421,1,23.85,1.775,0.268,5.6439,-0.0234,4.5774,1.0,1.0,24.999,-18.105
Car B,1876,125.0667,6,42.526,1,23.982,18.559,-0.071,5.8878,-0.0547,4.7885,1.0,1.0,24.999,18.105
Car A,1877,125.1333,6,24.841,1,24.138,2.022,0.252,5.6428,-0.0164,4.6359,1.0,1.0,24.999,-18.08
Car B,1877,125.1333,6,42.921,1,23.676,18.808,-0.061,5.8843,-0.0532,4.802,1.0,1.0,24.999,18.08
Car A,1878,125.2,6,25.217,1,24.41,2.285,0.215,5.6421,-0.0104,4.6834,1.0,1.0,24.999,-18.089
Car B,1878,125.2,6,43.306,1,23.356,19.039,-0.069,5.881,-0.0497,4.8131,1.0,1.0,24.999,18.089
Car A,1879,125.2667,6,25.596,1,24.668,2.562,0.199,5.6417,-0.0062,4.7214,1.0,1.0,24.999,-18.105
Car B,1879,125.2667,6,43.7,1,23.025,19.253,-0.078,5.8777,-0.0487,4.8233,1.0,1.0,24.999,18.105
Car A,1880,125.3333,6,26.002,1,24.91,2.853,0.151,5.6416,-0.0017,4.7523,1.0,1.0,24.999,-18.08
Car B,1880,125.3333,6,44.083,1,22.683,19.449,-0.079,5.8746,-0.0474,4.8292,1.0,1.0,24.999,18.08
Car A,1881,125.4,6,26.38,1,25.135,3.158,0.118,5.6416,0.0005,4.7745,1.0,1.0,24.999,-18.096
Car B,1881,125.4,6,44.476,1,22.331,19.625,-0.107,5.8715,-0.0455,4.8364,1.0,1.0,24.999,18.096
Car A,1882,125.4667,6,26.773,1,25.342,3.475,0.08,5.6419,0.0034,4.7947,1.0,1.0,24.999,-18.096
Car B,1882,125.4667,6,44.869,2,21.969,19.781,-0.113,5.8685,-0.0448,4.839,1.0,1.0,24.999,18.096
Car A,1883,125.5333,6,27.149,1,25.531,3.804,0.031,5.6422,0.0049,4.8097,1.0,1.0,24.999,-18.095
Car B,1883,125.5333,6,45.243,2,21.6,19.917,-0.146,5.8657,-0.0431,4.8426,1.0,0.9943,24.999,18.095
Car A,1884,125.6,6,27.526,1,25.701,4.142,0.004,5.6426,0.0065,4.8213,1.0,1.0,24.999,-18.109
Car B,1884,125.6,6,45.636,2,21.224,20.033,-0.17,5.8629,-0.0418,4.8445,1.0,0.4451,24.857,18.109
Car A,1885,125.6667,6,27.9,1,25.851,4.49,-0.06,5.6431,0.0073,4.8308,1.0,1.0,24.999,-18.1
Car B,1885,125.6667,6,46.0,2,20.843,20.134,-0.2,5.9037,0.6114,3.8901,1.0,1.0,11.146,18.1
Car A,1886,125.7333,6,28.277,1,25.981,4.846,-0.104,5.6437,0.0083,4.8394,1.0,1.0,24.999,-18.114
Car B,1886,125.7333,6,46.391,2,20.458,20.222,-0.257,5.8949,-0.1307,4.0365,1.0,0.8738,24.977,18.114
Car A,1887,125.8,6,28.633,1,26.091,5.208,-0.153,5.6443,0.009,4.845,1.0,1.0,24.999,-18.15
Car B,1887,125.8,6,46.783,2,20.07,20.289,-0.294,5.8893,-0.0848,4.2205,1.0,0.4068,21.849,18.15
Car A,1888,125.8667,6,29.007,1,26.179,5.577,-0.212,5.6449,0.0092,4.8506,1.0,1.0,24.999,-18.145
Car B,1888,125.8667,6,47.152,2,19.678,20.343,-0.343,5.9198,0.457,3.4993,1.0,0.5149,10.186,18.145
Car A,1889,125.9333,6,29.384,1,26.247,5.95,-0.25,5.6455,0.0097,4.8536,1.0,1.0,24.999,-18.162
Car B,1889,125.9333,6,47.546,2,19.284,20.382,-0.382,5.9189,-0.0124,3.7464,1.0,0.3195,12.868,18.162
Car A,1890,126.0,6,29.741,1,26.293,6.326,-0.293,5.6462,0.0097,4.8561,1.0,1.0,24.999,-18.201
Car B,1890,126.0,6,47.943,2,18.888,20.41,-0.41,5.9811,0.9321,2.9184,1.0,-0.0765,7.994,18.201
Car A,1891,126.0667,6,30.12,1,26.317,6.704,-0.317,5.6468,0.0098,4.8592,1.0,1.0,24.999,-18.222
Car B,1891,126.0667,6,48.341,2,18.489,20.435,-0.435,5.9949,0.208,1.3756,1.0,0.1047,-1.897,18.222
Car A,1892,126.1333,6,30.499,1,26.32,7.084,-0.32,5.6475,0.0098,4.8608,1.0,1.0,24.999,-18.24
Car B,1892,126.1333,6,48.739,2,18.091,20.464,-0.464,5.9322,-0.9407,1.0624,1.0,0.0983,2.603,18.24
Car A,1893,126.2,6,30.877,1,26.301,7.462,-0.301,5.6481,0.0098,4.8623,1.0,0.9267,24.999,-18.257
Car B,1893,126.2,6,49.134,2,17.696,20.49,-0.49,5.966,0.5073,0.9309,1.0,0.0998,2.457,18.257
Car A,1894,126.2667,6,31.254,1,26.26,7.839,-0.26,5.6497,0.024,4.8548,1.0,-0.0581,23.169,-18.278
Car B,1894,126.2667,6,49.532,2,17.298,20.512,-0.512,6.0125,0.6972,0.9678,1.0,0.1003,2.494,18.278
Car A,1895,126.3333,6,31.631,1,26.207,8.216,-0.207,5.6919,0.6333,3.3887,1.0,-0.2524,-1.417,-18.301
Car B,1895,126.3333,6,49.931,2,16.899,20.529,-0.529,6.0045,-0.1198,0.9533,1.0,0.0982,2.507,18.301
Car A,1896,126.4,6,32.009,1,26.158,8.594,-0.158,5.7253,0.4996,1.2322,1.0,-0.2651,-6.303,-18.321
Car B,1896,126.4,6,50.331,2,16.5,20.542,-0.542,6.006,0.0224,0.9435,1.0,0.096,2.455,18.321
Car A,1897,126.4667,6,32.39,1,26.121,8.974,-0.121,5.7344,0.1373,-0.1027,1.0,-0.2672,-6.627,-18.34
Car B,1897,126.4667,6,50.73,2,16.1,20.551,-0.551,5.9765,-0.4425,0.9616,1.0,0.0828,2.398,18.34
Car A,1898,126.5333,6,32.771,1,26.096,9.356,-0.096,5.7366,0.0331,-1.1029,1.0,-0.2523,-6.679,-18.358
Car B,1898,126.5333,6,51.129,2,15.701,20.557,-0.557,6.0193,0.6416,0.8091,1.0,0.0937,2.071,18.358
Car A,1899,126.6,6,33.154,1,26.085,9.739,-0.085,5.7455,0.1336,-1.8432,1.0,-0.1147,-6.306,-18.374
Car B,1899,126.6,6,51.528,2,15.302,20.559,-0.559,5.9798,-0.5921,0.8931,1.0,0.0627,2.342,18.374
Car A,1900,126.6667,6,33.539,1,26.079,10.124,-0.079,5.8094,0.9583,-1.0604,0.9344,-0.1207,-2.872,-18.388
Car B,1900,126.6667,6,51.927,2,14.903,20.56,-0.56,5.9859,0.0907,0.6051,1.0,0.0812,1.568,18.388
Car A,1901,126.7333,6,33.921,1,26.075,10.506,-0.075,5.6977,-1.6753,-1.0586,0.9056,-0.0472,-3.014,-18.405
Car B,1901,126.7333,6,52.327,2,14.503,20.556,-0.556,6.0023,0.2465,0.7839,1.0,0.0697,2.03,18.405
Car A,1902,126.8,6,34.298,1,26.072,10.883,-0.072,5.594,-1.5555,-0.3956,0.9447,-0.0456,-1.183,-18.427
Car B,1902,126.8,6,52.724,2,14.106,20.55,-0.55,5.958,-0.6646,0.656,1.0,0.0486,1.735,18.427
Car A,1903,126.8667,6,34.674,1,26.068,11.259,-0.068,5.6405,0.6979,-0.4238,1.0,0.9608,-1.126,-18.448
Car B,1903,126.8667,6,53.122,2,13.708,20.543,-0.543,5.9616,0.0538,0.3046,1.0,0.0784,1.2,18.448
Car A,1904,126.9333,6,35.05,1,26.059,11.635,-0.059,5.643,0.0367,0.3773,1.0,0.9259,23.981,-18.469
Car B,1904,126.9333,6,53.519,2,13.311,20.533,-0.533,5.9756,0.2099,0.7434,1.0,-0.0519,1.957,18.469
Car A,1905,127.0,6,35.425,1,26.039,12.01,-0.039,5.6342,-0.1315,1.482,1.0,0.9442,23.149,-18.492
Car B,1905,127.0,6,53.917,2,12.913,20.524,-0.524,5.9776,0.0299,-0.2699,1.0,0.0919,-1.291,18.492
Car A,1906,127.0667,6,35.799,1,26.004,12.384,-0.004,5.6262,-0.12,2.1921,0.999,0.2077,23.603,-18.517
Car B,1906,127.0667,6,54.316,2,12.514,20.517,-0.517,5.9764,-0.0171,0.4891,1.0,-0.0048,2.291,18.517
Car A,1907,127.1333,6,36.173,1,25.96,12.758,0.04,5.6539,0.4156,1.5879,0.8593,-1.0,5.22,-18.541
Car B,1907,127.1333,6,54.714,2,12.116,20.506,-0.506,5.9926,0.2423,-0.0551,1.0,0.0833,-0.109,18.541
Car A,1908,127.2,6,36.547,1,25.92,13.132,0.08,5.6494,-0.0684,0.554,1.0,0.9286,-24.954,-18.566
Car B,1908,127.2,6,55.114,2,11.717,20.494,-0.494,5.9902,-0.0354,0.7377,1.0,-0.152,2.078,18.566
Car A,1909,127.2667,6,36.92,1,25.872,13.505,0.128,5.634,-0.2304,1.6038,1.0,-0.197,23.142,-18.593
Car B,1909,127.2667,6,55.513,2,11.317,20.48,-0.48,5.9915,0.0193,-0.2823,1.0,0.0812,-3.791,18.593
Car A,1910,127.3333,6,37.293,1,25.817,13.878,0.183,5.6548,0.3121,0.1647,1.0,0.5049,-4.881,-18.619
Car B,1910,127.3333,6,55.912,2,10.918,20.471,-0.471,5.9913,-0.0027,0.4279,1.0,-0.1308,2.022,18.619
Car A,1911,127.4,6,37.684,1,25.769,14.252,0.211,5.6564,0.0233,0.7024,1.0,1.0,12.596,-18.627
Car B,1911,127.4,6,56.311,2,10.519,20.458,-0.458,5.9883,-0.0458,-0.3713,1.0,0.0727,-3.261,18.627
Car A,1912,127.4667,6,38.059,1,25.708,14.623,0.242,5.6466,-0.147,1.6724,1.0,0.928,24.98,-18.651
Car B,1912,127.4667,6,56.71,2,10.12,20.448,-0.448,5.9886,0.0047,0.3873,1.0,-0.1485,1.809,18.651
Car A,1913,127.5333,6,38.477,1,25.632,14.992,0.273,5.6392,-0.1101,2.3124,1.0,1.0,23.203,-18.632
Car B,1913,127.5333,6,57.109,2,9.721,20.436,-0.436,5.9858,-0.0424,-0.4195,1.0,0.0692,-3.705,18.632
Car A,1914,127.6,6,38.854,1,25.54,15.357,0.278,5.6299,-0.1391,2.8636,1.0,1.0,24.997,-18.654
Car B,1914,127.6,6,57.508,2,9.322,20.428,-0.428,5.9873,0.0224,0.3387,1.0,-0.1474,1.72,18.654
Car A,1915,127.6667,6,39.229,1,25.431,15.717,0.299,5.6221,-0.1181,3.2882,1.0,1.0,25.0,-18.678
Car B,1915,127.6667,6,57.907,2,8.923,20.416,-0.416,5.9838,-0.0515,-0.4412,1.0,0.0603,-3.676,18.678
Car A,1916,127.7333,6,39.652,1,25.305,16.072,0.287,5.6153,-0.1016,3.6214,1.0,1.0,25.0,-18.653
Car B,1916,127.7333,6,58.306,2,8.524,20.409,-0.409,5.9853,0.0215,0.322,1.0,-0.1473,1.499,18.653
Car A,1917,127.8,6,40.028,1,25.162,16.419,0.287,5.6097,-0.0834,3.885,1.0,1.0,25.0,-18.676
Car B,1917,127.8,6,58.704,2,8.126,20.399,-0.399,5.9829,-0.0359,-0.4817,1.0,0.0671,-3.674,18.676
Car A,1918,127.8667,6,40.449,1,25.0,16.758,0.277,5.6055,-0.0642,4.0846,1.0,1.0,25.0,-18.654
Car B,1918,127.8667,6,59.103,2,7.727,20.392,-0.392,5.9833,0.0068,0.2962,1.0,-0.1401,1.67,18.654
Car A,1919,127.9333,6,40.824,1,24.821,17.088,0.258,5.6022,-0.0493,4.2474,1.0,1.0,24.999,-18.677
Car B,1919,127.9333,6,59.502,2,7.328,20.383,-0.383,5.9811,-0.0338,-0.4614,1.0,0.0669,-3.495,18.677
Car A,1920,128.0,6,41.24,1,24.624,17.408,0.253,5.5998,-0.0352,4.3726,1.0,1.0,24.999,-18.66
Car B,1920,128.0,6,59.9,2,6.93,20.377,-0.377,5.9827,0.024,0.3072,1.0,-0.1404,1.663,18.66
Car A,1921,128.0667,6,41.614,1,24.409,17.716,0.215,5.5982,-0.0247,4.4724,1.0,1.0,24.999,-18.685
Car B,1921,128.0667,6,60.299,2,6.531,20.368,-0.368,5.9796,-0.0468,-0.4514,1.0,0.0673,-3.501,18.685
Car A,1922,128.1333,6,41.989,1,24.178,18.012,0.198,5.5972,-0.0151,4.5551,1.0,1.0,24.999,-18.708
Car B,1922,128.1333,6,60.698,2,6.132,20.363,-0.363,5.9806,0.0156,0.3342,1.0,-0.1509,1.674,18.708
Car A,1923,128.2,6,42.394,1,23.931,18.295,0.162,5.5966,-0.0079,4.6168,1.0,1.0,24.999,-18.703
Car B,1923,128.2,6,61.096,2,5.734,20.355,-0.355,5.9784,-0.0325,-0.4486,1.0,0.068,-3.763,18.703
Car A,1924,128.2667,6,42.768,1,23.668,18.564,0.129,5.5965,-0.0017,4.6686,1.0,1.0,24.999,-18.727
Car B,1924,128.2667,6,61.495,2,5.335,20.351,-0.351,5.9791,0.0104,0.3253,1.0,-0.1458,1.692,18.727
Car A,1925,128.3333,6,43.16,1,23.391,18.817,0.103,5.5967,0.0032,4.709,1.0,1.0,24.999,-18.733
Car B,1925,128.3333,6,61.893,2,4.937,20.344,-0.344,5.9772,-0.0294,-0.4462,1.0,0.0679,-3.638,18.733
Car A,1926,128.4,6,43.533,1,23.099,19.054,0.053,5.5973,0.0078,4.7441,1.0,1.0,24.999,-18.759
Car B,1926,128.4,6,62.292,2,4.539,20.34,-0.34,5.9784,0.0178,0.3215,1.0,-0.1428,1.689,18.759
Car A,1927,128.4667,6,43.908,1,22.795,19.274,0.024,5.598,0.0106,4.7696,1.0,1.0,24.999,-18.782
Car B,1927,128.4667,6,62.69,2,4.14,20.334,-0.334,5.9761,-0.0337,-0.4404,1.0,0.066,-3.562,18.782
Car A,1928,128.5333,6,44.283,1,22.478,19.477,-0.026,5.5988,0.0128,4.7898,1.0,1.0,24.999,-18.805
Car B,1928,128.5333,6,63.088,2,3.742,20.331,-0.331,5.9769,0.0118,0.3307,1.0,-0.1457,1.642,18.805
Car A,1929,128.6,6,44.656,2,22.15,19.661,-0.071,5.5998,0.0145,4.8057,1.0,1.0,24.999,-18.83
Car B,1929,128.6,6,63.487,2,3.344,20.325,-0.325,5.9757,-0.0183,-0.4673,1.0,0.0703,-3.635,18.83
Car A,1930,128.6667,6,45.016,2,21.812,19.825,-0.106,5.6009,0.0169,4.8195,1.0,1.0,24.999,-18.869
Car B,1930,128.6667,6,63.885,2,2.945,20.323,-0.323,5.9754,-0.0034,0.307,1.0,-0.1441,1.748,18.869
Car A,1931,128.7333,6,45.387,2,21.465,19.971,-0.166,5.6021,0.0172,4.8296,1.0,1.0,24.999,-18.896
Car B,1931,128.7333,6,64.283,2,2.547,20.319,-0.319,5.9739,-0.0231,-0.4402,1.0,0.0654,-3.595,18.896
Car A,1932,128.8,6,45.761,2,21.11,20.096,-0.205,5.6032,0.017,4.8381,1.0,1.0,24.999,-18.92
Car B,1932,128.8,6,64.681,2,2.149,20.317,-0.317,5.9755,0.0245,0.3164,1.0,-0.1432,1.626,18.92
Car A,1933,128.8667,6,46.099,2,20.749,20.2,-0.258,5.6045,0.0189,4.8455,1.0,1.0,24.999,-18.98
Car B,1933,128.8667,6,65.08,2,1.751,20.313,-0.313,5.9737,-0.0277,-0.4359,1.0,0.06,-3.573,18.98
Car A,1934,128.9333,6,46.472,2,20.382,20.284,-0.313,5.6057,0.0188,4.85,1.0,1.0,24.999,-19.006
Car B,1934,128.9333,6,65.478,2,1.352,20.312,-0.312,5.9751,0.0218,0.3142,1.0,-0.1467,1.492,19.006
Car A,1935,129.0,6,46.83,2,20.01,20.346,-0.346,5.607,0.0188,4.8549,1.0,1.0,24.999,-19.046
Car B,1935,129.0,6,65.876,2,0.954,20.309,-0.309,5.9731,-0.0299,-0.451,1.0,0.0607,-3.659,19.046
Car A,1936,129.0667,6,47.194,2,19.636,20.386,-0.386,5.6083,0.0197,4.8572,1.0,1.0,24.999,-19.08
Car B,1936,129.0667,6,66.274,2,0.556,20.31,-0.31,5.9753,0.0321,0.3079,1.0,-0.1487,1.51,19.08
Car A,1937,129.1333,6,47.57,2,19.26,20.405,-0.405,5.6094,0.0176,4.86,1.0,1.0,24.999,-19.102
Car B,1937,129.1333,6,66.673,2,0.158,20.307,-0.307,5.9731,-0.0323,-0.4688,1.0,0.062,-3.71,19.102
Car A,1938,129.2,6,47.947,2,18.883,20.403,-0.403,5.6107,0.0194,4.8618,1.0,1.0,24.999,-19.124
Car B,1938,129.2,6,67.071,2,-0.241,20.309,-0.309,5.9748,0.0255,0.2991,1.0,-0.1499,1.543,19.124
Car A,1939,129.2667,6,48.323,2,18.507,20.378,-0.378,5.612,0.0184,4.8637,1.0,1.0,24.999,-19.146
Car B,1939,129.2667,6,67.469,2,-0.639,20.307,-0.307,5.9726,-0.0327,-0.4637,1.0,0.0546,-3.74,19.146
Car A,1940,129.3333,6,48.697,2,18.133,20.332,-0.332,5.6132,0.0185,4.8641,1.0,-0.0545,24.999,-19.17
Car B,1940,129.3333,6,67.867,2,-1.037,20.31,-0.31,5.9743,0.0243,0.2966,1.0,-0.1603,1.356,19.17
Car A,1941,129.4,6,49.07,2,17.76,20.274,-0.274,5.6564,0.6478,3.3784,1.0,-0.1905,-1.324,-19.195
Car B,1941,129.4,6,68.265,2,-1.435,20.31,-0.31,5.9727,-0.0234,-0.4975,1.0,0.0375,-4.0,19.195
Car A,1942,129.4667,6,49.446,2,17.385,20.22,-0.22,5.6913,0.5231,1.2441,1.0,-0.2263,-4.756,-19.218
Car B,1942,129.4667,6,68.664,2,-1.833,20.313,-0.313,5.9752,0.0381,0.2851,1.0,-0.177,0.93,19.218
Car A,1943,129.5333,6,49.823,2,17.007,20.177,-0.177,5.7021,0.1619,-0.1049,1.0,-0.2359,-5.656,-19.239
Car B,1943,129.5333,6,69.062,2,-2.232,20.315,-0.315,5.9753,0.0008,-0.5793,1.0,0.0392,-4.417,19.239
Car A,1944,129.6,6,50.202,2,16.628,20.147,-0.147,5.7067,0.0703,-1.0834,1.0,-0.2032,-5.896,-19.258
Car B,1944,129.6,6,69.46,2,-2.63,20.321,-0.321,5.978,0.0409,0.2272,1.0,-0.1767,0.972,19.258
Car A,1945,129.6667,6,50.584,2,16.247,20.13,-0.13,5.7408,0.5114,-1.6939,1.0,-0.108,-5.082,-19.275
Car B,1945,129.6667,6,69.859,2,-3.029,20.326,-0.326,5.9762,-0.0277,-0.6153,1.0,0.0426,-4.409,19.275
Car A,1946,129.7333,6,50.969,2,15.861,20.116,-0.116,5.8245,1.2553,-1.0142,1.0,-0.0985,-2.705,-19.288
Car B,1946,129.7333,6,70.257,2,-3.427,20.334,-0.334,5.9788,0.0398,0.1946,1.0,-0.1888,1.057,19.288
Car A,1947,129.8,6,51.361,2,15.469,20.104,-0.104,5.908,1.2517,-0.9547,1.0,-0.0724,-2.455,-19.294
Car B,1947,129.8,6,70.655,2,-3.825,20.34,-0.34,5.9758,-0.0456,-0.5756,1.0,0.0035,-4.71,19.294
Car A,1948,129.8667,6,51.758,2,15.072,20.093,-0.093,5.9752,1.0079,-0.685,1.0,-0.0643,-1.81,-19.296
Car B,1948,129.8667,6,71.054,2,-4.224,20.351,-0.351,5.9932,0.2603,0.0378,1.0,-0.1755,0.072,19.296
Car A,1949,129.9333,6,52.157,2,14.673,20.083,-0.083,5.984,0.1327,-0.625,1.0,-0.0538,-1.604,-19.296
Car B,1949,129.9333,6,71.453,2,-4.623,20.362,-0.362,5.9917,-0.0213,-0.8071,1.0,0.0712,-4.381,19.296
Car A,1950,130.0,6,52.555,2,14.275,20.075,-0.075,5.9648,-0.2887,-0.3118,1.0,-0.0597,-1.318,-19.297
Car B,1950,130.0,6,71.852,2,-5.022,20.378,-0.378,5.9925,0.0112,0.0544,1.0,-0.1557,1.77,19.297
Car A,1951,130.0667,6,52.952,2,13.878,20.07,-0.07,5.9493,-0.2316,-0.6007,1.0,-0.0358,-1.468,-19.299
Car B,1951,130.0667,6,72.252,2,-5.421,20.39,-0.39,5.9905,-0.029,-0.5751,1.0,0.0564,-3.883,19.299
Car A,1952,130.1333,6,53.35,2,13.48,20.065,-0.065,5.9704,0.3157,-0.2639,1.0,-0.041,-0.883,-19.301
Car B,1952,130.1333,6,72.651,2,-5.82,20.406,-0.406,5.9912,0.0094,0.223,1.0,-0.1984,1.402,19.301
Car A,1953,130.2,6,53.748,2,13.082,20.062,-0.062,5.9926,0.3329,-0.3791,1.0,-0.0284,-1.021,-19.302
Car B,1953,130.2,6,73.05,2,-6.219,20.42,-0.42,5.9878,-0.0511,-0.5114,1.0,0.0426,-4.949,19.302
Car A,1954,130.2667,6,54.148,2,12.682,20.059,-0.059,6.0159,0.3505,-0.3257,1.0,-0.0234,-0.701,-19.3
Car B,1954,130.2667,6,73.448,2,-6.618,20.437,-0.437,5.9896,0.0279,0.2728,1.0,-0.2303,1.055,19.3
Car A,1955,130.3333,6,54.548,2,12.283,20.057,-0.057,5.9863,-0.4449,-0.1402,1.0,-0.0275,-0.575,-19.3
Car B,1955,130.3333,6,73.847,2,-7.017,20.452,-0.452,5.9871,-0.038,-0.5994,1.0,0.0566,-5.746,19.3
Car A,1956,130.4,6,54.947,2,11.884,20.056,-0.056,6.0023,0.2406,-0.2818,1.0,-0.015,-0.681,-19.299
Car B,1956,130.4,6,74.246,2,-7.416,20.472,-0.472,5.9889,0.0267,0.204,1.0,-0.1993,1.405,19.299
Car A,1957,130.4667,6,55.347,2,11.483,20.056,-0.056,6.0161,0.2061,-0.0966,1.0,-0.02,-0.373,-19.297
Car B,1957,130.4667,6,74.645,2,-7.814,20.489,-0.489,5.985,-0.0582,-0.5148,1.0,0.0365,-4.974,19.297
Car A,1958,130.5333,6,55.748,2,11.082,20.057,-0.057,6.0194,0.0508,-0.2218,1.0,-0.0092,-0.481,-19.295
Car B,1958,130.5333,6,75.043,2,-8.213,20.509,-0.509,5.9882,0.0475,0.2637,1.0,-0.226,0.902,19.295
Car A,1959,130.6,6,56.149,2,10.681,20.057,-0.057,6.0052,-0.213,-0.0961,1.0,-0.0155,-0.228,-19.293
Car B,1959,130.6,6,75.442,2,-8.612,20.529,-0.529,5.986,-0.0319,-0.6323,1.0,0.0421,-5.64,19.293
Car A,1960,130.6667,6,56.549,2,10.281,20.058,-0.058,5.9965,-0.1315,-0.0018,1.0,-0.0224,-0.371,-19.291
Car B,1960,130.6667,6,75.84,2,-9.01,20.552,-0.552,5.9882,0.032,0.188,1.0,-0.1601,1.042,19.291
Car A,1961,130.7333,6,56.949,2,9.881,20.06,-0.06,5.9841,-0.186,-0.2249,1.0,-0.0058,-0.542,-19.29
Car B,1961,130.7333,6,76.239,2,-9.409,20.574,-0.574,5.9852,-0.044,-0.5972,1.0,0.0242,-3.995,19.29
Car A,1962,130.8,6,57.348,2,9.482,20.061,-0.061,6.0086,0.3686,-0.1537,1.0,-0.0164,-0.15,-19.289
Car B,1962,130.8,6,76.637,2,-9.807,20.599,-0.599,5.9894,0.0627,0.1996,1.0,-0.1521,0.598,19.289
Car A,1963,130.8667,6,57.749,2,9.081,20.064,-0.064,5.9975,-0.1664,-0.0186,1.0,-0.0363,-0.398,-19.287
Car B,1963,130.8667,6,77.035,2,-10.205,20.624,-0.624,5.9883,-0.0167,-0.6799,1.0,0.0119,-3.795,19.287
Car A,1964,130.9333,6,58.148,2,8.682,20.068,-0.068,5.9843,-0.1985,-0.3443,1.0,0.004,-0.898,-19.285
Car B,1964,130.9333,6,77.434,2,-10.603,20.653,-0.653,5.9943,0.0903,0.1018,1.0,-0.0902,0.29,19.285
Car A,1965,131.0,6,58.547,2,8.283,20.073,-0.073,5.9937,0.1404,-0.0887,1.0,-0.0279,0.092,-19.285
Car B,1965,131.0,6,77.832,2,-11.002,20.681,-0.681,5.9925,-0.0274,-0.7069,1.0,-0.0018,-2.252,19.285
Car A,1966,131.0667,6,58.947,2,7.883,20.078,-0.078,6.0054,0.1755,-0.2732,1.0,0.0072,-0.687,-19.284
Car B,1966,131.0667,6,78.23,2,-11.4,20.713,-0.713,5.9992,0.1,-0.0078,1.0,-0.0773,-0.056,19.284
Car A,1967,131.1333,6,59.347,2,7.483,20.083,-0.083,6.0028,-0.0392,-0.0296,1.0,-0.0274,0.168,-19.282
Car B,1967,131.1333,6,78.629,2,-11.799,20.745,-0.745,5.9946,-0.069,-0.7348,1.0,-0.0011,-1.93,19.282
Car A,1968,131.2,6,59.747,2,7.083,20.09,-0.09,5.9849,-0.2674,-0.3657,1.0,0.0898,-0.672,-19.28
Car B,1968,131.2,6,79.027,2,-12.197,20.779,-0.779,5.9999,0.08,-0.0006,1.0,-0.0737,-0.038,19.28
Car A,1969,131.2667,6,60.146,2,6.684,20.094,-0.094,5.9848,-0.0019,0.6254,1.0,-0.0073,2.241,-19.279
Car B,1969,131.2667,6,79.426,2,-12.596,20.816,-0.816,5.9855,-0.2163,-0.7404,1.0,0.0637,-1.838,19.279
Car A,1970,131.3333,6,60.545,2,6.285,20.094,-0.094,5.9957,0.1639,-0.0834,1.0,0.0752,-0.169,-19.278
Car B,1970,131.3333,6,79.823,2,-12.993,20.852,-0.852,5.9885,0.0449,0.3588,1.0,-0.0846,1.586,19.278
Car A,1971,131.4,6,60.945,2,5.885,20.093,-0.093,6.0012,0.0827,0.7217,1.0,-0.0324,1.875,-19.276
Car B,1971,131.4,6,80.221,2,-13.391,20.885,-0.885,5.9857,-0.0412,-0.4203,1.0,0.0711,-2.108,19.276
Car A,1972,131.4667,6,61.345,2,5.485,20.091,-0.091,5.9997,-0.0233,-0.2885,1.0,0.1392,-0.806,-19.273
Car B,1972,131.4667,6,80.618,2,-13.788,20.921,-0.921,5.985,-0.0112,0.3431,1.0,-0.0281,1.772,19.273
Car A,1973,131.5333,6,61.745,2,5.085,20.09,-0.09,5.9991,-0.0089,0.601,1.0,0.0189,3.473,-19.271
Car B,1973,131.5333,6,81.016,2,-14.186,20.954,-0.954,5.9869,0.0294,-0.2897,1.0,0.1506,-0.698,19.271
Car A,1974,131.6,6,62.145,2,4.685,20.084,-0.084,6.0165,0.2605,0.3312,1.0,-0.0018,0.478,-19.268
Car B,1974,131.6,6,81.414,2,-14.584,20.986,-0.986,5.9873,0.006,0.6557,1.0,-0.0492,3.758,19.268
Car A,1975,131.6667,6,62.546,2,4.284,20.082,-0.082,6.0067,-0.1462,0.0785,1.0,0.0694,-0.039,-19.266
Car B,1975,131.6667,6,81.812,2,-14.982,21.014,-1.014,5.9879,0.0085,-0.174,1.0,0.1915,-1.222,19.266
Car A,1976,131.7333,6,62.946,2,3.884,20.075,-0.075,6.0038,-0.0436,0.6729,1.0,-0.0933,1.733,-19.263
Car B,1976,131.7333,6,82.21,2,-15.38,21.045,-1.045,5.9846,-0.0488,0.5894,1.0,0.1074,4.779,19.263
Car A,1977,131.8,6,63.347,2,3.483,20.068,-0.068,6.0049,0.0156,-0.3611,1.0,0.0737,-2.327,-19.262
Car B,1977,131.8,6,82.609,2,-15.779,21.065,-1.065,5.989,0.0651,1.0706,1.0,-0.22,2.687,19.262
Car A,1978,131.8667,6,63.747,2,3.083,20.065,-0.065,6.0028,-0.0315,0.3882,1.0,-0.0483,1.835,-19.261
Car B,1978,131.8667,6,83.008,2,-16.178,21.086,-1.086,5.9923,0.0504,-0.1116,1.0,0.283,-5.487,19.261
Car A,1979,131.9333,6,64.147,2,2.683,20.059,-0.059,6.0004,-0.0358,-0.3665,1.0,0.0884,-1.202,-19.26
Car B,1979,131.9333,6,83.407,2,-16.576,21.111,-1.111,5.9897,-0.039,0.5488,1.0,0.1168,7.055,19.26
Car A,1980,132.0,6,64.547,2,2.283,20.054,-0.054,5.9982,-0.0329,0.4846,1.0,-0.0789,2.205,-19.259
Car B,1980,132.0,6,83.806,2,-16.976,21.125,-1.125,6.0153,0.384,1.1134,1.0,-0.0176,2.924,19.259
Car A,1981,132.0667,6,64.946,2,1.884,20.047,-0.047,5.9962,-0.0291,-0.3266,1.0,0.0286,-1.966,-19.26
Car B,1981,132.0667,6,84.207,2,-17.377,21.138,-1.138,6.0118,-0.0535,0.027,1.0,0.3346,-0.435,19.26
Car A,1982,132.1333,6,65.346,2,1.484,20.042,-0.042,5.9982,0.0292,0.2835,1.0,-0.0707,0.711,-19.261
Car B,1982,132.1333,6,84.607,2,-17.777,21.152,-1.152,6.0081,-0.055,0.8081,1.0,0.0352,8.35,19.261
Car A,1983,132.2,6,65.746,2,1.084,20.038,-0.038,5.9963,-0.0287,-0.5723,1.0,0.1273,-1.764,-19.262
Car B,1983,132.2,6,85.008,2,-18.178,21.161,-1.161,6.0193,0.1678,0.3396,1.0,1.0,0.892,19.262
Car A,1984,132.2667,6,66.146,2,0.684,20.036,-0.036,5.9959,-0.0059,0.366,1.0,-0.0482,3.175,-19.263
Car B,1984,132.2667,6,85.409,2,-18.578,21.165,-1.165,6.014,-0.0788,0.9798,1.0,0.8595,24.964,19.263
Car A,1985,132.3333,6,66.545,2,0.285,20.03,-0.03,5.9957,-0.0024,-0.3625,1.0,0.0479,-1.199,-19.264
Car B,1985,132.3333,6,85.809,2,-18.979,21.157,-1.157,5.9972,-0.2519,2.0086,1.0,1.0,21.492,19.264
Car A,1986,132.4,6,66.945,2,-0.115,20.025,-0.025,5.9948,-0.0141,0.432,1.0,-0.1155,1.192,-19.263
Car B,1986,132.4,6,86.208,2,-19.378,21.132,-1.132,5.9834,-0.2082,2.6521,1.0,1.0,24.994,19.263
Car A,1987,132.4667,6,67.345,2,-0.514,20.02,-0.02,5.9942,-0.0084,-0.4783,1.0,0.0005,-2.881,-19.26
Car B,1987,132.4667,6,86.605,2,-19.775,21.09,-1.09,5.9706,-0.1918,3.1398,1.0,0.9731,25.0,19.26
Car A,1988,132.5333,6,67.744,2,-0.914,20.02,-0.02,5.9995,0.0787,0.0174,1.0,-0.0863,0.002,-19.173
Car B,1988,132.5333,6,86.918,2,-20.169,21.031,-1.041,5.959,-0.1736,3.5256,1.0,1.0,24.327,19.173
Car A,1989,132.6,6,68.144,2,-1.314,20.02,-0.02,5.9961,-0.0498,-0.7799,1.0,0.0997,-2.154,-19.169
Car B,1989,132.6,6,87.313,2,-20.559,20.953,-0.994,5.9486,-0.1555,3.8168,1.0,0.9133,24.998,19.169
Car A,1990,132.6667,6,68.544,2,-1.714,20.023,-0.023,5.9975,0.0207,0.2153,1.0,-0.0867,2.484,-19.161
Car B,1990,132.6667,6,87.705,2,-20.945,20.856,-0.927,5.9409,-0.1161,4.0371,1.0,1.0,22.836,19.161
Car A,1991,132.7333,6,68.944,2,-2.114,20.022,-0.022,5.9957,-0.027,-0.4799,1.0,-0.0474,-2.16,-19.014
Car B,1991,132.7333,6,87.958,2,-21.325,20.74,-0.881,5.9328,-0.1212,4.2161,1.0,1.0,24.996,19.014
Car A,1992,132.8,6,69.344,2,-2.514,20.028,-0.028,6.0228,0.4063,-0.4814,1.0,-0.0445,-1.182,-19.009
Car B,1992,132.8,6,88.352,2,-21.699,20.605,-0.837,5.9257,-0.1066,4.3544,1.0,1.0,24.999,19.009
Car A,1993,132.8667,6,69.746,2,-2.916,20.034,-0.034,6.0263,0.0523,-0.2307,1.0,-0.1218,-1.085,-18.967
Car B,1993,132.8667,6,88.713,2,-22.064,20.45,-0.773,5.9193,-0.0963,4.4604,1.0,1.0,24.999,18.967
Car A,1994,132.9333,6,70.147,2,-3.317,20.044,-0.044,6.0228,-0.0531,-0.987,1.0,-0.0189,-3.043,-18.871
Car B,1994,132.9333,6,89.018,2,-22.421,20.277,-0.745,5.9135,-0.0874,4.5439,1.0,1.0,24.999,18.871
Car A,1995,133.0,6,70.548,2,-3.718,20.057,-0.057,6.006,-0.251,-0.1892,1.0,-0.0105,-0.474,-18.864
Car B,1995,133.0,6,89.412,3,-22.768,20.086,-0.7,5.9081,-0.0798,4.6084,1.0,1.0,24.999,18.864
Car A,1996,133.0667,6,70.948,2,-4.118,20.067,-0.067,5.993,-0.1949,-0.0487,1.0,0.0325,-0.26,-18.753
Car B,1996,133.0667,6,89.701,3,-23.104,19.876,-0.651,5.9034,-0.0716,4.6605,1.0,1.0,24.999,18.753
Car A,1997,133.1333,6,71.348,2,-4.518,20.074,-0.074,6.0174,0.365,0.3323,1.0,0.0107,0.803,-18.748
Car B,1997,133.1333,6,90.096,3,-23.428,19.649,-0.626,5.8989,-0.0677,4.6998,1.0,1.0,24.999,18.748
Car A,1998,133.2,6,71.748,2,-4.918,20.081,-0.081,5.9932,-0.3627,0.1461,1.0,0.0337,0.268,-18.74
Car B,1998,133.2,6,90.489,3,-23.739,19.405,-0.581,5.8947,-0.0621,4.7344,1.0,1.0,24.999,18.74
Car A,1999,133.2667,6,72.148,2,-5.318,20.085,-0.085,6.0074,0.2129,0.3219,1.0,0.0271,0.837,-18.647
Car B,1999,133.2667,6,90.794,3,-24.036,19.145,-0.552,5.8908,-0.0589,4.7577,1.0,1.0,24.999,18.647
Car A,2000,133.3333,6,72.549,2,-5.719,20.088,-0.088,6.023,0.2337,0.3343,1.0,0.0267,0.666,-18.64
Car B,2000,133.3333,6,91.188,3,-24.318,18.869,-0.525,5.8871,-0.0555,4.7783,1.0,1.0,24.999,18.64
Car A,2001,133.4,6,72.948,2,-6.118,20.091,-0.091,5.9892,-0.5055,0.1404,1.0,0.0358,0.652,-18.589
Car B,2001,133.4,6,91.538,3,-24.585,18.578,-0.479,5.8836,-0.0523,4.796,1.0,1.0,24.999,18.589
Car A,2002,133.4667,6,73.347,2,-6.517,20.092,-0.092,6.0012,0.1793,0.3505,1.0,0.0208,0.889,-18.552
Car B,2002,133.4667,6,91.899,3,-24.835,18.273,-0.47,5.8802,-0.0515,4.8084,1.0,1.0,24.999,18.552
Car A,2003,133.5333,6,73.748,2,-6.918,20.092,-0.092,5.9993,-0.0287,0.2057,1.0,0.0216,0.513,-18.544
Car B,2003,133.5333,6,92.292,3,-25.068,17.955,-0.441,5.877,-0.0482,4.8192,1.0,1.0,24.999,18.544
Car A,2004,133.6,6,74.148,2,-7.318,20.093,-0.093,5.9927,-0.0984,0.103,1.0,0.0255,0.527,-18.472
Car B,2004,133.6,6,92.619,3,-25.283,17.625,-0.418,5.8738,-0.0479,4.826,1.0,1.0,24.999,18.472
Car A,2005,133.6667,6,74.547,2,-7.717,20.092,-0.092,5.9829,-0.1479,0.1815,1.0,0.0145,0.609,-18.466
Car B,2005,133.6667,6,93.013,3,-25.48,17.284,-0.407,5.8707,-0.0459,4.8322,1.0,1.0,24.999,18.466
Car A,2006,133.7333,6,74.947,2,-8.117,20.091,-0.091,6.0119,0.4358,0.0938,1.0,0.0194,0.358,-18.459
Car B,2006,133.7333,6,93.405,3,-25.658,16.933,-0.375,5.8677,-0.0448,4.8373,1.0,1.0,24.999,18.459
Car A,2007,133.8,6,75.348,2,-8.517,20.089,-0.089,5.9981,-0.2074,0.2032,1.0,0.0086,0.473,-18.393
Car B,2007,133.8,6,93.74,3,-25.815,16.572,-0.376,5.8648,-0.0436,4.8407,1.0,1.0,24.999,18.393
Car A,2008,133.8667,6,75.747,2,-8.917,20.087,-0.087,5.9959,-0.0334,0.0135,1.0,0.0112,0.213,-18.386
Car B,2008,133.8667,6,94.133,3,-25.953,16.204,-0.362,5.862,-0.0424,4.844,1.0,0.9267,24.999,18.386
Car A,2009,133.9333,6,76.147,2,-9.317,20.086,-0.086,5.9996,0.0561,0.0351,1.0,0.0112,0.27,-18.325
Car B,2009,133.9333,6,94.472,3,-26.07,15.829,-0.348,5.86,-0.0305,4.8388,1.0,1.0,23.171,18.325
Car A,2010,134.0,6,76.547,2,-9.717,20.084,-0.084,5.9972,-0.0362,0.0506,1.0,0.0079,0.274,-18.318
Car B,2010,134.0,6,94.865,3,-26.166,15.448,-0.352,5.8571,-0.0425,4.8516,1.0,0.4071,24.997,18.318
Car A,2011,134.0667,6,76.947,2,-10.117,20.081,-0.081,6.0024,0.0776,0.0517,1.0,0.0023,0.193,-18.312
Car B,2011,134.0667,6,95.259,3,-26.249,15.062,-0.343,5.9176,0.9075,3.6449,1.0,-0.1115,10.199,18.312
Car A,2012,134.1333,6,77.347,2,-10.517,20.078,-0.078,6.0103,0.1187,0.0564,1.0,0.0,0.059,-18.251
Car B,2012,134.1333,6,95.599,3,-26.329,14.675,-0.38,5.9411,0.3521,1.9801,1.0,0.323,-2.767,18.251
Car A,2013,134.2,6,77.748,2,-10.917,20.076,-0.076,6.0034,-0.1025,0.0194,1.0,-0.004,0.002,-18.244
Car B,2013,134.2,6,95.992,3,-26.409,14.286,-0.43,5.9397,-0.021,2.1031,1.0,0.088,8.057,18.244
Car A,2014,134.2667,6,78.148,2,-11.318,20.073,-0.073,6.0002,-0.0486,-0.1113,1.0,-0.0052,-0.099,-18.201
Car B,2014,134.2667,6,96.349,3,-26.484,13.897,-0.484,5.9622,0.3375,0.8762,1.0,0.2242,2.209,18.201
Car A,2015,134.3333,6,78.548,2,-11.718,20.071,-0.071,6.0005,0.0045,-0.012,1.0,-0.0244,-0.125,-18.191
Car B,2015,134.3333,6,96.739,3,-26.557,13.506,-0.557,5.9577,-0.0681,1.589,1.0,0.1715,5.6,18.191
Car A,2016,134.4,6,78.947,2,-12.117,20.072,-0.072,5.9786,-0.3288,-0.2927,1.0,-0.0245,-0.588,-18.185
Car B,2016,134.4,6,97.133,3,-26.619,13.112,-0.619,5.9791,0.3217,1.6777,1.0,0.1363,4.288,18.185
Car A,2017,134.4667,6,79.347,2,-12.516,20.072,-0.072,5.9893,0.1604,-0.1255,1.0,-0.083,-0.598,-18.184
Car B,2017,134.4667,6,97.53,3,-26.678,12.715,-0.678,6.0218,0.6398,1.331,1.0,0.1281,3.409,18.184
Car A,2018,134.5333,6,79.746,2,-12.916,20.076,-0.076,5.9833,-0.0901,-0.7946,1.0,-0.0117,-2.072,-18.183
Car B,2018,134.5333,6,97.929,3,-26.732,12.316,-0.732,6.0484,0.4003,1.2398,1.0,0.1224,3.203,18.183
Car A,2019,134.6,6,80.145,2,-13.315,20.083,-0.083,5.9994,0.2426,-0.1309,1.0,-0.1094,-0.294,-18.184
Car B,2019,134.6,6,98.329,3,-26.782,11.916,-0.782,6.0342,-0.2137,1.1856,1.0,0.1148,3.06,18.184
Car A,2020,134.6667,6,80.545,2,-13.715,20.091,-0.091,5.9964,-0.046,-0.8872,1.0,0.0614,-2.73,-18.184
Car B,2020,134.6667,6,98.729,3,-26.827,11.516,-0.827,6.0232,-0.1646,1.1214,1.0,0.1091,2.869,18.184
Car A,2021,134.7333,6,80.944,2,-14.114,20.102,-0.102,5.9956,-0.011,0.0844,1.0,0.0559,1.528,-18.185
Car B,2021,134.7333,6,99.129,3,-26.868,11.116,-0.868,6.0118,-0.1706,1.1107,1.0,0.1033,2.727,18.185
Car A,2022,134.8,6,81.344,2,-14.514,20.104,-0.104,6.0088,0.1982,0.5493,1.0,-0.0249,1.398,-18.186
Car B,2022,134.8,6,99.53,3,-26.904,10.716,-0.904,6.0374,0.383,1.0068,1.0,0.1074,2.582,18.186
Car A,2023,134.8667,6,81.745,2,-14.914,20.107,-0.107,6.0016,-0.1081,-0.2499,1.0,0.1321,-0.619,-18.186
Car B,2023,134.8667,6,99.931,3,-26.936,10.314,-0.936,6.0553,0.2688,1.0579,1.0,0.1064,2.682,18.186
Car A,2024,134.9333,6,82.145,2,-15.315,20.11,-0.11,6.0006,-0.0151,0.6638,1.0,0.3145,3.296,-18.19
Car B,2024,134.9333,6,100.334,3,-26.963,9.911,-0.963,6.0749,0.2936,1.0756,1.0,0.1124,2.653,18.19
Car A,2025,135.0,6,82.544,2,-15.714,20.1,-0.1,5.9936,-0.1055,1.5726,1.0,-0.105,7.855,-18.194
Car B,2025,135.0,6,100.739,3,-26.985,9.507,-0.985,6.0784,0.0524,1.1285,1.0,0.0934,2.802,18.194
Car A,2026,135.0667,6,82.944,2,-16.114,20.084,-0.084,5.9983,0.0708,0.4915,1.0,0.3989,-2.609,-18.199
Car B,2026,135.0667,6,101.143,3,-27.005,9.102,-1.005,6.0597,-0.2806,0.8695,1.0,0.2153,2.33,18.199
Car A,2027,135.1333,6,83.343,2,-16.513,20.071,-0.071,5.9933,-0.0749,1.011,1.0,0.0671,9.953,-18.203
Car B,2027,135.1333,6,101.547,3,-27.017,8.699,-1.017,6.0511,-0.1276,1.5916,1.0,0.0144,5.378,18.203
Car A,2028,135.2,6,83.743,2,-16.913,20.052,-0.052,6.0171,0.3571,0.6123,1.0,0.8353,1.689,-18.207
Car B,2028,135.2,6,101.95,3,-27.023,8.295,-1.023,6.0551,0.06,0.452,1.0,0.1118,0.368,18.207
Car A,2029,135.2667,6,84.143,2,-17.313,20.028,-0.028,6.0148,-0.0346,1.0903,1.0,0.2742,20.852,-18.21
Car B,2029,135.2667,6,102.353,3,-27.032,7.892,-1.032,6.0406,-0.2175,0.9799,1.0,1.0,2.79,18.21
Car A,2030,135.3333,6,84.541,2,-17.711,19.99,0.01,5.9864,-0.4258,2.0214,0.5246,-0.7918,6.875,-18.215
Car B,2030,135.3333,6,102.756,3,-27.029,7.49,-1.029,6.034,-0.1001,1.4869,1.0,0.9237,24.966,18.215
Car A,2031,135.4,6,84.934,2,-18.104,19.948,0.052,5.8965,-1.3484,0.8115,0.665,-0.6289,-19.753,-18.223
Car B,2031,135.4,6,103.157,3,-27.011,7.088,-1.011,6.0149,-0.2862,2.4335,1.0,1.0,23.095,18.223
Car A,2032,135.4667,6,85.324,2,-18.494,19.915,0.085,5.85,-0.6985,-0.3993,1.0,-0.3459,-15.728,-18.233
Car B,2032,135.4667,6,103.557,3,-26.977,6.689,-0.977,6.0011,-0.2061,2.9892,1.0,0.9612,24.997,18.233
Car A,2033,135.5333,6,85.713,2,-18.883,19.895,0.105,5.8477,-0.0339,-1.2768,1.0,1.0,-8.658,-18.241
Car B,2033,135.5333,6,103.954,3,-26.924,6.291,-0.924,5.989,-0.1816,3.3984,1.0,0.864,24.03,18.241
Car A,2034,135.6,6,86.102,2,-19.272,19.877,0.123,5.8379,-0.1465,-0.3286,1.0,1.0,24.949,-18.179
Car B,2034,135.6,6,104.28,3,-26.854,5.898,-0.859,5.9798,-0.1385,3.709,1.0,0.8161,21.603,18.179
Car A,2035,135.6667,6,86.49,2,-19.66,19.851,0.149,5.8314,-0.0978,0.9358,1.0,1.0,24.999,-18.186
Car B,2035,135.6667,6,104.676,3,-26.765,5.508,-0.801,5.9716,-0.1228,3.9615,1.0,0.5743,20.404,18.186
Car A,2036,135.7333,6,86.891,2,-20.046,19.809,0.187,5.8193,-0.1812,1.7973,1.0,1.0,25.0,-18.177
Car B,2036,135.7333,6,105.068,3,-26.656,5.123,-0.723,5.9686,-0.0451,4.1214,1.0,1.0,14.367,18.177
Car A,2037,135.8,6,87.278,2,-20.43,19.751,0.214,5.8079,-0.1717,2.458,1.0,0.9961,25.0,-18.076
Car B,2037,135.8,6,105.354,3,-26.53,4.745,-0.661,5.9601,-0.1271,4.2728,1.0,1.0,24.983,18.076
Car A,2038,135.8667,6,87.663,2,-20.81,19.678,0.258,5.7969,-0.1652,2.9782,1.0,0.9173,24.903,-18.086
Car B,2038,135.8667,6,105.749,3,-26.384,4.373,-0.606,5.9531,-0.1062,4.3996,1.0,0.6395,24.999,18.086
Car A,2039,135.9333,6,88.092,2,-21.187,19.587,0.272,5.7884,-0.1274,3.3838,1.0,1.0,22.935,-18.036
Car B,2039,135.9333,6,106.128,3,-26.219,4.01,-0.53,5.9521,-0.0137,4.4664,1.0,1.0,16.001,18.036
Car A,2040,136.0,6,88.479,2,-21.558,19.479,0.291,5.7797,-0.1296,3.7034,1.0,1.0,24.996,-17.976
Car B,2040,136.0,6,106.454,3,-26.036,3.656,-0.492,5.9453,-0.1026,4.563,1.0,1.0,24.986,17.976
Car A,2041,136.0667,6,88.913,2,-21.923,19.352,0.301,5.7724,-0.1096,3.9523,1.0,1.0,25.0,-17.936
Car B,2041,136.0667,6,106.849,3,-25.834,3.313,-0.437,5.9399,-0.0817,4.6069,1.0,1.0,24.999,17.936
Car A,2042,136.1333,6,89.299,3,-22.281,19.207,0.298,5.7662,-0.0935,4.1431,1.0,1.0,25.0,-17.882
Car B,2042,136.1333,6,107.181,3,-25.615,2.981,-0.384,5.9345,-0.0798,4.6601,1.0,1.0,24.999,17.882
Car A,2043,136.2,6,89.734,3,-22.631,19.043,0.307,5.7611,-0.0771,4.2938,1.0,1.0,24.999,-17.843
Car B,2043,136.2,6,107.577,3,-25.379,2.661,-0.349,5.9296,-0.0737,4.6995,1.0,1.0,24.999,17.843
Car A,2044,136.2667,6,90.119,3,-22.972,18.862,0.284,5.7567,-0.0657,4.4135,1.0,1.0,24.999,-17.851
Car B,2044,136.2667,6,107.97,3,-25.125,2.355,-0.293,5.925,-0.0692,4.7325,1.0,1.0,24.999,17.851
Car A,2045,136.3333,6,90.505,3,-23.302,18.662,0.281,5.7529,-0.0561,4.5046,1.0,1.0,24.999,-17.817
Car B,2045,136.3333,6,108.322,3,-24.856,2.063,-0.268,5.9206,-0.0659,4.7592,1.0,1.0,24.999,17.817
Car A,2046,136.4,6,90.933,3,-23.621,18.445,0.25,5.7498,-0.0469,4.5777,1.0,1.0,24.999,-17.783
Car B,2046,136.4,6,108.717,3,-24.572,1.786,-0.231,5.9164,-0.0627,4.7788,1.0,1.0,24.999,17.783
Car A,2047,136.4667,6,91.318,3,-23.927,18.211,0.229,5.7471,-0.0402,4.6387,1.0,1.0,24.999,-17.762
Car B,2047,136.4667,6,109.08,3,-24.273,1.526,-0.196,5.9125,-0.0591,4.7939,1.0,1.0,24.999,17.762
Car A,2048,136.5333,6,91.738,3,-24.22,17.96,0.201,5.7449,-0.0332,4.6847,1.0,1.0,24.999,-17.738
Car B,2048,136.5333,6,109.476,3,-23.961,1.282,-0.179,5.9087,-0.0576,4.8066,1.0,1.0,24.999,17.738
Car A,2049,136.6,6,92.121,3,-24.499,17.694,0.162,5.743,-0.0294,4.7206,1.0,1.0,24.999,-17.749
Car B,2049,136.6,6,109.87,3,-23.636,1.055,-0.14,5.905,-0.0555,4.8167,1.0,1.0,24.999,17.749
Car A,2050,136.6667,6,92.528,3,-24.762,17.413,0.138,5.7413,-0.0252,4.7503,1.0,1.0,24.999,-17.716
Car B,2050,136.6667,6,110.244,3,-23.299,0.847,-0.136,5.9014,-0.0542,4.8247,1.0,1.0,24.999,17.716
Car A,2051,136.7333,6,92.909,3,-25.009,17.118,0.082,5.7398,-0.0225,4.7739,1.0,1.0,24.999,-17.73
Car B,2051,136.7333,6,110.64,3,-22.952,0.658,-0.116,5.8978,-0.0528,4.8316,1.0,1.0,24.999,17.73
Car A,2052,136.8,6,93.293,3,-25.239,16.809,0.047,5.7384,-0.0202,4.7917,1.0,1.0,24.999,-17.726
Car B,2052,136.8,6,111.019,3,-22.595,0.488,-0.104,5.8945,-0.05,4.8351,1.0,1.0,24.999,17.726
Car A,2053,136.8667,6,93.679,3,-25.452,16.488,-0.007,5.7373,-0.0175,4.8077,1.0,1.0,24.999,-17.734
Car B,2053,136.8667,6,111.414,3,-22.229,0.338,-0.103,5.8911,-0.0505,4.8393,1.0,1.0,24.999,17.734
Car A,2054,136.9333,6,94.061,3,-25.646,16.155,-0.06,5.7362,-0.0166,4.8203,1.0,1.0,24.999,-17.734
Car B,2054,136.9333,6,111.795,3,-21.856,0.208,-0.084,5.8879,-0.0489,4.8426,1.0,1.0,24.999,17.734
Car A,2055,137.0,6,94.429,3,-25.821,15.813,-0.102,5.7352,-0.014,4.8277,1.0,1.0,24.999,-17.76
Car B,2055,137.0,6,112.19,3,-21.477,0.099,-0.101,5.8847,-0.0479,4.8446,1.0,0.4696,24.999,17.76
Car A,2056,137.0667,6,94.808,3,-25.977,15.461,-0.171,5.7343,-0.0138,4.8354,1.0,1.0,24.999,-17.777
Car B,2056,137.0667,6,112.585,3,-21.093,0.004,-0.104,5.918,0.4998,3.9799,1.0,0.13,11.759,17.777
Car A,2057,137.1333,6,95.19,3,-26.113,15.101,-0.219,5.7335,-0.013,4.8407,1.0,1.0,24.999,-17.773
Car B,2057,137.1333,6,112.963,3,-20.706,-0.083,-0.138,5.9509,0.4941,2.3113,1.0,0.7757,3.262,17.773
Car A,2058,137.2,6,95.532,3,-26.228,14.734,-0.284,5.7326,-0.0122,4.847,1.0,1.0,24.999,-17.824
Car B,2058,137.2,6,113.356,3,-20.319,-0.17,-0.195,5.9426,-0.1248,2.4245,1.0,0.6825,19.365,17.824
Car A,2059,137.2667,6,95.911,3,-26.322,14.361,-0.349,5.7319,-0.0114,4.8493,1.0,1.0,24.999,-17.821
Car B,2059,137.2667,6,113.732,3,-19.929,-0.241,-0.241,5.9332,-0.1419,2.9582,1.0,0.8118,17.066,17.821
Car A,2060,137.3333,6,96.262,3,-26.395,13.983,-0.395,5.7311,-0.0109,4.8527,1.0,1.0,24.999,-17.862
Car B,2060,137.3333,6,114.124,3,-19.536,-0.294,-0.294,5.9237,-0.1424,3.3788,1.0,0.7427,20.291,17.862
Car A,2061,137.4,6,96.643,3,-26.446,13.602,-0.446,5.7304,-0.0111,4.8549,1.0,1.0,24.999,-17.875
Car B,2061,137.4,6,114.519,3,-19.142,-0.329,-0.329,5.9165,-0.1076,3.6903,1.0,0.4902,18.571,17.875
Car A,2062,137.4667,6,97.027,3,-26.476,13.218,-0.476,5.7297,-0.0101,4.8561,1.0,1.0,24.999,-17.887
Car B,2062,137.4667,6,114.914,3,-18.746,-0.345,-0.345,5.9212,0.071,3.8797,1.0,0.3209,12.264,17.887
Car A,2063,137.5333,6,97.411,3,-26.484,12.834,-0.484,5.7291,-0.0097,4.8573,1.0,1.0,24.999,-17.901
Car B,2063,137.5333,6,115.312,3,-18.348,-0.35,-0.35,5.985,0.9561,2.9432,1.0,-0.1149,8.028,17.901
Car A,2064,137.6,6,97.796,3,-26.471,12.45,-0.471,5.7284,-0.0103,4.8583,1.0,1.0,24.999,-17.916
Car B,2064,137.6,6,115.712,3,-17.949,-0.352,-0.352,5.9994,0.2166,1.4051,1.0,0.1014,-2.856,17.916
Car A,2065,137.6667,6,98.178,3,-26.435,12.067,-0.435,5.7277,-0.0099,4.8603,1.0,0.2878,24.999,-17.932
Car B,2065,137.6667,6,116.11,3,-17.55,-0.359,-0.359,5.9363,-0.9468,1.0714,1.0,0.0904,2.52,17.932
Car A,2066,137.7333,6,98.561,3,-26.387,11.685,-0.387,5.7787,0.7636,3.1197,1.0,-0.0511,7.221,-17.946
Car B,2066,137.7333,6,116.507,3,-17.153,-0.363,-0.363,5.9398,0.0522,0.8843,1.0,0.0891,2.252,17.946
Car A,2067,137.8,6,98.945,3,-26.344,11.3,-0.344,5.8115,0.4922,1.2717,1.0,-0.0582,-1.266,-17.959
Car B,2067,137.8,6,116.904,3,-16.756,-0.364,-0.364,5.9575,0.2659,0.9438,1.0,0.0743,2.228,17.959
Car A,2068,137.8667,6,99.332,3,-26.311,10.913,-0.311,5.8254,0.2091,-0.1001,1.0,-0.038,-1.453,-17.968
Car B,2068,137.8667,6,117.3,3,-16.36,-0.363,-0.363,5.9396,-0.2684,0.5801,1.0,0.0851,1.83,17.968
Car A,2069,137.9333,6,99.723,3,-26.287,10.522,-0.287,5.9345,1.6372,-0.3575,1.0,-0.0092,-0.953,-17.973
Car B,2069,137.9333,6,117.696,3,-15.964,-0.357,-0.357,5.9243,-0.2291,0.8486,1.0,-0.0724,2.106,17.973
Car A,2070,138.0,6,100.12,3,-26.261,10.126,-0.261,5.9792,0.6703,-0.1396,1.0,-0.0097,-0.229,-17.971
Car B,2070,138.0,6,118.091,3,-15.569,-0.353,-0.353,5.9291,0.072,-0.1956,1.0,0.0939,-1.804,17.971
Car A,2071,138.0667,6,100.518,3,-26.235,9.727,-0.235,5.9961,0.2532,-0.0306,1.0,0.0155,-0.236,-17.968
Car B,2071,138.0667,6,118.486,3,-15.174,-0.352,-0.352,5.9326,0.0521,0.4739,1.0,0.0282,2.34,17.968
Car A,2072,138.1333,6,100.917,3,-26.207,9.328,-0.207,5.9908,-0.0792,0.1451,1.0,-0.0199,0.378,-17.966
Car B,2072,138.1333,6,118.883,3,-14.777,-0.346,-0.346,5.9849,0.7852,0.2676,1.0,0.0844,0.703,17.966
Car A,2073,138.2,6,101.316,3,-26.181,8.929,-0.181,6.0129,0.3313,-0.2129,0.8701,0.0678,-0.482,-17.966
Car B,2073,138.2,6,119.282,3,-14.378,-0.336,-0.336,6.0001,0.2277,0.8203,1.0,-0.0828,2.109,17.966
Car A,2074,138.2667,6,101.711,3,-26.152,8.535,-0.152,5.8895,-1.8511,0.4942,0.9657,-0.1245,1.691,-17.971
Car B,2074,138.2667,6,119.682,3,-13.978,-0.327,-0.327,6.0009,0.0118,-0.2498,1.0,0.0928,-2.064,17.971
Car A,2075,138.3333,6,102.102,3,-26.123,8.143,-0.123,5.8845,-0.0748,-0.3874,0.9255,-0.0453,-3.105,-17.98
Car B,2075,138.3333,6,120.082,3,-13.578,-0.32,-0.32,5.9988,-0.0317,0.4469,1.0,0.0455,2.312,17.98
Car A,2076,138.4,6,102.489,3,-26.102,7.756,-0.102,5.7497,-2.023,-0.3849,1.0,0.145,-1.137,-17.993
Car B,2076,138.4,6,120.482,3,-13.178,-0.308,-0.308,5.9877,-0.167,0.4579,1.0,0.0275,1.137,17.993
Car A,2077,138.4667,6,102.872,3,-26.077,7.373,-0.077,5.7557,0.0906,0.4971,0.9343,-0.1031,3.618,-18.009
Car B,2077,138.4667,6,120.881,3,-12.779,-0.295,-0.295,5.982,-0.0854,0.2895,1.0,0.031,0.674,18.009
Car A,2078,138.5333,6,103.254,3,-26.048,6.991,-0.048,5.7481,-0.1137,-0.2544,1.0,0.961,-2.569,-18.025
Car B,2078,138.5333,6,121.28,3,-12.381,-0.282,-0.282,5.9817,-0.0037,0.3358,1.0,-0.0237,0.771,18.025
Car A,2079,138.6,6,103.636,3,-26.021,6.609,-0.021,5.7423,-0.0878,0.344,1.0,0.8883,23.984,-18.043
Car B,2079,138.6,6,121.679,3,-11.982,-0.271,-0.271,5.9832,0.0224,-0.2657,1.0,0.0828,-0.575,18.043
Car A,2080,138.6667,6,104.017,3,-25.983,6.229,0.017,5.7339,-0.1255,1.4449,1.0,1.0,22.209,-18.061
Car B,2080,138.6667,6,122.077,3,-11.583,-0.256,-0.256,5.9854,0.0321,0.7103,1.0,-0.2094,2.066,18.061
Car A,2081,138.7333,6,104.4,3,-25.93,5.85,0.058,5.7229,-0.1651,2.1736,1.0,1.0,24.995,-18.076
Car B,2081,138.7333,6,122.476,3,-11.184,-0.24,-0.24,5.9864,0.0151,-0.3165,1.0,0.0654,-5.223,18.076
Car A,2082,138.8,6,104.78,3,-25.86,5.475,0.098,5.7129,-0.1497,2.7488,1.0,0.9383,25.0,-18.095
Car B,2082,138.8,6,122.875,3,-10.785,-0.229,-0.229,5.9865,0.0022,0.4073,1.0,-0.1916,1.623,18.095
Car A,2083,138.8667,6,105.157,3,-25.774,5.103,0.155,5.7048,-0.1214,3.1875,1.0,0.9205,23.461,-18.116
Car B,2083,138.8667,6,123.274,3,-10.387,-0.214,-0.214,5.9847,-0.0271,-0.437,1.0,0.0568,-4.781,18.116
Car A,2084,138.9333,6,105.563,3,-25.671,4.736,0.172,5.6976,-0.1087,3.5404,1.0,1.0,23.012,-18.11
Car B,2084,138.9333,6,123.673,3,-9.988,-0.204,-0.204,5.9861,0.0211,0.3295,1.0,-0.2122,1.409,18.11
Car A,2085,139.0,6,105.942,3,-25.549,4.375,0.206,5.6907,-0.1027,3.8326,1.0,1.0,24.996,-18.129
Car B,2085,139.0,6,124.071,3,-9.589,-0.191,-0.191,5.9834,-0.0404,-0.4872,1.0,0.0519,-5.293,18.129
Car A,2086,139.0667,6,106.358,3,-25.41,4.02,0.226,5.6851,-0.084,4.0506,1.0,1.0,25.0,-18.112
Car B,2086,139.0667,6,124.47,3,-9.19,-0.182,-0.182,5.9852,0.0274,0.2952,1.0,-0.2295,1.287,18.112
Car A,2087,139.1333,6,106.738,3,-25.252,3.674,0.239,5.6806,-0.0681,4.2196,1.0,1.0,24.999,-18.13
Car B,2087,139.1333,6,124.869,3,-8.792,-0.171,-0.171,5.9823,-0.0439,-0.5435,1.0,0.0555,-5.727,18.13
Car A,2088,139.2,6,107.16,3,-25.076,3.336,0.262,5.677,-0.0541,4.3507,1.0,1.0,24.999,-18.108
Car B,2088,139.2,6,125.268,3,-8.393,-0.164,-0.164,5.9839,0.0244,0.2508,1.0,-0.2188,1.377,18.108
Car A,2089,139.2667,6,107.54,3,-24.882,3.009,0.256,5.6741,-0.0433,4.456,1.0,1.0,24.999,-18.126
Car B,2089,139.2667,6,125.666,3,-7.994,-0.154,-0.154,5.9809,-0.0458,-0.5193,1.0,0.053,-5.459,18.126
Car A,2090,139.3333,6,107.92,3,-24.67,2.693,0.272,5.6719,-0.0336,4.5395,1.0,1.0,24.999,-18.145
Car B,2090,139.3333,6,126.065,3,-7.595,-0.148,-0.148,5.9822,0.0198,0.2666,1.0,-0.242,1.314,18.145
Car A,2091,139.4,6,108.344,3,-24.441,2.389,0.259,5.6701,-0.0259,4.6067,1.0,1.0,24.999,-18.12
Car B,2091,139.4,6,126.463,3,-7.197,-0.14,-0.14,5.9796,-0.0391,-0.5284,1.0,0.0567,-6.038,18.12
Car A,2092,139.4667,6,108.724,3,-24.196,2.098,0.256,5.6689,-0.0193,4.6593,1.0,1.0,24.999,-18.138
Car B,2092,139.4667,6,126.862,3,-6.798,-0.135,-0.135,5.9808,0.0182,0.2601,1.0,-0.2218,1.407,18.138
Car A,2093,139.5333,6,109.145,3,-23.935,1.821,0.248,5.6679,-0.0145,4.7032,1.0,1.0,24.999,-18.115
Car B,2093,139.5333,6,127.261,3,-6.4,-0.129,-0.129,5.978,-0.0422,-0.5114,1.0,0.0591,-5.534,18.115
Car A,2094,139.6,6,109.525,3,-23.659,1.559,0.228,5.6672,-0.0098,4.7362,1.0,1.0,24.999,-18.134
Car B,2094,139.6,6,127.659,3,-6.001,-0.125,-0.125,5.9796,0.0238,0.2771,1.0,-0.2055,1.467,18.134
Car A,2095,139.6667,6,109.941,3,-23.369,1.314,0.226,5.6668,-0.0066,4.7639,1.0,1.0,24.999,-18.116
Car B,2095,139.6667,6,128.057,3,-5.603,-0.12,-0.12,5.9766,-0.0455,-0.4934,1.0,0.0619,-5.128,18.116
Car A,2096,139.7333,6,110.32,3,-23.065,1.085,0.189,5.6665,-0.0036,4.7842,1.0,1.0,24.999,-18.136
Car B,2096,139.7333,6,128.456,3,-5.204,-0.118,-0.118,5.978,0.022,0.2878,1.0,-0.1824,1.538,18.136
Car A,2097,139.8,6,110.7,3,-22.749,0.873,0.174,5.6664,-0.0015,4.8017,1.0,1.0,24.999,-18.154
Car B,2097,139.8,6,128.854,3,-4.806,-0.113,-0.113,5.9751,-0.0432,-0.4781,1.0,0.0643,-4.55,18.154
Car A,2098,139.8667,6,111.105,3,-22.421,0.68,0.14,5.6664,-0.0007,4.8156,1.0,1.0,24.999,-18.147
Car B,2098,139.8667,6,129.253,3,-4.408,-0.112,-0.112,5.9764,0.019,0.299,1.0,-0.1593,1.598,18.147
Car A,2099,139.9333,6,111.484,3,-22.083,0.506,0.109,5.6665,0.0011,4.8261,1.0,1.0,24.999,-18.166
Car B,2099,139.9333,6,129.651,3,-4.009,-0.108,-0.108,5.9744,-0.0299,-0.4618,1.0,0.0688,-3.973,18.166
Car A,2100,140.0,6,111.879,3,-21.735,0.352,0.084,5.6667,0.0027,4.8347,1.0,1.0,24.999,-18.17
Car B,2100,140.0,6,130.049,3,-3.611,-0.107,-0.107,5.9759,0.0217,0.3122,1.0,-0.1391,1.711,18.17
Car A,2101,140.0667,6,112.256,3,-21.38,0.217,0.036,5.6668,0.0028,4.8416,1.0,1.0,24.999,-18.191
Car B,2101,140.0667,6,130.447,3,-3.213,-0.104,-0.104,5.974,-0.0275,-0.4436,1.0,0.0718,-3.47,18.191
Car A,2102,140.1333,6,112.636,3,-21.017,0.103,0.01,5.6671,0.004,4.8462,1.0,1.0,24.999,-18.21
Car B,2102,140.1333,6,130.846,3,-2.815,-0.104,-0.104,5.974,-0.0004,0.3273,1.0,-0.1284,1.786,18.21
Car A,2103,140.2,6,113.014,3,-20.648,0.01,-0.041,5.6673,0.0029,4.8508,1.0,1.0,24.999,-18.23
Car B,2103,140.2,6,131.244,3,-2.416,-0.101,-0.101,5.9736,-0.0067,-0.4255,1.0,0.0736,-3.203,18.23
Car A,2104,140.2667,6,113.392,3,-20.274,-0.063,-0.084,5.6676,0.0047,4.8542,1.0,1.0,24.999,-18.25
Car B,2104,140.2667,6,131.642,3,-2.018,-0.102,-0.102,5.9737,0.0024,0.3375,1.0,-0.107,1.831,18.25
Car A,2105,140.3333,6,113.763,3,-19.897,-0.113,-0.113,5.6679,0.0048,4.8567,1.0,1.0,24.999,-18.277
Car B,2105,140.3333,6,132.04,3,-1.62,-0.1,-0.1,5.9732,-0.0074,-0.411,1.0,0.0746,-2.669,18.277
Car A,2106,140.4,6,114.142,3,-19.518,-0.142,-0.142,5.6682,0.0038,4.8587,1.0,1.0,24.999,-18.296
Car B,2106,140.4,6,132.438,3,-1.222,-0.1,-0.1,5.9734,0.0031,0.3475,1.0,-0.1057,1.857,18.296
Car A,2107,140.4667,6,114.523,3,-19.137,-0.15,-0.15,5.6685,0.0048,4.8602,1.0,1.0,24.999,-18.314
Car B,2107,140.4667,6,132.837,3,-0.824,-0.098,-0.098,5.973,-0.0063,-0.4073,1.0,0.0751,-2.634,18.314
Car A,2108,140.5333,6,114.903,3,-18.757,-0.135,-0.135,5.6689,0.0054,4.8613,1.0,0.0848,24.999,-18.332
Car B,2108,140.5333,6,133.235,3,-0.426,-0.099,-0.099,5.9733,0.005,0.3493,1.0,-0.12,1.87,18.332
Car A,2109,140.6,6,115.284,3,-18.377,-0.108,-0.108,5.7113,0.6372,3.425,1.0,-0.0609,2.154,-18.349
Car B,2109,140.6,6,133.633,3,-0.027,-0.098,-0.098,5.9728,-0.0081,-0.4113,1.0,0.0715,-2.991,18.349
Car A,2110,140.6667,6,115.666,3,-17.994,-0.086,-0.086,5.7478,0.5462,1.2194,1.0,-0.0702,-1.516,-18.365
Car B,2110,140.6667,7,0.371,1,0.371,-0.099,-0.099,5.973,0.0033,0.3466,1.0,-0.1873,1.78,18.365
Car A,2111,140.7333,6,116.05,3,-17.611,-0.076,-0.076,5.7638,0.2409,-0.1186,1.0,-0.0528,-1.755,-18.38
Car B,2111,140.7333,7,0.769,1,0.769,-0.098,-0.098,5.9713,-0.0256,-0.435,1.0,0.0689,-4.673,18.38
Car A,2112,140.8,6,116.437,3,-17.223,-0.074,-0.074,5.8684,1.5685,-0.4985,1.0,-0.0307,-1.321,-18.39
Car B,2112,140.8,7,1.167,1,1.167,-0.101,-0.101,5.9727,0.021,0.3319,1.0,-0.2267,1.712,18.39
Car A,2113,140.8667,6,116.832,3,-16.828,-0.073,-0.073,5.9695,1.516,-0.2917,1.0,-0.0185,-0.762,-18.393
Car B,2113,140.8667,7,1.565,1,1.565,-0.101,-0.101,5.97,-0.0405,-0.4607,1.0,0.0517,-5.657,18.393
Car A,2114,140.9333,6,117.231,3,-16.429,-0.072,-0.072,5.9815,0.1811,-0.1875,1.0,-0.0148,-0.46,-18.392
Car B,2114,140.9333,7,1.963,1,1.963,-0.104,-0.104,5.9723,0.0336,0.3097,1.0,-0.228,1.281,18.392
Car A,2115,141.0,6,117.63,3,-16.03,-0.072,-0.072,6.0019,0.3051,-0.164,1.0,-0.0084,-0.365,-18.391
Car B,2115,141.0,7,2.361,1,2.361,-0.106,-0.106,5.9706,-0.0253,-0.5394,1.0,0.0693,-5.69,18.391
Car A,2116,141.0667,6,118.031,3,-15.63,-0.071,-0.071,6.0036,0.0254,-0.0765,1.0,-0.0081,-0.207,-18.389
Car B,2116,141.0667,7,2.759,1,2.759,-0.111,-0.111,5.9724,0.0278,0.2538,1.0,-0.1667,1.72,18.389
Car A,2117,141.1333,6,118.43,3,-15.23,-0.071,-0.071,5.9973,-0.0932,-0.0342,1.0,-0.0095,-0.199,-18.387
Car B,2117,141.1333,7,3.157,1,3.157,-0.114,-0.114,5.9701,-0.0341,-0.4746,1.0,0.0723,-4.159,18.387
Car A,2118,141.2,6,118.83,3,-14.83,-0.07,-0.07,5.9988,0.022,-0.0419,1.0,-0.0087,-0.231,-18.385
Car B,2118,141.2,7,3.555,1,3.555,-0.12,-0.12,5.9714,0.0193,0.3037,1.0,-0.1533,1.797,18.385
Car A,2119,141.2667,6,119.23,3,-14.43,-0.069,-0.069,5.997,-0.0275,-0.0528,1.0,-0.0075,-0.214,-18.383
Car B,2119,141.2667,7,3.953,1,3.953,-0.123,-0.123,5.9698,-0.0244,-0.4428,1.0,0.0752,-3.823,18.383
Car A,2120,141.3333,6,119.63,3,-14.03,-0.069,-0.069,5.9957,-0.0197,-0.0521,1.0,-0.0061,-0.183,-18.381
Car B,2120,141.3333,7,4.351,1,4.351,-0.13,-0.13,5.971,0.0179,0.3274,1.0,-0.1383,1.871,18.381
Car A,2121,141.4,6,120.03,3,-13.63,-0.07,-0.07,5.9966,0.0137,-0.0297,1.0,-0.005,-0.151,-18.379
Car B,2121,141.4,7,4.749,1,4.749,-0.133,-0.133,5.9696,-0.0208,-0.4235,1.0,0.078,-3.449,18.379
Car A,2122,141.4667,6,120.43,3,-13.231,-0.07,-0.07,5.9968,0.0037,-0.0284,1.0,-0.0033,-0.123,-18.377
Car B,2122,141.4667,7,5.147,1,5.147,-0.14,-0.14,5.9708,0.0174,0.3417,1.0,-0.1256,1.941,18.377
Car A,2123,141.5333,6,120.83,3,-12.831,-0.07,-0.07,5.9989,0.0307,-0.0345,1.0,-0.0012,-0.082,-18.375
Car B,2123,141.5333,7,5.545,1,5.545,-0.144,-0.144,5.9699,-0.0125,-0.4179,1.0,0.0809,-3.132,18.375
Car A,2124,141.6,6,121.23,3,-12.431,-0.071,-0.071,6.0029,0.0605,-0.0324,1.0,0.0001,-0.03,-18.373
Car B,2124,141.6,7,5.943,1,5.943,-0.152,-0.152,5.9701,0.003,0.3459,1.0,-0.1141,2.014,18.373
Car A,2125,141.6667,6,121.63,3,-12.03,-0.071,-0.071,6.0023,-0.0093,-0.011,1.0,0.0005,0.001,-18.371
Car B,2125,141.6667,7,6.34,1,6.34,-0.156,-0.156,5.9699,-0.0027,-0.4028,1.0,0.0825,-2.844,18.371
Car A,2126,141.7333,6,122.03,3,-11.63,-0.071,-0.071,6.0011,-0.018,-0.0057,1.0,0.0008,0.011,-18.369
Car B,2126,141.7333,7,6.738,1,6.738,-0.163,-0.163,5.9712,0.0188,0.3555,1.0,-0.1005,2.054,18.369
Car A,2127,141.8,6,122.43,3,-11.23,-0.072,-0.072,6.001,-0.0016,-0.0015,1.0,0.0012,0.019,-18.367
Car B,2127,141.8,7,7.136,1,7.136,-0.168,-0.168,5.9707,-0.0076,-0.397,1.0,0.0845,-2.506,18.367
Car A,2128,141.8667,6,122.83,3,-10.83,-0.072,-0.072,6.0009,-0.0016,-0.0022,1.0,0.0019,0.029,-18.364
Car B,2128,141.8667,7,7.534,1,7.534,-0.175,-0.175,5.9706,-0.002,0.3594,1.0,-0.0897,2.106,18.364
Car A,2129,141.9333,6,123.23,3,-10.43,-0.073,-0.073,6.0011,0.003,0.0075,1.0,0.0021,0.045,-18.362
Car B,2129,141.9333,7,7.932,1,7.932,-0.18,-0.18,5.9712,0.0093,-0.3846,1.0,0.0858,-2.235,18.362
Car A,2130,142.0,6,123.63,3,-10.03,-0.073,-0.073,6.0004,-0.0098,0.0035,1.0,0.0027,0.052,-18.36
Car B,2130,142.0,7,8.33,1,8.33,-0.188,-0.188,5.9708,-0.0064,0.3719,1.0,-0.0821,2.137,18.36
Car A,2131,142.0667,6,124.03,3,-9.63,-0.073,-0.073,6.0007,0.0037,0.0182,1.0,0.0026,0.064,-18.358
Car B,2131,142.0667,7,8.728,1,8.728,-0.192,-0.192,5.9713,0.0081,-0.377,1.0,0.0868,-2.045,18.358
Car A,2132,142.1333,6,124.431,3,-9.23,-0.073,-0.073,5.9994,-0.0193,0.0109,1.0,0.0027,0.062,-18.356
Car B,2132,142.1333,7,9.126,1,9.126,-0.2,-0.2,5.9716,0.0045,0.3803,1.0,-0.0732,2.163,18.356
Car A,2133,142.2,6,124.831,3,-8.83,-0.074,-0.074,5.9994,-0.0002,0.0076,1.0,0.0029,0.065,-18.354
Car B,2133,142.2,7,9.524,1,9.524,-0.204,-0.204,5.9715,-0.0014,-0.369,1.0,0.0876,-1.824,18.354
Car A,2134,142.2667,6,125.231,3,-8.43,-0.074,-0.074,5.9994,0.0005,0.0099,1.0,0.003,0.07,-18.352
Car B,2134,142.2667,7,9.922,1,9.922,-0.211,-0.211,5.9712,-0.0048,0.3942,1.0,-0.0718,2.183,18.352
Car A,2135,142.3333,6,125.631,3,-8.03,-0.074,-0.074,5.9993,-0.001,0.008,1.0,0.003,0.073,-18.35
Car B,2135,142.3333,7,10.32,1,10.32,-0.215,-0.215,5.9719,0.0115,-0.3642,1.0,0.0882,-1.79,18.35
Car A,2136,142.4,6,126.031,3,-7.63,-0.074,-0.074,5.9994,0.0007,0.0097,1.0,0.0029,0.072,-18.348
Car B,2136,142.4,7,10.718,1,10.718,-0.222,-0.222,5.9717,-0.0039,0.3973,1.0,-0.0659,2.198,18.348
Car A,2137,142.4667,6,126.431,3,-7.23,-0.074,-0.074,5.9994,0.0003,0.0096,1.0,0.0027,0.071,-18.346
Car B,2137,142.4667,7,11.116,1,11.116,-0.226,-0.226,5.9719,0.0037,-0.3584,1.0,0.0885,-1.641,18.346
Car A,2138,142.5333,6,126.831,3,-6.83,-0.073,-0.073,5.9996,0.0025,0.0148,1.0,0.0024,0.066,-18.344
Car B,2138,142.5333,7,11.514,1,11.514,-0.233,-0.233,5.9714,-0.0075,0.4146,1.0,-0.0697,2.206,18.344
Car A,2139,142.6,6,127.231,3,-6.43,-0.073,-0.073,5.9996,0.0002,0.0155,1.0,0.0019,0.059,-18.342
Car B,2139,142.6,7,11.912,1,11.912,-0.236,-0.236,5.9723,0.0135,-0.3529,1.0,0.0887,-1.737,18.342
Car A,2140,142.6667,6,127.631,3,-6.03,-0.073,-0.073,5.9997,0.0021,0.0082,1.0,0.0019,0.048,-18.34
Car B,2140,142.6667,7,12.31,1,12.31,-0.242,-0.242,5.9716,-0.011,0.4066,1.0,-0.0632,2.21,18.34
Car A,2141,142.7333,6,128.031,3,-5.63,-0.072,-0.072,5.9998,0.002,0.0054,1.0,0.0016,0.046,-18.338
Car B,2141,142.7333,7,12.708,1,12.708,-0.245,-0.245,5.9731,0.0221,-0.3535,1.0,0.0891,-1.573,18.338
Car A,2142,142.8,6,128.431,3,-5.23,-0.072,-0.072,5.9999,0.001,0.0125,1.0,0.0012,0.04,-18.336
Car B,2142,142.8,7,13.106,1,13.106,-0.251,-0.251,5.9719,-0.0169,0.4507,1.0,-0.0801,2.22,18.336
Car A,2143,142.8667,6,128.831,3,-4.83,-0.072,-0.072,6.0005,0.0095,0.0087,1.0,0.0009,0.028,-18.334
Car B,2143,142.8667,7,13.505,1,13.505,-0.253,-0.253,5.9724,0.0068,-0.338,1.0,0.0884,-1.997,18.334
Car A,2144,142.9333,6,129.231,3,-4.429,-0.071,-0.071,6.0007,0.0022,0.0091,1.0,0.0006,0.021,-18.332
Car B,2144,142.9333,7,13.903,1,13.903,-0.258,-0.258,5.9717,-0.0108,0.3992,1.0,-0.0591,2.202,18.332
Car A,2145,143.0,6,129.631,3,-4.029,-0.071,-0.071,6.0007,0.0009,0.0079,1.0,0.0004,0.016,-18.33
Car B,2145,143.0,7,14.301,1,14.301,-0.26,-0.26,5.973,0.0197,-0.3546,1.0,0.0892,-1.472,18.33
Car A,2146,143.0667,6,130.031,3,-3.629,-0.07,-0.07,6.0004,-0.0049,-0.0063,1.0,0.0005,0.009,-18.328
Car B,2146,143.0667,7,14.699,1,14.699,-0.265,-0.265,5.9724,-0.0087,0.4351,1.0,-0.073,2.223,18.328
Car A,2147,143.1333,6,130.431,3,-3.229,-0.069,-0.069,6.0004,0.0001,-0.0036,1.0,0.0002,0.013,-18.326
Car B,2147,143.1333,7,15.097,1,15.097,-0.266,-0.266,5.973,0.0088,-0.3416,1.0,0.0821,-1.818,18.326
Car A,2148,143.2,6,130.831,3,-2.829,-0.069,-0.069,6.0013,0.0132,0.0599,1.0,-0.0017,0.005,-18.324
Car B,2148,143.2,7,15.495,1,15.495,-0.271,-0.271,5.9728,-0.0028,0.4035,1.0,-0.1215,2.047,18.324
Car A,2149,143.2667,6,131.231,3,-2.429,-0.068,-0.068,5.9993,-0.0298,0.015,1.0,-0.0017,-0.04,-18.322
Car B,2149,143.2667,7,15.893,1,15.893,-0.272,-0.272,5.972,-0.0117,-0.3784,1.0,0.0846,-3.029,18.322
Car A,2150,143.3333,6,131.631,3,-2.029,-0.068,-0.068,6.0012,0.0279,-0.0135,1.0,-0.0006,-0.042,-18.32
Car B,2150,143.3333,7,16.291,1,16.291,-0.277,-0.277,5.9723,0.0045,0.3686,1.0,-0.1589,2.108,18.32
Car A,2151,143.4,6,132.031,3,-1.629,-0.067,-0.067,6.0017,0.0072,-0.0173,1.0,0.0002,-0.015,-18.318
Car B,2151,143.4,7,16.689,1,16.689,-0.279,-0.279,5.9711,-0.0188,-0.4042,1.0,0.0521,-3.964,18.318
Car A,2152,143.4667,6,132.431,3,-1.229,-0.067,-0.067,6.0004,-0.0182,-0.0315,1.0,0.0005,0.003,-18.316
Car B,2152,143.4667,7,17.087,1,17.087,-0.285,-0.285,5.9735,0.0358,0.3481,1.0,-0.1284,1.295,18.316
Car A,2153,143.5333,6,132.832,3,-0.829,-0.066,-0.066,6.0005,0.0004,0.0048,1.0,-0.0005,0.012,-18.314
Car B,2153,143.5333,7,17.485,1,17.486,-0.289,-0.289,5.9724,-0.0161,-0.5042,1.0,0.0934,-3.202,18.314
Car A,2154,143.6,6,133.232,3,-0.429,-0.066,-0.066,6.0012,0.0109,0.0441,1.0,-0.0022,-0.012,-18.312
Car B,2154,143.6,7,17.884,1,17.884,-0.296,-0.296,5.9728,0.0059,0.2853,1.0,0.8807,2.327,18.312
Car A,2155,143.6667,6,133.632,3,-0.028,-0.066,-0.066,6.0006,-0.0088,-0.0225,1.0,0.0003,-0.053,-18.31
Car B,2155,143.6667,7,18.281,1,18.281,-0.291,-0.291,5.968,-0.0718,0.9513,1.0,0.3792,21.988,18.31
Car A,2156,143.7333,7,0.372,1,0.372,-0.066,-0.066,6.0044,0.0574,-0.0131,1.0,0.0023,0.005,-18.306
Car B,2156,143.7333,7,18.678,1,18.678,-0.273,-0.273,5.9539,-0.2119,2.0039,1.0,-0.2404,9.498,18.306
Car A,2157,143.8,7,0.772,1,0.772,-0.066,-0.066,6.0032,-0.0188,0.0012,1.0,0.0013,0.055,-18.302
Car B,2157,143.8,7,19.075,1,19.075,-0.247,-0.247,5.9616,0.1155,0.8353,1.0,0.8391,-5.987,18.302
Car A,2158,143.8667,7,1.172,1,1.172,-0.065,-0.065,5.9999,-0.0495,0.0117,1.0,-0.0007,0.032,-18.298
Car B,2158,143.8667,7,19.471,1,19.471,-0.224,-0.224,5.9551,-0.0968,1.076,1.0,0.4848,20.938,18.298
Car A,2159,143.9333,7,1.572,1,1.572,-0.065,-0.065,6.0009,0.0155,0.0862,1.0,-0.0037,-0.018,-18.294
Car B,2159,143.9333,7,19.866,1,19.866,-0.188,-0.188,5.9471,-0.1195,2.0123,1.0,1.0,12.134,18.294
Car A,2160,144.0,7,1.972,1,1.972,-0.065,-0.065,6.0013,0.0055,-0.0198,1.0,-0.0004,-0.089,-18.275
Car B,2160,144.0,7,20.248,1,20.259,-0.136,-0.156,5.9339,-0.1986,2.6607,1.0,1.0,24.98,18.275
Car A,2161,144.0667,7,2.372,1,2.372,-0.066,-0.066,5.999,-0.0339,-0.0331,1.0,0.0008,-0.012,-18.27
Car B,2161,144.0667,7,20.642,1,20.649,-0.067,-0.118,5.9218,-0.1808,3.1448,1.0,1.0,25.0,18.27
Car A,2162,144.1333,7,2.772,1,2.772,-0.066,-0.066,5.9997,0.0097,-0.0117,1.0,0.0004,0.018,-18.25
Car B,2162,144.1333,7,21.023,1,21.035,0.02,-0.075,5.9106,-0.1684,3.5244,1.0,1.0,25.0,18.25
Car A,2163,144.2,7,3.172,1,3.172,-0.066,-0.066,6.0013,0.0237,-0.0056,1.0,0.0007,0.01,-18.245
Car B,2163,144.2,7,21.417,1,21.416,0.125,-0.062,5.9008,-0.1471,3.8175,1.0,1.0,25.0,18.245
Car A,2164,144.2667,7,3.572,1,3.573,-0.066,-0.066,6.0006,-0.01,0.004,1.0,-0.0003,0.016,-18.238
Car B,2164,144.2667,7,21.811,1,21.791,0.248,-0.029,5.8923,-0.1282,4.0441,1.0,1.0,25.0,18.238
Car A,2165,144.3333,7,3.973,1,3.973,-0.066,-0.066,6.001,0.0065,0.0004,1.0,0.0002,-0.006,-18.228
Car B,2165,144.3333,7,22.201,1,22.158,0.39,-0.027,5.8848,-0.1115,4.2177,1.0,1.0,25.0,18.228
Car A,2166,144.4,7,4.373,1,4.373,-0.066,-0.066,6.0005,-0.0071,0.0038,1.0,0.0005,0.006,-18.222
Car B,2166,144.4,7,22.595,1,22.518,0.551,-0.017,5.8783,-0.0975,4.353,1.0,1.0,24.999,18.222
Car A,2167,144.4667,7,4.773,1,4.773,-0.067,-0.067,6.0005,-0.0013,0.005,1.0,0.001,0.013,-18.215
Car B,2167,144.4667,7,22.988,1,22.869,0.73,-0.011,5.8726,-0.0865,4.4586,1.0,1.0,24.999,18.215
Car A,2168,144.5333,7,5.173,1,5.173,-0.067,-0.067,6.0007,0.0038,-0.003,1.0,0.0025,0.025,-18.208
Car B,2168,144.5333,7,23.381,1,23.209,0.927,-0.021,5.8675,-0.0764,4.5439,1.0,1.0,24.999,18.208
Car A,2169,144.6,7,5.573,1,5.573,-0.067,-0.067,6.0021,0.0203,0.0009,1.0,0.0033,0.059,-18.199
Car B,2169,144.6,7,23.772,1,23.538,1.142,-0.011,5.8628,-0.0698,4.6079,1.0,1.0,24.999,18.199
Car A,2170,144.6667,7,5.973,1,5.973,-0.068,-0.068,6.0009,-0.0176,0.007,1.0,0.0048,0.079,-18.191
Car B,2170,144.6667,7,24.164,1,23.855,1.374,-0.04,5.8587,-0.0621,4.6601,1.0,1.0,24.999,18.191
Car A,2171,144.7333,7,6.373,1,6.373,-0.068,-0.068,6.0012,0.0041,0.0123,1.0,0.0057,0.115,-18.183
Car B,2171,144.7333,7,24.557,1,24.159,1.623,-0.048,5.8549,-0.0565,4.7025,1.0,1.0,24.999,18.183
Car A,2172,144.8,7,6.773,1,6.773,-0.068,-0.068,6.0001,-0.0161,0.0211,1.0,0.0068,0.139,-18.167
Car B,2172,144.8,7,24.94,1,24.449,1.888,-0.072,5.8514,-0.0526,4.7344,1.0,1.0,24.999,18.167
Car A,2173,144.8667,7,7.173,1,7.173,-0.068,-0.068,5.9996,-0.0067,0.0234,1.0,0.0078,0.165,-18.158
Car B,2173,144.8667,7,25.332,1,24.724,2.168,-0.099,5.8481,-0.0491,4.76,1.0,1.0,24.999,18.158
Car A,2174,144.9333,7,7.573,1,7.574,-0.068,-0.068,5.9992,-0.0071,0.029,1.0,0.0085,0.19,-18.133
Car B,2174,144.9333,7,25.707,1,24.982,2.462,-0.115,5.8451,-0.0455,4.7816,1.0,1.0,24.999,18.133
Car A,2175,145.0,7,7.973,1,7.973,-0.068,-0.068,5.9986,-0.0079,0.0363,1.0,0.0092,0.206,-18.122
Car B,2175,145.0,7,26.096,1,25.224,2.77,-0.161,5.8422,-0.0435,4.7964,1.0,1.0,24.999,18.122
Car A,2176,145.0667,7,8.373,1,8.373,-0.067,-0.067,5.9985,-0.0026,0.0423,1.0,0.0089,0.224,-18.113
Car B,2176,145.0667,7,26.487,1,25.449,3.091,-0.185,5.8395,-0.0411,4.8096,1.0,1.0,24.999,18.113
Car A,2177,145.1333,7,8.773,1,8.773,-0.067,-0.067,5.9974,-0.0163,0.0465,1.0,0.0089,0.218,-18.072
Car B,2177,145.1333,7,26.846,1,25.656,3.424,-0.23,5.8368,-0.0397,4.8191,1.0,1.0,24.999,18.072
Car A,2178,145.2,7,9.173,1,9.173,-0.066,-0.066,5.9976,0.0038,0.0455,1.0,0.0079,0.218,-18.062
Car B,2178,145.2,7,27.235,1,25.844,3.767,-0.272,5.8343,-0.0378,4.8275,1.0,1.0,24.999,18.062
Car A,2179,145.2667,7,9.573,1,9.573,-0.065,-0.065,5.9962,-0.0216,0.0467,1.0,0.0063,0.194,-18.006
Car B,2179,145.2667,7,27.579,1,26.012,4.12,-0.303,5.8318,-0.0369,4.8331,1.0,1.0,24.999,18.006
Car A,2180,145.3333,7,9.973,1,9.973,-0.063,-0.063,5.9957,-0.0073,0.0281,1.0,0.0023,0.155,-17.992
Car B,2180,145.3333,7,27.965,1,26.161,4.482,-0.363,5.8295,-0.0355,4.8401,1.0,1.0,24.999,17.992
Car A,2181,145.4,7,10.372,1,10.372,-0.061,-0.061,5.9946,-0.0165,0.0563,1.0,-0.0059,0.061,-17.982
Car B,2181,145.4,7,28.354,1,26.289,4.852,-0.402,5.8272,-0.0345,4.8433,1.0,1.0,24.999,17.982
Car A,2182,145.4667,7,10.772,1,10.772,-0.06,-0.06,5.999,0.0655,0.0316,1.0,-0.0117,-0.138,-17.904
Car B,2182,145.4667,7,28.676,1,26.396,5.227,-0.456,5.8249,-0.0338,4.8466,1.0,1.0,24.999,17.904
Car A,2183,145.5333,7,11.172,1,11.173,-0.059,-0.059,5.998,-0.015,-0.0979,1.0,-0.0168,-0.282,-17.89
Car B,2183,145.5333,7,29.062,1,26.483,5.608,-0.512,5.8227,-0.0329,4.849,1.0,1.0,24.999,17.89
Car A,2184,145.6,7,11.572,1,11.572,-0.06,-0.06,5.9888,-0.1371,-0.056,1.0,-0.0286,-0.409,-17.843
Car B,2184,145.6,7,29.415,1,26.548,5.993,-0.548,5.8206,-0.0325,4.8517,1.0,0.5721,24.999,17.843
Car A,2185,145.6667,7,11.972,1,11.972,-0.061,-0.061,5.9887,-0.0023,-0.0985,1.0,-0.0413,-0.701,-17.826
Car B,2185,145.6667,7,29.798,1,26.595,6.383,-0.595,5.872,0.7712,4.4809,1.0,0.439,14.318,17.826
Car A,2186,145.7333,7,12.371,1,12.371,-0.065,-0.065,5.9986,0.149,-0.3963,1.0,-0.0093,-1.027,-17.821
Car B,2186,145.7333,7,30.192,1,26.627,6.777,-0.627,5.9251,0.7965,3.8645,1.0,0.3597,10.98,17.821
Car A,2187,145.8,7,12.771,1,12.771,-0.068,-0.068,6.0112,0.1894,-0.1487,1.0,-0.0208,-0.234,-17.818
Car B,2187,145.8,7,30.589,1,26.65,7.174,-0.65,5.9863,0.9182,3.2803,1.0,0.104,8.994,17.818
Car A,2188,145.8667,7,13.172,1,13.172,-0.073,-0.073,6.0195,0.1244,-0.2438,1.0,-0.0046,-0.501,-17.817
Car B,2188,145.8667,7,30.989,1,26.668,7.574,-0.668,6.0083,0.331,1.6901,1.0,0.1372,2.61,17.817
Car A,2189,145.9333,7,13.573,1,13.573,-0.077,-0.077,6.0076,-0.1794,-0.074,1.0,-0.0229,-0.116,-17.817
Car B,2189,145.9333,7,31.389,1,26.69,7.974,-0.69,6.0171,0.1307,1.3127,1.0,0.1288,3.43,17.817
Car A,2190,146.0,7,13.973,1,13.973,-0.083,-0.083,6.0156,0.1211,-0.2278,1.0,0.0027,-0.554,-17.817
Car B,2190,146.0,7,31.79,1,26.706,8.375,-0.706,6.0379,0.3131,1.238,1.0,0.1285,3.221,17.817
Car A,2191,146.0667,7,14.374,1,14.374,-0.088,-0.088,6.0049,-0.1617,-0.0564,1.0,-0.0042,0.062,-17.819
Car B,2191,146.0667,7,32.193,1,26.717,8.778,-0.717,6.0687,0.4609,1.258,1.0,0.1281,3.211,17.819
Car A,2192,146.1333,7,14.774,1,14.774,-0.092,-0.092,5.998,-0.103,0.029,1.0,-0.0053,-0.095,-17.825
Car B,2192,146.1333,7,32.599,1,26.723,9.184,-0.723,6.0896,0.3143,1.2896,1.0,0.1343,3.195,17.825
Car A,2193,146.2,7,15.174,1,15.174,-0.096,-0.096,6.0014,0.0517,-0.0066,1.0,0.0414,-0.128,-17.83
Car B,2193,146.2,7,33.004,1,26.723,9.589,-0.723,6.0932,0.0539,1.3523,1.0,0.1296,3.35,17.83
Car A,2194,146.2667,7,15.574,1,15.574,-0.098,-0.098,6.0149,0.2026,0.4024,1.0,-0.0119,1.03,-17.837
Car B,2194,146.2667,7,33.411,1,26.716,9.996,-0.716,6.092,-0.0178,1.2943,1.0,0.1074,3.231,17.837
Car A,2195,146.3333,7,15.975,1,15.975,-0.1,-0.1,5.9997,-0.2292,-0.0305,1.0,0.4257,-0.283,-17.842
Car B,2195,146.3333,7,33.816,1,26.707,10.401,-0.707,6.0725,-0.292,1.0112,1.0,0.1048,2.679,17.842
Car A,2196,146.4,7,16.375,1,16.375,-0.098,-0.098,5.9981,-0.0239,0.894,1.0,0.129,10.626,-17.846
Car B,2196,146.4,7,34.221,1,26.694,10.806,-0.694,6.0749,0.035,1.0457,1.0,0.0561,2.61,17.846
Car A,2197,146.4667,7,16.774,1,16.775,-0.087,-0.087,6.0099,0.1776,1.1995,1.0,-0.1406,3.234,-17.85
Car B,2197,146.4667,7,34.625,1,26.679,11.21,-0.679,6.0465,-0.4257,0.6448,1.0,0.0765,1.397,17.85
Car A,2198,146.5333,7,17.175,1,17.175,-0.075,-0.075,6.0108,0.0126,0.0456,1.0,0.7333,-3.506,-17.852
Car B,2198,146.5333,7,35.027,1,26.661,11.612,-0.661,6.0517,0.0779,0.7674,1.0,-0.019,1.906,17.852
Car A,2199,146.6,7,17.575,1,17.575,-0.066,-0.066,6.0054,-0.0811,0.4385,1.0,0.5524,18.3,-17.855
Car B,2199,146.6,7,35.43,1,26.645,12.015,-0.645,6.0244,-0.4095,-0.1842,1.0,0.6159,-0.471,17.855
Car A,2200,146.6667,7,17.974,1,17.974,-0.044,-0.044,5.9937,-0.1748,1.6094,1.0,0.7378,13.817,-17.857
Car B,2200,146.6667,7,35.831,1,26.629,12.416,-0.629,6.0222,-0.0335,0.7673,1.0,0.4022,15.373,17.857
Car A,2201,146.7333,7,18.372,1,18.372,-0.007,-0.007,5.9834,-0.1548,2.3334,0.4227,-0.5429,18.437,-17.859
Car B,2201,146.7333,7,36.231,1,26.599,12.816,-0.599,6.0145,-0.1147,1.6429,1.0,1.0,10.062,17.859
Car A,2202,146.8,7,18.766,1,18.766,0.036,0.036,5.8992,-1.2628,1.1605,0.3098,-1.0,-13.524,-17.864
Car B,2202,146.8,7,36.63,1,26.555,13.215,-0.555,5.9996,-0.2235,2.398,1.0,0.6273,24.976,17.864
Car A,2203,146.8667,7,19.151,1,19.151,0.074,0.074,5.7553,-2.1584,0.2836,1.0,0.8618,-24.983,-17.874
Car B,2203,146.8667,7,37.025,1,26.494,13.61,-0.494,5.9901,-0.143,2.9013,1.0,-0.1242,15.696,17.874
Car A,2204,146.9333,7,19.532,1,19.532,0.115,0.115,5.7418,-0.202,1.0769,1.0,-0.1421,21.476,-17.883
Car B,2204,146.9333,7,37.415,1,26.425,14.004,-0.425,6.0067,0.2487,1.8582,1.0,0.798,-3.078,17.883
Car A,2205,147.0,7,19.913,1,19.913,0.161,0.161,5.759,0.2574,-0.2577,1.0,0.8319,-3.514,-17.871
Car B,2205,147.0,7,37.784,1,26.356,14.398,-0.386,5.9951,-0.1732,1.5676,1.0,0.9949,19.915,17.871
Car A,2206,147.0667,7,20.309,1,20.294,0.2,0.177,5.7538,-0.0772,0.2527,1.0,1.0,20.76,-17.871
Car B,2206,147.0667,7,38.18,1,26.273,14.789,-0.334,5.9759,-0.2885,2.5038,1.0,1.0,24.865,17.871
Car A,2207,147.1333,7,20.691,1,20.674,0.251,0.197,5.7427,-0.1669,1.4333,1.0,1.0,24.993,-17.837
Car B,2207,147.1333,7,38.528,1,26.174,15.175,-0.296,5.9627,-0.1978,3.0314,1.0,1.0,24.999,17.837
Car A,2208,147.2,7,21.107,1,21.051,0.317,0.21,5.7326,-0.1522,2.1688,1.0,1.0,25.0,-17.818
Car B,2208,147.2,7,38.925,1,26.057,15.555,-0.271,5.9507,-0.1801,3.4328,1.0,1.0,25.0,17.818
Car A,2209,147.2667,7,21.49,1,21.424,0.399,0.203,5.7223,-0.1545,2.7491,1.0,1.0,25.0,-17.808
Car B,2209,147.2667,7,39.298,1,25.923,15.929,-0.229,5.9401,-0.1592,3.7464,1.0,1.0,25.0,17.808
Car A,2210,147.3333,7,21.905,1,21.794,0.497,0.211,5.7129,-0.1411,3.2034,1.0,1.0,25.0,-17.777
Car B,2210,147.3333,7,39.682,1,25.771,16.296,-0.229,5.9306,-0.1415,3.9919,1.0,1.0,25.0,17.777
Car A,2211,147.4,7,22.286,1,22.157,0.613,0.179,5.7046,-0.1243,3.5577,1.0,1.0,25.0,-17.793
Car B,2211,147.4,7,40.078,1,25.601,16.655,-0.209,5.9225,-0.1227,4.1788,1.0,1.0,25.0,17.793
Car A,2212,147.4667,7,22.667,1,22.515,0.747,0.166,5.6977,-0.1034,3.8377,1.0,1.0,25.0,-17.776
Car B,2212,147.4667,7,40.443,1,25.413,17.004,-0.203,5.9152,-0.1083,4.322,1.0,1.0,25.0,17.776
Car A,2213,147.5333,7,23.072,1,22.865,0.899,0.135,5.692,-0.0852,4.0556,1.0,1.0,25.0,-17.767
Car B,2213,147.5333,7,40.839,1,25.207,17.342,-0.205,5.9088,-0.0966,4.4364,1.0,1.0,24.999,17.767
Car A,2214,147.6,7,23.452,1,23.206,1.068,0.101,5.6874,-0.069,4.2233,1.0,1.0,24.999,-17.753
Car B,2214,147.6,7,41.205,1,24.985,17.669,-0.192,5.903,-0.087,4.5245,1.0,1.0,24.999,17.753
Car A,2215,147.6667,7,23.846,1,23.538,1.256,0.076,5.6837,-0.0558,4.3549,1.0,1.0,24.999,-17.754
Car B,2215,147.6667,7,41.6,1,24.745,17.984,-0.214,5.8978,-0.0783,4.5929,1.0,1.0,24.999,17.754
Car A,2216,147.7333,7,24.223,1,23.859,1.461,0.024,5.6807,-0.0439,4.461,1.0,1.0,24.999,-17.771
Car B,2216,147.7333,7,41.995,1,24.489,18.285,-0.215,5.893,-0.071,4.649,1.0,1.0,24.999,17.771
Car A,2217,147.8,7,24.603,1,24.168,1.683,-0.008,5.6784,-0.0353,4.5427,1.0,1.0,24.999,-17.752
Car B,2217,147.8,7,42.355,1,24.218,18.572,-0.234,5.8887,-0.0657,4.6914,1.0,1.0,24.999,17.752
Car A,2218,147.8667,7,24.977,1,24.465,1.922,-0.062,5.6766,-0.027,4.6089,1.0,1.0,24.999,-17.772
Car B,2218,147.8667,7,42.749,1,23.931,18.843,-0.255,5.8846,-0.0606,4.726,1.0,1.0,24.999,17.772
Car A,2219,147.9333,7,25.355,1,24.748,2.177,-0.112,5.6752,-0.0207,4.6613,1.0,1.0,24.999,-17.748
Car B,2219,147.9333,7,43.103,1,23.631,19.099,-0.263,5.8808,-0.0574,4.7534,1.0,1.0,24.999,17.748
Car A,2220,148.0,7,25.712,1,25.016,2.447,-0.152,5.6742,-0.0156,4.7032,1.0,1.0,24.999,-17.784
Car B,2220,148.0,7,43.495,1,23.317,19.337,-0.303,5.8772,-0.0536,4.7759,1.0,1.0,24.999,17.784
Car A,2221,148.0667,7,26.086,1,25.269,2.732,-0.218,5.6734,-0.0113,4.7372,1.0,1.0,24.999,-17.803
Car B,2221,148.0667,7,43.889,1,22.991,19.558,-0.321,5.8738,-0.0512,4.7923,1.0,1.0,24.999,17.803
Car A,2222,148.1333,7,26.464,1,25.505,3.031,-0.264,5.6729,-0.0078,4.7637,1.0,1.0,24.999,-17.765
Car B,2222,148.1333,7,44.23,1,22.653,19.761,-0.356,5.8706,-0.0483,4.8047,1.0,1.0,24.999,17.765
Car A,2223,148.2,7,26.796,1,25.724,3.342,-0.324,5.6726,-0.0049,4.7855,1.0,1.0,24.999,-17.825
Car B,2223,148.2,7,44.622,2,22.305,19.945,-0.393,5.8675,-0.0462,4.8157,1.0,1.0,24.999,17.825
Car A,2224,148.2667,7,27.172,1,25.925,3.666,-0.386,5.6724,-0.003,4.803,1.0,1.0,24.999,-17.778
Car B,2224,148.2667,7,44.95,2,21.948,20.109,-0.414,5.8644,-0.0461,4.8239,1.0,1.0,24.999,17.778
Car A,2225,148.3333,7,27.532,1,26.107,4.0,-0.427,5.6722,-0.0019,4.8147,1.0,1.0,24.999,-17.807
Car B,2225,148.3333,7,45.339,2,21.582,20.254,-0.469,5.8615,-0.0436,4.8312,1.0,1.0,24.999,17.807
Car A,2226,148.4,7,27.856,1,26.27,4.344,-0.502,5.6722,0.0,4.8253,1.0,1.0,24.999,-17.875
Car B,2226,148.4,7,45.731,2,21.209,20.377,-0.502,5.8586,-0.0431,4.8359,1.0,1.0,24.999,17.875
Car A,2227,148.4667,7,28.233,1,26.414,4.697,-0.559,5.6723,0.0009,4.8343,1.0,1.0,24.999,-17.808
Car B,2227,148.4667,7,46.04,2,20.83,20.481,-0.544,5.8559,-0.0417,4.8407,1.0,1.0,24.999,17.808
Car A,2228,148.5333,7,28.517,1,26.536,5.057,-0.609,5.6724,0.0017,4.8416,1.0,1.0,24.999,-17.912
Car B,2228,148.5333,7,46.43,2,20.446,20.563,-0.596,5.8532,-0.0401,4.8432,1.0,1.0,24.999,17.912
Car A,2229,148.6,7,28.891,1,26.639,5.424,-0.682,5.6726,0.0023,4.8469,1.0,1.0,24.999,-17.93
Car B,2229,148.6,7,46.821,2,20.058,20.623,-0.626,5.8505,-0.0406,4.8465,1.0,0.5053,24.999,17.93
Car A,2230,148.6667,7,29.268,1,26.72,5.796,-0.734,5.6727,0.0024,4.8504,1.0,1.0,24.999,-17.895
Car B,2230,148.6667,7,47.163,2,19.667,20.668,-0.668,5.8887,0.5734,4.0538,1.0,0.904,12.651,17.895
Car A,2231,148.7333,7,29.587,1,26.78,6.172,-0.78,5.6729,0.003,4.854,1.0,1.0,24.999,-17.969
Car B,2231,148.7333,7,47.556,2,19.274,20.697,-0.697,5.8817,-0.1058,4.2125,1.0,0.3723,22.584,17.969
Car A,2232,148.8,7,29.966,1,26.818,6.551,-0.818,5.6731,0.0033,4.8573,1.0,1.0,24.999,-17.984
Car B,2232,148.8,7,47.95,2,18.88,20.713,-0.713,5.9252,0.6534,3.3245,1.0,-0.1153,9.328,17.984
Car A,2233,148.8667,7,30.347,1,26.835,6.932,-0.835,5.6734,0.0033,4.8591,1.0,1.0,24.999,-18.0
Car B,2233,148.8667,7,48.347,2,18.484,20.725,-0.725,5.9446,0.2907,1.728,1.0,0.0998,-2.864,18.0
Car A,2234,148.9333,7,30.727,1,26.83,7.312,-0.83,5.6736,0.0034,4.8608,1.0,1.0,24.999,-18.016
Car B,2234,148.9333,7,48.744,2,18.086,20.743,-0.743,6.0007,0.8419,0.9865,1.0,0.1077,2.486,18.016
Car A,2235,149.0,7,31.107,1,26.803,7.692,-0.803,5.6738,0.0036,4.8609,1.0,1.0,24.999,-18.034
Car B,2235,149.0,7,49.141,2,17.689,20.757,-0.757,5.9483,-0.7866,1.0083,1.0,0.1015,2.691,18.034
Car A,2236,149.0667,7,31.485,1,26.755,8.07,-0.755,5.6741,0.0038,4.8626,1.0,1.0,24.999,-18.053
Car B,2236,149.0667,7,49.538,2,17.292,20.767,-0.767,5.9754,0.4074,0.9608,1.0,0.1017,2.539,18.053
Car A,2237,149.1333,7,31.86,1,26.685,8.445,-0.685,5.6743,0.0031,4.8633,1.0,-0.0006,24.999,-18.077
Car B,2237,149.1333,7,49.937,2,16.893,20.773,-0.773,5.9619,-0.2025,1.0199,1.0,0.0989,2.541,18.077
Car A,2238,149.2,7,32.232,1,26.602,8.817,-0.602,5.7162,0.629,3.3827,1.0,-0.1369,0.022,-18.104
Car B,2238,149.2,7,50.336,2,16.494,20.775,-0.775,6.0106,0.7301,0.9632,1.0,0.1014,2.474,18.104
Car A,2239,149.2667,7,32.607,1,26.525,9.192,-0.525,5.7503,0.5106,1.2104,1.0,-0.1273,-3.418,-18.129
Car B,2239,149.2667,7,50.737,2,16.093,20.773,-0.773,6.001,-0.1445,0.9739,1.0,0.0996,2.535,18.129
Car A,2240,149.3333,7,32.986,1,26.459,9.571,-0.459,5.7618,0.1732,-0.1211,1.0,-0.1454,-3.183,-18.151
Car B,2240,149.3333,7,51.137,2,15.694,20.766,-0.766,5.9726,-0.425,1.0117,1.0,0.0917,2.487,18.151
Car A,2241,149.4,7,33.366,1,26.404,9.951,-0.404,5.7756,0.2073,-1.0909,1.0,-0.0752,-3.634,-18.17
Car B,2241,149.4,7,51.537,2,15.294,20.755,-0.755,5.9987,0.3903,0.8985,1.0,0.0943,2.292,18.17
Car A,2242,149.4667,7,33.751,1,26.354,10.336,-0.354,5.8618,1.2925,-0.7127,1.0,-0.0933,-1.882,-18.185
Car B,2242,149.4667,7,51.936,2,14.894,20.741,-0.741,5.9929,-0.0858,0.9069,1.0,0.079,2.358,18.185
Car A,2243,149.5333,7,34.141,1,26.307,10.726,-0.307,5.8975,0.5351,-0.9064,1.0,-0.1062,-2.312,-18.196
Car B,2243,149.5333,7,52.337,2,14.493,20.724,-0.724,6.0077,0.2206,0.774,1.0,0.0797,1.975,18.196
Car A,2244,149.6,7,34.532,1,26.266,11.117,-0.266,5.8963,-0.018,-1.0491,1.0,-0.1038,-2.634,-18.205
Car B,2244,149.6,7,52.737,2,14.093,20.703,-0.703,6.0051,-0.0379,0.7645,1.0,0.0523,1.993,18.205
Car A,2245,149.6667,7,34.924,1,26.229,11.509,-0.229,5.8989,0.0391,-1.0147,0.9714,-0.137,-2.575,-18.213
Car B,2245,149.6667,7,53.137,2,13.693,20.681,-0.681,6.0278,0.3397,0.5417,1.0,0.0786,1.304,18.213
Car A,2246,149.7333,7,35.314,1,26.198,11.899,-0.198,5.8552,-0.6553,-1.2626,1.0,0.1154,-3.423,-18.224
Car B,2246,149.7333,7,53.538,2,13.292,20.656,-0.656,6.0484,0.3087,0.7861,1.0,0.0197,1.964,18.224
Car A,2247,149.8,7,35.703,1,26.168,12.288,-0.168,5.863,0.1168,-0.0991,0.9713,-0.0182,2.876,-18.236
Car B,2247,149.8,7,53.939,2,12.891,20.63,-0.63,6.0177,-0.4593,0.2226,1.0,0.0735,0.493,18.236
Car A,2248,149.8667,7,36.092,1,26.133,12.677,-0.133,5.8464,-0.2485,-0.1897,0.9589,-0.0499,-0.434,-18.248
Car B,2248,149.8667,7,54.34,2,12.491,20.603,-0.603,6.0259,0.1232,0.728,1.0,-0.1201,1.834,18.248
Car A,2249,149.9333,7,36.478,1,26.101,13.063,-0.101,5.7744,-1.0805,-0.4544,1.0,0.9384,-1.247,-18.262
Car B,2249,149.9333,7,54.74,2,12.09,20.575,-0.575,6.0261,0.0017,-0.3081,1.0,0.0896,-2.995,18.262
Car A,2250,150.0,7,36.862,1,26.066,13.447,-0.066,5.7753,0.0134,0.3236,1.0,0.5462,23.422,-18.28
Car B,2250,150.0,7,55.141,2,11.689,20.551,-0.551,6.0241,-0.03,0.4157,1.0,-0.0636,2.231,18.28
Car A,2251,150.0667,7,37.244,1,26.02,13.829,-0.02,5.7673,-0.1195,1.4659,1.0,1.0,13.669,-18.298
Car B,2251,150.0667,7,55.542,2,11.288,20.524,-0.524,6.0199,-0.062,-0.3558,1.0,0.0818,-1.585,18.298
Car A,2252,150.1333,7,37.626,1,25.959,14.208,0.024,5.755,-0.1848,2.231,1.0,1.0,24.982,-18.316
Car B,2252,150.1333,7,55.942,2,10.888,20.499,-0.499,6.0144,-0.0825,0.4227,1.0,-0.1473,2.039,18.316
Car A,2253,150.2,7,38.007,1,25.882,14.584,0.072,5.7447,-0.1548,2.7905,1.0,0.9327,25.0,-18.335
Car B,2253,150.2,7,56.342,2,10.488,20.472,-0.472,6.0109,-0.0535,-0.3819,1.0,0.0539,-3.674,18.335
Car A,2254,150.2667,7,38.406,1,25.788,14.956,0.13,5.7364,-0.1248,3.2216,1.0,1.0,23.32,-18.336
Car B,2254,150.2667,7,56.742,2,10.088,20.448,-0.448,6.0094,-0.0221,0.3667,1.0,-0.1734,1.34,18.336
Car A,2255,150.3333,7,38.789,1,25.676,15.323,0.153,5.728,-0.1251,3.5755,1.0,1.0,24.997,-18.353
Car B,2255,150.3333,7,57.142,2,9.689,20.423,-0.423,6.0073,-0.0309,-0.4761,1.0,0.0348,-4.327,18.353
Car A,2256,150.4,7,39.169,1,25.547,15.684,0.195,5.7209,-0.1069,3.8518,1.0,1.0,25.0,-18.372
Car B,2256,150.4,7,57.541,2,9.289,20.401,-0.401,6.0074,0.0004,0.2998,1.0,-0.1891,0.861,18.372
Car A,2257,150.4667,7,39.584,1,25.399,16.037,0.214,5.7149,-0.0896,4.0701,1.0,1.0,25.0,-18.357
Car B,2257,150.4667,7,57.941,2,8.889,20.378,-0.378,6.0055,-0.0277,-0.6181,1.0,0.045,-4.718,18.357
Car A,2258,150.5333,7,39.967,1,25.234,16.382,0.235,5.71,-0.073,4.2338,1.0,1.0,24.999,-18.374
Car B,2258,150.5333,7,58.341,2,8.489,20.359,-0.359,6.006,0.0075,0.1952,1.0,-0.1876,1.115,18.374
Car A,2259,150.6,7,40.389,1,25.05,16.718,0.256,5.7061,-0.0595,4.3649,1.0,1.0,24.999,-18.352
Car B,2259,150.6,7,58.741,2,8.089,20.338,-0.338,6.0021,-0.058,-0.5661,1.0,0.0215,-4.681,18.352
Car A,2260,150.6667,7,40.771,1,24.849,17.043,0.257,5.7029,-0.0482,4.4673,1.0,1.0,24.999,-18.369
Car B,2260,150.6667,7,59.14,2,7.69,20.32,-0.32,6.0042,0.0307,0.2032,1.0,-0.2018,0.528,18.369
Car A,2261,150.7333,7,41.153,1,24.63,17.356,0.28,5.7003,-0.0386,4.5485,1.0,1.0,24.999,-18.387
Car B,2261,150.7333,7,59.54,2,7.29,20.302,-0.302,6.0028,-0.0208,-0.6846,1.0,0.0414,-5.036,18.387
Car A,2262,150.8,7,41.579,1,24.395,17.657,0.265,5.6982,-0.0314,4.6135,1.0,1.0,24.999,-18.361
Car B,2262,150.8,7,59.94,2,6.89,20.288,-0.288,6.004,0.018,0.1575,1.0,-0.1896,1.024,18.361
Car A,2263,150.8667,7,41.961,1,24.143,17.945,0.269,5.6965,-0.0256,4.6654,1.0,1.0,24.999,-18.379
Car B,2263,150.8667,7,60.34,2,6.49,20.272,-0.272,5.9991,-0.0731,-0.6211,1.0,0.0379,-4.73,18.379
Car A,2264,150.9333,7,42.386,1,23.875,18.218,0.257,5.6952,-0.0196,4.7067,1.0,1.0,24.999,-18.354
Car B,2264,150.9333,7,60.74,2,6.091,20.26,-0.26,6.001,0.0288,0.1925,1.0,-0.1948,0.938,18.354
Car A,2265,151.0,7,42.768,1,23.593,18.476,0.244,5.6941,-0.0167,4.7385,1.0,1.0,24.999,-18.371
Car B,2265,151.0,7,61.139,2,5.691,20.247,-0.247,5.997,-0.061,-0.6226,1.0,0.0502,-4.862,18.371
Car A,2266,151.0667,7,43.188,1,23.297,18.717,0.237,5.6932,-0.0125,4.7653,1.0,1.0,24.999,-18.351
Car B,2266,151.0667,7,61.539,2,5.291,20.237,-0.237,5.9989,0.0284,0.1862,1.0,-0.184,1.246,18.351
Car A,2267,151.1333,7,43.569,1,22.988,18.942,0.207,5.6926,-0.01,4.7848,1.0,1.0,24.999,-18.369
Car B,2267,151.1333,7,61.938,2,4.892,20.225,-0.225,5.9939,-0.0743,-0.5456,1.0,0.0475,-4.591,18.369
Car A,2268,151.2,7,43.951,1,22.667,19.148,0.199,5.6921,-0.0074,4.8024,1.0,1.0,24.999,-18.387
Car B,2268,151.2,7,62.338,2,4.492,20.216,-0.216,5.995,0.017,0.2366,1.0,-0.1993,1.178,18.387
Car A,2269,151.2667,7,44.362,1,22.334,19.336,0.158,5.6917,-0.0059,4.8149,1.0,1.0,24.999,-18.375
Car B,2269,151.2667,7,62.737,2,4.093,20.206,-0.206,5.9922,-0.0421,-0.5422,1.0,0.0564,-4.974,18.375
Car A,2270,151.3333,7,44.743,2,21.992,19.506,0.133,5.6914,-0.0038,4.8267,1.0,1.0,24.999,-18.393
Car B,2270,151.3333,7,63.137,2,3.693,20.199,-0.199,5.9929,0.0096,0.2555,1.0,-0.1922,1.4,18.393
Car A,2271,151.4,7,45.143,2,21.64,19.655,0.1,5.6912,-0.0034,4.8343,1.0,1.0,24.999,-18.393
Car B,2271,151.4,7,63.536,2,3.294,20.189,-0.189,5.9896,-0.0495,-0.5129,1.0,0.0589,-4.795,18.393
Car A,2272,151.4667,7,45.523,2,21.28,19.784,0.058,5.691,-0.0037,4.8412,1.0,1.0,24.999,-18.412
Car B,2272,151.4667,7,63.935,2,2.895,20.183,-0.183,5.9905,0.0146,0.2771,1.0,-0.1888,1.463,18.412
Car A,2273,151.5333,7,45.91,2,20.914,19.893,0.035,5.6909,-0.001,4.8469,1.0,1.0,24.999,-18.424
Car B,2273,151.5333,7,64.334,2,2.496,20.175,-0.175,5.9871,-0.0512,-0.5013,1.0,0.0617,-4.71,18.424
Car A,2274,151.6,7,46.288,2,20.542,19.98,-0.023,5.6908,-0.0018,4.85,1.0,1.0,24.999,-18.446
Car B,2274,151.6,7,64.733,2,2.097,20.17,-0.17,5.988,0.0129,0.2957,1.0,-0.1871,1.532,18.446
Car A,2275,151.6667,7,46.668,2,20.166,20.047,-0.059,5.6906,-0.0019,4.8546,1.0,1.0,24.999,-18.464
Car B,2275,151.6667,7,65.132,2,1.698,20.163,-0.163,5.9847,-0.0487,-0.4911,1.0,0.066,-4.667,18.464
Car A,2276,151.7333,7,47.043,2,19.787,20.091,-0.091,5.6905,-0.0014,4.8564,1.0,1.0,24.999,-18.488
Car B,2276,151.7333,7,65.531,2,1.299,20.159,-0.159,5.9858,0.0157,0.3044,1.0,-0.187,1.64,18.488
Car A,2277,151.8,7,47.425,2,19.406,20.115,-0.115,5.6905,-0.0011,4.858,1.0,1.0,24.999,-18.506
Car B,2277,151.8,7,65.93,2,0.9,20.153,-0.153,5.9825,-0.0486,-0.4623,1.0,0.0639,-4.666,18.506
Car A,2278,151.8667,7,47.807,2,19.024,20.116,-0.116,5.6904,-0.0005,4.8594,1.0,1.0,24.999,-18.522
Car B,2278,151.8667,7,66.329,2,0.501,20.15,-0.15,5.9838,0.0182,0.3081,1.0,-0.1938,1.588,18.522
Car A,2279,151.9333,7,48.188,2,18.642,20.096,-0.096,5.6904,-0.0002,4.8608,1.0,-0.0454,24.999,-18.54
Car B,2279,151.9333,7,66.728,2,0.103,20.144,-0.144,5.9808,-0.044,-0.483,1.0,0.0618,-4.835,18.54
Car A,2280,152.0,7,48.569,2,18.261,20.063,-0.063,5.7318,0.6203,3.3556,1.0,-0.202,-1.095,-18.557
Car B,2280,152.0,7,67.126,2,-0.296,20.142,-0.142,5.9818,0.0147,0.3034,1.0,-0.2226,1.536,18.557
Car A,2281,152.0667,7,48.952,2,17.878,20.035,-0.035,5.7639,0.4817,1.2122,1.0,-0.2346,-5.045,-18.573
Car B,2281,152.0667,7,67.525,2,-0.695,20.138,-0.138,5.9789,-0.0431,-0.4877,1.0,0.04,-5.554,18.573
Car A,2282,152.1333,7,49.337,2,17.494,20.019,-0.019,5.7724,0.1269,-0.1462,1.0,-0.2009,-5.863,-18.587
Car B,2282,152.1333,7,67.924,2,-1.093,20.137,-0.137,5.9827,0.0567,0.3025,1.0,-0.2353,0.989,18.587
Car A,2283,152.2,7,49.722,2,17.108,20.015,-0.015,5.7774,0.0762,-1.1207,1.0,-0.0768,-5.023,-18.601
Car B,2283,152.2,7,68.322,2,-1.492,20.135,-0.135,5.9814,-0.0204,-0.5996,1.0,0.0627,-5.873,18.601
Car A,2284,152.2667,7,50.109,2,16.721,20.017,-0.017,5.8501,1.0904,-0.6969,1.0,-0.0542,-1.926,-18.612
Car B,2284,152.2667,7,68.721,2,-1.891,20.137,-0.137,5.9832,0.0282,0.2172,1.0,-0.2008,1.555,18.612
Car A,2285,152.3333,7,50.503,2,16.327,20.018,-0.018,5.9498,1.4952,-0.4971,1.0,-0.0389,-1.355,-18.617
Car B,2285,152.3333,7,69.12,2,-2.29,20.136,-0.136,5.9791,-0.0616,-0.5393,1.0,0.0275,-5.01,18.617
Car A,2286,152.4,7,50.9,2,15.93,20.02,-0.02,5.9683,0.2775,-0.2576,1.0,-0.0343,-0.959,-18.618
Car B,2286,152.4,7,69.518,2,-2.688,20.139,-0.139,5.9842,0.0757,0.2314,1.0,-0.2023,0.678,18.618
Car A,2287,152.4667,7,51.298,2,15.532,20.022,-0.022,5.9789,0.159,-0.206,1.0,-0.0277,-0.84,-18.619
Car B,2287,152.4667,7,69.917,2,-3.087,20.142,-0.142,5.9826,-0.0238,-0.6761,1.0,0.0696,-5.048,18.619
Car A,2288,152.5333,7,51.697,2,15.133,20.024,-0.024,5.9802,0.0198,-0.1487,1.0,-0.0223,-0.681,-18.619
Car B,2288,152.5333,7,70.316,2,-3.486,20.148,-0.148,5.9851,0.0374,0.1533,1.0,-0.1512,1.73,18.619
Car A,2289,152.6,7,52.096,2,14.734,20.028,-0.028,6.0084,0.4222,-0.2228,1.0,-0.0096,-0.553,-18.619
Car B,2289,152.6,7,70.715,2,-3.885,20.152,-0.152,5.9826,-0.0379,-0.5227,1.0,0.0602,-3.771,18.619
Car A,2290,152.6667,7,52.496,2,14.334,20.032,-0.032,6.0048,-0.0543,-0.0871,1.0,-0.0089,-0.236,-18.617
Car B,2290,152.6667,7,71.113,2,-4.283,20.159,-0.159,5.9831,0.0077,0.2688,1.0,-0.161,1.496,18.617
Car A,2291,152.7333,7,52.896,2,13.934,20.035,-0.035,5.9973,-0.1124,-0.0356,1.0,-0.0082,-0.218,-18.616
Car B,2291,152.7333,7,71.512,2,-4.682,20.163,-0.163,5.9805,-0.0393,-0.5184,1.0,0.0709,-4.017,18.616
Car A,2292,152.8,7,53.297,2,13.534,20.039,-0.039,6.0037,0.097,-0.0473,1.0,-0.0035,-0.199,-18.614
Car B,2292,152.8,7,71.911,2,-5.081,20.171,-0.171,5.9811,0.0099,0.2829,1.0,-0.1479,1.764,18.614
Car A,2293,152.8667,7,53.697,2,13.133,20.043,-0.043,6.0087,0.0749,-0.0277,1.0,0.0011,-0.089,-18.612
Car B,2293,152.8667,7,72.309,2,-5.479,20.177,-0.177,5.979,-0.0319,-0.4614,1.0,0.0711,-3.688,18.612
Car A,2294,152.9333,7,54.097,2,12.733,20.047,-0.047,5.998,-0.1612,-0.0269,1.0,0.0036,0.023,-18.611
Car B,2294,152.9333,7,72.708,2,-5.878,20.185,-0.185,5.9794,0.0057,0.3188,1.0,-0.141,1.77,18.611
Car A,2295,153.0,7,54.497,2,12.333,20.051,-0.051,5.9995,0.0236,-0.005,1.0,0.0067,0.086,-18.609
Car B,2295,153.0,7,73.106,2,-6.276,20.191,-0.191,5.9777,-0.0247,-0.4432,1.0,0.0761,-3.516,18.609
Car A,2296,153.0667,7,54.897,2,11.933,20.055,-0.055,5.9998,0.0036,-0.006,1.0,0.0105,0.161,-18.608
Car B,2296,153.0667,7,73.505,2,-6.675,20.2,-0.2,5.9774,-0.0042,0.3392,1.0,-0.1342,1.893,18.608
Car A,2297,153.1333,7,55.297,2,11.533,20.059,-0.059,6.0011,0.0197,-0.0117,1.0,0.0118,0.249,-18.606
Car B,2297,153.1333,7,73.903,2,-7.073,20.207,-0.207,5.9766,-0.0128,-0.4205,1.0,0.0785,-3.348,18.606
Car A,2298,153.2,7,55.697,2,11.133,20.062,-0.062,6.0049,0.0564,0.0379,1.0,0.0126,0.285,-18.604
Car B,2298,153.2,7,74.301,2,-7.471,20.216,-0.216,5.9772,0.0098,0.3405,1.0,-0.1223,1.954,18.604
Car A,2299,153.2667,7,56.098,2,10.733,20.065,-0.065,6.006,0.0168,0.0444,1.0,0.0138,0.306,-18.602
Car B,2299,153.2667,7,74.7,2,-7.87,20.223,-0.223,5.9762,-0.016,-0.4152,1.0,0.0815,-3.049,18.602
Car A,2300,153.3333,7,56.498,2,10.332,20.069,-0.069,6.006,0.0006,0.0463,1.0,0.0151,0.336,-18.6
Car B,2300,153.3333,7,75.098,2,-8.268,20.232,-0.232,5.9766,0.0067,0.3571,1.0,-0.1137,2.029,18.6
Car A,2301,153.4,7,56.898,2,9.932,20.072,-0.072,6.0062,0.0033,0.0457,1.0,0.0161,0.366,-18.598
Car B,2301,153.4,7,75.496,2,-8.666,20.239,-0.239,5.9755,-0.0166,-0.4028,1.0,0.0837,-2.835,18.598
Car A,2302,153.4667,7,57.299,2,9.531,20.074,-0.074,6.0066,0.0053,0.0683,1.0,0.016,0.392,-18.596
Car B,2302,153.4667,7,75.894,2,-9.064,20.249,-0.249,5.9761,0.009,0.3492,1.0,-0.0965,2.084,18.596
Car A,2303,153.5333,7,57.699,2,9.131,20.076,-0.076,6.0083,0.0257,0.077,1.0,0.0157,0.389,-18.593
Car B,2303,153.5333,7,76.293,2,-9.463,20.256,-0.256,5.9755,-0.0088,-0.3838,1.0,0.0852,-2.406,18.593
Car A,2304,153.6,7,58.1,2,8.73,20.078,-0.078,6.0084,0.0018,0.0632,1.0,0.0159,0.381,-18.591
Car B,2304,153.6,7,76.691,2,-9.861,20.266,-0.266,5.9757,0.002,0.3713,1.0,-0.0901,2.123,18.591
Car A,2305,153.6667,7,58.501,2,8.33,20.08,-0.08,6.0081,-0.0051,0.062,1.0,0.0154,0.385,-18.589
Car B,2305,153.6667,7,77.089,2,-10.259,20.273,-0.273,5.9754,-0.0044,-0.3909,1.0,0.0874,-2.245,18.589
Car A,2306,153.7333,7,58.901,2,7.929,20.081,-0.081,6.0084,0.0041,0.0809,1.0,0.014,0.374,-18.586
Car B,2306,153.7333,7,77.487,2,-10.657,20.284,-0.284,5.9751,-0.0036,0.3643,1.0,-0.0735,2.178,18.586
Car A,2307,153.8,7,59.302,2,7.528,20.082,-0.082,6.0087,0.0047,0.0635,1.0,0.0131,0.342,-18.584
Car B,2307,153.8,7,77.886,2,-11.055,20.291,-0.291,5.9753,0.002,-0.3782,1.0,0.0884,-1.83,18.584
Car A,2308,153.8667,7,59.702,2,7.128,20.083,-0.083,6.0081,-0.0088,0.0585,1.0,0.012,0.319,-18.581
Car B,2308,153.8667,7,78.284,2,-11.454,20.301,-0.301,5.9744,-0.0136,0.408,1.0,-0.0801,2.204,18.581
Car A,2309,153.9333,7,60.103,2,6.727,20.083,-0.083,6.0077,-0.0055,0.0532,1.0,0.0107,0.293,-18.579
Car B,2309,153.9333,7,78.682,2,-11.852,20.307,-0.307,5.9744,0.0008,-0.3749,1.0,0.0892,-1.995,18.579
Car A,2310,154.0,7,60.503,2,6.327,20.083,-0.083,6.0082,0.0069,0.0639,1.0,0.0088,0.26,-18.576
Car B,2310,154.0,7,79.08,2,-12.25,20.317,-0.317,5.9747,0.0051,0.3854,1.0,-0.0594,2.223,18.576
Car A,2311,154.0667,7,60.904,2,5.926,20.083,-0.083,6.0075,-0.0103,0.0463,1.0,0.0074,0.216,-18.574
Car B,2311,154.0667,7,79.478,2,-12.648,20.324,-0.324,5.9751,0.0055,-0.3692,1.0,0.09,-1.48,18.574
Car A,2312,154.1333,7,61.305,2,5.526,20.082,-0.082,6.006,-0.0221,0.0407,1.0,0.0058,0.181,-18.572
Car B,2312,154.1333,7,79.876,2,-13.046,20.332,-0.332,5.9746,-0.0073,0.4568,1.0,-0.0818,2.245,18.572
Car A,2313,154.2,7,61.705,2,5.125,20.081,-0.081,6.0057,-0.0044,0.041,1.0,0.0041,0.143,-18.569
Car B,2313,154.2,7,80.275,2,-13.444,20.338,-0.338,5.9743,-0.0052,-0.339,1.0,0.0893,-2.039,18.569
Car A,2314,154.2667,7,62.105,2,4.725,20.08,-0.08,6.001,-0.0717,0.0024,1.0,0.0031,0.1,-18.567
Car B,2314,154.2667,7,80.673,2,-13.843,20.346,-0.346,5.9743,-0.0003,0.4001,1.0,-0.0527,2.226,18.567
Car A,2315,154.3333,7,62.505,2,4.325,20.079,-0.079,5.9987,-0.0337,0.0227,1.0,0.0007,0.078,-18.566
Car B,2315,154.3333,7,81.071,2,-14.241,20.352,-0.352,5.9758,0.0231,-0.3619,1.0,0.0908,-1.312,18.566
Car A,2316,154.4,7,62.905,2,3.925,20.078,-0.078,5.9974,-0.0204,0.0356,1.0,-0.0017,0.021,-18.564
Car B,2316,154.4,7,81.469,2,-14.639,20.359,-0.359,5.9749,-0.0134,0.4938,1.0,-0.0871,2.264,18.564
Car A,2317,154.4667,7,63.305,2,3.525,20.076,-0.076,5.9984,0.0164,0.0223,1.0,-0.003,-0.039,-18.562
Car B,2317,154.4667,7,81.867,2,-15.037,20.363,-0.363,5.9754,0.0071,-0.306,1.0,0.0789,-2.169,18.562
Car A,2318,154.5333,7,63.705,2,3.125,20.075,-0.075,6.0004,0.0291,-0.0041,1.0,-0.0028,-0.071,-18.561
Car B,2318,154.5333,7,82.266,2,-15.435,20.371,-0.371,5.9749,-0.0076,0.4108,1.0,-0.126,1.967,18.561
Car A,2319,154.6,7,64.105,2,2.725,20.074,-0.074,6.0015,0.0161,-0.0292,1.0,-0.0019,-0.068,-18.559
Car B,2319,154.6,7,82.664,2,-15.834,20.375,-0.375,5.9733,-0.0235,-0.382,1.0,0.0849,-3.143,18.559
Car A,2320,154.6667,7,64.505,2,2.325,20.073,-0.073,6.0007,-0.0108,-0.0077,1.0,-0.0026,-0.048,-18.557
Car B,2320,154.6667,7,83.062,2,-16.232,20.383,-0.383,5.9746,0.0199,0.3505,1.0,-0.1606,2.113,18.557
Car A,2321,154.7333,7,64.905,2,1.925,20.072,-0.072,6.0016,0.0128,-0.0074,1.0,-0.0027,-0.062,-18.555
Car B,2321,154.7333,7,83.46,2,-16.63,20.388,-0.388,5.9727,-0.0295,-0.4199,1.0,0.0484,-4.005,18.555
Car A,2322,154.8,7,65.306,2,1.525,20.071,-0.071,6.0019,0.0047,-0.0221,1.0,-0.0025,-0.065,-18.553
Car B,2322,154.8,7,83.858,2,-17.028,20.397,-0.397,5.9751,0.0368,0.3337,1.0,-0.1105,1.202,18.553
Car A,2323,154.8667,7,65.706,2,1.124,20.071,-0.071,6.0019,-0.0003,-0.0301,1.0,-0.0024,-0.062,-18.551
Car B,2323,154.8667,7,84.256,2,-17.426,20.404,-0.404,5.9745,-0.0088,-0.5173,1.0,0.1024,-2.757,18.551
Car A,2324,154.9333,7,66.106,2,0.724,20.07,-0.07,6.0016,-0.0046,-0.0375,1.0,-0.0025,-0.059,-18.549
Car B,2324,154.9333,7,84.655,2,-17.824,20.414,-0.414,5.9745,-0.0004,0.2895,1.0,-0.0903,2.552,18.549
Car A,2325,155.0,7,66.506,2,0.324,20.069,-0.069,6.0014,-0.0032,-0.0312,1.0,-0.003,-0.06,-18.547
Car B,2325,155.0,7,85.053,2,-18.223,20.421,-0.421,5.9744,-0.0013,-0.4345,1.0,1.0,-2.25,18.547
Car A,2326,155.0667,7,66.906,2,-0.076,20.068,-0.068,6.0016,0.0028,0.001,1.0,-0.0048,-0.074,-18.544
Car B,2326,155.0667,7,85.45,2,-18.62,20.429,-0.429,5.968,-0.0957,0.3272,1.0,1.0,24.959,18.544
Car A,2327,155.1333,7,67.306,2,-0.476,20.068,-0.068,6.0008,-0.0106,0.0054,1.0,-0.0056,-0.114,-18.542
Car B,2327,155.1333,7,85.848,2,-19.018,20.425,-0.425,5.9526,-0.231,1.4932,1.0,0.9061,25.0,18.542
Car A,2328,155.2,7,67.706,2,-0.876,20.067,-0.067,6.0022,0.0202,0.0027,1.0,-0.0048,-0.135,-18.538
Car B,2328,155.2,7,86.244,2,-19.414,20.406,-0.406,5.9409,-0.1756,2.2192,1.0,0.7698,22.657,18.538
Car A,2329,155.2667,7,68.107,2,-1.276,20.066,-0.066,6.0039,0.0251,-0.0514,1.0,-0.0011,-0.118,-18.532
Car B,2329,155.2667,7,86.639,2,-19.809,20.371,-0.371,5.9309,-0.1506,2.7801,1.0,1.0,19.249,18.532
Car A,2330,155.3333,7,68.507,2,-1.677,20.066,-0.066,5.9987,-0.0775,0.0718,1.0,-0.0039,-0.032,-18.498
Car B,2330,155.3333,7,87.006,2,-20.201,20.319,-0.333,5.9189,-0.1793,3.254,1.0,1.0,24.991,18.498
Car A,2331,155.4,7,68.907,2,-2.077,20.066,-0.066,6.0,0.0198,0.0258,1.0,-0.0028,-0.091,-18.492
Car B,2331,155.4,7,87.399,2,-20.59,20.248,-0.294,5.9084,-0.1578,3.6047,1.0,1.0,25.0,18.492
Car A,2332,155.4667,7,69.307,2,-2.477,20.065,-0.065,5.9991,-0.014,-0.0471,1.0,-0.0003,-0.067,-18.464
Car B,2332,155.4667,7,87.772,2,-20.975,20.159,-0.236,5.8989,-0.1422,3.8802,1.0,1.0,25.0,18.464
Car A,2333,155.5333,7,69.707,2,-2.877,20.066,-0.066,5.9979,-0.0176,-0.0237,1.0,0.0005,-0.008,-18.44
Car B,2333,155.5333,7,88.147,2,-21.354,20.052,-0.219,5.8906,-0.1243,4.0919,1.0,1.0,25.0,18.44
Car A,2334,155.6,7,70.107,2,-3.277,20.066,-0.066,5.9998,0.0287,0.0321,1.0,-0.0012,0.012,-18.432
Car B,2334,155.6,7,88.539,2,-21.728,19.925,-0.183,5.8834,-0.1086,4.2535,1.0,1.0,24.999,18.432
Car A,2335,155.6667,7,70.507,2,-3.677,20.065,-0.065,6.0026,0.0423,-0.0179,1.0,0.0003,-0.027,-18.399
Car B,2335,155.6667,7,88.907,2,-22.094,19.779,-0.159,5.8771,-0.0949,4.3822,1.0,1.0,24.999,18.399
Car A,2336,155.7333,7,70.907,2,-4.077,20.065,-0.065,6.0014,-0.0182,0.0195,1.0,-0.0005,0.007,-18.393
Car B,2336,155.7333,7,89.3,3,-22.451,19.614,-0.144,5.8715,-0.0836,4.4823,1.0,1.0,24.999,18.393
Car A,2337,155.8,7,71.307,2,-4.477,20.065,-0.065,6.0016,0.0026,-0.0021,1.0,-0.0004,-0.011,-18.367
Car B,2337,155.8,7,89.674,3,-22.799,19.431,-0.112,5.8665,-0.0749,4.5608,1.0,1.0,24.999,18.367
Car A,2338,155.8667,7,71.708,2,-4.877,20.065,-0.065,6.0006,-0.0145,0.0026,1.0,-0.0001,-0.01,-18.36
Car B,2338,155.8667,7,90.067,3,-23.137,19.23,-0.117,5.862,-0.067,4.6245,1.0,1.0,24.999,18.36
Car A,2339,155.9333,7,72.108,2,-5.277,20.065,-0.065,6.0006,-0.0011,-0.0068,1.0,0.0001,-0.003,-18.352
Car B,2339,155.9333,7,90.46,3,-23.463,19.011,-0.1,5.858,-0.0604,4.6735,1.0,1.0,24.999,18.352
Car A,2340,156.0,7,72.508,2,-5.678,20.065,-0.065,6.0005,-0.0004,0.0094,1.0,0.0004,0.001,-18.33
Car B,2340,156.0,7,90.838,3,-23.776,18.775,-0.102,5.8543,-0.0553,4.7115,1.0,1.0,24.999,18.33
Car A,2341,156.0667,7,72.908,2,-6.078,20.065,-0.065,6.0005,0.0001,0.0026,1.0,0.0013,0.011,-18.322
Car B,2341,156.0667,7,91.23,3,-24.077,18.522,-0.104,5.8508,-0.0527,4.7422,1.0,1.0,24.999,18.322
Car A,2342,156.1333,7,73.308,2,-6.478,20.065,-0.065,6.0005,0.0001,-0.0011,1.0,0.0021,0.03,-18.3
Car B,2342,156.1333,7,91.608,3,-24.362,18.253,-0.098,5.8476,-0.0476,4.766,1.0,1.0,24.999,18.3
Car A,2343,156.2,7,73.708,2,-6.878,20.065,-0.065,6.0007,0.0022,-0.0065,1.0,0.0037,0.051,-18.291
Car B,2343,156.2,7,91.999,3,-24.633,17.969,-0.119,5.8446,-0.0452,4.7857,1.0,1.0,24.999,18.291
Car A,2344,156.2667,7,74.108,2,-7.278,20.065,-0.065,6.0006,-0.0009,-0.0072,1.0,0.0045,0.088,-18.283
Car B,2344,156.2667,7,92.391,3,-24.887,17.671,-0.118,5.8418,-0.0432,4.8004,1.0,1.0,24.999,18.283
Car A,2345,156.3333,7,74.508,2,-7.678,20.065,-0.065,6.0017,0.0159,0.0106,1.0,0.0057,0.108,-18.255
Car B,2345,156.3333,7,92.763,3,-25.124,17.359,-0.143,5.8391,-0.0401,4.8119,1.0,1.0,24.999,18.255
Car A,2346,156.4,7,74.908,2,-8.078,20.065,-0.065,6.0022,0.0084,0.0238,1.0,0.0063,0.138,-18.246
Car B,2346,156.4,7,93.154,3,-25.344,17.035,-0.161,5.8364,-0.0398,4.8228,1.0,1.0,24.999,18.246
Car A,2347,156.4667,7,75.308,2,-8.478,20.065,-0.065,6.0032,0.0146,0.0233,1.0,0.0075,0.154,-18.211
Car B,2347,156.4667,7,93.52,3,-25.545,16.699,-0.175,5.834,-0.0368,4.8295,1.0,1.0,24.999,18.211
Car A,2348,156.5333,7,75.709,2,-8.878,20.065,-0.065,6.003,-0.0033,0.0214,1.0,0.0084,0.181,-18.201
Car B,2348,156.5333,7,93.909,3,-25.728,16.353,-0.211,5.8315,-0.0365,4.8347,1.0,1.0,24.999,18.201
Car A,2349,156.6,7,76.109,2,-9.279,20.065,-0.065,6.0034,0.0056,0.0292,1.0,0.0081,0.203,-18.191
Car B,2349,156.6,7,94.3,3,-25.891,15.998,-0.225,5.8292,-0.0352,4.8395,1.0,1.0,24.999,18.191
Car A,2350,156.6667,7,76.509,2,-9.679,20.064,-0.064,6.005,0.0239,0.0394,1.0,0.0081,0.196,-18.144
Car B,2350,156.6667,7,94.653,3,-26.034,15.634,-0.267,5.8269,-0.0348,4.844,1.0,1.0,24.999,18.144
Car A,2351,156.7333,7,76.909,2,-10.079,20.064,-0.064,6.0046,-0.0049,0.0346,1.0,0.0068,0.196,-18.133
Car B,2351,156.7333,7,95.042,3,-26.156,15.263,-0.299,5.8246,-0.0335,4.847,1.0,1.0,24.999,18.133
Car A,2352,156.8,7,77.31,2,-10.48,20.063,-0.063,6.0062,0.0233,0.0197,1.0,0.006,0.167,-18.073
Car B,2352,156.8,7,95.383,3,-26.258,14.886,-0.326,5.8224,-0.0331,4.8489,1.0,1.0,24.999,18.073
Car A,2353,156.8667,7,77.71,2,-10.88,20.062,-0.062,6.0052,-0.0146,0.0377,1.0,0.0009,0.148,-18.06
Car B,2353,156.8667,7,95.77,3,-26.338,14.503,-0.377,5.8203,-0.0325,4.8513,1.0,1.0,24.999,18.06
Car A,2354,156.9333,7,78.111,2,-11.281,20.06,-0.06,6.0096,0.0664,0.0318,1.0,-0.0038,0.026,-18.049
Car B,2354,156.9333,7,96.159,3,-26.397,14.118,-0.405,5.8182,-0.0313,4.8523,1.0,0.4316,24.999,18.049
Car A,2355,157.0,7,78.511,2,-11.681,20.059,-0.059,6.002,-0.1141,-0.0276,1.0,-0.0056,-0.089,-18.005
Car B,2355,157.0,7,96.516,3,-26.442,13.729,-0.442,5.8726,0.8166,3.7779,1.0,0.3189,10.812,18.005
Car A,2356,157.0667,7,78.911,2,-12.081,20.058,-0.058,6.0011,-0.0142,-0.0084,1.0,-0.0132,-0.135,-17.999
Car B,2356,157.0667,7,96.91,3,-26.48,13.335,-0.48,5.9509,1.1734,2.8942,1.0,0.0738,7.976,17.999
Car A,2357,157.1333,7,79.311,2,-12.481,20.058,-0.058,6.0107,0.1435,-0.1473,1.0,-0.0089,-0.309,-17.994
Car B,2357,157.1333,7,97.306,3,-26.517,12.939,-0.517,5.97,0.2868,1.3785,1.0,0.1368,1.854,17.994
Car A,2358,157.2,7,79.712,2,-12.882,20.058,-0.058,6.0099,-0.0109,-0.0599,1.0,-0.0212,-0.22,-17.99
Car B,2358,157.2,7,97.702,3,-26.556,12.543,-0.556,5.9724,0.0359,1.3528,1.0,0.1289,3.417,17.99
Car A,2359,157.2667,7,80.113,2,-13.283,20.06,-0.06,6.0135,0.0529,-0.1968,1.0,-0.0142,-0.517,-17.989
Car B,2359,157.2667,7,98.102,3,-26.59,12.144,-0.59,6.0291,0.8516,1.235,1.0,0.1305,3.221,17.989
Car A,2360,157.3333,7,80.514,2,-13.684,20.062,-0.062,6.0164,0.0439,-0.0748,1.0,-0.0294,-0.353,-17.988
Car B,2360,157.3333,7,98.501,3,-26.618,11.744,-0.618,5.9948,-0.5151,1.2863,1.0,0.1225,3.26,17.988
Car A,2361,157.4,7,80.915,2,-14.085,20.066,-0.066,6.0035,-0.1931,-0.3021,1.0,-0.0089,-0.732,-17.987
Car B,2361,157.4,7,98.902,3,-26.641,11.343,-0.641,6.0051,0.1542,1.2347,1.0,0.1195,3.062,17.987
Car A,2362,157.4667,7,81.315,2,-14.485,20.07,-0.07,6.0131,0.144,-0.1657,1.0,-0.0141,-0.225,-17.988
Car B,2362,157.4667,7,99.304,3,-26.659,10.942,-0.659,6.024,0.2841,1.1567,1.0,0.124,2.988,17.988
Car A,2363,157.5333,7,81.716,2,-14.886,20.073,-0.073,6.0027,-0.1565,-0.0168,1.0,-0.0285,-0.336,-17.99
Car B,2363,157.5333,7,99.705,3,-26.672,10.54,-0.672,6.0365,0.1875,1.1988,1.0,0.1203,3.099,17.99
Car A,2364,157.6,7,82.116,2,-15.286,20.079,-0.079,5.9928,-0.1489,-0.287,1.0,0.0367,-0.696,-17.992
Car B,2364,157.6,7,100.108,3,-26.679,10.137,-0.679,6.0661,0.4441,1.1807,1.0,0.1205,3.006,17.992
Car A,2365,157.6667,7,82.516,2,-15.686,20.081,-0.081,5.9946,0.0281,0.3677,1.0,-0.0293,0.915,-17.998
Car B,2365,157.6667,7,100.514,3,-26.682,9.732,-0.682,6.085,0.2824,1.2209,1.0,0.1077,3.005,17.998
Car A,2366,157.7333,7,82.915,2,-16.085,20.085,-0.085,5.9956,0.0145,-0.2982,1.0,0.4144,-0.727,-18.003
Car B,2366,157.7333,7,100.918,3,-26.68,9.327,-0.68,6.0318,-0.7975,1.0579,1.0,0.0221,2.694,18.003
Car A,2367,157.8,7,83.315,2,-16.485,20.087,-0.087,5.9938,-0.0268,0.6764,1.0,0.2196,10.342,-18.005
Car B,2367,157.8,7,101.32,3,-26.679,8.926,-0.679,6.0124,-0.2907,0.2125,1.0,0.1781,0.549,18.005
Car A,2368,157.8667,7,83.714,2,-16.884,20.076,-0.076,5.9894,-0.0662,1.549,1.0,0.909,5.497,-18.006
Car B,2368,157.8667,7,101.72,3,-26.676,8.525,-0.676,6.0092,-0.0474,0.9684,1.0,-0.0099,4.446,18.006
Car A,2369,157.9333,7,84.113,2,-17.282,20.051,-0.051,5.9836,-0.0874,1.9212,1.0,0.1277,22.699,-18.008
Car B,2369,157.9333,7,102.121,3,-26.669,8.124,-0.669,6.0097,0.007,0.0451,1.0,0.9811,-0.241,18.008
Car A,2370,158.0,7,84.51,2,-17.68,20.018,-0.018,5.9837,0.0014,1.3865,0.8916,-0.245,3.221,-18.011
Car B,2370,158.0,7,102.521,3,-26.661,7.724,-0.661,6.0072,-0.0377,0.7204,1.0,0.6933,24.489,18.011
Car A,2371,158.0667,7,84.907,2,-18.077,19.99,0.01,5.9702,-0.2018,0.0776,0.8476,0.1325,-6.111,-18.014
Car B,2371,158.0667,7,102.921,3,-26.641,7.325,-0.641,5.9923,-0.2241,1.8248,1.0,0.292,17.344,18.014
Car A,2372,158.1333,7,85.303,2,-18.473,19.966,0.034,5.9307,-0.5926,0.659,0.7071,-0.242,3.297,-18.016
Car B,2372,158.1333,7,103.319,3,-26.606,6.926,-0.606,6.0018,0.1425,2.3328,1.0,0.8667,7.314,18.016
Car A,2373,158.2,7,85.694,2,-18.864,19.94,0.06,5.8626,-1.0221,-0.2346,1.0,1.0,-6.036,-18.022
Car B,2373,158.2,7,103.716,3,-26.556,6.529,-0.556,5.9886,-0.1979,2.8794,1.0,0.4279,21.643,18.022
Car A,2374,158.2667,7,86.083,2,-19.253,19.914,0.086,5.853,-0.1439,0.4075,1.0,1.0,24.953,-18.027
Car B,2374,158.2667,7,104.111,3,-26.489,6.134,-0.489,5.9876,-0.0148,3.2341,1.0,1.0,10.712,18.027
Car A,2375,158.3333,7,86.472,2,-19.642,19.879,0.121,5.8417,-0.1686,1.4999,1.0,0.6383,24.999,-17.997
Car B,2375,158.3333,7,104.469,3,-26.405,5.744,-0.423,5.9749,-0.1895,3.5832,1.0,1.0,24.977,17.997
Car A,2376,158.4,7,86.871,2,-20.028,19.828,0.17,5.8326,-0.1364,2.2087,1.0,1.0,15.97,-17.991
Car B,2376,158.4,7,104.862,3,-26.302,5.358,-0.351,5.9645,-0.1559,3.8755,1.0,0.9095,24.999,17.991
Car A,2377,158.4667,7,87.259,2,-20.411,19.761,0.206,5.8206,-0.1797,2.8015,1.0,0.9148,24.986,-17.95
Car B,2377,158.4667,7,105.209,3,-26.18,4.978,-0.267,5.9569,-0.1145,4.0796,1.0,1.0,22.742,17.95
Car A,2378,158.5333,7,87.643,2,-20.79,19.677,0.26,5.8116,-0.1354,3.2345,1.0,0.9046,22.873,-17.961
Car B,2378,158.5333,7,105.604,3,-26.04,4.605,-0.218,5.9488,-0.1216,4.2501,1.0,1.0,24.996,17.961
Car A,2379,158.6,7,88.074,2,-21.165,19.575,0.289,5.8033,-0.1253,3.5832,1.0,1.0,22.614,-17.922
Car B,2379,158.6,7,105.996,3,-25.882,4.24,-0.149,5.9416,-0.1084,4.378,1.0,1.0,24.999,17.922
Car A,2380,158.6667,7,88.461,2,-21.534,19.455,0.319,5.7952,-0.1207,3.8648,1.0,1.0,24.996,-17.911
Car B,2380,158.6667,7,106.371,3,-25.704,3.883,-0.099,5.935,-0.0981,4.4794,1.0,1.0,24.999,17.911
Car A,2381,158.7333,7,88.901,2,-21.897,19.317,0.343,5.7884,-0.102,4.0755,1.0,1.0,24.999,-17.865
Car B,2381,158.7333,7,106.766,3,-25.509,3.537,-0.05,5.9291,-0.0889,4.5574,1.0,1.0,24.999,17.865
Car A,2382,158.8,7,89.289,3,-22.251,19.161,0.352,5.7826,-0.0879,4.2431,1.0,1.0,24.999,-17.87
Car B,2382,158.8,7,107.159,3,-25.295,3.202,0.005,5.9237,-0.0812,4.6212,1.0,1.0,24.999,17.87
Car A,2383,158.8667,7,89.734,3,-22.597,18.986,0.373,5.7776,-0.0739,4.3694,1.0,1.0,24.999,-17.82
Car B,2383,158.8667,7,107.555,3,-25.065,2.88,0.033,5.9187,-0.0749,4.6696,1.0,1.0,24.999,17.82
Car A,2384,158.9333,7,90.121,3,-22.933,18.793,0.362,5.7734,-0.064,4.4725,1.0,1.0,24.999,-17.827
Car B,2384,158.9333,7,107.948,3,-24.817,2.57,0.082,5.9141,-0.0696,4.7095,1.0,1.0,24.999,17.827
Car A,2385,159.0,7,90.508,3,-23.257,18.583,0.372,5.7698,-0.0541,4.5509,1.0,1.0,24.999,-17.85
Car B,2385,159.0,7,108.358,3,-24.553,2.274,0.099,5.9097,-0.0654,4.7406,1.0,1.0,24.999,17.85
Car A,2386,159.0667,7,90.953,3,-23.57,18.355,0.351,5.7667,-0.0466,4.6156,1.0,1.0,24.999,-17.8
Car B,2386,159.0667,7,108.753,3,-24.274,1.993,0.129,5.9056,-0.0613,4.7641,1.0,1.0,24.999,17.8
Car A,2387,159.1333,7,91.34,3,-23.87,18.111,0.342,5.764,-0.04,4.6658,1.0,1.0,24.999,-17.832
Car B,2387,159.1333,7,109.171,3,-23.98,1.728,0.148,5.9018,-0.058,4.7827,1.0,1.0,24.999,17.832
Car A,2388,159.2,7,91.779,3,-24.155,17.851,0.321,5.7616,-0.0353,4.7091,1.0,1.0,24.999,-17.788
Car B,2388,159.2,7,109.567,3,-23.673,1.479,0.158,5.898,-0.0562,4.798,1.0,1.0,24.999,17.788
Car A,2389,159.2667,7,92.165,3,-24.426,17.575,0.294,5.7596,-0.0299,4.7405,1.0,1.0,24.999,-17.825
Car B,2389,159.2667,7,109.99,3,-23.352,1.248,0.178,5.8944,-0.0541,4.8102,1.0,1.0,24.999,17.825
Car A,2390,159.3333,7,92.595,3,-24.681,17.285,0.274,5.7578,-0.0276,4.7661,1.0,1.0,24.999,-17.79
Car B,2390,159.3333,7,110.385,3,-23.02,1.034,0.17,5.891,-0.0515,4.8189,1.0,1.0,24.999,17.79
Car A,2391,159.4,7,92.979,3,-24.92,16.981,0.229,5.7561,-0.0252,4.7855,1.0,1.0,24.999,-17.801
Car B,2391,159.4,7,110.78,3,-22.676,0.839,0.183,5.8876,-0.0513,4.8271,1.0,0.8311,24.999,17.801
Car A,2392,159.4667,7,93.364,3,-25.141,16.664,0.206,5.7547,-0.0221,4.8009,1.0,1.0,24.999,-17.838
Car B,2392,159.4667,7,111.203,3,-22.323,0.664,0.163,5.8869,-0.009,4.8071,1.0,1.0,20.782,17.838
Car A,2393,159.5333,7,93.778,3,-25.344,16.336,0.15,5.7533,-0.0203,4.8157,1.0,1.0,24.999,-17.819
Car B,2393,159.5333,7,111.597,3,-21.96,0.508,0.157,5.8834,-0.0528,4.8474,1.0,1.0,24.993,17.819
Car A,2394,159.6,7,94.162,3,-25.528,15.997,0.11,5.752,-0.0194,4.824,1.0,1.0,24.999,-17.854
Car B,2394,159.6,7,112.016,3,-21.59,0.372,0.138,5.8804,-0.0453,4.8382,1.0,1.0,24.999,17.854
Car A,2395,159.6667,7,94.56,3,-25.693,15.648,0.061,5.7508,-0.0178,4.8324,1.0,1.0,24.999,-17.85
Car B,2395,159.6667,7,112.41,3,-21.213,0.257,0.114,5.8772,-0.0476,4.8386,1.0,1.0,24.999,17.85
Car A,2396,159.7333,7,94.941,3,-25.838,15.29,0.003,5.7497,-0.0173,4.8387,1.0,1.0,24.999,-17.879
Car B,2396,159.7333,7,112.82,3,-20.83,0.162,0.097,5.8742,-0.0456,4.8415,1.0,1.0,24.999,17.879
Car A,2397,159.8,7,95.32,3,-25.963,14.925,-0.036,5.7486,-0.0163,4.8446,1.0,1.0,24.999,-17.892
Car B,2397,159.8,7,113.212,3,-20.443,0.089,0.054,5.8712,-0.045,4.8434,1.0,0.5492,24.999,17.892
Car A,2398,159.8667,7,95.698,3,-26.067,14.554,-0.11,5.7475,-0.0156,4.8473,1.0,1.0,24.999,-17.908
Car B,2398,159.8667,7,113.607,3,-20.051,0.034,0.029,5.924,0.7915,4.3728,1.0,0.3764,13.747,17.908
Car A,2399,159.9333,7,96.08,3,-26.15,14.177,-0.163,5.7465,-0.0153,4.8498,1.0,1.0,24.999,-17.924
Car B,2399,159.9333,7,114.005,3,-19.656,-0.011,-0.011,5.9873,0.9497,3.4331,1.0,0.627,9.416,17.924
Car A,2400,160.0,7,96.449,3,-26.212,13.797,-0.212,5.7456,-0.014,4.8526,1.0,1.0,24.999,-17.955
Car B,2400,160.0,7,114.404,3,-19.257,-0.042,-0.042,5.9801,-0.1071,3.6906,1.0,0.2192,15.664,17.955
Car A,2401,160.0667,7,96.832,3,-26.252,13.413,-0.252,5.7447,-0.014,4.8548,1.0,1.0,24.999,-17.971
Car B,2401,160.0667,7,114.803,3,-18.857,-0.064,-0.064,6.0171,0.5545,2.1356,1.0,0.0861,5.494,17.971
Car A,2402,160.1333,7,97.217,3,-26.27,13.028,-0.27,5.7437,-0.0137,4.8565,1.0,1.0,24.999,-17.987
Car B,2402,160.1333,7,115.204,3,-18.456,-0.09,-0.09,6.0171,0.0003,0.8478,1.0,0.1024,2.157,17.987
Car A,2403,160.2,7,97.603,3,-26.267,12.643,-0.267,5.7428,-0.0134,4.8577,1.0,1.0,24.999,-18.002
Car B,2403,160.2,7,115.604,3,-18.056,-0.116,-0.116,5.9994,-0.2665,1.0056,1.0,0.0996,2.558,18.002
Car A,2404,160.2667,7,97.987,3,-26.242,12.258,-0.242,5.742,-0.0133,4.8582,1.0,0.0222,24.999,-18.017
Car B,2404,160.2667,7,116.004,3,-17.656,-0.138,-0.138,6.0225,0.3475,0.9614,1.0,0.0983,2.491,18.017
Car A,2405,160.3333,7,98.371,3,-26.204,11.874,-0.204,5.7824,0.6062,3.3758,1.0,-0.0613,0.593,-18.033
Car B,2405,160.3333,7,116.404,3,-17.256,-0.155,-0.155,5.98,-0.6383,1.0044,1.0,0.0893,2.456,18.033
Car A,2406,160.4,7,98.757,3,-26.171,11.488,-0.171,5.8151,0.4913,1.1714,1.0,-0.0761,-1.528,-18.047
Car B,2406,160.4,7,116.804,3,-16.856,-0.169,-0.169,5.9898,0.1477,0.9049,1.0,0.0866,2.231,18.047
Car A,2407,160.4667,7,99.145,3,-26.151,11.1,-0.151,5.8278,0.1898,-0.1807,1.0,-0.0607,-1.902,-18.06
Car B,2407,160.4667,7,117.205,3,-16.456,-0.18,-0.18,5.9901,0.0039,0.8482,1.0,0.0787,2.165,18.06
Car A,2408,160.5333,7,99.536,3,-26.139,10.709,-0.139,5.9121,1.2645,-0.5901,1.0,-0.0236,-1.511,-18.068
Car B,2408,160.5333,7,117.605,3,-16.056,-0.187,-0.187,5.9828,-0.1098,0.7811,1.0,0.0515,1.967,18.068
Car A,2409,160.6,7,99.934,3,-26.127,10.311,-0.127,6.0033,1.368,-0.2165,1.0,-0.0193,-0.586,-18.072
Car B,2409,160.6,7,118.006,3,-15.655,-0.194,-0.194,6.0143,0.4731,0.5213,1.0,0.0812,1.289,18.072
Car A,2410,160.6667,7,100.334,3,-26.115,9.911,-0.115,6.0114,0.1213,-0.1911,1.0,0.0254,-0.471,-18.073
Car B,2410,160.6667,7,118.407,3,-15.254,-0.196,-0.196,5.9975,-0.2516,0.7935,1.0,-0.0357,2.029,18.073
Car A,2411,160.7333,7,100.734,3,-26.1,9.511,-0.1,6.015,0.0545,0.2744,1.0,-0.0236,0.624,-18.072
Car B,2411,160.7333,7,118.807,3,-14.854,-0.2,-0.2,5.9988,0.0197,-0.2545,1.0,0.0934,-0.887,18.072
Car A,2412,160.8,7,101.135,3,-26.086,9.111,-0.086,5.9916,-0.3509,-0.1591,0.849,0.0372,-0.571,-18.072
Car B,2412,160.8,7,119.207,3,-14.454,-0.206,-0.206,5.9975,-0.0206,0.5735,1.0,0.025,2.33,18.072
Car A,2413,160.8667,7,101.527,3,-26.071,8.718,-0.071,5.8328,-2.3826,0.2772,0.8875,-0.0743,0.927,-18.079
Car B,2413,160.8667,7,119.607,3,-14.054,-0.207,-0.207,6.0212,0.3558,0.2915,1.0,0.0866,0.621,18.079
Car A,2414,160.9333,7,101.912,3,-26.058,8.333,-0.058,5.7491,-1.2547,-0.4888,0.8949,-0.0134,-1.853,-18.096
Car B,2414,160.9333,7,120.008,3,-13.652,-0.205,-0.205,6.0193,-0.0279,0.8288,1.0,-0.0204,2.163,18.096
Car A,2415,161.0,7,102.29,3,-26.048,7.955,-0.048,5.6107,-2.0762,-0.1065,1.0,1.0,-0.338,-18.119
Car B,2415,161.0,7,120.409,3,-13.251,-0.202,-0.202,6.0116,-0.1164,-0.18,1.0,0.0919,-0.505,18.119
Car A,2416,161.0667,7,102.664,3,-26.031,7.581,-0.031,5.6119,0.0186,0.616,1.0,0.947,24.962,-18.146
Car B,2416,161.0667,7,120.81,3,-12.85,-0.2,-0.2,6.009,-0.0386,0.6955,1.0,-0.0044,2.294,18.146
Car A,2417,161.1333,7,103.037,3,-26.003,7.208,-0.003,5.6032,-0.1303,1.6631,1.0,1.0,23.677,-18.173
Car B,2417,161.1333,7,121.21,3,-12.45,-0.194,-0.194,6.0023,-0.0999,-0.0508,1.0,0.086,-0.093,18.173
Car A,2418,161.2,7,103.408,3,-25.959,6.837,0.041,5.5943,-0.1334,2.3419,1.0,0.8589,24.998,-18.202
Car B,2418,161.2,7,121.61,3,-12.05,-0.187,-0.187,6.0015,-0.013,0.7892,1.0,-0.1703,2.147,18.202
Car A,2419,161.2667,7,103.776,3,-25.898,6.469,0.102,5.5882,-0.0916,2.8447,1.0,-0.344,21.478,-18.234
Car B,2419,161.2667,7,122.01,3,-11.65,-0.179,-0.179,6.0019,0.0057,-0.2696,1.0,0.0807,-4.246,18.234
Car A,2420,161.3333,7,104.144,3,-25.831,6.101,0.169,5.6071,0.2834,1.686,1.0,-0.4552,-8.556,-18.267
Car B,2420,161.3333,7,122.41,3,-11.25,-0.175,-0.175,6.0007,-0.0176,0.4354,1.0,-0.1346,2.007,18.267
Car A,2421,161.4,7,104.531,3,-25.77,5.732,0.208,5.6202,0.1957,0.0753,1.0,1.0,-11.376,-18.28
Car B,2421,161.4,7,122.81,3,-10.85,-0.168,-0.168,5.9983,-0.0353,-0.376,1.0,0.072,-3.356,18.28
Car A,2422,161.4667,7,104.903,3,-25.712,5.363,0.237,5.6102,-0.1497,0.666,1.0,0.9307,24.945,-18.307
Car B,2422,161.4667,7,123.21,3,-10.45,-0.164,-0.164,5.9972,-0.0172,0.3712,1.0,-0.1671,1.792,18.307
Car A,2423,161.5333,7,105.318,3,-25.645,4.994,0.257,5.6065,-0.0555,1.5404,1.0,1.0,23.269,-18.292
Car B,2423,161.5333,7,123.61,3,-10.051,-0.158,-0.158,5.9945,-0.04,-0.4218,1.0,0.0691,-4.169,18.292
Car A,2424,161.6,7,105.691,3,-25.563,4.63,0.253,5.5981,-0.1263,2.2434,1.0,1.0,24.997,-18.318
Car B,2424,161.6,7,124.009,3,-9.651,-0.155,-0.155,5.9948,0.0049,0.3438,1.0,-0.1683,1.717,18.318
Car A,2425,161.6667,7,106.065,3,-25.464,4.269,0.265,5.5895,-0.1282,2.7956,1.0,1.0,25.0,-18.344
Car B,2425,161.6667,7,124.409,3,-9.252,-0.149,-0.149,5.9914,-0.0517,-0.4409,1.0,0.0658,-4.198,18.344
Car A,2426,161.7333,7,106.479,3,-25.349,3.914,0.242,5.582,-0.1129,3.2296,1.0,1.0,25.0,-18.329
Car B,2426,161.7333,7,124.808,3,-8.852,-0.147,-0.147,5.9919,0.0081,0.3313,1.0,-0.1595,1.636,18.329
Car A,2427,161.8,7,106.852,3,-25.216,3.565,0.231,5.5756,-0.0967,3.5701,1.0,1.0,25.0,-18.355
Car B,2427,161.8,7,125.207,3,-8.453,-0.142,-0.142,5.9891,-0.0419,-0.4764,1.0,0.0726,-3.979,18.355
Car A,2428,161.8667,7,107.261,3,-25.066,3.223,0.211,5.5704,-0.0775,3.8421,1.0,1.0,25.0,-18.346
Car B,2428,161.8667,7,125.606,3,-8.054,-0.141,-0.141,5.9892,0.0004,0.3048,1.0,-0.1317,1.805,18.346
Car A,2429,161.9333,7,107.633,3,-24.899,2.89,0.18,5.5664,-0.0597,4.0565,1.0,1.0,25.0,-18.373
Car B,2429,161.9333,7,126.006,3,-7.655,-0.137,-0.137,5.9872,-0.0292,-0.4421,1.0,0.074,-3.285,18.373
Car A,2430,162.0,7,108.032,3,-24.714,2.566,0.167,5.5636,-0.0429,4.2216,1.0,1.0,24.999,-18.373
Car B,2430,162.0,7,126.405,3,-7.256,-0.137,-0.137,5.9864,-0.012,0.3294,1.0,-0.1341,1.841,18.373
Car A,2431,162.0667,7,108.402,3,-24.511,2.253,0.117,5.5616,-0.0296,4.3545,1.0,1.0,24.999,-18.402
Car B,2431,162.0667,7,126.804,3,-6.857,-0.133,-0.133,5.9851,-0.0193,-0.423,1.0,0.0751,-3.345,18.402
Car A,2432,162.1333,7,108.773,3,-24.292,1.951,0.088,5.5604,-0.0179,4.4584,1.0,1.0,24.999,-18.429
Car B,2432,162.1333,7,127.203,3,-6.458,-0.133,-0.133,5.9849,-0.0029,0.3392,1.0,-0.1327,1.869,18.429
Car A,2433,162.2,7,109.157,3,-24.056,1.662,0.048,5.5598,-0.0084,4.5402,1.0,1.0,24.999,-18.445
Car B,2433,162.2,7,127.601,3,-6.059,-0.13,-0.13,5.9832,-0.0254,-0.4218,1.0,0.0764,-3.309,18.445
Car A,2434,162.2667,7,109.527,3,-23.805,1.386,0.002,5.5598,-0.0005,4.6066,1.0,1.0,24.999,-18.473
Car B,2434,162.2667,7,128.0,3,-5.66,-0.13,-0.13,5.9831,-0.0021,0.3443,1.0,-0.1232,1.902,18.473
Car A,2435,162.3333,7,109.896,3,-23.538,1.125,-0.023,5.5602,0.0058,4.6603,1.0,1.0,24.999,-18.503
Car B,2435,162.3333,7,128.399,3,-5.261,-0.128,-0.128,5.9816,-0.0226,-0.411,1.0,0.0762,-3.072,18.503
Car A,2436,162.4,7,110.264,3,-23.256,0.88,-0.085,5.5609,0.0112,4.7029,1.0,1.0,24.999,-18.534
Car B,2436,162.4,7,128.798,3,-4.863,-0.128,-0.128,5.9819,0.0047,0.3467,1.0,-0.12,1.896,18.534
Car A,2437,162.4667,7,110.635,3,-22.961,0.651,-0.126,5.5619,0.0144,4.7384,1.0,1.0,24.999,-18.561
Car B,2437,162.4667,7,129.196,3,-4.464,-0.126,-0.126,5.9806,-0.0198,-0.4103,1.0,0.078,-2.992,18.561
Car A,2438,162.5333,7,110.983,3,-22.653,0.439,-0.171,5.5632,0.0189,4.7646,1.0,1.0,24.999,-18.612
Car B,2438,162.5333,7,129.595,3,-4.065,-0.127,-0.127,5.9799,-0.0098,0.3499,1.0,-0.1281,1.941,18.612
Car A,2439,162.6,7,111.352,3,-22.334,0.246,-0.228,5.5645,0.0202,4.7874,1.0,1.0,24.999,-18.641
Car B,2439,162.6,7,129.994,3,-3.667,-0.125,-0.125,5.9789,-0.0154,-0.408,1.0,0.0779,-3.193,18.641
Car A,2440,162.6667,7,111.725,3,-22.004,0.071,-0.263,5.566,0.0229,4.8044,1.0,1.0,24.999,-18.668
Car B,2440,162.6667,7,130.392,3,-3.268,-0.126,-0.126,5.9794,0.0071,0.3509,1.0,-0.1197,1.94,18.668
Car A,2441,162.7333,7,112.051,3,-21.664,-0.085,-0.324,5.5676,0.0243,4.8186,1.0,1.0,24.999,-18.74
Car B,2441,162.7333,7,130.791,3,-2.87,-0.125,-0.125,5.9782,-0.0184,-0.4087,1.0,0.0766,-2.984,18.74
Car A,2442,162.8,7,112.421,3,-21.315,-0.221,-0.375,5.5693,0.0246,4.8303,1.0,1.0,24.999,-18.768
Car B,2442,162.8,7,131.189,3,-2.471,-0.127,-0.127,5.978,-0.0019,0.3486,1.0,-0.1261,1.908,18.768
Car A,2443,162.8667,7,112.73,3,-20.959,-0.336,-0.411,5.571,0.0265,4.8379,1.0,1.0,24.999,-18.857
Car B,2443,162.8667,7,131.588,3,-2.073,-0.125,-0.125,5.977,-0.0157,-0.4098,1.0,0.0726,-3.145,18.857
Car A,2444,162.9333,7,113.099,3,-20.597,-0.431,-0.477,5.5728,0.0267,4.8448,1.0,1.0,24.999,-18.887
Car B,2444,162.9333,7,131.986,3,-1.674,-0.127,-0.127,5.9774,0.0066,0.3478,1.0,-0.1411,1.806,18.887
Car A,2445,163.0,7,113.47,3,-20.23,-0.505,-0.521,5.5745,0.0255,4.8508,1.0,1.0,24.999,-18.914
Car B,2445,163.0,7,132.385,3,-1.276,-0.127,-0.127,5.9757,-0.0262,-0.4213,1.0,0.0761,-3.518,18.914
Car A,2446,163.0667,7,113.801,3,-19.859,-0.557,-0.557,5.5763,0.0273,4.8549,1.0,1.0,24.999,-18.982
Car B,2446,163.0667,7,132.783,3,-0.877,-0.13,-0.13,5.9762,0.0079,0.3441,1.0,-0.147,1.895,18.982
Car A,2447,163.1333,7,114.174,3,-19.486,-0.588,-0.588,5.5781,0.0262,4.8587,1.0,1.0,24.999,-19.007
Car B,2447,163.1333,7,133.181,3,-0.479,-0.129,-0.129,5.9747,-0.0224,-0.4193,1.0,0.0728,-3.666,19.007
Car A,2448,163.2,7,114.549,3,-19.111,-0.597,-0.597,5.5799,0.0269,4.8611,1.0,1.0,24.999,-19.031
Car B,2448,163.2,7,133.58,3,-0.081,-0.133,-0.133,5.9758,0.0169,0.3427,1.0,-0.1453,1.812,19.031
Car A,2449,163.2667,7,114.923,3,-18.737,-0.584,-0.584,5.5816,0.0262,4.8635,1.0,1.0,24.999,-19.054
Car B,2449,163.2667,8,0.317,1,0.317,-0.133,-0.133,5.9739,-0.0285,-0.4245,1.0,0.0694,-3.623,19.054
Car A,2450,163.3333,7,115.297,3,-18.364,-0.55,-0.55,5.5833,0.0255,4.8648,1.0,1.0,24.999,-19.079
Car B,2450,163.3333,8,0.716,1,0.716,-0.137,-0.137,5.975,0.0162,0.339,1.0,-0.1591,1.727,19.079
Car A,2451,163.4,7,115.668,3,-17.993,-0.494,-0.494,5.5851,0.0259,4.8661,1.0,-0.0368,24.999,-19.107
Car B,2451,163.4,8,1.114,1,1.114,-0.138,-0.138,5.9731,-0.029,-0.4433,1.0,0.0572,-3.969,19.107
Car A,2452,163.4667,7,116.037,3,-17.623,-0.425,-0.425,5.6291,0.6604,3.3943,1.0,-0.1517,-0.882,-19.135
Car B,2452,163.4667,8,1.512,1,1.512,-0.142,-0.142,5.9745,0.0205,0.3251,1.0,-0.18,1.422,19.135
Car A,2453,163.5333,7,116.409,3,-17.251,-0.361,-0.361,5.6652,0.5425,1.2603,1.0,-0.1877,-3.788,-19.161
Car B,2453,163.5333,8,1.91,1,1.91,-0.145,-0.145,5.9728,-0.0241,-0.5026,1.0,0.0283,-4.491,19.161
Car A,2454,163.6,7,116.784,3,-16.876,-0.309,-0.309,5.678,0.1917,-0.0837,1.0,-0.1981,-4.69,-19.185
Car B,2454,163.6,8,2.308,1,2.309,-0.151,-0.151,5.9797,0.1024,0.2521,1.0,-0.1772,0.7,19.185
Car A,2455,163.6667,7,117.161,3,-16.5,-0.268,-0.268,5.6859,0.1187,-1.0656,1.0,-0.1719,-4.951,-19.207
Car B,2455,163.6667,8,2.707,1,2.707,-0.157,-0.157,5.9786,-0.0157,-0.6564,1.0,0.0546,-4.421,19.207
Car A,2456,163.7333,7,117.541,3,-16.12,-0.239,-0.239,5.7508,0.9725,-1.444,1.0,-0.1243,-4.298,-19.225
Car B,2456,163.7333,8,3.106,1,3.106,-0.167,-0.167,5.9813,0.0398,0.1721,1.0,-0.1698,1.356,19.225
Car A,2457,163.8,7,117.926,3,-15.734,-0.215,-0.215,5.8298,1.1857,-1.1892,1.0,-0.1041,-3.099,-19.238
Car B,2457,163.8,8,3.504,1,3.504,-0.174,-0.174,5.9776,-0.0558,-0.5394,1.0,-0.0048,-4.237,19.238
Car A,2458,163.8667,7,118.317,3,-15.343,-0.192,-0.192,5.9208,1.3644,-0.9307,1.0,-0.091,-2.604,-19.246
Car B,2458,163.8667,8,3.903,1,3.903,-0.185,-0.185,5.994,0.2464,-0.0412,1.0,-0.1517,-0.13,19.246
Car A,2459,163.9333,7,118.711,3,-14.949,-0.171,-0.171,5.9328,0.181,-0.8104,1.0,-0.0824,-2.271,-19.251
Car B,2459,163.9333,8,4.302,1,4.302,-0.199,-0.199,5.9907,-0.0497,-0.9474,1.0,0.0818,-3.785,19.251
Car A,2460,164.0,7,119.107,3,-14.554,-0.153,-0.153,5.934,0.0178,-0.7985,1.0,-0.0694,-2.043,-19.255
Car B,2460,164.0,8,4.701,1,4.701,-0.217,-0.217,5.9916,0.0136,-0.0189,1.0,-0.1245,2.037,19.255
Car A,2461,164.0667,7,119.503,3,-14.157,-0.138,-0.138,5.9591,0.3757,-0.6531,1.0,-0.0638,-1.731,-19.257
Car B,2461,164.0667,8,5.1,1,5.1,-0.233,-0.233,5.9896,-0.0304,-0.6261,1.0,0.0619,-3.106,19.257
Car A,2462,164.1333,7,119.9,3,-13.761,-0.124,-0.124,5.9603,0.0178,-0.5681,1.0,-0.0602,-1.591,-19.259
Car B,2462,164.1333,8,5.499,1,5.499,-0.251,-0.251,5.9899,0.0056,0.1914,1.0,-0.1608,1.54,19.259
Car A,2463,164.2,7,120.296,3,-13.364,-0.112,-0.112,5.9479,-0.1858,-0.5664,1.0,-0.0543,-1.485,-19.261
Car B,2463,164.2,8,5.898,1,5.898,-0.267,-0.267,5.9868,-0.0475,-0.5109,1.0,0.0548,-4.011,19.261
Car A,2464,164.2667,7,120.694,3,-12.967,-0.102,-0.102,5.957,0.1367,-0.3784,1.0,-0.0533,-1.327,-19.263
Car B,2464,164.2667,8,6.296,1,6.296,-0.286,-0.286,5.9874,0.009,0.2736,1.0,-0.1712,1.361,19.263
Car A,2465,164.3333,7,121.091,3,-12.569,-0.094,-0.094,5.9592,0.0334,-0.5064,1.0,-0.0411,-1.316,-19.264
Car B,2465,164.3333,8,6.695,1,6.695,-0.303,-0.303,5.9849,-0.0367,-0.501,1.0,0.0597,-4.272,19.264
Car A,2466,164.4,7,121.491,3,-12.169,-0.087,-0.087,6.0228,0.9543,-0.2496,1.0,-0.0401,-1.009,-19.262
Car B,2466,164.4,8,7.093,1,7.093,-0.324,-0.324,5.9861,0.0175,0.2864,1.0,-0.1857,1.483,19.262
Car A,2467,164.4667,7,121.893,3,-11.767,-0.079,-0.079,6.0213,-0.023,-0.1885,1.0,-0.0407,-0.975,-19.259
Car B,2467,164.4667,8,7.492,1,7.492,-0.342,-0.342,5.9829,-0.048,-0.4882,1.0,0.0561,-4.632,19.259
Car A,2468,164.5333,7,122.294,3,-11.366,-0.074,-0.074,6.0275,0.0932,-0.4125,1.0,-0.028,-1.006,-19.256
Car B,2468,164.5333,8,7.89,1,7.89,-0.364,-0.364,5.9838,0.0135,0.2914,1.0,-0.1898,1.393,19.256
Car A,2469,164.6,7,122.695,3,-10.965,-0.07,-0.07,5.9863,-0.6179,-0.3096,1.0,-0.0274,-0.688,-19.254
Car B,2469,164.6,8,8.288,1,8.288,-0.383,-0.383,5.9814,-0.0357,-0.4946,1.0,0.0648,-4.735,19.254
Car A,2470,164.6667,7,123.095,3,-10.566,-0.067,-0.067,5.9883,0.0287,-0.1411,1.0,-0.0299,-0.669,-19.252
Car B,2470,164.6667,8,8.686,1,8.687,-0.406,-0.406,5.9826,0.0179,0.2886,1.0,-0.1727,1.609,19.252
Car A,2471,164.7333,7,123.494,3,-10.166,-0.064,-0.064,6.0024,0.2123,-0.2913,1.0,-0.0183,-0.74,-19.251
Car B,2471,164.7333,8,9.085,1,9.085,-0.426,-0.426,5.9796,-0.0445,-0.4699,1.0,0.0582,-4.309,19.251
Car A,2472,164.8,7,123.894,3,-9.766,-0.062,-0.062,6.0103,0.1191,-0.1214,1.0,-0.0222,-0.452,-19.249
Car B,2472,164.8,8,9.483,1,9.483,-0.45,-0.45,5.9811,0.0214,0.314,1.0,-0.193,1.446,19.249
Car A,2473,164.8667,7,124.295,3,-9.365,-0.061,-0.061,6.0201,0.146,-0.2503,1.0,-0.0121,-0.538,-19.246
Car B,2473,164.8667,8,9.881,1,9.881,-0.471,-0.471,5.9785,-0.0384,-0.5081,1.0,0.0531,-4.816,19.246
Car A,2474,164.9333,7,124.696,3,-8.964,-0.061,-0.061,6.0174,-0.0394,0.0346,1.0,-0.0236,-0.305,-19.243
Car B,2474,164.9333,8,10.278,1,10.278,-0.496,-0.496,5.9802,0.025,0.2748,1.0,-0.1738,1.319,19.243
Car A,2475,165.0,7,125.097,3,-8.563,-0.061,-0.061,5.9965,-0.3145,-0.2407,1.0,-0.0058,-0.582,-19.24
Car B,2475,165.0,8,10.676,1,10.676,-0.519,-0.519,5.9778,-0.0363,-0.5055,1.0,0.0433,-4.335,19.24
Car A,2476,165.0667,7,125.497,3,-8.164,-0.062,-0.062,5.9895,-0.105,-0.1907,1.0,-0.0092,-0.15,-19.238
Car B,2476,165.0667,8,11.074,1,11.074,-0.545,-0.545,5.9797,0.0291,0.2757,1.0,-0.1492,1.073,19.238
Car A,2477,165.1333,7,125.896,3,-7.764,-0.062,-0.062,6.0,0.1585,-0.0972,1.0,-0.0187,-0.224,-19.236
Car B,2477,165.1333,8,11.472,1,11.472,-0.57,-0.57,5.9784,-0.0197,-0.5684,1.0,0.0306,-3.721,19.236
Car A,2478,165.2,7,126.297,3,-7.364,-0.064,-0.064,6.0161,0.2407,-0.2158,1.0,-0.0112,-0.448,-19.233
Car B,2478,165.2,8,11.869,1,11.869,-0.599,-0.599,5.9815,0.0461,0.2205,1.0,-0.1238,0.758,19.233
Car A,2479,165.2667,7,126.698,3,-6.963,-0.067,-0.067,6.0047,-0.1714,-0.107,1.0,-0.0234,-0.277,-19.23
Car B,2479,165.2667,8,12.267,1,12.267,-0.626,-0.626,5.9805,-0.0143,-0.6112,1.0,0.0138,-3.088,19.23
Car A,2480,165.3333,7,127.098,3,-6.563,-0.07,-0.07,6.006,0.0205,-0.2382,1.0,-0.0119,-0.574,-19.228
Car B,2480,165.3333,8,12.665,1,12.665,-0.657,-0.657,5.9912,0.1607,0.1393,1.0,-0.0776,0.339,19.228
Car A,2481,165.4,7,127.498,3,-6.162,-0.074,-0.074,6.0037,-0.0351,-0.1175,1.0,-0.032,-0.294,-19.225
Car B,2481,165.4,8,13.063,1,13.063,-0.688,-0.688,5.9884,-0.0428,-0.6808,1.0,0.0082,-1.937,19.225
Car A,2482,165.4667,7,127.898,3,-5.762,-0.08,-0.08,6.0065,0.0422,-0.3178,1.0,0.0085,-0.794,-19.223
Car B,2482,165.4667,8,13.461,1,13.461,-0.721,-0.721,5.9971,0.1311,0.0859,1.0,-0.0726,0.193,19.223
Car A,2483,165.5333,7,128.298,3,-5.362,-0.085,-0.085,6.0043,-0.0338,-0.0702,1.0,-0.0233,0.203,-19.221
Car B,2483,165.5333,8,13.859,1,13.859,-0.756,-0.756,5.9881,-0.1349,-0.7046,1.0,0.0116,-1.811,19.221
Car A,2484,165.6,7,128.698,3,-4.962,-0.092,-0.092,5.9897,-0.2186,-0.2574,1.0,0.0694,-0.566,-19.219
Car B,2484,165.6,8,14.257,1,14.257,-0.791,-0.791,5.9971,0.1348,0.1264,1.0,-0.0753,0.275,19.219
Car A,2485,165.6667,7,129.098,3,-4.562,-0.094,-0.094,5.9914,0.0263,0.6382,1.0,-0.0201,1.73,-19.218
Car B,2485,165.6667,8,14.655,1,14.655,-0.828,-0.828,6.0011,0.0605,-0.6957,1.0,0.0846,-1.879,19.218
Car A,2486,165.7333,7,129.497,3,-4.163,-0.095,-0.095,5.9949,0.0523,-0.2001,1.0,0.115,-0.497,-19.216
Car B,2486,165.7333,8,15.053,1,15.053,-0.866,-0.866,6.0006,-0.0085,0.2925,1.0,-0.0232,2.108,19.216
Car A,2487,165.8,7,129.897,3,-3.763,-0.096,-0.096,5.9932,-0.0262,0.6778,1.0,0.0329,2.87,-19.215
Car B,2487,165.8,8,15.452,1,15.452,-0.9,-0.9,5.9993,-0.0183,-0.238,1.0,0.1714,-0.573,19.215
Car A,2488,165.8667,7,130.297,3,-3.364,-0.092,-0.092,6.0081,0.2237,0.3109,1.0,0.025,0.825,-19.214
Car B,2488,165.8667,8,15.851,1,15.851,-0.933,-0.933,5.9981,-0.0193,0.6998,1.0,-0.0875,4.278,19.214
Car A,2489,165.9333,7,130.698,3,-2.963,-0.089,-0.089,6.018,0.1487,0.143,1.0,0.037,0.614,-19.212
Car B,2489,165.9333,8,16.249,1,16.249,-0.962,-0.962,5.9985,0.007,-0.1409,1.0,0.2332,-2.179,19.212
Car A,2490,166.0,7,131.099,3,-2.561,-0.084,-0.084,6.0244,0.0957,0.3794,1.0,-0.033,0.913,-19.209
Car B,2490,166.0,8,16.648,1,16.648,-0.994,-0.994,5.9956,-0.0431,0.5342,1.0,0.0422,5.819,19.209
Car A,2491,166.0667,7,131.5,3,-2.16,-0.082,-0.082,6.0033,-0.3165,-0.3559,1.0,0.1622,-0.822,-19.207
Car B,2491,166.0667,8,17.047,1,17.047,-1.02,-1.02,5.9922,-0.0517,0.3871,1.0,0.4523,1.063,19.207
Car A,2492,166.1333,7,131.901,3,-1.76,-0.078,-0.078,6.0023,-0.0153,0.6087,1.0,-0.0489,4.048,-19.206
Car B,2492,166.1333,8,17.446,1,17.446,-1.042,-1.042,5.9887,-0.0522,1.2105,1.0,0.0235,11.291,19.206
Car A,2493,166.2,7,132.301,3,-1.36,-0.071,-0.071,6.0033,0.0161,-0.2003,1.0,0.044,-1.213,-19.205
Car B,2493,166.2,8,17.845,1,17.845,-1.057,-1.057,5.9967,0.1196,0.2131,1.0,1.0,0.605,19.205
Car A,2494,166.2667,7,132.701,3,-0.96,-0.066,-0.066,5.9939,-0.1414,0.4214,1.0,-0.0744,1.094,-19.204
Car B,2494,166.2667,8,18.244,1,18.244,-1.072,-1.072,5.9929,-0.0563,0.8944,1.0,1.0,24.963,19.204
Car A,2495,166.3333,7,133.1,3,-0.56,-0.061,-0.061,5.9941,0.0029,-0.4979,1.0,0.1009,-1.855,-19.203
Car B,2495,166.3333,8,18.643,1,18.643,-1.074,-1.074,5.975,-0.2686,1.977,1.0,0.915,25.0,19.203
Car A,2496,166.4,7,133.5,3,-0.161,-0.059,-0.059,5.9914,-0.0408,0.3579,1.0,-0.0646,2.515,-19.202
Car B,2496,166.4,8,19.041,1,19.041,-1.059,-1.059,5.9628,-0.1828,2.5975,1.0,1.0,22.878,19.202
Car A,2497,166.4667,8,0.239,1,0.239,-0.053,-0.053,5.9912,-0.0028,-0.3759,1.0,0.0141,-1.609,-19.199
Car B,2497,166.4667,8,19.438,1,19.438,-1.027,-1.027,5.9501,-0.1911,3.1057,1.0,1.0,24.996,19.199
Car A,2498,166.5333,8,0.638,1,0.638,-0.051,-0.051,5.9927,0.0219,0.1397,1.0,-0.0971,0.34,-19.194
Car B,2498,166.5333,8,19.832,1,19.832,-0.978,-0.978,5.9385,-0.1742,3.4941,1.0,0.9768,25.0,19.194
Car A,2499,166.6,8,1.038,1,1.038,-0.051,-0.051,5.9902,-0.037,-0.7735,1.0,0.0418,-2.423,-19.113
Car B,2499,166.6,8,20.151,1,20.223,-0.91,-0.925,5.9284,-0.1506,3.7944,1.0,0.9988,24.421,19.113
Car A,2500,166.6667,8,1.437,1,1.437,-0.054,-0.054,5.991,0.0122,0.1617,1.0,-0.1092,1.039,-19.106
Car B,2500,166.6667,8,20.543,1,20.61,-0.823,-0.868,5.9195,-0.1339,4.0283,1.0,0.7622,24.968,19.106
Car A,2501,166.7333,8,1.836,1,1.836,-0.054,-0.054,5.9876,-0.0511,-0.5668,1.0,-0.1153,-2.725,-19.096
Car B,2501,166.7333,8,20.932,1,20.991,-0.717,-0.792,5.9148,-0.0703,4.1903,1.0,1.0,19.064,19.096
Car A,2502,166.8,8,2.235,1,2.235,-0.066,-0.066,5.9717,-0.2391,-1.1664,0.9933,0.0491,-2.88,-18.967
Car B,2502,166.8,8,21.202,1,21.367,-0.592,-0.747,5.9076,-0.108,4.3379,1.0,1.0,24.99,18.967
Car A,2503,166.8667,8,2.633,1,2.633,-0.077,-0.077,5.9761,0.0669,0.0412,1.0,-0.0052,1.222,-18.961
Car B,2503,166.8667,8,21.594,1,21.735,-0.447,-0.693,5.9016,-0.0903,4.4468,1.0,1.0,24.999,18.961
Car A,2504,166.9333,8,3.032,1,3.032,-0.083,-0.083,6.0003,0.3633,0.0771,1.0,0.0226,-0.119,-18.852
Car B,2504,166.9333,8,21.884,1,22.095,-0.284,-0.626,5.896,-0.0842,4.5323,1.0,1.0,24.999,18.852
Car A,2505,167.0,8,3.433,1,3.433,-0.087,-0.087,6.0119,0.174,0.23,1.0,0.0194,0.551,-18.845
Car B,2505,167.0,8,22.278,1,22.445,-0.102,-0.591,5.8909,-0.0762,4.5999,1.0,1.0,24.999,18.845
Car A,2506,167.0667,8,3.833,1,3.833,-0.091,-0.091,5.9934,-0.2775,0.0658,1.0,0.0338,0.474,-18.836
Car B,2506,167.0667,8,22.669,1,22.785,0.099,-0.536,5.8863,-0.0693,4.6533,1.0,1.0,24.999,18.836
Car A,2507,167.1333,8,4.232,1,4.232,-0.093,-0.093,6.0047,0.1683,0.332,1.0,0.0213,0.84,-18.749
Car B,2507,167.1333,8,22.981,1,23.114,0.317,-0.491,5.8821,-0.0633,4.6967,1.0,1.0,24.999,18.749
Car A,2508,167.2,8,4.632,1,4.632,-0.094,-0.094,5.9856,-0.2853,0.1397,1.0,0.0247,0.524,-18.742
Car B,2508,167.2,8,23.374,1,23.43,0.553,-0.455,5.8781,-0.0592,4.7304,1.0,1.0,24.999,18.742
Car A,2509,167.2667,8,5.031,1,5.031,-0.094,-0.094,5.9831,-0.038,0.2081,1.0,0.0166,0.611,-18.733
Car B,2509,167.2667,8,23.763,1,23.732,0.805,-0.398,5.8744,-0.0554,4.7562,1.0,1.0,24.999,18.733
Car A,2510,167.3333,8,5.43,1,5.43,-0.093,-0.093,5.9862,0.0469,0.111,1.0,0.0166,0.411,-18.665
Car B,2510,167.3333,8,24.095,1,24.021,1.074,-0.376,5.871,-0.0519,4.7781,1.0,1.0,24.999,18.665
Car A,2511,167.4,8,5.829,1,5.829,-0.093,-0.093,5.993,0.1016,0.0834,1.0,0.0157,0.405,-18.657
Car B,2511,167.4,8,24.486,1,24.294,1.357,-0.337,5.8676,-0.0499,4.7937,1.0,1.0,24.999,18.657
Car A,2512,167.4667,8,6.229,1,6.229,-0.093,-0.093,5.9933,0.0041,0.0805,1.0,0.0136,0.384,-18.601
Car B,2512,167.4667,8,24.83,1,24.55,1.655,-0.3,5.8645,-0.0467,4.8088,1.0,1.0,24.999,18.601
Car A,2513,167.5333,8,6.628,1,6.628,-0.092,-0.092,5.9921,-0.0173,0.0853,1.0,0.0094,0.333,-18.594
Car B,2513,167.5333,8,25.222,1,24.79,1.967,-0.281,5.8615,-0.0458,4.8175,1.0,1.0,24.999,18.594
Car A,2514,167.6,8,7.028,1,7.028,-0.09,-0.09,6.0026,0.1578,0.0598,1.0,0.0069,0.23,-18.586
Car B,2514,167.6,8,25.613,1,25.013,2.291,-0.239,5.8585,-0.0442,4.8252,1.0,1.0,24.999,18.586
Car A,2515,167.6667,8,7.428,1,7.428,-0.088,-0.088,6.0006,-0.0313,0.0262,1.0,0.0057,0.17,-18.541
Car B,2515,167.6667,8,25.969,1,25.217,2.626,-0.23,5.8557,-0.0423,4.8308,1.0,1.0,24.999,18.541
Car A,2516,167.7333,8,7.828,1,7.828,-0.086,-0.086,5.9965,-0.0616,0.0354,1.0,0.0018,0.139,-18.533
Car B,2516,167.7333,8,26.361,1,25.402,2.973,-0.207,5.853,-0.0408,4.8375,1.0,1.0,24.999,18.533
Car A,2517,167.8,8,8.228,1,8.228,-0.084,-0.084,5.9954,-0.0164,0.0552,1.0,-0.0019,0.048,-18.496
Car B,2517,167.8,8,26.724,1,25.568,3.328,-0.185,5.8503,-0.0406,4.8412,1.0,1.0,24.999,18.496
Car A,2518,167.8667,8,8.628,1,8.628,-0.082,-0.082,5.9998,0.0663,-0.0044,1.0,-0.0007,-0.043,-18.488
Car B,2518,167.8667,8,27.116,1,25.714,3.692,-0.181,5.8477,-0.0392,4.8445,1.0,1.0,24.999,18.488
Car A,2519,167.9333,8,9.028,1,9.028,-0.08,-0.08,6.0007,0.0136,-0.0123,1.0,-0.0014,-0.016,-18.48
Car B,2519,167.9333,8,27.507,1,25.839,4.064,-0.154,5.8451,-0.0386,4.8464,1.0,0.2253,24.999,18.48
Car A,2520,168.0,8,9.428,1,9.428,-0.078,-0.078,6.0012,0.0071,-0.0213,1.0,-0.0029,-0.032,-18.448
Car B,2520,168.0,8,27.876,1,25.952,4.44,-0.17,5.8919,0.702,2.9753,1.0,0.3704,5.663,18.448
Car A,2521,168.0667,8,9.828,1,9.828,-0.076,-0.076,6.0004,-0.0121,0.0079,1.0,-0.0049,-0.07,-18.441
Car B,2521,168.0667,8,28.269,1,26.064,4.818,-0.191,5.9006,0.1299,2.9086,1.0,-0.0156,9.254,18.441
Car A,2522,168.1333,8,10.228,1,10.228,-0.074,-0.074,6.0007,0.0047,0.003,1.0,-0.005,-0.117,-18.401
Car B,2522,168.1333,8,28.629,1,26.168,5.199,-0.23,5.9195,0.2843,1.4934,1.0,0.7169,-0.375,18.401
Car A,2523,168.2,8,10.628,1,10.628,-0.073,-0.073,6.0029,0.0332,-0.0193,1.0,-0.0024,-0.121,-18.388
Car B,2523,168.2,8,29.017,1,26.274,5.579,-0.306,5.9189,-0.0093,1.4319,1.0,0.5426,17.896,18.388
Car A,2524,168.2667,8,11.028,1,11.028,-0.071,-0.071,6.0031,0.0027,-0.0269,1.0,-0.0007,-0.06,-18.378
Car B,2524,168.2667,8,29.406,1,26.364,5.962,-0.366,5.9046,-0.2148,2.4167,1.0,0.27,13.571,18.378
Car A,2525,168.3333,8,11.428,1,11.428,-0.07,-0.07,5.9987,-0.0648,-0.015,1.0,-0.0048,-0.018,-18.337
Car B,2525,168.3333,8,29.765,1,26.444,6.35,-0.444,5.9549,0.7545,2.3721,1.0,0.5131,6.759,18.337
Car A,2526,168.4,8,11.829,1,11.829,-0.069,-0.069,6.0023,0.0535,-0.0243,1.0,-0.0118,-0.114,-18.328
Car B,2526,168.4,8,30.157,1,26.511,6.742,-0.511,5.9471,-0.117,2.8576,1.0,0.2457,12.818,18.328
Car A,2527,168.4667,8,12.229,1,12.229,-0.069,-0.069,6.0102,0.1182,-0.1387,1.0,-0.0135,-0.276,-18.322
Car B,2527,168.4667,8,30.551,1,26.568,7.136,-0.568,5.9983,0.7677,2.2585,1.0,0.1473,6.15,18.322
Car A,2528,168.5333,8,12.629,1,12.629,-0.068,-0.068,6.0048,-0.0809,-0.0487,1.0,-0.0458,-0.326,-18.32
Car B,2528,168.5333,8,30.949,1,26.622,7.534,-0.622,6.0143,0.2408,1.4483,1.0,0.1226,3.685,18.32
Car A,2529,168.6,8,13.03,1,13.03,-0.07,-0.07,6.0226,0.2668,-0.4676,1.0,-0.0251,-1.14,-18.317
Car B,2529,168.6,8,31.347,1,26.676,7.932,-0.676,6.0082,-0.0916,1.2129,1.0,0.1123,3.065,18.317
Car A,2530,168.6667,8,13.431,1,13.431,-0.074,-0.074,6.0252,0.0392,-0.1842,1.0,-0.0808,-0.622,-18.315
Car B,2530,168.6667,8,31.746,1,26.725,8.331,-0.725,6.0395,0.469,1.0825,1.0,0.1132,2.807,18.315
Car A,2531,168.7333,8,13.833,1,13.833,-0.082,-0.082,6.0124,-0.1914,-0.7828,1.0,0.0224,-2.018,-18.315
Car B,2531,168.7333,8,32.147,1,26.77,8.732,-0.77,6.0769,0.5607,1.1449,1.0,0.1135,2.825,18.315
Car A,2532,168.8,8,14.234,1,14.234,-0.09,-0.09,6.0072,-0.078,0.2106,1.0,-0.0759,0.555,-18.317
Car B,2532,168.8,8,32.551,1,26.81,9.136,-0.81,6.0809,0.0604,1.1505,1.0,0.1127,2.829,18.317
Car A,2533,168.8667,8,14.634,1,14.634,-0.097,-0.097,6.0046,-0.0399,-0.6317,1.0,0.1081,-1.894,-18.32
Car B,2533,168.8667,8,32.954,1,26.845,9.539,-0.845,6.0799,-0.0152,1.1337,1.0,0.1076,2.808,18.32
Car A,2534,168.9333,8,15.034,1,15.034,-0.106,-0.106,6.0036,-0.0147,0.3256,1.0,0.3636,2.696,-18.323
Car B,2534,168.9333,8,33.357,1,26.876,9.942,-0.876,6.0245,-0.8304,1.0794,1.0,0.0344,2.689,18.323
Car A,2535,169.0,8,15.434,1,15.434,-0.103,-0.103,5.9974,-0.0927,1.3172,1.0,0.0411,9.08,-18.323
Car B,2535,169.0,8,33.757,1,26.906,10.342,-0.906,6.0068,-0.266,0.3598,1.0,0.1523,0.863,18.323
Car A,2536,169.0667,8,15.834,1,15.834,-0.094,-0.094,5.99,-0.1116,0.3927,1.0,0.0091,1.04,-18.323
Car B,2536,169.0667,8,34.157,1,26.933,10.742,-0.933,6.0036,-0.0475,1.1159,1.0,-0.0466,3.803,18.323
Car A,2537,169.1333,8,16.234,1,16.234,-0.09,-0.09,6.0092,0.2889,0.1384,1.0,0.7139,0.229,-18.323
Car B,2537,169.1333,8,34.556,1,26.956,11.141,-0.956,6.0047,0.0167,0.1263,1.0,0.3788,-1.157,18.323
Car A,2538,169.2,8,16.634,1,16.634,-0.082,-0.082,6.0108,0.0236,0.6544,1.0,0.4885,17.821,-18.321
Car B,2538,169.2,8,34.956,1,26.982,11.541,-0.982,5.9985,-0.0941,0.7771,1.0,0.1357,9.453,18.321
Car A,2539,169.2667,8,17.034,1,17.034,-0.061,-0.061,5.9966,-0.213,1.8311,1.0,0.7921,12.221,-18.321
Car B,2539,169.2667,8,35.355,1,26.996,11.94,-0.996,5.9998,0.0197,1.2571,1.0,1.0,3.401,18.321
Car A,2540,169.3333,8,17.432,1,17.432,-0.024,-0.024,5.9855,-0.1662,2.5083,0.6797,-0.5133,19.789,-18.323
Car B,2540,169.3333,8,35.755,1,27.0,12.34,-1.0,5.9944,-0.0801,1.66,1.0,1.0,24.967,18.323
Car A,2541,169.4,8,17.827,1,17.827,0.02,0.02,5.963,-0.3378,1.4459,0.5442,-0.5064,-12.784,-18.327
Car B,2541,169.4,8,36.154,1,26.99,12.739,-0.99,5.9737,-0.3108,2.5979,1.0,0.7502,25.0,18.327
Car A,2542,169.4667,8,18.219,1,18.219,0.054,0.054,5.8772,-1.2867,-0.1553,1.0,-0.2734,-12.659,-18.332
Car B,2542,169.4667,8,36.551,1,26.961,13.136,-0.961,5.9637,-0.1499,3.0754,1.0,0.9727,18.765,18.332
Car A,2543,169.5333,8,18.611,1,18.611,0.077,0.077,5.8758,-0.022,-1.0648,1.0,-0.0011,-6.842,-18.336
Car B,2543,169.5333,8,36.947,1,26.915,13.532,-0.915,5.9524,-0.1694,3.4823,1.0,0.6592,24.308,18.336
Car A,2544,169.6,8,19.002,1,19.002,0.096,0.096,5.8867,0.1644,-0.1495,1.0,1.0,-0.037,-18.337
Car B,2544,169.6,8,37.339,1,26.851,13.924,-0.851,5.9462,-0.0928,3.7586,1.0,0.9136,16.49,18.337
Car A,2545,169.6667,8,19.393,1,19.393,0.125,0.125,5.884,-0.041,0.6344,1.0,1.0,24.962,-18.274
Car B,2545,169.6667,8,37.667,1,26.768,14.313,-0.79,5.9377,-0.1278,4.0078,1.0,0.6308,22.83,18.274
Car A,2546,169.7333,8,19.783,1,19.783,0.167,0.167,5.8687,-0.2297,1.7432,1.0,0.9117,25.0,-18.275
Car B,2546,169.7333,8,38.058,1,26.665,14.697,-0.718,5.9348,-0.0439,4.166,1.0,0.4259,15.78,18.275
Car A,2547,169.8,8,20.187,1,20.17,0.224,0.21,5.858,-0.1599,2.4092,1.0,1.0,22.796,-18.17
Car B,2547,169.8,8,38.357,1,26.547,15.078,-0.637,5.9795,0.6703,3.7494,1.0,1.0,10.653,18.17
Car A,2548,169.8667,8,20.575,1,20.554,0.297,0.253,5.8464,-0.1741,2.9526,1.0,0.8179,24.996,-18.169
Car B,2548,169.8667,8,38.745,1,26.414,15.455,-0.595,5.9687,-0.1621,3.9202,1.0,0.8589,24.977,18.169
Car A,2549,169.9333,8,21.01,1,20.933,0.388,0.307,5.8384,-0.1209,3.349,1.0,1.0,20.454,-18.129
Car B,2549,169.9333,8,39.139,1,26.262,15.824,-0.534,5.9615,-0.1068,4.1454,1.0,1.0,21.477,18.129
Car A,2550,170.0,8,21.4,1,21.308,0.497,0.325,5.829,-0.1406,3.686,1.0,1.0,24.993,-18.057
Car B,2550,170.0,8,39.456,1,26.093,16.185,-0.484,5.9536,-0.1196,4.3045,1.0,1.0,24.994,18.057
Car A,2551,170.0667,8,21.788,1,21.677,0.623,0.362,5.821,-0.1191,3.9412,1.0,0.9966,25.0,-18.065
Car B,2551,170.0667,8,39.853,1,25.904,16.536,-0.444,5.9466,-0.1047,4.4196,1.0,1.0,24.999,18.065
Car A,2552,170.1333,8,22.235,1,22.038,0.768,0.368,5.8142,-0.1031,4.137,1.0,1.0,24.914,-18.005
Car B,2552,170.1333,8,40.24,1,25.699,16.877,-0.384,5.9402,-0.0959,4.5124,1.0,1.0,24.999,18.005
Car A,2553,170.2,8,22.624,1,22.392,0.932,0.384,5.8082,-0.0895,4.2882,1.0,1.0,24.999,-17.96
Car B,2553,170.2,8,40.584,1,25.475,17.207,-0.362,5.9344,-0.0876,4.5839,1.0,1.0,24.999,17.96
Car A,2554,170.2667,8,23.075,1,22.736,1.113,0.385,5.8032,-0.0756,4.408,1.0,1.0,24.999,-17.904
Car B,2554,170.2667,8,40.979,1,25.235,17.523,-0.323,5.929,-0.0807,4.64,1.0,1.0,24.999,17.904
Car A,2555,170.3333,8,23.463,1,23.07,1.313,0.381,5.7988,-0.0657,4.502,1.0,1.0,24.999,-17.865
Car B,2555,170.3333,8,41.328,1,24.978,17.826,-0.289,5.924,-0.0743,4.6857,1.0,1.0,24.999,17.865
Car A,2556,170.4,8,23.913,1,23.392,1.53,0.379,5.7949,-0.0575,4.5761,1.0,1.0,24.999,-17.812
Car B,2556,170.4,8,41.725,1,24.706,18.115,-0.27,5.9194,-0.0696,4.7196,1.0,1.0,24.999,17.812
Car A,2557,170.4667,8,24.301,1,23.702,1.764,0.356,5.7916,-0.0497,4.6362,1.0,1.0,24.999,-17.819
Car B,2557,170.4667,8,42.119,1,24.419,18.389,-0.229,5.915,-0.0651,4.7481,1.0,1.0,24.999,17.819
Car A,2558,170.5333,8,24.744,1,23.999,2.014,0.352,5.7887,-0.044,4.6824,1.0,1.0,24.999,-17.736
Car B,2558,170.5333,8,42.48,1,24.117,18.646,-0.225,5.9109,-0.0622,4.7711,1.0,1.0,24.999,17.736
Car A,2559,170.6,8,25.13,1,24.281,2.28,0.31,5.786,-0.0396,4.7191,1.0,1.0,24.999,-17.745
Car B,2559,170.6,8,42.876,1,23.803,18.887,-0.204,5.907,-0.0589,4.7876,1.0,1.0,24.999,17.745
Car A,2560,170.6667,8,25.518,1,24.548,2.562,0.29,5.7837,-0.0347,4.7495,1.0,1.0,24.999,-17.724
Car B,2560,170.6667,8,43.241,1,23.475,19.11,-0.191,5.9032,-0.0566,4.8014,1.0,1.0,24.999,17.724
Car A,2561,170.7333,8,25.948,1,24.8,2.857,0.247,5.7816,-0.0327,4.7726,1.0,1.0,24.999,-17.689
Car B,2561,170.7333,8,43.637,1,23.137,19.314,-0.188,5.8995,-0.0555,4.8128,1.0,1.0,24.999,17.689
Car A,2562,170.8,8,26.334,1,25.034,3.166,0.209,5.7796,-0.0297,4.7902,1.0,1.0,24.999,-17.672
Car B,2562,170.8,8,44.006,1,22.787,19.5,-0.166,5.896,-0.052,4.8225,1.0,1.0,24.999,17.672
Car A,2563,170.8667,8,26.75,1,25.251,3.488,0.169,5.7778,-0.0267,4.8064,1.0,1.0,24.999,-17.651
Car B,2563,170.8667,8,44.401,1,22.429,19.666,-0.183,5.8926,-0.0519,4.8296,1.0,1.0,24.999,17.651
Car A,2564,170.9333,8,27.133,1,25.449,3.821,0.113,5.7761,-0.0258,4.8179,1.0,1.0,24.999,-17.663
Car B,2564,170.9333,8,44.796,2,22.062,19.812,-0.177,5.8893,-0.0496,4.8335,1.0,0.418,24.999,17.663
Car A,2565,171.0,8,27.519,1,25.629,4.164,0.079,5.7744,-0.0246,4.826,1.0,1.0,24.999,-17.644
Car B,2565,171.0,8,45.164,2,21.689,19.945,-0.194,5.9397,0.7561,3.7515,1.0,1.0,10.471,17.644
Car A,2566,171.0667,8,27.912,1,25.789,4.517,0.006,5.7729,-0.0227,4.8342,1.0,1.0,24.999,-17.648
Car B,2566,171.0667,8,45.559,2,21.311,20.066,-0.223,5.9299,-0.1473,3.9079,1.0,0.9557,24.976,17.648
Car A,2567,171.1333,8,28.296,1,25.929,4.878,-0.045,5.7715,-0.0219,4.84,1.0,1.0,24.999,-17.623
Car B,2567,171.1333,8,45.919,2,20.927,20.167,-0.24,5.9215,-0.1253,4.1425,1.0,1.0,23.893,17.623
Car A,2568,171.2,8,28.667,1,26.048,5.246,-0.107,5.77,-0.0214,4.8434,1.0,1.0,24.999,-17.644
Car B,2568,171.2,8,46.312,2,20.54,20.249,-0.291,5.9141,-0.1115,4.3004,1.0,0.9274,24.998,17.644
Car A,2569,171.2667,8,29.048,1,26.147,5.62,-0.176,5.7687,-0.0205,4.8477,1.0,1.0,24.999,-17.658
Car B,2569,171.2667,8,46.707,2,20.148,20.31,-0.321,5.9082,-0.0876,4.4118,1.0,0.4697,23.186,17.658
Car A,2570,171.3333,8,29.415,1,26.225,6.0,-0.225,5.7673,-0.0198,4.8503,1.0,1.0,24.999,-17.661
Car B,2570,171.3333,8,47.076,2,19.754,20.357,-0.357,5.9487,0.6073,3.7882,1.0,0.6799,11.76,17.661
Car A,2571,171.4,8,29.798,1,26.281,6.382,-0.281,5.7661,-0.0194,4.8521,1.0,1.0,24.999,-17.675
Car B,2571,171.4,8,47.473,2,19.357,20.388,-0.388,5.942,-0.1005,4.0012,1.0,0.5045,16.989,17.675
Car A,2572,171.4667,8,30.183,1,26.315,6.768,-0.315,5.7648,-0.0188,4.8546,1.0,1.0,24.999,-17.688
Car B,2572,171.4667,8,47.871,2,18.96,20.399,-0.399,5.9466,0.0693,4.1224,1.0,0.3623,12.618,17.688
Car A,2573,171.5333,8,30.569,1,26.328,7.154,-0.328,5.7636,-0.0184,4.8559,1.0,1.0,24.999,-17.701
Car B,2573,171.5333,8,48.27,2,18.56,20.397,-0.397,6.0055,0.8828,3.3349,1.0,-0.0784,9.063,17.701
Car A,2574,171.6,8,30.956,1,26.319,7.541,-0.319,5.7624,-0.018,4.8571,1.0,1.0,24.999,-17.716
Car B,2574,171.6,8,48.672,2,18.159,20.392,-0.392,6.023,0.2624,1.7303,1.0,0.0897,-1.944,17.716
Car A,2575,171.6667,8,31.341,1,26.289,7.926,-0.289,5.7612,-0.0179,4.8581,1.0,0.023,24.999,-17.731
Car B,2575,171.6667,8,49.073,2,17.757,20.392,-0.392,6.0264,0.051,0.8753,1.0,0.1012,2.237,17.731
Car A,2576,171.7333,8,31.726,1,26.246,8.311,-0.246,5.8012,0.6003,3.3683,1.0,-0.0597,0.612,-17.749
Car B,2576,171.7333,8,49.475,2,17.355,20.39,-0.39,6.0163,-0.151,0.9865,1.0,0.0959,2.528,17.749
Car A,2577,171.8,8,32.113,1,26.208,8.698,-0.208,5.8335,0.4848,1.1488,1.0,-0.078,-1.488,-17.763
Car B,2577,171.8,8,49.876,2,16.954,20.383,-0.383,5.9994,-0.2535,0.9344,1.0,0.0843,2.397,17.763
Car A,2578,171.8667,8,32.502,1,26.182,9.087,-0.182,5.845,0.1724,-0.1786,1.0,-0.049,-1.948,-17.775
Car B,2578,171.8667,8,50.277,2,16.553,20.374,-0.374,6.0041,0.0705,0.8185,1.0,0.0774,2.107,17.775
Car A,2579,171.9333,8,32.894,1,26.163,9.479,-0.163,5.9321,1.3063,-0.4755,1.0,-0.0293,-1.21,-17.783
Car B,2579,171.9333,8,50.677,2,16.153,20.361,-0.361,6.0132,0.1369,0.7437,1.0,0.0538,1.937,17.783
Car A,2580,172.0,8,33.293,1,26.145,9.878,-0.145,6.0141,1.2294,-0.1931,1.0,-0.0294,-0.721,-17.786
Car B,2580,172.0,8,51.079,2,15.752,20.348,-0.348,6.0208,0.1138,0.5251,1.0,0.0549,1.348,17.786
Car A,2581,172.0667,8,33.693,1,26.126,10.278,-0.126,6.0152,0.0174,-0.1363,1.0,-0.0223,-0.715,-17.785
Car B,2581,172.0667,8,51.478,2,15.352,20.332,-0.332,5.9678,-0.7953,0.5685,1.0,-0.0908,1.36,17.785
Car A,2582,172.1333,8,34.094,1,26.108,10.679,-0.108,6.0182,0.0448,-0.1532,1.0,-0.0403,-0.55,-17.782
Car B,2582,172.1333,8,51.876,2,14.954,20.319,-0.319,5.969,0.0183,-0.4691,1.0,0.0909,-2.263,17.782
Car A,2583,172.2,8,34.495,1,26.093,11.08,-0.093,5.993,-0.3776,-0.4119,0.8594,-0.0171,-0.999,-17.779
Car B,2583,172.2,8,52.274,2,14.556,20.31,-0.31,5.969,0.0003,0.3277,1.0,-0.0005,2.264,17.779
Car A,2584,172.2667,8,34.887,1,26.079,11.472,-0.079,5.8137,-2.6901,-0.1539,0.8846,-0.0807,-0.428,-17.786
Car B,2584,172.2667,8,52.672,2,14.158,20.297,-0.297,5.9973,0.4235,-0.0141,1.0,0.086,-0.004,17.786
Car A,2585,172.3333,8,35.269,1,26.068,11.854,-0.068,5.6886,-1.8771,-0.6556,1.0,1.0,-2.015,-17.803
Car B,2585,172.3333,8,53.072,2,13.758,20.28,-0.28,5.9989,0.024,0.8015,1.0,-0.1154,2.147,17.803
Car A,2586,172.4,8,35.648,1,26.055,12.233,-0.055,5.6902,0.0251,0.1813,1.0,0.9586,24.959,-17.823
Car B,2586,172.4,8,53.471,2,13.359,20.263,-0.263,5.9995,0.0097,-0.2495,1.0,0.0858,-2.878,17.823
Car A,2587,172.4667,8,36.026,1,26.033,12.611,-0.033,5.6817,-0.1278,1.2947,1.0,0.4325,23.965,-17.844
Car B,2587,172.4667,8,53.871,2,12.959,20.248,-0.248,5.9979,-0.0237,0.4531,1.0,-0.0549,2.136,17.844
Car A,2588,172.5333,8,36.403,1,25.994,12.988,0.006,5.6768,-0.0743,2.0221,1.0,1.0,10.83,-17.867
Car B,2588,172.5333,8,54.27,2,12.56,20.231,-0.231,5.9967,-0.0181,-0.3429,1.0,0.0788,-1.366,17.867
Car A,2589,172.6,8,36.778,1,25.941,13.363,0.059,5.667,-0.1469,2.6373,0.6633,-0.2323,24.977,-17.891
Car B,2589,172.6,8,54.67,2,12.161,20.216,-0.216,5.9943,-0.036,0.4449,1.0,-0.1811,1.965,17.891
Car A,2590,172.6667,8,37.15,1,25.88,13.735,0.12,5.6522,-0.2216,1.6395,1.0,-0.119,-5.762,-17.918
Car B,2590,172.6667,8,55.069,2,11.762,20.198,-0.198,5.9911,-0.0486,-0.3796,1.0,0.0523,-4.516,17.918
Car A,2591,172.7333,8,37.537,1,25.828,14.109,0.163,5.6662,0.211,0.0147,1.0,1.0,-2.979,-17.931
Car B,2591,172.7333,8,55.468,2,11.362,20.184,-0.184,5.9921,0.0157,0.3676,1.0,-0.2749,1.299,17.931
Car A,2592,172.8,8,37.914,1,25.777,14.482,0.184,5.6578,-0.126,0.5333,1.0,1.0,24.958,-17.953
Car B,2592,172.8,8,55.867,2,10.963,20.169,-0.169,5.9906,-0.0231,-0.5485,1.0,0.0452,-6.861,17.953
Car A,2593,172.8667,8,38.289,1,25.716,14.855,0.217,5.648,-0.1477,1.5929,1.0,0.9189,25.0,-17.977
Car B,2593,172.8667,8,56.266,2,10.564,20.157,-0.157,5.992,0.0211,0.2598,1.0,-0.279,1.118,17.977
Car A,2594,172.9333,8,38.7,1,25.638,15.223,0.214,5.6403,-0.1153,2.2605,1.0,1.0,22.976,-17.965
Car B,2594,172.9333,8,56.665,2,10.165,20.144,-0.144,5.9895,-0.0384,-0.5664,1.0,0.0354,-6.963,17.965
Car A,2595,173.0,8,39.077,1,25.545,15.588,0.219,5.6314,-0.133,2.8158,1.0,1.0,24.996,-17.988
Car B,2595,173.0,8,57.064,2,9.766,20.134,-0.134,5.9917,0.0335,0.2353,1.0,-0.2705,0.873,17.988
Car A,2596,173.0667,8,39.488,1,25.435,15.948,0.215,5.6233,-0.1217,3.2536,1.0,1.0,25.0,-17.975
Car B,2596,173.0667,8,57.464,2,9.366,20.124,-0.124,5.9893,-0.0361,-0.6416,1.0,0.0441,-6.751,17.975
Car A,2597,173.1333,8,39.864,1,25.308,16.302,0.197,5.6164,-0.1038,3.5959,1.0,1.0,25.0,-17.999
Car B,2597,173.1333,8,57.863,2,8.967,20.117,-0.117,5.9919,0.0389,0.1898,1.0,-0.198,1.089,17.999
Car A,2598,173.2,8,40.271,1,25.164,16.648,0.195,5.6108,-0.0836,3.8589,1.0,1.0,25.0,-17.992
Car B,2598,173.2,8,58.262,2,8.568,20.109,-0.109,5.9875,-0.0649,-0.609,1.0,0.0458,-4.941,17.992
Car A,2599,173.2667,8,40.644,1,25.001,16.987,0.157,5.6064,-0.0665,4.0714,1.0,1.0,25.0,-18.017
Car B,2599,173.2667,8,58.661,2,8.169,20.104,-0.104,5.9895,0.0296,0.2119,1.0,-0.1709,1.135,18.017
Car A,2600,173.3333,8,41.019,1,24.821,17.317,0.138,5.603,-0.0509,4.2332,1.0,1.0,24.999,-18.041
Car B,2600,173.3333,8,59.06,2,7.77,20.097,-0.097,5.9862,-0.0504,-0.5725,1.0,0.0478,-4.265,18.041
Car A,2601,173.4,8,41.414,1,24.623,17.636,0.105,5.6006,-0.0366,4.3622,1.0,1.0,24.999,-18.045
Car B,2601,173.4,8,59.459,2,7.371,20.094,-0.094,5.9871,0.0141,0.2314,1.0,-0.1493,1.186,18.045
Car A,2602,173.4667,8,41.788,1,24.408,17.944,0.068,5.5988,-0.026,4.4641,1.0,1.0,24.999,-18.07
Car B,2602,173.4667,8,59.858,2,6.972,20.088,-0.088,5.9854,-0.0255,-0.5441,1.0,0.052,-3.726,18.07
Car A,2603,173.5333,8,42.171,1,24.177,18.24,0.045,5.5978,-0.0158,4.5472,1.0,1.0,24.999,-18.086
Car B,2603,173.5333,8,60.257,2,6.573,20.086,-0.086,5.9862,0.0127,0.259,1.0,-0.1336,1.293,18.086
Car A,2604,173.6,8,42.543,1,23.929,18.522,-0.009,5.5972,-0.0089,4.6111,1.0,1.0,24.999,-18.113
Car B,2604,173.6,8,60.656,2,6.174,20.082,-0.082,5.9834,-0.0433,-0.5372,1.0,0.0583,-3.332,18.113
Car A,2605,173.6667,8,42.917,1,23.665,18.79,-0.041,5.597,-0.0025,4.6647,1.0,1.0,24.999,-18.138
Car B,2605,173.6667,8,61.055,2,5.775,20.082,-0.082,5.9843,0.0141,0.2431,1.0,-0.0911,1.45,18.138
Car A,2606,173.7333,8,43.282,1,23.387,19.043,-0.088,5.5972,0.0033,4.7065,1.0,1.0,24.999,-18.172
Car B,2606,173.7333,8,61.454,2,5.376,20.079,-0.079,5.9825,-0.0267,-0.4678,1.0,0.0589,-2.27,18.172
Car A,2607,173.8,8,43.654,1,23.095,19.279,-0.137,5.5976,0.0059,4.7393,1.0,1.0,24.999,-18.199
Car B,2607,173.8,8,61.853,2,4.977,20.078,-0.078,5.9826,0.0006,0.3119,1.0,-0.1052,1.467,18.199
Car A,2608,173.8667,8,44.006,1,22.79,19.499,-0.167,5.5983,0.0102,4.766,1.0,1.0,24.999,-18.246
Car B,2608,173.8667,8,62.251,2,4.579,20.076,-0.076,5.9805,-0.0307,-0.4826,1.0,0.0632,-2.622,18.246
Car A,2609,173.9333,8,44.373,1,22.473,19.701,-0.232,5.5992,0.0128,4.7873,1.0,1.0,24.999,-18.277
Car B,2609,173.9333,8,62.65,2,4.18,20.077,-0.077,5.9813,0.0114,0.2947,1.0,-0.0782,1.574,18.277
Car A,2610,174.0,8,44.747,2,22.145,19.884,-0.275,5.6002,0.0152,4.8052,1.0,1.0,24.999,-18.302
Car B,2610,174.0,8,63.049,2,3.781,20.075,-0.075,5.9799,-0.0207,-0.4374,1.0,0.0654,-1.949,18.302
Car A,2611,174.0667,8,45.073,2,21.806,20.048,-0.321,5.6012,0.0153,4.8186,1.0,1.0,24.999,-18.374
Car B,2611,174.0667,8,63.447,2,3.383,20.076,-0.076,5.9792,-0.0107,0.3502,1.0,-0.109,1.63,18.374
Car A,2612,174.1333,8,45.445,2,21.459,20.193,-0.381,5.6023,0.0172,4.83,1.0,1.0,24.999,-18.401
Car B,2612,174.1333,8,63.846,2,2.984,20.075,-0.075,5.9777,-0.0218,-0.422,1.0,0.0645,-2.719,18.401
Car A,2613,174.2,8,45.819,2,21.104,20.317,-0.419,5.6035,0.0175,4.8372,1.0,1.0,24.999,-18.425
Car B,2613,174.2,8,64.244,2,2.586,20.076,-0.076,5.9784,0.0098,0.3371,1.0,-0.0824,1.605,18.425
Car A,2614,174.2667,8,46.123,2,20.742,20.421,-0.478,5.6048,0.0187,4.8448,1.0,1.0,24.999,-18.519
Car B,2614,174.2667,8,64.643,2,2.187,20.075,-0.075,5.978,-0.0059,-0.436,1.0,0.0673,-2.054,18.519
Car A,2615,174.3333,8,46.496,2,20.375,20.503,-0.531,5.606,0.0188,4.8498,1.0,1.0,24.999,-18.545
Car B,2615,174.3333,8,65.041,2,1.789,20.077,-0.077,5.9776,-0.0058,0.3512,1.0,-0.0933,1.675,18.545
Car A,2616,174.4,8,46.83,2,20.003,20.565,-0.565,5.6073,0.0194,4.8548,1.0,1.0,24.999,-18.609
Car B,2616,174.4,8,65.44,2,1.391,20.077,-0.077,5.9762,-0.0207,-0.4186,1.0,0.0673,-2.326,18.609
Car A,2617,174.4667,8,47.201,2,19.629,20.605,-0.605,5.6085,0.0176,4.8577,1.0,1.0,24.999,-18.637
Car B,2617,174.4667,8,65.838,2,0.992,20.079,-0.079,5.9769,0.0107,0.3441,1.0,-0.0912,1.676,18.637
Car A,2618,174.5333,8,47.577,2,19.253,20.623,-0.623,5.6098,0.019,4.8601,1.0,1.0,24.999,-18.659
Car B,2618,174.5333,8,66.236,2,0.594,20.079,-0.079,5.9758,-0.0171,-0.4234,1.0,0.0713,-2.275,18.659
Car A,2619,174.6,8,47.954,2,18.876,20.62,-0.62,5.611,0.0193,4.8616,1.0,1.0,24.999,-18.68
Car B,2619,174.6,8,66.635,2,0.196,20.082,-0.082,5.9762,0.0067,0.3463,1.0,-0.0868,1.775,18.68
Car A,2620,174.6667,8,48.33,2,18.5,20.594,-0.594,5.6123,0.0184,4.8633,1.0,1.0,24.999,-18.703
Car B,2620,174.6667,8,67.033,2,-0.203,20.082,-0.082,5.9754,-0.0124,-0.4063,1.0,0.0725,-2.164,18.703
Car A,2621,174.7333,8,48.704,2,18.126,20.548,-0.548,5.6136,0.0195,4.8642,1.0,0.4516,24.999,-18.727
Car B,2621,174.7333,8,67.431,2,-0.601,20.085,-0.085,5.9751,-0.0055,0.3572,1.0,-0.1261,1.806,18.727
Car A,2622,174.8,8,49.078,2,17.753,20.486,-0.486,5.6842,1.0589,3.7251,1.0,-0.0669,11.31,-18.752
Car B,2622,174.8,8,67.829,2,-0.999,20.085,-0.085,5.9743,-0.0116,-0.425,1.0,0.0698,-3.144,18.752
Car A,2623,174.8667,8,49.453,2,17.377,20.421,-0.421,5.7152,0.465,2.1099,1.0,-0.1345,-1.653,-18.775
Car B,2623,174.8667,8,68.228,2,-1.398,20.089,-0.089,5.9749,0.0093,0.3332,1.0,-0.2076,1.738,18.775
Car A,2624,174.9333,8,49.831,2,16.999,20.365,-0.365,5.7338,0.2795,0.4937,1.0,-0.1653,-3.359,-18.795
Car B,2624,174.9333,8,68.626,2,-1.796,20.09,-0.09,5.9724,-0.0368,-0.4425,1.0,0.0618,-5.18,18.795
Car A,2625,175.0,8,50.211,2,16.619,20.32,-0.32,5.7419,0.1214,-0.6465,1.0,-0.154,-4.132,-18.813
Car B,2625,175.0,8,69.024,2,-2.194,20.095,-0.095,5.9743,0.0285,0.3183,1.0,-0.2152,1.534,18.813
Car A,2626,175.0667,8,50.593,2,16.237,20.287,-0.287,5.7789,0.5545,-1.3407,1.0,-0.1099,-3.849,-18.829
Car B,2626,175.0667,8,69.422,2,-2.592,20.097,-0.097,5.9715,-0.042,-0.4817,1.0,0.0568,-5.368,18.829
Car A,2627,175.1333,8,50.981,2,15.849,20.259,-0.259,5.8619,1.2464,-1.0531,1.0,-0.0967,-2.734,-18.839
Car B,2627,175.1333,8,69.82,2,-2.99,20.103,-0.103,5.974,0.0362,0.2969,1.0,-0.2161,1.411,18.839
Car A,2628,175.2,8,51.374,2,15.456,20.233,-0.233,5.9181,0.8428,-0.9514,1.0,-0.0819,-2.406,-18.845
Car B,2628,175.2,8,70.218,2,-3.388,20.107,-0.107,5.9711,-0.0435,-0.514,1.0,0.037,-5.392,18.845
Car A,2629,175.2667,8,51.768,2,15.062,20.209,-0.209,5.9403,0.3327,-0.7437,1.0,-0.078,-2.044,-18.848
Car B,2629,175.2667,8,70.616,2,-3.786,20.115,-0.115,5.9748,0.0563,0.2516,1.0,-0.1928,0.915,18.848
Car A,2630,175.3333,8,52.164,2,14.667,20.188,-0.188,5.935,-0.0801,-0.7458,1.0,-0.071,-1.928,-18.851
Car B,2630,175.3333,8,71.015,2,-4.184,20.121,-0.121,5.9736,-0.0181,-0.6175,1.0,0.0647,-4.811,18.851
Car A,2631,175.4,8,52.559,2,14.271,20.169,-0.169,5.9352,0.0028,-0.6736,1.0,-0.0666,-1.755,-18.854
Car B,2631,175.4,8,71.413,2,-4.583,20.132,-0.132,5.976,0.0359,0.2165,1.0,-0.1623,1.608,18.854
Car A,2632,175.4667,8,52.955,2,13.875,20.152,-0.152,5.9601,0.3737,-0.6127,1.0,-0.0607,-1.66,-18.856
Car B,2632,175.4667,8,71.811,2,-4.981,20.139,-0.139,5.9723,-0.0554,-0.5087,1.0,0.0515,-4.05,18.856
Car A,2633,175.5333,8,53.353,2,13.478,20.138,-0.138,5.9638,0.0556,-0.6003,1.0,-0.0542,-1.507,-18.856
Car B,2633,175.5333,8,72.209,2,-5.379,20.15,-0.15,5.9747,0.0355,0.2777,1.0,-0.1649,1.279,18.856
Car A,2634,175.6,8,53.753,2,13.077,20.125,-0.125,6.0306,1.0027,-0.5577,1.0,-0.0422,-1.351,-18.854
Car B,2634,175.6,8,72.607,2,-5.777,20.159,-0.159,5.9727,-0.0292,-0.54,1.0,0.0562,-4.115,18.854
Car A,2635,175.6667,8,54.155,2,12.675,20.114,-0.114,6.0287,-0.029,-0.24,1.0,-0.0468,-1.036,-18.85
Car B,2635,175.6667,8,73.005,2,-6.175,20.172,-0.172,5.9746,0.0276,0.2571,1.0,-0.159,1.395,18.85
Car A,2636,175.7333,8,54.556,2,12.274,20.104,-0.104,6.0316,0.0441,-0.4822,1.0,-0.0371,-1.158,-18.847
Car B,2636,175.7333,8,73.403,2,-6.573,20.182,-0.182,5.9724,-0.0325,-0.5109,1.0,0.0638,-3.967,18.847
Car A,2637,175.8,8,54.958,2,11.872,20.095,-0.095,6.0258,-0.0872,-0.2146,1.0,-0.041,-0.911,-18.843
Car B,2637,175.8,8,73.801,2,-6.971,20.196,-0.196,5.974,0.024,0.289,1.0,-0.1522,1.587,18.843
Car A,2638,175.8667,8,55.36,2,11.47,20.088,-0.088,6.0291,0.0486,-0.4311,1.0,-0.0313,-1.011,-18.839
Car B,2638,175.8667,8,74.199,2,-7.369,20.207,-0.207,5.9718,-0.0333,-0.4701,1.0,0.0684,-3.797,18.839
Car A,2639,175.9333,8,55.761,2,11.069,20.082,-0.082,5.9896,-0.5916,-0.1716,1.0,-0.0381,-0.771,-18.836
Car B,2639,175.9333,8,74.597,2,-7.767,20.221,-0.221,5.9729,0.0165,0.2971,1.0,-0.1346,1.702,18.836
Car A,2640,176.0,8,56.16,2,10.67,20.077,-0.077,5.999,0.1401,-0.3553,1.0,-0.0274,-0.949,-18.835
Car B,2640,176.0,8,74.995,2,-8.165,20.233,-0.233,5.9723,-0.0081,-0.4473,1.0,0.0765,-3.357,18.835
Car A,2641,176.0667,8,56.561,2,10.269,20.074,-0.074,6.0197,0.3106,-0.1819,1.0,-0.0253,-0.673,-18.832
Car B,2641,176.0667,8,75.392,2,-8.562,20.248,-0.248,5.9726,0.0031,0.3233,1.0,-0.1332,1.904,18.832
Car A,2642,176.1333,8,56.962,2,9.868,20.07,-0.07,6.0162,-0.0515,-0.1454,1.0,-0.0244,-0.617,-18.828
Car B,2642,176.1333,8,75.79,2,-8.96,20.26,-0.26,5.9714,-0.0169,-0.4399,1.0,0.0796,-3.322,18.828
Car A,2643,176.2,8,57.363,2,9.467,20.067,-0.067,6.0137,-0.0376,-0.1052,1.0,-0.0243,-0.593,-18.825
Car B,2643,176.2,8,76.188,2,-9.358,20.275,-0.275,5.9725,0.0158,0.3253,1.0,-0.1158,1.981,18.825
Car A,2644,176.2667,8,57.764,2,9.066,20.064,-0.064,6.0118,-0.0288,-0.0899,1.0,-0.024,-0.589,-18.822
Car B,2644,176.2667,8,76.586,2,-9.756,20.288,-0.288,5.9721,-0.0058,-0.3947,1.0,0.0814,-2.888,18.822
Car A,2645,176.3333,8,58.165,2,8.665,20.061,-0.061,6.0123,0.0074,-0.0959,1.0,-0.0226,-0.583,-18.819
Car B,2645,176.3333,8,76.984,2,-10.154,20.303,-0.303,5.9721,0.0002,0.3562,1.0,-0.1082,2.027,18.819
Car A,2646,176.4,8,58.566,2,8.264,20.059,-0.059,6.0126,0.0039,-0.1093,1.0,-0.0204,-0.549,-18.816
Car B,2646,176.4,8,77.382,2,-10.552,20.316,-0.316,5.9718,-0.0051,-0.394,1.0,0.0846,-2.696,18.816
Car A,2647,176.4667,8,58.966,2,7.864,20.058,-0.058,5.9924,-0.3026,-0.1017,1.0,-0.0192,-0.499,-18.813
Car B,2647,176.4667,8,77.779,2,-10.949,20.332,-0.332,5.9733,0.0227,0.3477,1.0,-0.0772,2.106,18.813
Car A,2648,176.5333,8,59.365,2,7.465,20.057,-0.057,5.9912,-0.0182,-0.0942,1.0,-0.0171,-0.47,-18.812
Car B,2648,176.5333,8,78.177,2,-11.347,20.345,-0.345,5.9722,-0.0161,-0.3873,1.0,0.0874,-1.923,18.812
Car A,2649,176.6,8,59.765,2,7.065,20.056,-0.056,5.9907,-0.0075,-0.0953,1.0,-0.014,-0.418,-18.81
Car B,2649,176.6,8,78.575,2,-11.745,20.36,-0.36,5.9721,-0.0021,0.3838,1.0,-0.0769,2.178,18.81
Car A,2650,176.6667,8,60.164,2,6.666,20.056,-0.056,5.9915,0.0121,-0.0631,1.0,-0.0118,-0.345,-18.809
Car B,2650,176.6667,8,78.973,2,-12.143,20.373,-0.373,5.9718,-0.0037,-0.3691,1.0,0.088,-1.916,18.809
Car A,2651,176.7333,8,60.564,2,6.267,20.057,-0.057,5.9926,0.0167,-0.0673,1.0,-0.0085,-0.289,-18.807
Car B,2651,176.7333,8,79.371,2,-12.541,20.388,-0.388,5.9717,-0.002,0.3891,1.0,-0.066,2.193,18.807
Car A,2652,176.8,8,60.963,2,5.867,20.058,-0.058,6.0017,0.1369,-0.039,1.0,-0.0058,-0.209,-18.806
Car B,2652,176.8,8,79.769,2,-12.939,20.4,-0.4,5.9723,0.0089,-0.3493,1.0,0.0883,-1.644,18.806
Car A,2653,176.8667,8,61.364,2,5.467,20.059,-0.059,6.0007,-0.0148,-0.0226,1.0,-0.004,-0.141,-18.803
Car B,2653,176.8667,8,80.167,2,-13.336,20.415,-0.415,5.9719,-0.0053,0.4084,1.0,-0.0643,2.2,18.803
Car A,2654,176.9333,8,61.764,2,5.067,20.06,-0.06,6.0012,0.007,-0.0302,1.0,-0.0018,-0.098,-18.801
Car B,2654,176.9333,8,80.565,2,-13.734,20.427,-0.427,5.9733,0.0209,-0.3499,1.0,0.0892,-1.602,18.801
Car A,2655,177.0,8,62.164,2,4.666,20.062,-0.062,6.0032,0.0301,-0.0368,1.0,0.0004,-0.045,-18.799
Car B,2655,177.0,8,80.962,2,-14.132,20.441,-0.441,5.9726,-0.0111,0.4138,1.0,-0.056,2.223,18.799
Car A,2656,177.0667,8,62.564,2,4.266,20.063,-0.063,5.9986,-0.0699,-0.0113,1.0,0.0008,0.009,-18.797
Car B,2656,177.0667,8,81.36,2,-14.53,20.452,-0.452,5.9735,0.0134,-0.3501,1.0,0.0896,-1.393,18.797
Car A,2657,177.1333,8,62.964,2,3.866,20.064,-0.064,6.0005,0.0291,0.0019,1.0,0.0008,0.02,-18.795
Car B,2657,177.1333,8,81.758,2,-14.928,20.466,-0.466,5.9739,0.0067,0.4611,1.0,-0.0651,2.234,18.795
Car A,2658,177.2,8,63.364,2,3.466,20.065,-0.065,6.0003,-0.0033,0.0035,1.0,0.0008,0.019,-18.793
Car B,2658,177.2,8,82.156,2,-15.326,20.476,-0.476,5.9743,0.0059,-0.3327,1.0,0.08,-1.621,18.793
Car A,2659,177.2667,8,63.764,2,3.066,20.066,-0.066,6.0002,-0.0007,0.0128,1.0,0.0001,0.019,-18.79
Car B,2659,177.2667,8,82.554,2,-15.724,20.489,-0.489,5.9737,-0.0098,0.4451,1.0,-0.1432,1.995,18.79
Car A,2660,177.3333,8,64.164,2,2.666,20.067,-0.067,6.0,-0.0031,-0.0078,1.0,0.0005,0.004,-18.788
Car B,2660,177.3333,8,82.952,2,-16.122,20.499,-0.499,5.9719,-0.0258,-0.3658,1.0,0.0296,-3.571,18.788
Car A,2661,177.4,8,64.564,2,2.266,20.069,-0.069,6.0005,0.0067,-0.0026,1.0,0.0004,0.013,-18.786
Car B,2661,177.4,8,83.35,2,-16.52,20.513,-0.513,5.9829,0.1646,0.2805,1.0,-0.1783,0.732,18.786
Car A,2662,177.4667,8,64.964,2,1.866,20.07,-0.07,6.0005,0.0,0.0008,1.0,-0.0004,0.011,-18.785
Car B,2662,177.4667,8,83.749,2,-16.919,20.527,-0.527,5.9825,-0.0069,-0.6147,1.0,0.0925,-4.449,18.785
Car A,2663,177.5333,8,65.364,2,1.466,20.071,-0.071,6.0023,0.0274,-0.0134,1.0,-0.0011,-0.009,-18.783
Car B,2663,177.5333,8,84.147,2,-17.317,20.544,-0.544,5.983,0.0077,0.1939,1.0,-0.0965,2.302,18.783
Car A,2664,177.6,8,65.764,2,1.066,20.072,-0.072,6.0013,-0.0144,-0.0244,1.0,-0.0015,-0.025,-18.782
Car B,2664,177.6,8,84.546,2,-17.716,20.559,-0.559,5.9822,-0.0114,-0.4817,1.0,0.0751,-2.404,18.782
Car A,2665,177.6667,8,66.164,2,0.666,20.073,-0.073,6.0009,-0.007,0.0142,1.0,-0.0061,-0.037,-18.78
Car B,2665,177.6667,8,84.944,2,-18.114,20.576,-0.576,5.9816,-0.0097,0.3271,1.0,1.0,1.87,18.78
Car A,2666,177.7333,8,66.565,2,0.266,20.074,-0.074,5.9997,-0.017,0.0013,1.0,-0.0069,-0.143,-18.778
Car B,2666,177.7333,8,85.343,2,-18.512,20.581,-0.581,5.9747,-0.1025,1.0247,1.0,0.7587,24.965,18.778
Car A,2667,177.8,8,66.965,2,-0.134,20.075,-0.075,6.0025,0.0414,-0.0167,1.0,-0.0039,-0.166,-18.776
Car B,2667,177.8,8,85.74,2,-18.91,20.574,-0.574,5.9588,-0.2398,2.0311,1.0,0.8124,18.976,18.776
Car A,2668,177.8667,8,67.365,2,-0.535,20.077,-0.077,6.002,-0.0072,-0.0159,1.0,0.0031,-0.096,-18.772
Car B,2668,177.8667,8,86.137,2,-19.307,20.55,-0.55,5.948,-0.1614,2.6601,1.0,0.5308,20.308,18.772
Car A,2669,177.9333,8,67.765,2,-0.935,20.079,-0.079,5.9978,-0.0633,-0.0294,1.0,0.0118,0.072,-18.767
Car B,2669,177.9333,8,86.532,2,-19.702,20.508,-0.508,5.9408,-0.1083,3.1142,1.0,0.4923,13.28,18.767
Car A,2670,178.0,8,68.165,2,-1.335,20.08,-0.08,6.002,0.0631,-0.0053,1.0,0.0142,0.283,-18.724
Car B,2670,178.0,8,86.889,2,-20.094,20.45,-0.456,5.9348,-0.09,3.4735,1.0,1.0,12.308,18.724
Car A,2671,178.0667,8,68.565,2,-1.735,20.081,-0.081,6.0039,0.0283,0.0418,1.0,0.0138,0.341,-18.718
Car B,2671,178.0667,8,87.283,2,-20.483,20.374,-0.411,5.9245,-0.1542,3.7719,1.0,1.0,24.98,18.718
Car A,2672,178.1333,8,68.966,2,-2.136,20.082,-0.082,6.0075,0.0545,0.0566,1.0,0.0125,0.337,-18.708
Car B,2672,178.1333,8,87.674,2,-20.868,20.279,-0.346,5.9156,-0.1333,4.0154,1.0,1.0,24.999,18.708
Car A,2673,178.2,8,69.366,2,-2.536,20.082,-0.082,6.0067,-0.0128,0.0658,1.0,0.0105,0.305,-18.65
Car B,2673,178.2,8,88.016,2,-21.247,20.164,-0.304,5.9077,-0.1186,4.1917,1.0,1.0,25.0,18.65
Car A,2674,178.2667,8,69.767,2,-2.937,20.082,-0.082,6.0085,0.0269,0.074,1.0,0.0071,0.257,-18.642
Car B,2674,178.2667,8,88.409,2,-21.619,20.031,-0.261,5.9007,-0.105,4.3363,1.0,1.0,24.999,18.642
Car A,2675,178.3333,8,70.167,2,-3.337,20.081,-0.081,5.9984,-0.1514,0.0943,1.0,0.0007,0.172,-18.6
Car B,2675,178.3333,8,88.767,2,-21.984,19.879,-0.209,5.8946,-0.0917,4.4471,1.0,1.0,24.999,18.6
Car A,2676,178.4,8,70.567,2,-3.737,20.08,-0.08,5.9972,-0.0168,0.0297,1.0,0.0006,0.023,-18.594
Car B,2676,178.4,8,89.161,3,-22.339,19.707,-0.187,5.8891,-0.0822,4.5344,1.0,1.0,24.999,18.594
Car A,2677,178.4667,8,70.967,2,-4.137,20.079,-0.079,6.0003,0.0462,0.0014,1.0,-0.0002,0.015,-18.586
Car B,2677,178.4667,8,89.553,3,-22.685,19.518,-0.144,5.8841,-0.0747,4.5999,1.0,1.0,24.999,18.586
Car A,2678,178.5333,8,71.367,2,-4.537,20.079,-0.079,6.0001,-0.0041,-0.0092,1.0,-0.0005,-0.005,-18.559
Car B,2678,178.5333,8,89.926,3,-23.02,19.31,-0.124,5.8796,-0.068,4.652,1.0,1.0,24.999,18.559
Car A,2679,178.6,8,71.767,2,-4.937,20.078,-0.078,6.0007,0.0089,-0.0147,1.0,-0.0012,-0.012,-18.552
Car B,2679,178.6,8,90.32,3,-23.343,19.084,-0.1,5.8754,-0.0631,4.6957,1.0,1.0,24.999,18.552
Car A,2680,178.6667,8,72.167,2,-5.337,20.078,-0.078,6.0006,-0.0004,0.0083,1.0,-0.0029,-0.028,-18.533
Car B,2680,178.6667,8,90.701,3,-23.654,18.842,-0.073,5.8717,-0.0559,4.7301,1.0,1.0,24.999,18.533
Car A,2681,178.7333,8,72.567,2,-5.737,20.077,-0.077,5.9999,-0.0113,0.0123,1.0,-0.0038,-0.069,-18.527
Car B,2681,178.7333,8,91.094,3,-23.95,18.583,-0.069,5.868,-0.0543,4.7573,1.0,1.0,24.999,18.527
Car A,2682,178.8,8,72.967,2,-6.137,20.076,-0.076,6.0014,0.0224,-0.0094,1.0,-0.0041,-0.092,-18.519
Car B,2682,178.8,8,91.487,3,-24.232,18.308,-0.043,5.8646,-0.051,4.7782,1.0,1.0,24.999,18.519
Car A,2683,178.8667,8,73.368,2,-6.537,20.076,-0.076,6.0025,0.0163,0.0015,1.0,-0.0034,-0.099,-18.506
Car B,2683,178.8667,8,91.874,3,-24.498,18.019,-0.049,5.8615,-0.0475,4.7956,1.0,1.0,24.999,18.506
Car A,2684,178.9333,8,73.768,2,-6.938,20.075,-0.075,6.0027,0.0032,-0.0337,1.0,-0.0018,-0.083,-18.499
Car B,2684,178.9333,8,92.267,3,-24.748,17.716,-0.042,5.8584,-0.0462,4.8075,1.0,1.0,24.999,18.499
Car A,2685,179.0,8,74.168,2,-7.338,20.075,-0.075,6.0015,-0.0174,-0.0056,1.0,-0.0015,-0.044,-18.486
Car B,2685,179.0,8,92.654,3,-24.981,17.399,-0.041,5.8554,-0.0442,4.8191,1.0,1.0,24.999,18.486
Car A,2686,179.0667,8,74.568,2,-7.738,20.075,-0.075,6.0007,-0.0125,-0.0178,1.0,-0.0002,-0.036,-18.478
Car B,2686,179.0667,8,93.047,3,-25.195,17.07,-0.053,5.8526,-0.0427,4.8256,1.0,1.0,24.999,18.478
Car A,2687,179.1333,8,74.968,2,-8.138,20.075,-0.075,6.0024,0.0262,-0.0198,1.0,0.0011,-0.005,-18.464
Car B,2687,179.1333,8,93.432,3,-25.392,16.731,-0.045,5.8499,-0.0409,4.8317,1.0,1.0,24.999,18.464
Car A,2688,179.2,8,75.369,2,-8.538,20.075,-0.075,6.0021,-0.005,-0.0281,1.0,0.0035,0.025,-18.455
Car B,2688,179.2,8,93.823,3,-25.569,16.381,-0.074,5.8472,-0.0395,4.8384,1.0,1.0,24.999,18.455
Car A,2689,179.2667,8,75.769,2,-8.939,20.075,-0.075,6.0031,0.0159,-0.0037,1.0,0.0045,0.083,-18.446
Car B,2689,179.2667,8,94.215,3,-25.726,16.021,-0.082,5.8446,-0.0388,4.8412,1.0,1.0,24.999,18.446
Car A,2690,179.3333,8,76.169,2,-9.339,20.075,-0.075,6.0008,-0.0345,0.0078,1.0,0.0055,0.108,-18.424
Car B,2690,179.3333,8,94.593,3,-25.863,15.654,-0.106,5.8421,-0.0385,4.8441,1.0,1.0,24.999,18.424
Car A,2691,179.4,8,76.569,2,-9.739,20.075,-0.075,6.0003,-0.0076,0.0186,1.0,0.0063,0.132,-18.415
Car B,2691,179.4,8,94.984,3,-25.98,15.28,-0.132,5.8396,-0.0372,4.8469,1.0,0.8804,24.999,18.415
Car A,2692,179.4667,8,76.969,2,-10.139,20.075,-0.075,5.9995,-0.0119,0.0154,1.0,0.0072,0.153,-18.384
Car B,2692,179.4667,8,95.353,3,-26.076,14.9,-0.146,5.8392,-0.0054,4.8287,1.0,1.0,22.013,18.384
Car A,2693,179.5333,8,77.369,2,-10.539,20.075,-0.075,5.9995,-0.0011,0.0283,1.0,0.0082,0.175,-18.373
Car B,2693,179.5333,8,95.743,3,-26.15,14.516,-0.19,5.8366,-0.0388,4.8538,1.0,0.797,24.995,18.373
Car A,2694,179.6,8,77.769,2,-10.939,20.075,-0.075,5.999,-0.0076,0.0307,1.0,0.0081,0.198,-18.364
Car B,2694,179.6,8,96.133,3,-26.204,14.128,-0.213,5.8377,0.0158,4.8156,1.0,0.2059,19.932,18.364
Car A,2695,179.6667,8,78.169,2,-11.339,20.074,-0.074,5.9976,-0.021,0.0354,1.0,0.0057,0.197,-18.338
Car B,2695,179.6667,8,96.507,3,-26.244,13.738,-0.244,5.8831,0.6804,3.0427,1.0,0.1535,5.169,18.338
Car A,2696,179.7333,8,78.569,2,-11.739,20.073,-0.073,6.0017,0.0617,0.0293,1.0,0.0019,0.139,-18.33
Car B,2696,179.7333,8,96.899,3,-26.291,13.346,-0.291,5.9508,1.0161,1.4157,1.0,0.1405,3.841,18.33
Car A,2697,179.8,8,78.969,2,-12.139,20.071,-0.071,6.0068,0.0776,0.0208,1.0,-0.0011,0.049,-18.325
Car B,2697,179.8,8,97.294,3,-26.338,12.951,-0.338,5.992,0.618,1.3354,1.0,0.1336,3.513,18.325
Car A,2698,179.8667,8,79.37,2,-12.539,20.07,-0.07,5.9995,-0.1109,0.0087,1.0,-0.0037,-0.025,-18.323
Car B,2698,179.8667,8,97.693,3,-26.38,12.552,-0.38,6.0007,0.1307,1.3391,1.0,0.1211,3.338,18.323
Car A,2699,179.9333,8,79.769,2,-12.939,20.068,-0.068,5.9992,-0.0033,0.0092,1.0,-0.0069,-0.088,-18.324
Car B,2699,179.9333,8,98.093,3,-26.418,12.152,-0.418,6.0162,0.2324,1.225,1.0,0.1171,3.028,18.324
Car A,2700,180.0,8,80.169,2,-13.339,20.066,-0.066,5.9999,0.0096,-0.0042,1.0,-0.0097,-0.164,-18.325
Car B,2700,180.0,8,98.494,3,-26.451,11.751,-0.451,6.0285,0.184,1.1367,1.0,0.114,2.927,18.325
Car A,2701,180.0667,8,80.569,2,-13.739,20.065,-0.065,6.0013,0.0208,-0.0194,1.0,-0.0128,-0.234,-18.327
Car B,2701,180.0667,8,98.896,3,-26.479,11.349,-0.479,6.0506,0.3324,1.1137,1.0,0.113,2.851,18.327
Car A,2702,180.1333,8,80.97,2,-14.14,20.063,-0.063,6.0032,0.029,-0.0392,1.0,-0.0146,-0.306,-18.328
Car B,2702,180.1333,8,99.297,3,-26.502,10.948,-0.502,6.0335,-0.2573,1.0923,1.0,0.099,2.826,18.328
Car A,2703,180.2,8,81.37,2,-14.54,20.062,-0.062,6.0049,0.0251,-0.0334,1.0,-0.0185,-0.353,-18.328
Car B,2703,180.2,8,99.698,3,-26.522,10.547,-0.522,6.0081,-0.3802,0.9677,1.0,0.0812,2.476,18.328
Car A,2704,180.2667,8,81.771,2,-14.941,20.063,-0.063,6.0192,0.2153,-0.2159,1.0,-0.0056,-0.443,-18.328
Car B,2704,180.2667,8,100.099,3,-26.539,10.146,-0.539,6.0114,0.049,0.8015,1.0,0.0916,2.031,18.328
Car A,2705,180.3333,8,82.172,2,-15.342,20.063,-0.063,6.0131,-0.0924,-0.0981,1.0,0.0051,-0.144,-18.327
Car B,2705,180.3333,8,100.499,3,-26.552,9.746,-0.552,5.986,-0.3812,0.8951,1.0,-0.0861,2.289,18.327
Car A,2706,180.4,8,82.572,2,-15.742,20.063,-0.063,6.0015,-0.1736,-0.0181,1.0,-0.0087,0.122,-18.326
Car B,2706,180.4,8,100.898,3,-26.566,9.347,-0.566,5.989,0.0459,-0.1604,1.0,0.11,-2.146,18.326
Car A,2707,180.4667,8,82.972,2,-16.142,20.063,-0.063,6.0003,-0.0183,0.0388,0.9283,0.0124,-0.202,-18.325
Car B,2707,180.4667,8,101.297,3,-26.584,8.948,-0.584,5.9877,-0.0198,0.5028,1.0,0.1871,2.741,18.325
Car A,2708,180.5333,8,83.365,2,-16.535,20.062,-0.062,5.8274,-2.5928,0.0869,0.9969,0.0965,0.309,-18.331
Car B,2708,180.5333,8,101.696,3,-26.589,8.549,-0.589,5.983,-0.0711,1.4295,1.0,-0.0848,4.675,18.331
Car A,2709,180.6,8,83.754,2,-16.924,20.056,-0.056,5.8531,0.3858,0.8301,1.0,0.9306,2.408,-18.341
Car B,2709,180.6,8,102.095,3,-26.59,8.15,-0.59,5.9865,0.0534,0.3589,1.0,1.0,-2.11,18.341
Car A,2710,180.6667,8,84.144,2,-17.314,20.039,-0.039,5.8501,-0.0452,1.3066,1.0,0.6068,23.234,-18.349
Car B,2710,180.6667,8,102.493,3,-26.591,7.752,-0.591,5.9736,-0.1946,0.8123,1.0,0.8752,24.959,18.349
Car A,2711,180.7333,8,84.532,2,-17.702,20.008,-0.008,5.837,-0.1975,2.2734,0.8662,-0.3207,15.182,-18.359
Car B,2711,180.7333,8,102.891,3,-26.581,7.354,-0.581,5.9606,-0.1943,1.8401,1.0,0.2983,21.885,18.359
Car A,2712,180.8,8,84.919,2,-18.089,19.969,0.031,5.8382,0.0189,1.3609,0.5436,-0.6892,-7.983,-18.368
Car B,2712,180.8,8,103.288,3,-26.557,6.958,-0.557,5.96,-0.0097,2.1201,1.0,0.8571,7.478,18.368
Car A,2713,180.8667,8,85.303,2,-18.473,19.941,0.059,5.7464,-1.377,-0.2117,1.0,-0.4299,-17.216,-18.38
Car B,2713,180.8667,8,103.683,3,-26.519,6.562,-0.519,5.9468,-0.1978,2.7151,1.0,0.5681,21.405,18.38
Car A,2714,180.9333,8,85.686,2,-18.856,19.924,0.076,5.7454,-0.0154,-1.1026,1.0,0.754,-10.757,-18.39
Car B,2714,180.9333,8,104.076,3,-26.464,6.169,-0.464,5.9396,-0.1075,3.1577,1.0,1.0,14.212,18.39
Car A,2715,181.0,8,86.068,2,-19.238,19.91,0.09,5.7441,-0.0198,-0.3142,1.0,1.0,18.805,-18.367
Car B,2715,181.0,8,104.435,3,-26.391,5.779,-0.407,5.9284,-0.1685,3.5493,1.0,1.0,24.983,18.367
Car A,2716,181.0667,8,86.45,2,-19.62,19.886,0.114,5.737,-0.1061,0.9687,1.0,1.0,24.99,-18.376
Car B,2716,181.0667,8,104.826,3,-26.3,5.393,-0.347,5.9185,-0.148,3.8331,1.0,1.0,24.999,18.376
Car A,2717,181.1333,8,86.843,2,-20.001,19.848,0.152,5.7267,-0.1548,1.8092,1.0,1.0,25.0,-18.344
Car B,2717,181.1333,8,105.187,3,-26.191,5.013,-0.269,5.9098,-0.1314,4.0576,1.0,0.546,25.0,18.344
Car A,2718,181.2,8,87.224,2,-20.379,19.794,0.175,5.7166,-0.1503,2.4524,1.0,1.0,25.0,-18.343
Car B,2718,181.2,8,105.566,3,-26.062,4.638,-0.231,5.9197,0.1486,4.143,1.0,1.0,13.667,18.343
Car A,2719,181.2667,8,87.603,2,-20.754,19.724,0.216,5.7069,-0.1459,2.97,1.0,0.9648,25.0,-18.355
Car B,2719,181.2667,8,105.958,3,-25.916,4.27,-0.175,5.9117,-0.1201,4.2755,1.0,1.0,24.982,18.355
Car A,2720,181.3333,8,88.02,2,-21.125,19.637,0.238,5.6984,-0.1281,3.3698,1.0,1.0,24.12,-18.308
Car B,2720,181.3333,8,106.329,3,-25.751,3.911,-0.131,5.9053,-0.0956,4.4038,1.0,1.0,24.999,18.308
Car A,2721,181.4,8,88.401,2,-21.491,19.531,0.255,5.6909,-0.1114,3.6919,1.0,1.0,24.998,-18.322
Car B,2721,181.4,8,106.722,3,-25.567,3.56,-0.096,5.8994,-0.0886,4.5,1.0,1.0,24.999,18.322
Car A,2722,181.4667,8,88.825,2,-21.851,19.408,0.277,5.6847,-0.0938,3.9432,1.0,1.0,25.0,-18.282
Car B,2722,181.4667,8,107.107,3,-25.366,3.221,-0.046,5.8941,-0.0795,4.5733,1.0,1.0,24.999,18.282
Car A,2723,181.5333,8,89.205,3,-22.204,19.266,0.273,5.6797,-0.0749,4.1357,1.0,1.0,24.999,-18.296
Car B,2723,181.5333,8,107.501,3,-25.146,2.892,-0.03,5.8893,-0.0722,4.6339,1.0,1.0,24.999,18.296
Car A,2724,181.6,8,89.585,3,-22.549,19.106,0.289,5.6756,-0.061,4.2868,1.0,1.0,24.999,-18.309
Car B,2724,181.6,8,107.894,3,-24.91,2.576,0.006,5.8849,-0.0659,4.68,1.0,1.0,24.999,18.309
Car A,2725,181.6667,8,90.011,3,-22.885,18.927,0.273,5.6724,-0.048,4.4053,1.0,1.0,24.999,-18.28
Car B,2725,181.6667,8,108.291,3,-24.657,2.274,0.02,5.8808,-0.0616,4.7181,1.0,1.0,24.999,18.28
Car A,2726,181.7333,8,90.391,3,-23.211,18.731,0.27,5.6699,-0.0376,4.4996,1.0,1.0,24.999,-18.293
Car B,2726,181.7333,8,108.685,3,-24.388,1.986,0.038,5.877,-0.0567,4.7466,1.0,1.0,24.999,18.293
Car A,2727,181.8,8,90.814,3,-23.525,18.516,0.258,5.668,-0.0288,4.5758,1.0,1.0,24.999,-18.273
Car B,2727,181.8,8,109.087,3,-24.104,1.713,0.056,5.8734,-0.053,4.7681,1.0,1.0,24.999,18.273
Car A,2728,181.8667,8,91.194,3,-23.827,18.285,0.237,5.6666,-0.0215,4.6343,1.0,1.0,24.999,-18.287
Car B,2728,181.8667,8,109.481,3,-23.805,1.456,0.055,5.87,-0.051,4.7876,1.0,1.0,24.999,18.287
Car A,2729,181.9333,8,91.611,3,-24.116,18.038,0.229,5.6655,-0.0166,4.6817,1.0,1.0,24.999,-18.263
Car B,2729,181.9333,8,109.874,3,-23.494,1.216,0.075,5.8668,-0.0482,4.8016,1.0,1.0,24.999,18.263
Car A,2730,182.0,8,91.989,3,-24.39,17.775,0.192,5.6647,-0.0107,4.7204,1.0,1.0,24.999,-18.29
Car B,2730,182.0,8,110.279,3,-23.169,0.993,0.057,5.8637,-0.0469,4.814,1.0,1.0,24.999,18.29
Car A,2731,182.0667,8,92.369,3,-24.649,17.496,0.176,5.6642,-0.0077,4.7501,1.0,1.0,24.999,-18.303
Car B,2731,182.0667,8,110.672,3,-22.833,0.789,0.058,5.8607,-0.045,4.823,1.0,1.0,24.999,18.303
Car A,2732,182.1333,8,92.774,3,-24.892,17.204,0.136,5.6639,-0.0049,4.7756,1.0,1.0,24.999,-18.3
Car B,2732,182.1333,8,111.074,3,-22.487,0.604,0.044,5.8579,-0.0425,4.8292,1.0,1.0,24.999,18.3
Car A,2733,182.2,8,93.153,3,-25.118,16.898,0.103,5.6638,-0.0018,4.795,1.0,1.0,24.999,-18.314
Car B,2733,182.2,8,111.467,3,-22.131,0.438,0.027,5.8551,-0.0417,4.8345,1.0,1.0,24.999,18.314
Car A,2734,182.2667,8,93.546,3,-25.326,16.58,0.073,5.6637,-0.0006,4.8091,1.0,1.0,24.999,-18.317
Car B,2734,182.2667,8,111.863,3,-21.766,0.292,0.019,5.8524,-0.0406,4.8388,1.0,1.0,24.999,18.317
Car A,2735,182.3333,8,93.923,3,-25.516,16.251,0.024,5.6639,0.002,4.8209,1.0,1.0,24.999,-18.331
Car B,2735,182.3333,8,112.254,3,-21.394,0.166,-0.017,5.8497,-0.0399,4.843,1.0,0.8647,24.999,18.331
Car A,2736,182.4,8,94.302,3,-25.687,15.911,-0.004,5.664,0.002,4.8308,1.0,1.0,24.999,-18.344
Car B,2736,182.4,8,112.646,3,-21.016,0.062,-0.03,5.8494,-0.0054,4.8247,1.0,0.0633,21.622,18.344
Car A,2737,182.4667,8,94.677,3,-25.838,15.562,-0.06,5.6642,0.0028,4.8383,1.0,1.0,24.999,-18.354
Car B,2737,182.4667,8,113.03,3,-20.634,-0.031,-0.08,5.8875,0.5717,3.4109,1.0,0.9097,1.612,18.354
Car A,2738,182.5333,8,95.054,3,-25.97,15.205,-0.105,5.6645,0.0039,4.8437,1.0,1.0,24.999,-18.364
Car B,2738,182.5333,8,113.419,3,-20.252,-0.12,-0.14,5.8885,0.0147,2.7087,1.0,0.5311,22.71,18.364
Car A,2739,182.6,8,95.412,3,-26.08,14.842,-0.146,5.6647,0.0042,4.8495,1.0,1.0,24.999,-18.382
Car B,2739,182.6,8,113.795,3,-19.866,-0.193,-0.193,5.8762,-0.1843,3.3563,1.0,0.6936,13.292,18.382
Car A,2740,182.6667,8,95.788,3,-26.17,14.472,-0.206,5.665,0.0046,4.8531,1.0,1.0,24.999,-18.396
Car B,2740,182.6667,8,114.184,3,-19.477,-0.248,-0.248,5.8694,-0.1011,3.6816,1.0,0.4362,17.333,18.396
Car A,2741,182.7333,8,96.166,3,-26.238,14.098,-0.245,5.6654,0.0052,4.8557,1.0,1.0,24.999,-18.41
Car B,2741,182.7333,8,114.576,3,-19.084,-0.287,-0.287,5.9098,0.6053,3.6529,1.0,0.2375,10.915,18.41
Car A,2742,182.8,8,96.525,3,-26.285,13.72,-0.285,5.6657,0.0051,4.8573,1.0,1.0,24.999,-18.446
Car B,2742,182.8,8,114.971,3,-18.689,-0.316,-0.316,5.9674,0.8641,2.18,1.0,-0.0179,5.946,18.446
Car A,2743,182.8667,8,96.904,3,-26.311,13.341,-0.311,5.6661,0.0051,4.8603,1.0,1.0,24.999,-18.464
Car B,2743,182.8667,8,115.368,3,-18.292,-0.35,-0.35,5.9771,0.145,0.8314,1.0,0.1028,-0.437,18.464
Car A,2744,182.9333,8,97.285,3,-26.314,12.961,-0.314,5.6664,0.0056,4.8613,1.0,1.0,24.999,-18.48
Car B,2744,182.9333,8,115.765,3,-17.895,-0.387,-0.387,5.9977,0.3089,0.9817,1.0,0.101,2.565,18.48
Car A,2745,183.0,8,97.665,3,-26.296,12.581,-0.296,5.6668,0.0055,4.8626,1.0,1.0,24.999,-18.498
Car B,2745,183.0,8,116.163,3,-17.497,-0.418,-0.418,6.0012,0.0536,0.9691,1.0,0.0985,2.525,18.498
Car A,2746,183.0667,8,98.043,3,-26.256,12.202,-0.256,5.6671,0.005,4.8636,1.0,-0.0553,24.999,-18.518
Car B,2746,183.0667,8,116.561,3,-17.099,-0.445,-0.445,5.9871,-0.212,0.9478,1.0,0.0941,2.463,18.518
Car A,2747,183.1333,8,98.421,3,-26.204,11.825,-0.204,5.709,0.6283,3.3579,1.0,-0.2337,-1.342,-18.54
Car B,2747,183.1333,8,116.96,3,-16.7,-0.468,-0.468,6.0133,0.3932,0.9026,1.0,0.0947,2.353,18.54
Car A,2748,183.2,8,98.8,3,-26.157,11.445,-0.157,5.7415,0.4876,1.2264,1.0,-0.2582,-5.835,-18.559
Car B,2748,183.2,8,117.359,3,-16.301,-0.487,-0.487,5.9957,-0.2635,0.8983,1.0,0.0856,2.369,18.559
Car A,2749,183.2667,8,99.182,3,-26.121,11.063,-0.121,5.7507,0.1371,-0.1324,1.0,-0.2604,-6.453,-18.577
Car B,2749,183.2667,8,117.758,3,-15.902,-0.502,-0.502,5.9747,-0.3156,0.8394,1.0,0.0687,2.137,18.577
Car A,2750,183.3333,8,99.565,3,-26.097,10.681,-0.097,5.7532,0.0373,-1.1098,1.0,-0.2347,-6.509,-18.591
Car B,2750,183.3333,8,118.156,3,-15.504,-0.516,-0.516,5.9674,-0.1092,0.6313,1.0,0.0764,1.715,18.591
Car A,2751,183.4,8,99.948,3,-26.087,10.297,-0.087,5.7659,0.1917,-1.8313,1.0,-0.0727,-5.869,-18.606
Car B,2751,183.4,8,118.554,3,-15.106,-0.527,-0.527,5.9526,-0.2215,0.761,1.0,0.0184,1.903,18.606
Car A,2752,183.4667,8,100.334,3,-26.081,9.911,-0.081,5.8079,0.6298,-0.7212,0.9411,-0.1229,-1.824,-18.617
Car B,2752,183.4667,8,118.952,3,-14.709,-0.538,-0.538,5.9782,0.3836,0.2345,1.0,0.09,0.46,18.617
Car A,2753,183.5333,8,100.719,3,-26.076,9.526,-0.076,5.7412,-1.0012,-1.0852,0.8985,-0.0239,-3.067,-18.631
Car B,2753,183.5333,8,119.35,3,-14.31,-0.547,-0.547,5.9871,0.1327,0.8426,1.0,0.0246,2.245,18.631
Car A,2754,183.6,8,101.099,3,-26.072,9.147,-0.072,5.6491,-1.3804,-0.2259,0.9435,-0.065,-0.602,-18.651
Car B,2754,183.6,8,119.749,3,-13.911,-0.553,-0.553,5.9792,-0.1178,0.2807,1.0,0.0878,0.614,18.651
Car A,2755,183.6667,8,101.475,3,-26.069,8.77,-0.069,5.6603,0.1675,-0.5556,1.0,0.9796,-1.624,-18.673
Car B,2755,183.6667,8,120.148,3,-13.512,-0.556,-0.556,5.9905,0.1694,0.8336,1.0,0.0086,2.192,18.673
Car A,2756,183.7333,8,101.852,3,-26.062,8.393,-0.062,5.6615,0.0176,0.2657,1.0,0.9583,24.451,-18.695
Car B,2756,183.7333,8,120.547,3,-13.113,-0.559,-0.559,5.9988,0.1239,0.0865,1.0,0.0906,0.218,18.695
Car A,2757,183.8,8,102.229,3,-26.044,8.016,-0.044,5.6531,-0.126,1.3599,1.0,0.9637,23.959,-18.718
Car B,2757,183.8,8,120.947,3,-12.713,-0.559,-0.559,5.9971,-0.0248,0.8348,1.0,-0.0396,2.261,18.718
Car A,2758,183.8667,8,102.605,3,-26.011,7.641,-0.011,5.6444,-0.1305,2.1005,1.0,0.4156,24.092,-18.742
Car B,2758,183.8667,8,121.347,3,-12.313,-0.558,-0.558,5.9974,0.0046,-0.1786,1.0,0.0912,-0.985,18.742
Car A,2759,183.9333,8,102.979,3,-25.962,7.266,0.038,5.6559,0.1727,2.578,0.6752,-1.0,10.41,-18.768
Car B,2759,183.9333,8,121.747,3,-11.914,-0.559,-0.559,5.9946,-0.0425,0.5908,1.0,-0.0145,2.274,18.768
Car A,2760,184.0,8,103.351,3,-25.908,6.895,0.092,5.629,-0.4038,1.4789,1.0,0.4554,-24.947,-18.795
Car B,2760,184.0,8,122.146,3,-11.514,-0.556,-0.556,5.9965,0.029,-0.1449,1.0,0.0868,-0.354,18.795
Car A,2761,184.0667,8,103.721,3,-25.851,6.524,0.149,5.6147,-0.2142,1.6074,1.0,-0.7806,11.329,-18.825
Car B,2761,184.0667,8,122.546,3,-11.114,-0.553,-0.553,5.9952,-0.0205,0.7181,1.0,-0.1282,2.167,18.825
Car A,2762,184.1333,8,104.092,3,-25.795,6.154,0.205,5.628,0.2,0.2105,1.0,-0.0522,-19.468,-18.854
Car B,2762,184.1333,8,122.946,3,-10.715,-0.548,-0.548,5.9949,-0.0042,-0.2766,1.0,0.0827,-3.197,18.854
Car A,2763,184.2,8,104.485,3,-25.742,5.779,0.24,5.6922,0.9628,0.3241,1.0,1.0,-1.332,-18.86
Car B,2763,184.2,8,123.345,3,-10.315,-0.547,-0.547,5.9941,-0.0109,0.4287,1.0,-0.1066,2.059,18.86
Car A,2764,184.2667,8,104.863,3,-25.685,5.405,0.268,5.6752,-0.2549,0.672,1.0,0.9896,24.96,-18.882
Car B,2764,184.2667,8,123.745,3,-9.916,-0.543,-0.543,5.992,-0.0325,-0.3654,1.0,0.0786,-2.659,18.882
Car A,2765,184.3333,8,105.286,3,-25.617,5.034,0.294,5.6641,-0.1662,1.7304,1.0,1.0,24.74,-18.858
Car B,2765,184.3333,8,124.144,3,-9.516,-0.542,-0.542,5.9911,-0.013,0.3773,1.0,-0.0956,1.957,18.858
Car A,2766,184.4,8,105.664,3,-25.532,4.665,0.29,5.6546,-0.1431,2.3884,1.0,1.0,24.999,-18.879
Car B,2766,184.4,8,124.543,3,-9.117,-0.538,-0.538,5.9895,-0.0242,-0.3881,1.0,0.0794,-2.383,18.879
Car A,2767,184.4667,8,106.041,3,-25.432,4.301,0.303,5.6455,-0.1358,2.9167,1.0,1.0,25.0,-18.901
Car B,2767,184.4667,8,124.942,3,-8.718,-0.537,-0.537,5.9882,-0.02,0.3675,1.0,-0.1162,1.978,18.901
Car A,2768,184.5333,8,106.465,3,-25.315,3.943,0.284,5.6374,-0.1219,3.3302,1.0,1.0,25.0,-18.876
Car B,2768,184.5333,8,125.341,3,-8.319,-0.534,-0.534,5.9866,-0.023,-0.397,1.0,0.0804,-2.896,18.876
Car A,2769,184.6,8,106.842,3,-25.181,3.591,0.273,5.6307,-0.1012,3.6496,1.0,1.0,25.0,-18.898
Car B,2769,184.6,8,125.741,3,-7.92,-0.534,-0.534,5.9859,-0.0106,0.3627,1.0,-0.1027,2.003,18.898
Car A,2770,184.6667,8,107.261,3,-25.029,3.246,0.255,5.625,-0.0845,3.9116,1.0,1.0,25.0,-18.878
Car B,2770,184.6667,8,126.139,3,-7.521,-0.53,-0.53,5.9852,-0.0109,-0.3964,1.0,0.0816,-2.561,18.878
Car A,2771,184.7333,8,107.637,3,-24.859,2.909,0.224,5.6207,-0.0655,4.1093,1.0,1.0,25.0,-18.902
Car B,2771,184.7333,8,126.538,3,-7.122,-0.53,-0.53,5.9852,-0.0002,0.3566,1.0,-0.0869,2.032,18.902
Car A,2772,184.8,8,108.046,3,-24.672,2.583,0.209,5.6173,-0.0506,4.265,1.0,1.0,24.999,-18.891
Car B,2772,184.8,8,126.937,3,-6.723,-0.527,-0.527,5.9836,-0.0235,-0.3896,1.0,0.0817,-2.165,18.891
Car A,2773,184.8667,8,108.42,3,-24.467,2.266,0.16,5.6148,-0.0373,4.3868,1.0,1.0,24.999,-18.916
Car B,2773,184.8667,8,127.336,3,-6.324,-0.527,-0.527,5.9828,-0.0126,0.371,1.0,-0.0892,2.037,18.916
Car A,2774,184.9333,8,108.795,3,-24.246,1.962,0.131,5.6131,-0.0265,4.4842,1.0,1.0,24.999,-18.94
Car B,2774,184.9333,8,127.735,3,-5.925,-0.524,-0.524,5.982,-0.0123,-0.3858,1.0,0.08,-2.224,18.94
Car A,2775,185.0,8,109.188,3,-24.008,1.67,0.086,5.6119,-0.0177,4.5629,1.0,1.0,24.999,-18.946
Car B,2775,185.0,8,128.134,3,-5.527,-0.524,-0.524,5.981,-0.0142,0.3702,1.0,-0.0912,1.992,18.946
Car A,2776,185.0667,8,109.562,3,-23.754,1.392,0.04,5.6112,-0.0105,4.6247,1.0,1.0,24.999,-18.971
Car B,2776,185.0667,8,128.532,3,-5.128,-0.521,-0.521,5.9805,-0.0072,-0.3865,1.0,0.0801,-2.273,18.971
Car A,2777,185.1333,8,109.939,3,-23.484,1.129,0.008,5.6109,-0.0047,4.6754,1.0,1.0,24.999,-18.992
Car B,2777,185.1333,8,128.931,3,-4.729,-0.521,-0.521,5.9798,-0.0114,0.3681,1.0,-0.0997,1.995,18.992
Car A,2778,185.2,8,110.311,3,-23.201,0.881,-0.055,5.6109,0.0006,4.7146,1.0,1.0,24.999,-19.019
Car B,2778,185.2,8,129.329,3,-4.331,-0.518,-0.518,5.9791,-0.0103,-0.3919,1.0,0.079,-2.485,19.019
Car A,2779,185.2667,8,110.685,3,-22.903,0.65,-0.097,5.6112,0.0047,4.746,1.0,1.0,24.999,-19.043
Car B,2779,185.2667,8,129.728,3,-3.932,-0.518,-0.518,5.9787,-0.0051,0.3668,1.0,-0.1051,1.967,19.043
Car A,2780,185.3333,8,111.04,3,-22.593,0.436,-0.151,5.6117,0.0076,4.7712,1.0,1.0,24.999,-19.087
Car B,2780,185.3333,8,130.126,3,-3.534,-0.516,-0.516,5.9782,-0.0076,-0.3984,1.0,0.0762,-2.62,19.087
Car A,2781,185.4,8,111.412,3,-22.271,0.24,-0.209,5.6124,0.0098,4.7913,1.0,1.0,24.999,-19.113
Car B,2781,185.4,8,130.525,3,-3.135,-0.516,-0.516,5.9781,-0.0016,0.3551,1.0,-0.1131,1.897,19.113
Car A,2782,185.4667,8,111.777,3,-21.939,0.063,-0.246,5.6132,0.0119,4.8075,1.0,1.0,24.999,-19.146
Car B,2782,185.4667,8,130.923,3,-2.737,-0.514,-0.514,5.9769,-0.018,-0.404,1.0,0.0736,-2.819,19.146
Car A,2783,185.5333,8,112.118,3,-21.597,-0.095,-0.318,5.614,0.013,4.8203,1.0,1.0,24.999,-19.203
Car B,2783,185.5333,8,131.322,3,-2.338,-0.515,-0.515,5.9769,0.0001,0.3533,1.0,-0.1352,1.832,19.203
Car A,2784,185.6,8,112.492,3,-21.246,-0.233,-0.371,5.615,0.0146,4.8303,1.0,1.0,24.999,-19.228
Car B,2784,185.6,8,131.72,3,-1.94,-0.513,-0.513,5.9757,-0.0182,-0.4157,1.0,0.0697,-3.371,19.228
Car A,2785,185.6667,8,112.803,3,-20.888,-0.351,-0.42,5.6159,0.014,4.8392,1.0,1.0,24.999,-19.316
Car B,2785,185.6667,8,132.119,3,-1.542,-0.515,-0.515,5.9769,0.0183,0.3438,1.0,-0.1612,1.734,19.316
Car A,2786,185.7333,8,113.174,3,-20.523,-0.448,-0.488,5.617,0.016,4.846,1.0,1.0,24.999,-19.343
Car B,2786,185.7333,8,132.517,3,-1.143,-0.514,-0.514,5.9746,-0.0347,-0.4382,1.0,0.061,-4.021,19.343
Car A,2787,185.8,8,113.548,3,-20.154,-0.524,-0.535,5.618,0.0152,4.8505,1.0,1.0,24.999,-19.367
Car B,2787,185.8,8,132.915,3,-0.745,-0.516,-0.516,5.9758,0.0181,0.3292,1.0,-0.1576,1.516,19.367
Car A,2788,185.8667,8,113.88,3,-19.78,-0.579,-0.579,5.6191,0.017,4.8543,1.0,1.0,24.999,-19.434
Car B,2788,185.8667,8,133.313,3,-0.347,-0.516,-0.516,5.974,-0.0271,-0.4625,1.0,0.0543,-3.933,19.434
Car A,2789,185.9333,8,114.256,3,-19.405,-0.612,-0.612,5.6202,0.0159,4.8569,1.0,1.0,24.999,-19.456
Car B,2789,185.9333,9,0.051,1,0.051,-0.52,-0.52,5.9756,0.0232,0.3114,1.0,-0.1733,1.348,19.456
Car A,2790,186.0,8,114.633,3,-19.027,-0.623,-0.623,5.6213,0.0166,4.8596,1.0,1.0,24.999,-19.477
Car B,2790,186.0,9,0.45,1,0.45,-0.521,-0.521,5.9736,-0.0298,-0.4927,1.0,0.0544,-4.324,19.477
Car A,2791,186.0667,8,115.01,3,-18.65,-0.613,-0.613,5.6223,0.0151,4.8613,1.0,1.0,24.999,-19.498
Car B,2791,186.0667,9,0.848,1,0.848,-0.526,-0.526,5.976,0.0356,0.2862,1.0,-0.1771,1.351,19.498
Car A,2792,186.1333,8,115.387,3,-18.274,-0.581,-0.581,5.6234,0.0157,4.863,1.0,1.0,24.999,-19.52
Car B,2792,186.1333,9,1.246,1,1.246,-0.529,-0.529,5.9736,-0.0359,-0.4976,1.0,0.0447,-4.418,19.52
Car A,2793,186.2,8,115.76,3,-17.9,-0.527,-0.527,5.6244,0.0162,4.8642,1.0,-0.043,24.999,-19.544
Car B,2793,186.2,9,1.644,1,1.644,-0.535,-0.535,5.976,0.0369,0.2807,1.0,-0.2077,1.11,19.544
Car A,2794,186.2667,8,116.133,3,-17.527,-0.461,-0.461,5.6674,0.6438,3.3794,1.0,-0.0993,-1.035,-19.57
Car B,2794,186.2667,9,2.043,1,2.043,-0.54,-0.54,5.9741,-0.0287,-0.5729,1.0,0.0269,-5.182,19.57
Car A,2795,186.3333,8,116.508,3,-17.152,-0.399,-0.399,5.7033,0.5385,1.2282,1.0,-0.1215,-2.481,-19.593
Car B,2795,186.3333,9,2.441,1,2.441,-0.548,-0.548,5.9798,0.0843,0.2126,1.0,-0.251,0.664,19.593
Car A,2796,186.4,8,116.885,3,-16.775,-0.349,-0.349,5.7174,0.2126,-0.113,1.0,-0.1221,-3.035,-19.614
Car B,2796,186.4,9,2.84,1,2.84,-0.556,-0.556,5.9778,-0.0293,-0.688,1.0,0.011,-6.264,19.614
Car A,2797,186.4667,8,117.266,3,-16.395,-0.311,-0.311,5.7486,0.4676,-1.0063,1.0,-0.0923,-3.053,-19.633
Car B,2797,186.4667,9,3.238,1,3.238,-0.568,-0.568,5.9888,0.1648,0.1043,1.0,-0.241,0.264,19.633
Car A,2798,186.5333,8,117.652,3,-16.009,-0.278,-0.278,5.8614,1.6915,-0.8775,1.0,-0.0892,-2.304,-19.646
Car B,2798,186.5333,9,3.637,1,3.637,-0.58,-0.58,5.9872,-0.0241,-0.7713,1.0,-0.02,-6.014,19.646
Car A,2799,186.6,8,118.044,3,-15.616,-0.248,-0.248,5.915,0.8037,-0.858,1.0,-0.0824,-2.208,-19.652
Car B,2799,186.6,9,4.036,1,4.036,-0.597,-0.597,6.0014,0.2132,-0.1948,1.0,-0.1653,-0.509,19.652
Car A,2800,186.6667,8,118.44,3,-15.221,-0.221,-0.221,5.9456,0.4605,-0.817,1.0,-0.0792,-2.056,-19.656
Car B,2800,186.6667,9,4.436,1,4.436,-0.616,-0.616,5.9988,-0.0388,-1.0185,1.0,-0.0217,-4.126,19.656
Car A,2801,186.7333,8,118.836,3,-14.824,-0.196,-0.196,5.9376,-0.1214,-0.7894,1.0,-0.0786,-1.962,-19.659
Car B,2801,186.7333,9,4.835,1,4.835,-0.64,-0.64,5.999,0.0032,-0.2133,1.0,-0.145,-0.544,19.659
Car A,2802,186.8,8,119.231,3,-14.429,-0.176,-0.176,5.9294,-0.1218,-0.7836,1.0,-0.0784,-1.942,-19.663
Car B,2802,186.8,9,5.234,1,5.234,-0.665,-0.665,5.9939,-0.0761,-1.0202,1.0,-0.0442,-3.62,19.663
Car A,2803,186.8667,8,119.627,3,-14.034,-0.159,-0.159,5.9281,-0.0207,-0.7772,1.0,-0.0821,-1.939,-19.666
Car B,2803,186.8667,9,5.633,1,5.633,-0.695,-0.695,5.9996,0.0854,-0.4243,1.0,-0.0889,-1.108,19.666
Car A,2804,186.9333,8,120.022,3,-13.639,-0.145,-0.145,5.9245,-0.0534,-0.8185,1.0,-0.0861,-2.032,-19.67
Car B,2804,186.9333,9,6.031,1,6.031,-0.727,-0.727,6.0062,0.0984,-0.8558,1.0,-0.0144,-2.22,19.67
Car A,2805,187.0,8,120.417,3,-13.244,-0.136,-0.136,5.9209,-0.0547,-0.8525,1.0,-0.0931,-2.131,-19.674
Car B,2805,187.0,9,6.43,1,6.43,-0.76,-0.76,5.9978,-0.1257,-0.1415,1.0,-0.071,-0.361,19.674
Car A,2806,187.0667,8,120.811,3,-12.849,-0.131,-0.131,5.9148,-0.0901,-0.9122,1.0,-0.0883,-2.308,-19.677
Car B,2806,187.0667,9,6.828,1,6.828,-0.794,-0.794,5.9841,-0.2063,-0.6959,1.0,0.0887,-1.773,19.677
Car A,2807,187.1333,8,121.206,3,-12.454,-0.13,-0.13,5.9158,0.0144,-0.8544,1.0,-0.073,-2.188,-19.68
Car B,2807,187.1333,9,7.226,1,7.226,-0.828,-0.828,5.9858,0.0255,0.3329,1.0,-0.1057,2.212,19.68
Car A,2808,187.2,8,121.601,3,-12.059,-0.13,-0.13,5.9431,0.4101,-0.6719,1.0,-0.0284,-1.823,-19.683
Car B,2808,187.2,9,7.624,1,7.624,-0.858,-0.858,5.9852,-0.0088,-0.4054,1.0,0.1243,-2.635,19.683
Car A,2809,187.2667,8,121.998,3,-11.662,-0.13,-0.13,5.971,0.4172,-0.234,1.0,0.0242,-0.703,-19.683
Car B,2809,187.2667,9,8.021,1,8.021,-0.892,-0.892,5.9838,-0.0201,0.364,1.0,-0.0757,3.099,19.683
Car A,2810,187.3333,8,122.397,3,-11.263,-0.126,-0.126,5.9812,0.1532,0.289,1.0,0.0074,0.589,-19.682
Car B,2810,187.3333,9,8.419,1,8.419,-0.922,-0.922,5.9843,0.0069,-0.3786,1.0,0.2054,-1.885,19.682
Car A,2811,187.4,8,122.796,3,-10.864,-0.122,-0.122,5.9979,0.2513,0.0896,1.0,0.0606,0.182,-19.68
Car B,2811,187.4,9,8.816,1,8.816,-0.955,-0.955,5.9816,-0.0408,0.4252,1.0,-0.0372,5.123,19.68
Car A,2812,187.4667,8,123.196,3,-10.464,-0.113,-0.113,6.0133,0.2306,0.5931,1.0,-0.0587,1.514,-19.678
Car B,2812,187.4667,9,9.214,1,9.214,-0.985,-0.985,5.9844,0.0425,-0.3258,1.0,0.2653,-0.921,19.678
Car A,2813,187.5333,8,123.597,3,-10.063,-0.106,-0.106,6.0118,-0.0223,-0.3759,1.0,0.1158,-1.463,-19.675
Car B,2813,187.5333,9,9.612,1,9.612,-1.015,-1.015,5.9832,-0.0178,0.6055,1.0,-0.0738,6.622,19.675
Car A,2814,187.6,8,123.998,3,-9.663,-0.101,-0.101,6.0083,-0.0528,0.4475,1.0,-0.0123,2.889,-19.673
Car B,2814,187.6,9,10.01,1,10.01,-1.04,-1.04,5.9848,0.0241,-0.2081,1.0,0.3005,-1.832,19.673
Car A,2815,187.6667,8,124.398,3,-9.262,-0.091,-0.091,6.0028,-0.0826,-0.1221,1.0,0.0623,-0.29,-19.67
Car B,2815,187.6667,9,10.408,1,10.408,-1.069,-1.069,5.9801,-0.0709,0.5197,1.0,0.0749,7.497,19.67
Car A,2816,187.7333,8,124.798,3,-8.862,-0.082,-0.082,6.0072,0.0658,0.6011,1.0,-0.114,1.554,-19.669
Car B,2816,187.7333,9,10.806,1,10.806,-1.091,-1.091,6.0039,0.3565,0.7028,1.0,-0.0295,1.882,19.669
Car A,2817,187.8,8,125.198,3,-8.462,-0.072,-0.072,6.0074,0.0037,-0.384,1.0,0.0291,-2.842,-19.668
Car B,2817,187.8,9,11.206,1,11.206,-1.114,-1.114,6.0002,-0.0557,-0.2709,1.0,0.3609,-0.733,19.668
Car A,2818,187.8667,8,125.599,3,-8.061,-0.065,-0.065,6.0047,-0.0403,0.2792,1.0,-0.0695,0.721,-19.667
Car B,2818,187.8667,9,11.605,1,11.605,-1.137,-1.137,5.9993,-0.0123,0.663,1.0,0.0659,9.006,19.667
Car A,2819,187.9333,8,125.999,3,-7.661,-0.058,-0.058,6.0041,-0.0089,-0.5826,1.0,0.1312,-1.732,-19.666
Car B,2819,187.9333,9,12.005,1,12.005,-1.154,-1.154,6.0167,0.2604,0.6205,1.0,0.1055,1.657,19.666
Car A,2820,188.0,8,126.399,3,-7.261,-0.053,-0.053,6.0025,-0.0248,0.389,1.0,-0.0576,3.272,-19.666
Car B,2820,188.0,9,12.405,1,12.405,-1.165,-1.165,6.0077,-0.1352,1.0103,1.0,-0.2023,2.636,19.666
Car A,2821,188.0667,8,126.799,3,-6.861,-0.044,-0.044,6.0019,-0.0093,-0.3703,1.0,0.0454,-1.432,-19.667
Car B,2821,188.0667,9,12.806,1,12.806,-1.177,-1.177,6.0097,0.0297,-0.0811,1.0,0.3334,-5.045,19.667
Car A,2822,188.1333,8,127.199,3,-6.461,-0.037,-0.037,5.9984,-0.0526,0.4147,1.0,-0.0963,1.129,-19.667
Car B,2822,188.1333,9,13.206,1,13.206,-1.192,-1.192,6.0073,-0.0357,0.5638,1.0,0.0967,8.313,19.667
Car A,2823,188.2,8,127.599,3,-6.061,-0.03,-0.03,5.9977,-0.0096,-0.5233,1.0,0.0643,-2.401,-19.668
Car B,2823,188.2,9,13.606,1,13.606,-1.198,-1.198,6.0063,-0.0153,0.9116,1.0,-0.1844,2.427,19.668
Car A,2824,188.2667,8,127.999,3,-5.662,-0.026,-0.026,5.9956,-0.0311,0.2826,1.0,-0.0562,1.602,-19.668
Car B,2824,188.2667,9,14.007,1,14.007,-1.204,-1.204,6.0076,0.0207,-0.173,1.0,0.3448,-4.599,19.668
Car A,2825,188.3333,8,128.398,3,-5.262,-0.02,-0.02,5.9933,-0.0346,-0.4306,1.0,0.0598,-1.399,-19.669
Car B,2825,188.3333,9,14.407,1,14.407,-1.215,-1.215,6.0051,-0.0382,0.5045,1.0,0.0903,8.6,19.669
Car A,2826,188.4,8,128.798,3,-4.863,-0.014,-0.014,5.9926,-0.0113,0.4216,1.0,-0.0928,1.491,-19.67
Car B,2826,188.4,9,14.807,1,14.807,-1.216,-1.216,6.0083,0.0474,0.8475,1.0,-0.1847,2.266,19.67
Car A,2827,188.4667,8,129.197,3,-4.463,-0.007,-0.007,5.9907,-0.0282,-0.4194,1.0,0.0207,-2.314,-19.671
Car B,2827,188.4667,9,15.208,1,15.208,-1.219,-1.219,6.0096,0.02,-0.2398,1.0,0.3657,-4.606,19.671
Car A,2828,188.5333,8,129.596,3,-4.064,-0.004,-0.004,5.997,0.0943,0.2078,1.0,-0.0647,0.509,-19.672
Car B,2828,188.5333,9,15.608,1,15.608,-1.225,-1.225,6.0068,-0.0424,0.4705,1.0,0.059,9.12,19.672
Car A,2829,188.6,8,129.996,3,-3.664,0.0,0.0,5.993,-0.0595,-0.5858,1.0,0.106,-1.614,-19.673
Car B,2829,188.6,9,16.009,1,16.009,-1.225,-1.225,5.9974,-0.1399,0.5458,1.0,-0.11,1.487,19.673
Car A,2830,188.6667,8,130.396,3,-3.265,0.003,0.003,5.9929,-0.001,0.3827,1.0,-0.0646,2.644,-19.673
Car B,2830,188.6667,9,16.409,1,16.409,-1.228,-1.228,5.9978,0.0052,-0.4545,1.0,0.329,-2.743,19.673
Car A,2831,188.7333,8,130.795,3,-2.865,0.009,0.009,5.993,0.0002,-0.3783,1.0,0.0316,-1.608,-19.673
Car B,2831,188.7333,9,16.808,1,16.808,-1.234,-1.234,5.9934,-0.0659,0.3693,1.0,0.0067,8.209,19.673
Car A,2832,188.8,8,131.195,3,-2.466,0.012,0.012,5.992,-0.0141,0.3062,1.0,-0.0752,0.785,-19.673
Car B,2832,188.8,9,17.208,1,17.208,-1.235,-1.235,6.0003,0.1042,0.0403,1.0,0.1638,0.193,19.673
Car A,2833,188.8667,8,131.594,3,-2.066,0.015,0.015,5.9917,-0.0048,-0.5743,1.0,0.0961,-1.875,-19.674
Car B,2833,188.8667,9,17.608,1,17.608,-1.232,-1.232,5.9969,-0.0521,0.9743,1.0,-0.2284,4.088,19.674
Car A,2834,188.9333,8,131.994,3,-1.667,0.016,0.016,5.9904,-0.0199,0.3315,1.0,-0.0517,2.397,-19.674
Car B,2834,188.9333,9,18.007,1,18.007,-1.225,-1.225,5.995,-0.0286,0.0157,1.0,0.5637,-5.695,19.674
Car A,2835,189.0,8,132.393,3,-1.267,0.021,0.021,5.9907,0.0054,-0.4026,1.0,0.0489,-1.285,-19.674
Car B,2835,189.0,9,18.406,1,18.407,-1.221,-1.221,5.9939,-0.0155,0.3517,1.0,0.4425,14.063,19.674
Car A,2836,189.0667,8,132.792,3,-0.868,0.024,0.024,5.9901,-0.01,0.4424,1.0,-0.1002,1.218,-19.674
Car B,2836,189.0667,9,18.805,1,18.805,-1.204,-1.204,5.9835,-0.1565,1.5654,1.0,1.0,11.065,19.674
Car A,2837,189.1333,8,133.192,3,-0.469,0.027,0.027,5.9898,-0.0036,-0.4726,1.0,0.0173,-2.499,-19.672
Car B,2837,189.1333,9,19.203,1,19.203,-1.173,-1.173,5.9686,-0.2239,2.3181,1.0,1.0,24.978,19.672
Car A,2838,189.2,8,133.591,3,-0.069,0.027,0.027,5.997,0.1073,0.1763,1.0,-0.0778,0.423,-19.667
Car B,2838,189.2,9,19.598,1,19.598,-1.125,-1.125,5.9556,-0.1937,2.8841,1.0,1.0,25.0,19.667
Car A,2839,189.2667,9,0.33,1,0.33,0.027,0.027,5.9945,-0.0369,-0.6423,1.0,0.0687,-1.941,-19.66
Car B,2839,189.2667,9,19.99,1,19.99,-1.06,-1.06,5.9434,-0.1843,3.3231,1.0,0.7032,25.0,19.66
Car A,2840,189.3333,9,0.73,1,0.73,0.026,0.026,5.9935,-0.015,0.2989,1.0,-0.0956,1.711,-19.571
Car B,2840,189.3333,9,20.301,1,20.378,-0.977,-1.003,5.936,-0.1098,3.637,1.0,0.7809,17.59,19.571
Car A,2841,189.4,9,1.129,1,1.129,0.027,0.027,5.9915,-0.0306,-0.4304,1.0,-0.0292,-2.383,-19.562
Car B,2841,189.4,9,20.691,1,20.762,-0.875,-0.932,5.9284,-0.1141,3.9043,1.0,1.0,19.519,19.562
Car A,2842,189.4667,9,1.529,1,1.529,0.023,0.023,5.9989,0.1117,-0.2931,1.0,-0.0615,-0.731,-19.415
Car B,2842,189.4667,9,20.944,1,21.14,-0.755,-0.853,5.9201,-0.1247,4.1224,1.0,1.0,24.991,19.415
Car A,2843,189.5333,9,1.929,1,1.929,0.015,0.015,5.9842,-0.2205,-0.6164,1.0,0.0362,-1.534,-19.408
Car B,2843,189.5333,9,21.337,1,21.511,-0.616,-0.805,5.9128,-0.1095,4.2759,1.0,1.0,24.999,19.408
Car A,2844,189.6,9,2.328,1,2.328,0.01,0.01,5.9869,0.0407,0.3136,1.0,-0.1313,0.9,-19.399
Car B,2844,189.6,9,21.727,1,21.874,-0.459,-0.736,5.9062,-0.0998,4.3976,1.0,1.0,24.999,19.399
Car A,2845,189.6667,9,2.727,1,2.727,0.004,0.004,5.9866,-0.0046,-0.5675,1.0,-0.1297,-3.277,-19.281
Car B,2845,189.6667,9,22.008,1,22.228,-0.282,-0.675,5.9002,-0.0887,4.4947,1.0,1.0,24.999,19.281
Car A,2846,189.7333,9,3.126,1,3.126,-0.012,-0.012,5.9868,0.0025,-1.2372,0.9524,0.0607,-3.242,-19.274
Car B,2846,189.7333,9,22.4,1,22.572,-0.087,-0.627,5.8949,-0.08,4.5702,1.0,1.0,24.999,19.274
Car A,2847,189.8,9,3.524,1,3.524,-0.03,-0.03,5.9744,-0.1856,-0.0597,0.9735,0.048,1.51,-19.265
Car B,2847,189.8,9,22.789,1,22.905,0.125,-0.558,5.8901,-0.0728,4.6298,1.0,1.0,24.999,19.265
Car A,2848,189.8667,9,3.92,1,3.92,-0.038,-0.038,5.8933,-1.2176,0.4591,1.0,0.0197,1.183,-19.176
Car B,2848,189.8667,9,23.096,1,23.226,0.355,-0.517,5.8856,-0.0665,4.6774,1.0,1.0,24.999,19.176
Car A,2849,189.9333,9,4.316,1,4.316,-0.046,-0.046,5.9764,1.2466,0.1788,1.0,0.0311,0.487,-19.171
Car B,2849,189.9333,9,23.487,1,23.533,0.602,-0.467,5.8815,-0.0614,4.7154,1.0,1.0,24.999,19.171
Car A,2850,190.0,9,4.715,1,4.715,-0.053,-0.053,5.9838,0.1109,0.3544,1.0,0.0231,0.773,-19.097
Car B,2850,190.0,9,23.812,1,23.827,0.865,-0.409,5.8777,-0.0573,4.7444,1.0,1.0,24.999,19.097
Car A,2851,190.0667,9,5.113,1,5.114,-0.058,-0.058,5.9823,-0.0211,0.1499,1.0,0.0294,0.571,-19.091
Car B,2851,190.0667,9,24.205,1,24.106,1.143,-0.378,5.8742,-0.0532,4.7693,1.0,1.0,24.999,19.091
Car A,2852,190.1333,9,5.512,1,5.512,-0.063,-0.063,6.0041,0.3268,0.2763,1.0,0.0198,0.728,-19.083
Car B,2852,190.1333,9,24.595,1,24.369,1.436,-0.326,5.8708,-0.0511,4.7871,1.0,1.0,24.999,19.083
Car A,2853,190.2,9,5.913,1,5.913,-0.066,-0.066,6.0147,0.1584,0.1189,1.0,0.0233,0.488,-19.026
Car B,2853,190.2,9,24.939,1,24.615,1.743,-0.293,5.8675,-0.0486,4.8014,1.0,1.0,24.999,19.026
Car A,2854,190.2667,9,6.314,1,6.314,-0.069,-0.069,6.0162,0.0222,0.1678,1.0,0.0166,0.566,-19.017
Car B,2854,190.2667,9,25.331,1,24.845,2.063,-0.259,5.8644,-0.0468,4.8136,1.0,1.0,24.999,19.017
Car A,2855,190.3333,9,6.715,1,6.715,-0.072,-0.072,6.0167,0.0076,0.1084,1.0,0.0154,0.41,-18.972
Car B,2855,190.3333,9,25.687,1,25.056,2.394,-0.213,5.8614,-0.0449,4.8219,1.0,1.0,24.999,18.972
Car A,2856,190.4,9,7.116,1,7.116,-0.075,-0.075,6.0104,-0.0943,0.0801,1.0,0.0137,0.377,-18.964
Car B,2856,190.4,9,26.08,1,25.248,2.737,-0.198,5.8585,-0.0433,4.8295,1.0,1.0,24.999,18.964
Car A,2857,190.4667,9,7.517,1,7.517,-0.077,-0.077,6.0103,-0.0012,0.0849,1.0,0.0105,0.334,-18.954
Car B,2857,190.4667,9,26.471,1,25.422,3.09,-0.162,5.8557,-0.0424,4.8337,1.0,0.5928,24.999,18.954
Car A,2858,190.5333,9,7.917,1,7.917,-0.079,-0.079,5.9997,-0.1594,0.0439,1.0,0.0066,0.257,-18.924
Car B,2858,190.5333,9,26.841,1,25.577,3.452,-0.146,5.8907,0.5244,4.6391,1.0,1.0,14.834,18.924
Car A,2859,190.6,9,8.317,1,8.317,-0.08,-0.08,5.9984,-0.019,0.0398,1.0,0.0041,0.165,-18.919
Car B,2859,190.6,9,27.236,1,25.715,3.822,-0.132,5.8853,-0.0804,4.7114,1.0,0.7133,24.984,18.919
Car A,2860,190.6667,9,8.717,1,8.717,-0.082,-0.082,5.9972,-0.0177,0.0373,1.0,0.0018,0.104,-18.896
Car B,2860,190.6667,9,27.612,1,25.832,4.198,-0.109,5.8859,0.0089,4.6797,1.0,0.8431,17.842,18.896
Car A,2861,190.7333,9,9.117,1,9.117,-0.083,-0.083,5.9972,-0.0003,0.0344,1.0,0.0016,0.046,-18.89
Car B,2861,190.7333,9,28.007,1,25.928,4.581,-0.114,5.8831,-0.0417,4.7163,1.0,-0.0837,21.072,18.89
Car A,2862,190.8,9,9.517,1,9.517,-0.084,-0.084,5.9998,0.0386,0.0099,1.0,0.0007,0.038,-18.885
Car B,2862,190.8,9,28.402,1,26.013,4.967,-0.106,5.9187,0.5331,3.246,1.0,-0.7241,-2.058,18.885
Car A,2863,190.8667,9,9.917,1,9.917,-0.085,-0.085,5.9994,-0.0059,-0.0015,1.0,0.0036,0.017,-18.861
Car B,2863,190.8667,9,28.777,1,26.103,5.352,-0.154,5.9364,0.266,1.1092,1.0,0.2523,-18.077,18.861
Car A,2864,190.9333,9,10.317,1,10.317,-0.087,-0.087,6.0026,0.0482,0.0126,1.0,0.0084,0.084,-18.851
Car B,2864,190.9333,9,29.168,1,26.195,5.737,-0.215,5.9336,-0.0423,1.2389,1.0,0.1187,6.271,18.851
Car A,2865,191.0,9,10.717,1,10.717,-0.088,-0.088,6.0031,0.0079,-0.0656,1.0,0.0136,0.198,-18.822
Car B,2865,191.0,9,29.539,1,26.282,6.124,-0.282,5.9814,0.7167,1.1002,1.0,0.347,2.973,18.822
Car A,2866,191.0667,9,11.117,1,11.117,-0.088,-0.088,6.0065,0.051,0.0713,1.0,0.0109,0.335,-18.813
Car B,2866,191.0667,9,29.93,1,26.361,6.515,-0.361,5.9701,-0.1688,1.8229,1.0,0.1937,8.666,18.813
Car A,2867,191.1333,9,11.517,1,11.518,-0.087,-0.087,6.0095,0.0443,0.0616,1.0,0.0084,0.268,-18.806
Car B,2867,191.1333,9,30.324,1,26.429,6.909,-0.429,6.03,0.899,1.8304,1.0,0.1426,4.848,18.806
Car A,2868,191.2,9,11.918,1,11.918,-0.087,-0.087,6.0078,-0.0252,0.0488,1.0,0.0057,0.208,-18.802
Car B,2868,191.2,9,30.721,1,26.493,7.306,-0.493,6.0139,-0.2413,1.3942,1.0,0.0874,3.566,18.802
Car A,2869,191.2667,9,12.319,1,12.319,-0.086,-0.086,6.0015,-0.0944,0.0197,1.0,0.0004,0.141,-18.799
Car B,2869,191.2667,9,31.117,1,26.557,7.702,-0.557,6.0404,0.3973,0.857,1.0,0.104,2.187,18.799
Car A,2870,191.3333,9,12.719,1,12.719,-0.085,-0.085,5.9968,-0.0708,0.0036,1.0,-0.013,0.015,-18.795
Car B,2870,191.3333,9,31.513,1,26.616,8.098,-0.616,6.0146,-0.3882,1.0142,1.0,0.0639,2.599,18.795
Car A,2871,191.4,9,13.118,1,13.119,-0.085,-0.085,5.9958,-0.0152,-0.0506,1.0,-0.0407,-0.318,-18.791
Car B,2871,191.4,9,31.909,1,26.674,8.494,-0.674,5.9911,-0.352,0.6437,1.0,0.0513,1.599,18.791
Car A,2872,191.4667,9,13.518,1,13.518,-0.089,-0.089,5.9719,-0.3588,-0.4282,1.0,-0.0179,-0.995,-18.789
Car B,2872,191.4667,9,32.307,1,26.732,8.892,-0.732,6.0314,0.6051,0.2886,1.0,0.1125,1.256,18.789
Car A,2873,191.5333,9,13.917,1,13.917,-0.092,-0.092,5.9895,0.2641,-0.1278,1.0,-0.0796,-0.441,-18.788
Car B,2873,191.5333,9,32.705,1,26.787,9.29,-0.787,6.0288,-0.0391,1.0256,1.0,-0.0096,2.81,18.788
Car A,2874,191.6,9,14.316,1,14.316,-0.1,-0.1,5.9754,-0.2108,-0.7892,1.0,0.1252,-1.986,-18.787
Car B,2874,191.6,9,33.103,1,26.838,9.688,-0.838,6.0208,-0.1211,-0.0352,1.0,0.2995,-0.235,18.787
Car A,2875,191.6667,9,14.715,1,14.715,-0.107,-0.107,5.9769,0.0222,0.3189,1.0,0.1386,3.121,-18.786
Car B,2875,191.6667,9,33.501,1,26.891,10.086,-0.891,6.0181,-0.0392,0.8309,1.0,0.1139,7.476,18.786
Car A,2876,191.7333,9,15.113,1,15.113,-0.102,-0.102,5.9768,-0.0008,1.2386,1.0,0.142,3.465,-18.787
Car B,2876,191.7333,9,33.9,1,26.934,10.485,-0.934,6.0214,0.0486,1.0794,1.0,-0.0003,2.853,18.787
Car A,2877,191.8,9,15.512,1,15.512,-0.087,-0.087,5.9942,0.2603,1.3352,1.0,-0.1419,3.549,-18.787
Car B,2877,191.8,9,34.299,1,26.977,10.884,-0.977,6.007,-0.2159,-0.0049,1.0,1.0,0.001,18.787
Car A,2878,191.8667,9,15.911,1,15.912,-0.072,-0.072,5.9968,0.0397,0.1704,1.0,-0.0935,-3.538,-18.785
Car B,2878,191.8667,9,34.697,1,27.018,11.282,-1.018,6.0032,-0.0563,0.7372,1.0,0.9452,24.962,18.785
Car A,2879,191.9333,9,16.311,1,16.311,-0.07,-0.07,5.9955,-0.0204,-0.849,1.0,0.7663,-2.339,-18.784
Car B,2879,191.9333,9,35.095,1,27.048,11.68,-1.048,5.9869,-0.2449,1.8252,1.0,0.7788,23.631,18.784
Car A,2880,192.0,9,16.711,1,16.711,-0.067,-0.067,5.9987,0.0478,0.0026,1.0,0.6938,19.125,-18.783
Car B,2880,192.0,9,35.494,1,27.061,12.079,-1.061,5.9762,-0.16,2.473,1.0,1.0,19.476,18.783
Car A,2881,192.0667,9,17.11,1,17.11,-0.052,-0.052,5.9874,-0.1695,1.2839,1.0,0.9322,17.346,-18.783
Car B,2881,192.0667,9,35.893,1,27.058,12.478,-1.058,5.9631,-0.1964,3.0232,1.0,0.9779,24.991,18.783
Car A,2882,192.1333,9,17.508,1,17.508,-0.023,-0.023,5.9739,-0.2014,2.101,0.9836,0.0575,23.296,-18.783
Car B,2882,192.1333,9,36.29,1,27.037,12.875,-1.037,5.9515,-0.1746,3.4271,1.0,1.0,24.449,18.783
Car A,2883,192.2,9,17.905,1,17.905,0.013,0.013,5.9833,0.1399,1.1987,0.896,0.0997,1.47,-18.781
Car B,2883,192.2,9,36.686,1,26.997,13.271,-0.997,5.9409,-0.1585,3.741,1.0,0.866,24.999,18.781
Car A,2884,192.2667,9,18.295,1,18.295,0.046,0.046,5.8021,-2.7176,0.8831,1.0,-0.076,2.49,-18.784
Car B,2884,192.2667,9,37.079,1,26.938,13.664,-0.938,5.9336,-0.1103,3.9711,1.0,0.5721,21.655,18.784
Car A,2885,192.3333,9,18.681,1,18.681,0.078,0.078,5.8119,0.1472,-0.1416,1.0,-0.1964,-1.893,-18.734
Car B,2885,192.3333,9,37.415,1,26.86,14.053,-0.862,5.9325,-0.017,4.1266,1.0,0.5965,14.314,18.734
Car A,2886,192.4,9,19.068,1,19.068,0.098,0.098,5.8169,0.0755,-1.1228,1.0,1.0,-4.905,-18.724
Car B,2886,192.4,9,37.792,1,26.763,14.438,-0.795,5.9291,-0.0499,4.2583,1.0,0.5822,14.912,18.724
Car A,2887,192.4667,9,19.455,1,19.455,0.116,0.116,5.8112,-0.0854,-0.1789,1.0,1.0,24.955,-18.725
Car B,2887,192.4667,9,38.18,1,26.647,14.818,-0.709,5.9274,-0.0259,4.3512,1.0,1.0,14.555,18.725
Car A,2888,192.5333,9,19.841,1,19.841,0.144,0.144,5.8021,-0.1377,1.0237,1.0,1.0,25.0,-18.624
Car B,2888,192.5333,9,38.465,1,26.511,15.191,-0.628,5.9208,-0.0988,4.4651,1.0,1.0,24.983,18.624
Car A,2889,192.6,9,20.239,1,20.225,0.187,0.168,5.7912,-0.1631,1.8606,1.0,1.0,25.0,-18.617
Car B,2889,192.6,9,38.856,1,26.357,15.556,-0.563,5.9153,-0.083,4.5379,1.0,1.0,24.999,18.617
Car A,2890,192.6667,9,20.624,1,20.607,0.245,0.196,5.78,-0.1682,2.5083,1.0,0.9897,25.0,-18.619
Car B,2890,192.6667,9,39.243,1,26.183,15.912,-0.477,5.91,-0.08,4.6042,1.0,0.8343,24.999,18.619
Car A,2891,192.7333,9,21.045,1,20.986,0.319,0.228,5.7695,-0.1565,3.0168,1.0,1.0,24.742,-18.518
Car B,2891,192.7333,9,39.563,1,25.991,16.258,-0.417,5.9075,-0.0365,4.6417,1.0,1.0,20.863,18.518
Car A,2892,192.8,9,21.43,1,21.36,0.411,0.23,5.7601,-0.1412,3.4173,1.0,1.0,24.999,-18.523
Car B,2892,192.8,9,39.953,1,25.78,16.594,-0.351,5.9028,-0.0712,4.7006,1.0,1.0,24.993,18.523
Car A,2893,192.8667,9,21.814,1,21.729,0.521,0.25,5.7519,-0.1233,3.7275,1.0,1.0,25.0,-18.482
Car B,2893,192.8667,9,40.296,1,25.552,16.917,-0.277,5.8987,-0.0612,4.7253,1.0,1.0,24.999,18.482
Car A,2894,192.9333,9,22.239,1,22.092,0.649,0.237,5.7451,-0.1028,3.9722,1.0,1.0,25.0,-18.45
Car B,2894,192.9333,9,40.689,1,25.307,17.227,-0.23,5.8947,-0.0607,4.7534,1.0,1.0,24.999,18.45
Car A,2895,193.0,9,22.623,1,22.448,0.795,0.236,5.7393,-0.0866,4.1585,1.0,1.0,24.999,-18.455
Car B,2895,193.0,9,41.078,1,25.046,17.523,-0.162,5.8909,-0.0562,4.7748,1.0,0.8591,24.999,18.455
Car A,2896,193.0667,9,23.045,1,22.795,0.96,0.224,5.7345,-0.0713,4.3042,1.0,1.0,24.999,-18.403
Car B,2896,193.0667,9,41.448,1,24.769,17.805,-0.116,5.8895,-0.0211,4.7727,1.0,1.0,21.483,18.403
Car A,2897,193.1333,9,23.429,1,23.133,1.143,0.203,5.7306,-0.0594,4.4213,1.0,1.0,24.999,-18.411
Car B,2897,193.1333,9,41.84,1,24.477,18.071,-0.067,5.8858,-0.0551,4.8112,1.0,1.0,24.994,18.411
Car A,2898,193.2,9,23.844,1,23.46,1.344,0.194,5.7273,-0.0488,4.511,1.0,1.0,24.999,-18.383
Car B,2898,193.2,9,42.227,1,24.171,18.321,-0.013,5.8826,-0.049,4.8119,1.0,1.0,24.999,18.383
Car A,2899,193.2667,9,24.226,1,23.776,1.562,0.154,5.7246,-0.0408,4.5839,1.0,1.0,24.999,-18.394
Car B,2899,193.2667,9,42.621,1,23.853,18.553,0.017,5.8793,-0.0494,4.8202,1.0,0.9815,24.999,18.394
Car A,2900,193.3333,9,24.609,1,24.08,1.797,0.136,5.7224,-0.0335,4.6413,1.0,1.0,24.999,-18.402
Car B,2900,193.3333,9,43.011,1,23.522,18.767,0.069,5.8763,-0.0453,4.8241,1.0,-0.0834,24.537,18.402
Car A,2901,193.4,9,25.012,1,24.37,2.049,0.093,5.7205,-0.0279,4.687,1.0,1.0,24.999,-18.406
Car B,2901,193.4,9,43.417,1,23.184,18.971,0.079,5.9127,0.546,3.2733,1.0,1.0,-2.044,18.406
Car A,2902,193.4667,9,25.394,1,24.645,2.316,0.057,5.7189,-0.0232,4.724,1.0,1.0,24.999,-18.418
Car B,2902,193.4667,9,43.812,1,22.844,19.171,0.086,5.9099,-0.0408,2.7851,1.0,1.0,24.959,18.418
Car A,2903,193.5333,9,25.782,1,24.905,2.598,0.022,5.7176,-0.0199,4.7531,1.0,1.0,24.999,-18.438
Car B,2903,193.5333,9,44.22,1,22.497,19.358,0.076,5.8934,-0.2483,3.3842,1.0,1.0,24.999,18.438
Car A,2904,193.6,9,26.162,1,25.149,2.894,-0.032,5.7165,-0.0167,4.7759,1.0,1.0,24.999,-18.451
Car B,2904,193.6,9,44.613,2,22.141,19.527,0.055,5.8833,-0.1514,3.7113,1.0,1.0,25.0,18.451
Car A,2905,193.6667,9,26.544,1,25.376,3.203,-0.063,5.7156,-0.0143,4.7931,1.0,1.0,24.999,-18.47
Car B,2905,193.6667,9,45.015,2,21.778,19.679,0.044,5.8746,-0.1298,3.9595,1.0,0.7437,25.0,18.47
Car A,2906,193.7333,9,26.912,1,25.585,3.525,-0.126,5.7148,-0.0119,4.8089,1.0,1.0,24.999,-18.493
Car B,2906,193.7333,9,45.405,2,21.408,19.812,0.001,5.8706,-0.0607,4.1334,1.0,0.3963,18.601,18.493
Car A,2907,193.8,9,27.292,1,25.776,3.858,-0.174,5.7141,-0.0106,4.821,1.0,1.0,24.999,-18.506
Car B,2907,193.8,9,45.798,2,21.033,19.932,-0.028,5.9161,0.6821,3.4615,1.0,0.7347,9.919,18.506
Car A,2908,193.8667,9,27.641,1,25.947,4.201,-0.222,5.7134,-0.0095,4.8294,1.0,1.0,24.999,-18.542
Car B,2908,193.8667,9,46.183,2,20.652,20.039,-0.09,5.9094,-0.0995,3.7342,1.0,1.0,18.354,18.542
Car A,2909,193.9333,9,28.019,1,26.099,4.553,-0.287,5.7129,-0.0085,4.8383,1.0,1.0,24.999,-18.555
Car B,2909,193.9333,9,46.574,2,20.267,20.127,-0.148,5.9,-0.1416,3.9878,1.0,0.9093,24.989,18.555
Car A,2910,194.0,9,28.4,1,26.231,4.913,-0.331,5.7124,-0.0075,4.844,1.0,1.0,24.999,-18.552
Car B,2910,194.0,9,46.952,2,19.878,20.196,-0.196,5.8939,-0.0921,4.1621,1.0,0.8427,22.734,18.552
Car A,2911,194.0667,9,28.724,1,26.342,5.28,-0.398,5.7119,-0.0072,4.8483,1.0,1.0,24.999,-18.62
Car B,2911,194.0667,9,47.344,2,19.487,20.244,-0.244,5.8884,-0.0813,4.3046,1.0,0.5186,21.069,18.62
Car A,2912,194.1333,9,29.102,1,26.432,5.652,-0.458,5.7114,-0.0068,4.8508,1.0,1.0,24.999,-18.636
Car B,2912,194.1333,9,47.738,2,19.092,20.274,-0.274,5.9215,0.4955,4.2203,1.0,0.2777,12.976,18.636
Car A,2913,194.2,9,29.444,1,26.501,6.029,-0.501,5.711,-0.0059,4.8547,1.0,1.0,24.999,-18.691
Car B,2913,194.2,9,48.135,2,18.695,20.294,-0.294,5.9749,0.8016,2.5955,1.0,-0.1605,6.95,18.691
Car A,2914,194.2667,9,29.825,1,26.549,6.41,-0.549,5.7106,-0.0059,4.8567,1.0,1.0,24.999,-18.709
Car B,2914,194.2667,9,48.533,2,18.297,20.317,-0.317,5.9872,0.1846,1.1147,1.0,0.0866,-3.997,18.709
Car A,2915,194.3333,9,30.207,1,26.575,6.792,-0.575,5.7103,-0.0055,4.8579,1.0,1.0,24.999,-18.725
Car B,2915,194.3333,9,48.932,2,17.898,20.345,-0.345,6.0221,0.524,0.8587,1.0,0.098,2.156,18.725
Car A,2916,194.4,9,30.59,1,26.579,7.175,-0.579,5.7099,-0.0057,4.8589,1.0,1.0,24.999,-18.744
Car B,2916,194.4,9,49.334,2,17.496,20.368,-0.368,6.0596,0.5614,0.9707,1.0,0.0971,2.446,18.744
Car A,2917,194.4667,9,30.973,1,26.562,7.558,-0.562,5.7095,-0.0052,4.8601,1.0,1.0,24.999,-18.765
Car B,2917,194.4667,9,49.738,2,17.093,20.386,-0.386,6.0688,0.1389,0.9779,1.0,0.0938,2.417,18.765
Car A,2918,194.5333,9,31.354,1,26.522,7.939,-0.522,5.7092,-0.0051,4.8602,1.0,0.4603,24.999,-18.787
Car B,2918,194.5333,9,50.141,2,16.689,20.401,-0.401,6.0404,-0.4258,0.9188,1.0,0.0809,2.345,18.787
Car A,2919,194.6,9,31.735,1,26.468,8.32,-0.468,5.7656,0.846,3.8526,1.0,-0.0552,11.527,-18.807
Car B,2919,194.6,9,50.542,2,16.288,20.413,-0.413,5.9863,-0.8121,0.7927,1.0,0.0179,2.023,18.807
Car A,2920,194.6667,9,32.117,1,26.409,8.702,-0.409,5.7963,0.4608,2.2197,1.0,-0.0846,-1.361,-18.824
Car B,2920,194.6667,9,50.941,2,15.889,20.425,-0.425,6.0062,0.2984,0.1622,1.0,0.0917,0.447,18.824
Car A,2921,194.7333,9,32.501,1,26.358,9.086,-0.358,5.8147,0.2753,0.5473,1.0,-0.0786,-2.112,-18.841
Car B,2921,194.7333,9,51.341,2,15.489,20.436,-0.436,6.0081,0.0278,0.8498,1.0,-0.0432,2.289,18.841
Car A,2922,194.8,9,32.887,1,26.318,9.472,-0.318,5.8325,0.2675,-0.589,1.0,-0.0681,-1.966,-18.855
Car B,2922,194.8,9,51.742,2,15.088,20.445,-0.445,6.0069,-0.0179,-0.1757,1.0,0.0933,-1.075,18.855
Car A,2923,194.8667,9,33.278,1,26.285,9.863,-0.285,5.933,1.5071,-0.6264,1.0,-0.0605,-1.701,-18.863
Car B,2923,194.8667,9,52.142,2,14.688,20.456,-0.456,6.004,-0.0431,0.5476,1.0,-0.0157,2.327,18.863
Car A,2924,194.9333,9,33.674,1,26.253,10.258,-0.253,5.9496,0.2489,-0.4949,1.0,-0.0352,-1.489,-18.868
Car B,2924,194.9333,9,52.542,2,14.288,20.464,-0.464,5.9992,-0.072,-0.1654,1.0,0.0888,-0.385,18.868
Car A,2925,195.0,9,34.07,1,26.222,10.655,-0.222,5.9752,0.3837,-0.3255,1.0,-0.0482,-0.872,-18.872
Car B,2925,195.0,9,52.942,2,13.888,20.472,-0.472,5.9981,-0.0159,0.6927,1.0,-0.1306,2.217,18.872
Car A,2926,195.0667,9,34.469,1,26.193,11.054,-0.193,6.0246,0.741,-0.4896,0.8856,0.0119,-1.199,-18.873
Car B,2926,195.0667,9,53.341,2,13.489,20.477,-0.477,5.9966,-0.0223,-0.254,1.0,0.0854,-3.256,18.873
Car A,2927,195.1333,9,34.863,1,26.162,11.448,-0.162,5.8733,-2.2696,0.0612,0.9205,-0.1519,0.296,-18.878
Car B,2927,195.1333,9,53.741,2,13.089,20.486,-0.486,5.9957,-0.0139,0.4573,1.0,-0.0276,2.127,18.878
Car A,2928,195.2,9,35.252,1,26.134,11.837,-0.134,5.8472,-0.3907,-0.7254,1.0,0.468,-3.79,-18.888
Car B,2928,195.2,9,54.141,2,12.689,20.492,-0.492,5.997,0.0192,-0.2646,1.0,0.0885,-0.686,18.888
Car A,2929,195.2667,9,35.641,1,26.11,12.226,-0.11,5.8462,-0.0156,0.1961,1.0,0.4507,11.675,-18.899
Car B,2929,195.2667,9,54.54,2,12.29,20.498,-0.498,5.9976,0.0092,0.6163,1.0,-0.1087,2.209,18.899
Car A,2930,195.3333,9,36.029,1,26.073,12.614,-0.073,5.8432,-0.045,1.1896,0.8563,-0.1876,11.268,-18.911
Car B,2930,195.3333,9,54.94,2,11.89,20.501,-0.501,5.9946,-0.0449,-0.2715,1.0,0.0845,-2.709,18.911
Car A,2931,195.4,9,36.416,1,26.03,13.001,-0.03,5.8299,-0.1994,0.2497,1.0,0.3641,-4.664,-18.924
Car B,2931,195.4,9,55.34,2,11.491,20.508,-0.508,5.9937,-0.0137,0.4302,1.0,-0.0713,2.105,18.924
Car A,2932,195.4667,9,36.802,1,25.99,13.387,0.01,5.8291,-0.0113,0.838,1.0,0.6133,9.081,-18.937
Car B,2932,195.4667,9,55.739,2,11.091,20.511,-0.511,5.9919,-0.0271,-0.3402,1.0,0.0827,-1.776,18.937
Car A,2933,195.5333,9,37.187,1,25.937,13.772,0.063,5.8236,-0.0836,1.7127,1.0,0.9007,15.323,-18.951
Car B,2933,195.5333,9,56.138,2,10.692,20.518,-0.518,5.9899,-0.0292,0.4092,1.0,-0.1047,2.06,18.951
Car A,2934,195.6,9,37.579,1,25.869,14.155,0.118,5.8138,-0.1464,2.3933,1.0,1.0,22.507,-18.958
Car B,2934,195.6,9,56.537,2,10.293,20.521,-0.521,5.9882,-0.0261,-0.3788,1.0,0.0778,-2.61,18.958
Car A,2935,195.6667,9,37.964,1,25.785,14.533,0.172,5.8031,-0.1611,2.933,1.0,0.7288,24.996,-18.973
Car B,2935,195.6667,9,56.937,2,9.894,20.528,-0.528,5.9879,-0.0047,0.3668,1.0,-0.1198,1.938,18.973
Car A,2936,195.7333,9,38.383,1,25.684,14.908,0.243,5.7964,-0.0992,3.3296,1.0,1.0,18.229,-18.953
Car B,2936,195.7333,9,57.336,2,9.495,20.532,-0.532,5.9856,-0.034,-0.3996,1.0,0.0731,-2.987,18.953
Car A,2937,195.8,9,38.769,1,25.566,15.276,0.272,5.7876,-0.133,3.68,1.0,0.9653,24.989,-18.965
Car B,2937,195.8,9,57.734,2,9.096,20.539,-0.539,5.9858,0.0021,0.3664,1.0,-0.1349,1.82,18.965
Car A,2938,195.8667,9,39.153,1,25.429,15.639,0.32,5.7805,-0.1057,3.9306,1.0,0.934,24.133,-18.98
Car B,2938,195.8667,9,58.133,2,8.697,20.544,-0.544,5.9832,-0.0379,-0.413,1.0,0.0636,-3.365,18.98
Car A,2939,195.9333,9,39.592,1,25.274,15.993,0.346,5.7749,-0.0849,4.1236,1.0,1.0,23.351,-18.94
Car B,2939,195.9333,9,58.532,2,8.298,20.551,-0.551,5.9843,0.0167,0.3397,1.0,-0.1171,1.582,18.94
Car A,2940,196.0,9,39.978,1,25.101,16.339,0.373,5.7695,-0.0807,4.2813,1.0,1.0,24.997,-18.953
Car B,2940,196.0,9,58.931,2,7.899,20.557,-0.557,5.9821,-0.0335,-0.4442,1.0,0.0645,-2.921,18.953
Car A,2941,196.0667,9,40.426,1,24.911,16.675,0.397,5.7649,-0.0681,4.4011,1.0,1.0,24.999,-18.904
Car B,2941,196.0667,9,59.33,2,7.5,20.565,-0.565,5.9829,0.0123,0.3345,1.0,-0.0922,1.606,18.904
Car A,2942,196.1333,9,40.812,1,24.702,17.001,0.404,5.7611,-0.0581,4.4975,1.0,1.0,24.999,-18.916
Car B,2942,196.1333,9,59.728,2,7.102,20.571,-0.571,5.9817,-0.0192,-0.4359,1.0,0.0656,-2.298,18.916
Car A,2943,196.2,9,41.264,1,24.477,17.314,0.425,5.7578,-0.0489,4.5719,1.0,1.0,24.999,-18.862
Car B,2943,196.2,9,60.127,2,6.703,20.581,-0.581,5.9809,-0.0107,0.3298,1.0,-0.0613,1.633,18.862
Car A,2944,196.2667,9,41.65,1,24.235,17.615,0.414,5.755,-0.0425,4.6317,1.0,1.0,24.999,-18.875
Car B,2944,196.2667,9,60.526,2,6.305,20.587,-0.587,5.9808,-0.0014,-0.4115,1.0,0.0672,-1.528,18.875
Car A,2945,196.3333,9,42.036,1,23.976,17.902,0.424,5.7526,-0.0363,4.6791,1.0,1.0,24.999,-18.888
Car B,2945,196.3333,9,60.924,2,5.906,20.595,-0.595,5.9803,-0.008,0.4098,1.0,-0.1146,1.675,18.888
Car A,2946,196.4,9,42.488,1,23.703,18.174,0.403,5.7505,-0.0315,4.7184,1.0,1.0,24.999,-18.834
Car B,2946,196.4,9,61.323,2,5.508,20.601,-0.601,5.9787,-0.0235,-0.4058,1.0,0.0702,-2.857,18.834
Car A,2947,196.4667,9,42.874,1,23.415,18.43,0.395,5.7487,-0.0268,4.7474,1.0,1.0,24.999,-18.847
Car B,2947,196.4667,9,61.721,2,5.109,20.611,-0.611,5.9793,0.0079,0.3592,1.0,-0.0484,1.749,18.847
Car A,2948,196.5333,9,43.321,1,23.113,18.67,0.373,5.747,-0.0245,4.7717,1.0,1.0,24.999,-18.799
Car B,2948,196.5333,9,62.12,2,4.711,20.617,-0.617,5.9802,0.0144,-0.3943,1.0,0.0747,-1.206,18.799
Car A,2949,196.6,9,43.706,1,22.798,18.893,0.348,5.7456,-0.0214,4.7914,1.0,1.0,24.999,-18.813
Car B,2949,196.6,9,62.518,2,4.312,20.625,-0.625,5.9802,-0.0013,0.502,1.0,-0.0694,1.862,18.813
Car A,2950,196.6667,9,44.144,1,22.471,19.097,0.326,5.7443,-0.0194,4.8068,1.0,1.0,24.999,-18.773
Car B,2950,196.6667,9,62.917,2,3.913,20.63,-0.63,5.9793,-0.0121,-0.3397,1.0,0.0766,-1.73,18.773
Car A,2951,196.7333,9,44.527,1,22.134,19.283,0.284,5.7431,-0.0182,4.8179,1.0,1.0,24.999,-18.788
Car B,2951,196.7333,9,63.315,2,3.515,20.637,-0.637,5.9787,-0.0101,0.4076,1.0,-0.0065,1.909,18.788
Car A,2952,196.8,9,44.912,2,21.787,19.45,0.262,5.742,-0.0159,4.8272,1.0,1.0,24.999,-18.803
Car B,2952,196.8,9,63.714,2,3.116,20.642,-0.642,5.9952,0.2479,-0.0732,1.0,0.0726,-0.152,18.803
Car A,2953,196.8667,9,45.334,2,21.43,19.597,0.205,5.741,-0.0152,4.8344,1.0,1.0,24.999,-18.78
Car B,2953,196.8667,9,64.114,2,2.716,20.644,-0.644,6.0026,0.1118,0.6964,1.0,-0.0508,1.811,18.78
Car A,2954,196.9333,9,45.717,2,21.067,19.724,0.167,5.74,-0.015,4.8416,1.0,1.0,24.999,-18.797
Car B,2954,196.9333,9,64.514,2,2.316,20.645,-0.645,6.0021,-0.0086,-0.3089,1.0,0.0858,-1.265,18.797
Car A,2955,197.0,9,46.123,2,20.696,19.83,0.115,5.7391,-0.0139,4.846,1.0,1.0,24.999,-18.791
Car B,2955,197.0,9,64.914,2,1.916,20.649,-0.649,5.9993,-0.0417,0.4797,1.0,0.0238,2.139,18.791
Car A,2956,197.0667,9,46.504,2,20.321,19.915,0.06,5.7383,-0.0125,4.8487,1.0,1.0,24.999,-18.81
Car B,2956,197.0667,9,65.314,2,1.516,20.647,-0.647,5.9957,-0.0535,0.2995,1.0,0.0493,0.598,18.81
Car A,2957,197.1333,9,46.889,2,19.941,19.979,0.021,5.7374,-0.0129,4.8514,1.0,1.0,24.999,-18.825
Car B,2957,197.1333,9,65.714,2,1.116,20.644,-0.644,5.9866,-0.1376,0.4957,1.0,-0.035,1.228,18.825
Car A,2958,197.2,9,47.272,2,19.558,20.021,-0.021,5.7366,-0.0123,4.8545,1.0,1.0,24.999,-18.841
Car B,2958,197.2,9,66.113,2,0.717,20.643,-0.643,5.9831,-0.0518,-0.3526,1.0,0.0844,-0.869,18.841
Car A,2959,197.2667,9,47.656,2,19.174,20.041,-0.041,5.7358,-0.0117,4.8555,1.0,1.0,24.999,-18.856
Car B,2959,197.2667,9,66.512,2,0.318,20.642,-0.642,5.984,0.0139,0.595,1.0,-0.0968,2.104,18.856
Car A,2960,197.3333,9,48.041,2,18.789,20.04,-0.04,5.735,-0.012,4.857,1.0,0.9886,24.999,-18.87
Car B,2960,197.3333,9,66.911,2,-0.081,20.638,-0.638,5.9828,-0.0176,-0.2954,1.0,0.081,-2.412,18.87
Car A,2961,197.4,9,48.425,2,18.405,20.017,-0.017,5.7344,-0.0092,4.8569,1.0,-0.2504,24.716,-18.884
Car B,2961,197.4,9,67.31,2,-0.48,20.637,-0.637,5.9832,0.005,0.4303,1.0,-0.059,2.019,18.884
Car A,2962,197.4667,9,48.809,2,18.021,19.983,0.017,5.7728,0.5765,3.2494,1.0,-0.2788,-6.214,-18.899
Car B,2962,197.4667,9,67.708,2,-0.878,20.633,-0.633,5.9821,-0.0168,-0.3571,1.0,0.0762,-1.469,18.899
Car A,2963,197.5333,9,49.194,2,17.636,19.952,0.048,5.8009,0.4216,1.1825,1.0,-0.3226,-6.969,-18.913
Car B,2963,197.5333,9,68.107,2,-1.277,20.632,-0.632,5.981,-0.0152,0.443,1.0,-0.1494,1.898,18.913
Car A,2964,197.6,9,49.581,2,17.249,19.933,0.067,5.8096,0.1305,-0.1728,1.0,-0.277,-8.064,-18.925
Car B,2964,197.6,9,68.506,2,-1.676,20.628,-0.628,5.9797,-0.0195,-0.3853,1.0,0.0677,-3.727,18.925
Car A,2965,197.6667,9,49.968,2,16.862,19.926,0.074,5.8091,-0.0087,-1.1542,1.0,-0.2221,-6.925,-18.936
Car B,2965,197.6667,9,68.904,2,-2.074,20.627,-0.627,5.9801,0.0047,0.3624,1.0,-0.1441,1.685,18.936
Car A,2966,197.7333,9,50.356,2,16.474,19.933,0.067,5.8236,0.2188,-1.8341,0.9759,-0.1822,-5.555,-18.947
Car B,2966,197.7333,9,69.303,2,-2.473,20.624,-0.624,5.9788,-0.0187,-0.4295,1.0,0.0661,-3.594,18.947
Car A,2967,197.8,9,50.745,2,16.085,19.949,0.051,5.8414,0.2669,-1.6962,0.9651,-0.1264,-4.554,-18.956
Car B,2967,197.8,9,69.701,2,-2.871,20.625,-0.625,5.9792,0.0052,0.3344,1.0,-0.1537,1.644,18.956
Car A,2968,197.8667,9,51.135,2,15.695,19.967,0.033,5.8368,-0.0693,-1.1851,0.9962,-0.0328,-3.163,-18.965
Car B,2968,197.8667,9,70.1,2,-3.27,20.623,-0.623,5.9767,-0.0364,-0.4414,1.0,0.0648,-3.835,18.965
Car A,2969,197.9333,9,51.526,2,15.304,19.984,0.016,5.908,1.0673,-0.308,1.0,-0.0376,-0.823,-18.972
Car B,2969,197.9333,9,70.498,2,-3.668,20.624,-0.624,5.9779,0.0183,0.3262,1.0,-0.1831,1.612,18.972
Car A,2970,198.0,9,51.923,2,14.907,20.0,0.0,5.9735,0.9834,-0.353,1.0,0.0062,-0.937,-18.974
Car B,2970,198.0,9,70.897,2,-4.067,20.623,-0.623,5.9753,-0.04,-0.4886,1.0,0.0547,-4.568,18.974
Car A,2971,198.0667,9,52.321,2,14.509,20.014,-0.014,5.9939,0.3061,-0.0483,1.0,0.0192,0.151,-18.974
Car B,2971,198.0667,9,71.295,2,-4.465,20.625,-0.625,5.9778,0.0377,0.2905,1.0,-0.1975,1.358,18.974
Car A,2972,198.1333,9,52.721,2,14.109,20.026,-0.026,6.0117,0.2666,0.2021,1.0,0.0001,0.469,-18.972
Car B,2972,198.1333,9,71.693,2,-4.863,20.625,-0.625,5.9746,-0.0487,-0.5051,1.0,0.0552,-4.927,18.972
Car A,2973,198.2,9,53.121,2,13.709,20.039,-0.039,6.0006,-0.1673,0.0602,0.9934,0.0555,0.006,-18.97
Car B,2973,198.2,9,72.092,2,-5.262,20.629,-0.629,5.9767,0.0328,0.2757,1.0,-0.1762,1.369,18.97
Car A,2974,198.2667,9,53.521,2,13.309,20.048,-0.048,5.9983,-0.0339,0.5675,1.0,-0.0115,1.38,-18.969
Car B,2974,198.2667,9,72.49,2,-5.66,20.631,-0.631,5.9741,-0.04,-0.4974,1.0,0.0591,-4.396,18.969
Car A,2975,198.3333,9,53.921,2,12.909,20.058,-0.058,5.9988,0.0076,-0.0539,0.9823,0.0602,-0.284,-18.967
Car B,2975,198.3333,9,72.888,2,-6.058,20.636,-0.636,5.9761,0.0299,0.296,1.0,-0.1662,1.467,18.967
Car A,2976,198.4,9,54.32,2,12.51,20.065,-0.065,5.966,-0.492,0.5986,1.0,0.0063,1.495,-18.967
Car B,2976,198.4,9,73.286,2,-6.456,20.638,-0.638,5.9738,-0.0346,-0.4934,1.0,0.0633,-4.147,18.967
Car A,2977,198.4667,9,54.718,2,12.112,20.073,-0.073,5.9984,0.4864,0.0334,1.0,0.0447,0.168,-18.966
Car B,2977,198.4667,9,73.685,2,-6.855,20.645,-0.645,5.9749,0.0176,0.2979,1.0,-0.1537,1.572,18.966
Car A,2978,198.5333,9,55.118,2,11.712,20.078,-0.078,5.9834,-0.2258,0.4584,1.0,0.0039,1.109,-18.965
Car B,2978,198.5333,9,74.083,2,-7.253,20.648,-0.648,5.9729,-0.0309,-0.4684,1.0,0.0594,-3.834,18.965
Car A,2979,198.6,9,55.518,2,11.313,20.083,-0.083,6.0004,0.2556,-0.0602,1.0,0.0376,0.105,-18.963
Car B,2979,198.6,9,74.481,2,-7.651,20.655,-0.655,5.9745,0.0251,0.3224,1.0,-0.1535,1.476,18.963
Car A,2980,198.6667,9,55.917,2,10.913,20.087,-0.087,5.9794,-0.3156,0.2651,1.0,0.01,0.915,-18.962
Car B,2980,198.6667,9,74.879,2,-8.049,20.659,-0.659,5.9723,-0.0339,-0.4858,1.0,0.0597,-3.829,18.962
Car A,2981,198.7333,9,56.317,2,10.514,20.091,-0.091,6.0078,0.4267,0.1261,1.0,0.0159,0.248,-18.961
Car B,2981,198.7333,9,75.277,2,-8.447,20.667,-0.667,5.9745,0.0327,0.289,1.0,-0.1258,1.484,18.961
Car A,2982,198.8,9,56.717,2,10.113,20.094,-0.094,6.0125,0.0694,0.1577,1.0,0.0093,0.38,-18.958
Car B,2982,198.8,9,75.675,2,-8.845,20.673,-0.673,5.9722,-0.0335,-0.4759,1.0,0.0541,-3.137,18.958
Car A,2983,198.8667,9,57.118,2,9.712,20.097,-0.097,6.0032,-0.1383,0.0703,1.0,0.0135,0.23,-18.956
Car B,2983,198.8667,9,76.073,2,-9.243,20.682,-0.682,5.975,0.0411,0.297,1.0,-0.1108,1.345,18.956
Car A,2984,198.9333,9,57.518,2,9.312,20.1,-0.1,6.0003,-0.0441,-0.0526,1.0,0.0203,0.323,-18.954
Car B,2984,198.9333,9,76.472,2,-9.641,20.689,-0.689,5.9727,-0.0345,-0.494,1.0,0.0544,-2.762,18.954
Car A,2985,199.0,9,57.917,2,8.913,20.102,-0.102,5.9868,-0.2022,0.1388,1.0,-0.0019,0.486,-18.952
Car B,2985,199.0,9,76.87,2,-10.039,20.699,-0.699,5.9743,0.024,0.2848,1.0,-0.0864,1.352,18.952
Car A,2986,199.0667,9,58.317,2,8.513,20.105,-0.105,6.003,0.2426,0.1677,1.0,-0.0007,-0.043,-18.951
Car B,2986,199.0667,9,77.268,2,-10.438,20.707,-0.707,5.9736,-0.0099,-0.4767,1.0,0.0495,-2.153,18.951
Car A,2987,199.1333,9,58.717,2,8.113,20.108,-0.108,6.0012,-0.0268,-0.0131,1.0,0.0155,-0.018,-18.949
Car B,2987,199.1333,9,77.666,2,-10.836,20.718,-0.718,5.9747,0.017,0.3133,1.0,-0.0961,1.233,18.949
Car A,2988,199.2,9,59.117,2,7.713,20.11,-0.11,5.9975,-0.0551,-0.0338,1.0,0.0126,0.374,-18.947
Car B,2988,199.2,9,78.064,2,-11.234,20.727,-0.727,5.9739,-0.0125,-0.4959,1.0,0.0467,-2.396,18.947
Car A,2989,199.2667,9,59.516,2,7.314,20.111,-0.111,5.9923,-0.0787,0.096,1.0,-0.0092,0.308,-18.946
Car B,2989,199.2667,9,78.462,2,-11.632,20.739,-0.739,5.9755,0.0241,0.285,1.0,-0.0738,1.162,18.946
Car A,2990,199.3333,9,59.916,2,6.914,20.114,-0.114,5.998,0.0855,-0.081,1.0,0.0126,-0.221,-18.944
Car B,2990,199.3333,9,78.86,2,-12.03,20.749,-0.749,5.9756,0.0015,-0.5138,1.0,0.0431,-1.84,18.944
Car A,2991,199.4,9,60.316,2,6.514,20.116,-0.116,5.998,-0.0001,0.0036,1.0,-0.0038,0.307,-18.942
Car B,2991,199.4,9,79.258,2,-12.428,20.762,-0.762,5.9762,0.0095,0.3266,1.0,-0.0853,1.072,18.942
Car A,2992,199.4667,9,60.716,2,6.114,20.118,-0.118,5.9954,-0.0383,0.1361,1.0,-0.0231,-0.083,-18.94
Car B,2992,199.4667,9,79.657,2,-12.827,20.773,-0.773,5.9767,0.0063,-0.5328,1.0,0.0385,-2.128,18.94
Car A,2993,199.5333,9,61.116,2,5.714,20.122,-0.122,6.0157,0.3044,-0.2599,1.0,0.0377,-0.561,-18.938
Car B,2993,199.5333,9,80.055,2,-13.225,20.788,-0.788,5.9783,0.0243,0.2883,1.0,-0.0743,0.956,18.938
Car A,2994,199.6,9,61.517,2,5.313,20.123,-0.123,5.9886,-0.4067,0.3795,1.0,-0.0597,0.929,-18.936
Car B,2994,199.6,9,80.453,2,-13.623,20.801,-0.801,5.9778,-0.0069,-0.5404,1.0,0.0332,-1.852,18.936
Car A,2995,199.6667,9,61.917,2,4.914,20.126,-0.126,5.9854,-0.0475,-0.5534,1.0,0.0808,-1.488,-18.935
Car B,2995,199.6667,9,80.851,2,-14.021,20.816,-0.816,5.9823,0.0675,0.2919,1.0,-0.0621,0.825,18.935
Car A,2996,199.7333,9,62.316,2,4.515,20.13,-0.13,5.986,0.0092,0.3892,1.0,-0.0217,2.014,-18.934
Car B,2996,199.7333,9,81.25,2,-14.42,20.831,-0.831,5.9831,0.0111,-0.5675,1.0,0.0336,-1.547,18.934
Car A,2997,199.8,9,62.715,2,4.115,20.131,-0.131,5.9932,0.1079,-0.2286,1.0,0.0459,-0.536,-18.934
Car B,2997,199.8,9,81.649,2,-14.819,20.847,-0.847,5.9872,0.062,0.3159,1.0,-0.0671,0.836,18.934
Car A,2998,199.8667,9,63.114,2,3.716,20.132,-0.132,6.0011,0.1184,0.4381,1.0,-0.0656,1.144,-18.933
Car B,2998,199.8667,9,82.048,2,-15.217,20.863,-0.863,5.9872,0.0001,-0.5791,1.0,0.0247,-1.672,18.933
Car A,2999,199.9333,9,63.514,2,3.316,20.133,-0.133,6.0005,-0.0091,-0.4695,1.0,0.0775,-1.634,-18.932
Car B,2999,199.9333,9,82.446,2,-15.616,20.881,-0.881,5.9916,0.0661,0.2383,1.0,-0.0915,0.613,18.932
Car A,3000,200.0,9,63.914,2,2.916,20.136,-0.136,5.9976,-0.0444,0.394,1.0,0.0103,1.933,-18.931
Car B,3000,200.0,9,82.845,2,-16.015,20.899,-0.899,5.9906,-0.0157,-0.6583,1.0,0.2013,-2.283,18.931
Car A,3001,200.0667,9,64.314,2,2.516,20.135,-0.135,6.0135,0.2388,0.2124,1.0,0.0023,0.261,-18.93
Car B,3001,200.0667,9,83.244,2,-16.414,20.919,-0.919,5.9887,-0.0282,0.27,1.0,-0.1167,5.02,18.93
Car A,3002,200.1333,9,64.715,2,2.115,20.134,-0.134,6.0051,-0.1261,0.0632,1.0,0.046,0.057,-18.928
Car B,3002,200.1333,9,83.643,2,-16.813,20.936,-0.936,5.9883,-0.0053,-0.4347,1.0,0.1774,-2.906,18.928
Car A,3003,200.2,9,65.115,2,1.715,20.131,-0.131,6.0143,0.1387,0.446,1.0,-0.0292,1.147,-18.926
Car B,3003,200.2,9,84.041,2,-17.211,20.957,-0.957,5.9865,-0.027,0.3484,1.0,-0.0702,4.423,18.926
Car A,3004,200.2667,9,65.516,2,1.314,20.13,-0.13,6.0058,-0.1279,-0.2901,1.0,0.1094,-0.725,-18.924
Car B,3004,200.2667,9,84.44,2,-17.61,20.973,-0.973,5.9866,0.0012,-0.3838,1.0,0.2283,-1.745,18.924
Car A,3005,200.3333,9,65.917,2,0.914,20.127,-0.127,6.005,-0.0126,0.5993,1.0,-0.0199,2.729,-18.922
Car B,3005,200.3333,9,84.839,2,-18.009,20.993,-0.993,5.9837,-0.0437,0.4553,1.0,1.0,5.695,18.922
Car A,3006,200.4,9,66.317,2,0.513,20.121,-0.121,6.0019,-0.0454,-0.1837,1.0,0.0529,-0.493,-18.92
Car B,3006,200.4,9,85.237,2,-18.407,20.999,-0.999,5.9782,-0.0833,1.1127,1.0,1.0,24.971,18.92
Car A,3007,200.4667,9,66.717,2,0.113,20.116,-0.116,6.0073,0.0807,0.5192,1.0,-0.1068,1.32,-18.918
Car B,3007,200.4667,9,85.635,2,-18.805,20.991,-0.991,5.9572,-0.3145,2.2032,1.0,1.0,25.0,18.918
Car A,3008,200.5333,9,67.117,2,-0.287,20.111,-0.111,6.0083,0.0142,-0.4398,1.0,-0.0235,-2.664,-18.914
Car B,3008,200.5333,9,86.031,2,-19.201,20.967,-0.967,5.9438,-0.2003,2.7934,1.0,0.9678,25.0,18.914
Car A,3009,200.6,9,67.518,2,-0.688,20.111,-0.111,6.0241,0.2377,-0.3032,1.0,-0.0675,-0.59,-18.908
Car B,3009,200.6,9,86.426,2,-19.596,20.925,-0.925,5.9319,-0.1787,3.2467,1.0,0.7982,24.196,18.908
Car A,3010,200.6667,9,67.92,2,-1.09,20.114,-0.114,6.0326,0.1268,-0.6769,1.0,-0.045,-1.685,-18.898
Car B,3010,200.6667,9,86.818,2,-19.987,20.865,-0.865,5.9236,-0.1255,3.5877,1.0,0.8618,19.961,18.898
Car A,3011,200.7333,9,68.319,2,-1.489,20.12,-0.12,5.9895,-0.6461,-0.4633,1.0,0.0102,-1.124,-18.824
Car B,3011,200.7333,9,87.143,2,-20.376,20.787,-0.814,5.9154,-0.123,3.8696,1.0,0.8007,21.543,18.824
Car A,3012,200.8,9,68.719,2,-1.888,20.123,-0.123,5.9884,-0.0167,0.205,1.0,-0.0154,0.241,-18.814
Car B,3012,200.8,9,87.533,2,-20.759,20.69,-0.747,5.9089,-0.0971,4.0743,1.0,1.0,20.018,18.814
Car A,3013,200.8667,9,69.119,2,-2.288,20.126,-0.126,6.0046,0.2432,-0.1354,1.0,0.0386,-0.378,-18.695
Car B,3013,200.8667,9,87.813,2,-21.137,20.574,-0.676,5.9015,-0.111,4.254,1.0,1.0,24.992,18.695
Car A,3014,200.9333,9,69.519,2,-2.689,20.127,-0.127,6.0151,0.1576,0.3893,1.0,0.0173,0.963,-18.687
Car B,3014,200.9333,9,88.206,2,-21.508,20.438,-0.631,5.895,-0.0967,4.3763,1.0,1.0,24.999,18.687
Car A,3015,201.0,9,69.919,2,-3.089,20.126,-0.126,6.0099,-0.0775,0.1295,1.0,0.0344,0.425,-18.676
Car B,3015,201.0,9,88.595,2,-21.871,20.284,-0.566,5.8892,-0.0882,4.4773,1.0,1.0,24.999,18.676
Car A,3016,201.0667,9,70.32,2,-3.49,20.124,-0.124,6.0249,0.2246,0.3707,1.0,0.0235,0.845,-18.582
Car B,3016,201.0667,9,88.902,2,-22.226,20.11,-0.516,5.8839,-0.0792,4.5571,1.0,1.0,24.999,18.582
Car A,3017,201.1333,9,70.72,2,-3.89,20.121,-0.121,5.9843,-0.6084,0.1421,1.0,0.0194,0.58,-18.574
Car B,3017,201.1333,9,89.294,3,-22.57,19.919,-0.47,5.8791,-0.0711,4.6195,1.0,1.0,24.999,18.574
Car A,3018,201.2,9,71.119,2,-4.289,20.117,-0.117,5.9861,0.0267,0.1245,1.0,0.0148,0.477,-18.536
Car B,3018,201.2,9,89.655,3,-22.904,19.709,-0.405,5.8748,-0.0646,4.671,1.0,1.0,24.999,18.536
Car A,3019,201.2667,9,71.518,2,-4.688,20.113,-0.113,5.9973,0.1676,0.1664,1.0,0.0094,0.364,-18.493
Car B,3019,201.2667,9,90.011,3,-23.225,19.481,-0.377,5.8709,-0.0594,4.7106,1.0,1.0,24.999,18.493
Car A,3020,201.3333,9,71.918,2,-5.087,20.108,-0.108,5.999,0.0255,0.0865,1.0,0.0054,0.231,-18.484
Car B,3020,201.3333,9,90.402,3,-23.533,19.237,-0.33,5.8672,-0.0556,4.7397,1.0,1.0,24.999,18.484
Car A,3021,201.4,9,72.318,2,-5.488,20.104,-0.104,6.0084,0.1416,0.0278,1.0,0.0046,0.134,-18.428
Car B,3021,201.4,9,90.746,3,-23.828,18.976,-0.288,5.8637,-0.0527,4.7641,1.0,1.0,24.999,18.428
Car A,3022,201.4667,9,72.718,2,-5.888,20.099,-0.099,6.0045,-0.0583,0.0225,1.0,0.0001,0.112,-18.42
Car B,3022,201.4667,9,91.138,3,-24.108,18.7,-0.26,5.8604,-0.0487,4.7833,1.0,1.0,24.999,18.42
Car A,3023,201.5333,9,73.119,2,-6.289,20.095,-0.095,6.0007,-0.057,0.0515,1.0,-0.0049,0.004,-18.409
Car B,3023,201.5333,9,91.528,3,-24.372,18.409,-0.21,5.8573,-0.0461,4.7989,1.0,1.0,24.999,18.409
Car A,3024,201.6,9,73.519,2,-6.689,20.09,-0.09,6.0011,0.0052,-0.0161,1.0,-0.0046,-0.116,-18.369
Car B,3024,201.6,9,91.888,3,-24.619,18.104,-0.196,5.8543,-0.0449,4.8114,1.0,1.0,24.999,18.369
Car A,3025,201.6667,9,73.919,2,-7.089,20.086,-0.086,6.0032,0.0315,-0.0305,1.0,-0.0062,-0.111,-18.36
Car B,3025,201.6667,9,92.279,3,-24.849,17.786,-0.165,5.8516,-0.0418,4.8217,1.0,1.0,24.999,18.36
Car A,3026,201.7333,9,74.319,2,-7.489,20.082,-0.082,6.0016,-0.0237,0.0015,1.0,-0.0097,-0.15,-18.329
Car B,3026,201.7333,9,92.648,3,-25.061,17.456,-0.14,5.8488,-0.0412,4.8297,1.0,1.0,24.999,18.329
Car A,3027,201.8,9,74.719,2,-7.889,20.078,-0.078,6.0017,0.0011,-0.0336,1.0,-0.0111,-0.23,-18.321
Car B,3027,201.8,9,93.04,3,-25.255,17.115,-0.127,5.8461,-0.0406,4.8343,1.0,1.0,24.999,18.321
Car A,3028,201.8667,9,75.119,2,-8.289,20.074,-0.074,6.0041,0.0362,-0.0259,1.0,-0.0134,-0.269,-18.301
Car B,3028,201.8667,9,93.421,3,-25.429,16.764,-0.092,5.8435,-0.0384,4.8403,1.0,0.7114,24.999,18.301
Car A,3029,201.9333,9,75.52,2,-8.689,20.07,-0.07,6.0042,0.002,-0.0337,1.0,-0.0149,-0.325,-18.288
Car B,3029,201.9333,9,93.808,3,-25.584,16.404,-0.097,5.8466,0.0459,4.8007,1.0,1.0,17.795,18.288
Car A,3030,202.0,9,75.92,2,-9.09,20.066,-0.066,6.0059,0.0257,-0.0454,1.0,-0.0158,-0.36,-18.28
Car B,3030,202.0,9,94.2,3,-25.719,16.036,-0.081,5.8436,-0.0458,4.8521,1.0,0.7602,24.988,18.28
Car A,3031,202.0667,9,76.32,2,-9.49,20.063,-0.063,6.007,0.0156,-0.0532,1.0,-0.016,-0.382,-18.26
Car B,3031,202.0667,9,94.58,3,-25.834,15.661,-0.079,5.8452,0.0247,4.7962,1.0,0.5966,19.015,18.26
Car A,3032,202.1333,9,76.721,2,-9.891,20.06,-0.06,6.0081,0.0165,-0.0604,1.0,-0.0163,-0.387,-18.252
Car B,3032,202.1333,9,94.973,3,-25.928,15.28,-0.081,5.8585,0.1992,4.7333,1.0,-0.0706,14.919,18.252
Car A,3033,202.2,9,77.122,2,-10.291,20.057,-0.057,6.0071,-0.0143,-0.0496,1.0,-0.0185,-0.394,-18.232
Car B,3033,202.2,9,95.354,3,-26.01,14.895,-0.08,5.8985,0.6008,2.95,1.0,0.7156,-1.74,18.232
Car A,3034,202.2667,9,77.522,2,-10.692,20.054,-0.054,6.0064,-0.0113,-0.0573,1.0,-0.0178,-0.445,-18.223
Car B,3034,202.2667,9,95.745,3,-26.091,14.509,-0.131,5.9042,0.0856,2.5727,1.0,0.3883,17.861,18.223
Car A,3035,202.3333,9,77.923,2,-11.093,20.052,-0.052,6.0097,0.0507,-0.0861,1.0,-0.0155,-0.431,-18.215
Car B,3035,202.3333,9,96.138,3,-26.157,14.12,-0.166,5.9172,0.1944,3.146,1.0,0.1859,9.72,18.215
Car A,3036,202.4,9,78.323,2,-11.493,20.05,-0.05,6.0106,0.0135,-0.0865,1.0,-0.0143,-0.378,-18.194
Car B,3036,202.4,9,96.517,3,-26.214,13.728,-0.214,5.9636,0.6963,1.7267,1.0,0.3209,4.656,18.194
Car A,3037,202.4667,9,78.724,2,-11.894,20.049,-0.049,6.0093,-0.0204,-0.0733,1.0,-0.0124,-0.349,-18.187
Car B,3037,202.4667,9,96.911,3,-26.268,13.334,-0.268,5.9582,-0.0819,2.2824,1.0,0.1877,8.016,18.187
Car A,3038,202.5333,9,79.125,2,-12.295,20.048,-0.048,6.0096,0.0042,-0.0824,1.0,-0.0119,-0.303,-18.183
Car B,3038,202.5333,9,97.307,3,-26.313,12.938,-0.313,6.0029,0.6712,1.7611,1.0,0.1667,4.697,18.183
Car A,3039,202.6,9,79.525,2,-12.695,20.048,-0.048,6.0068,-0.041,-0.0488,1.0,-0.0139,-0.288,-18.183
Car B,3039,202.6,9,97.708,3,-26.355,12.537,-0.355,6.04,0.5558,1.6368,1.0,0.148,4.166,18.183
Car A,3040,202.6667,9,79.926,2,-13.096,20.047,-0.047,6.0044,-0.0363,-0.0375,1.0,-0.0165,-0.337,-18.186
Car B,3040,202.6667,9,98.111,3,-26.39,12.134,-0.39,6.0659,0.3884,1.4599,1.0,0.136,3.701,18.186
Car A,3041,202.7333,9,80.326,2,-13.496,20.046,-0.046,6.0053,0.0128,-0.0663,1.0,-0.016,-0.397,-18.189
Car B,3041,202.7333,9,98.515,3,-26.421,11.73,-0.421,6.0589,-0.1046,1.33,1.0,0.1253,3.401,18.189
Car A,3042,202.8,9,80.727,2,-13.897,20.046,-0.046,6.0085,0.0481,-0.0705,1.0,-0.0158,-0.39,-18.192
Car B,3042,202.8,9,98.919,3,-26.447,11.327,-0.447,6.0726,0.2061,1.2314,1.0,0.121,3.132,18.192
Car A,3043,202.8667,9,81.127,2,-14.297,20.046,-0.046,6.0083,-0.0024,-0.0627,1.0,-0.0163,-0.384,-18.196
Car B,3043,202.8667,9,99.324,3,-26.468,10.922,-0.468,6.0859,0.1988,1.2235,1.0,0.1224,3.017,18.196
Car A,3044,202.9333,9,81.528,2,-14.698,20.046,-0.046,6.0072,-0.017,-0.0632,1.0,-0.0166,-0.395,-18.201
Car B,3044,202.9333,9,99.729,3,-26.484,10.516,-0.484,6.0866,0.0115,1.2323,1.0,0.1107,3.052,18.201
Car A,3045,203.0,9,81.928,2,-15.098,20.047,-0.047,6.0079,0.0108,-0.0626,1.0,0.0009,-0.402,-18.205
Car B,3045,203.0,9,100.133,3,-26.495,10.112,-0.495,6.0311,-0.833,1.0879,1.0,0.0694,2.768,18.205
Car A,3046,203.0667,9,82.329,2,-15.499,20.047,-0.047,6.0097,0.0275,-0.1684,1.0,0.0063,0.013,-18.206
Car B,3046,203.0667,9,100.535,3,-26.505,9.711,-0.505,6.0296,-0.0227,0.6865,1.0,0.0676,1.736,18.206
Car A,3047,203.1333,9,82.729,2,-15.899,20.048,-0.048,6.0044,-0.0804,0.0076,1.0,-0.0087,0.149,-18.205
Car B,3047,203.1333,9,100.934,3,-26.513,9.311,-0.513,5.9963,-0.4988,0.6494,1.0,-0.0095,1.691,18.205
Car A,3048,203.2,9,83.129,2,-16.299,20.048,-0.048,6.0007,-0.0552,0.0487,0.9068,0.0063,-0.207,-18.204
Car B,3048,203.2,9,101.334,3,-26.522,8.912,-0.522,5.9962,-0.0021,-0.0911,1.0,0.1954,-0.226,18.204
Car A,3049,203.2667,9,83.522,2,-16.692,20.049,-0.049,5.8215,-2.6882,0.0403,0.9388,0.0368,0.157,-18.211
Car B,3049,203.2667,9,101.733,3,-26.53,8.512,-0.53,5.9944,-0.0268,0.8249,1.0,0.0338,4.876,18.211
Car A,3050,203.3333,9,83.905,2,-17.075,20.046,-0.046,5.6812,-2.1043,0.3213,1.0,0.9769,0.916,-18.228
Car B,3050,203.3333,9,102.133,3,-26.533,8.112,-0.533,6.0114,0.2544,0.3251,1.0,1.0,0.852,18.228
Car A,3051,203.4,9,84.283,2,-17.453,20.036,-0.036,5.6806,-0.0088,0.936,1.0,0.9443,24.387,-18.25
Car B,3051,203.4,9,102.533,3,-26.531,7.712,-0.531,6.0072,-0.0618,0.9359,1.0,0.8888,24.964,18.25
Car A,3052,203.4667,9,84.661,2,-17.831,20.013,-0.013,5.6689,-0.1757,1.9651,1.0,0.84,23.608,-18.272
Car B,3052,203.4667,9,102.933,3,-26.517,7.312,-0.517,5.9904,-0.252,1.9927,1.0,0.327,22.223,18.272
Car A,3053,203.5333,9,85.037,2,-18.207,19.974,0.026,5.6616,-0.1098,2.5528,0.737,-0.0841,21.003,-18.294
Car B,3053,203.5333,9,103.332,3,-26.487,6.914,-0.487,5.9876,-0.0434,2.3662,1.0,0.9387,8.195,18.294
Car A,3054,203.6,9,85.411,2,-18.581,19.926,0.074,5.6478,-0.206,1.3373,0.973,-1.0,-2.066,-18.317
Car B,3054,203.6,9,103.728,3,-26.444,6.517,-0.444,5.9737,-0.2072,2.9302,1.0,0.584,23.443,18.317
Car A,3055,203.6667,9,85.786,2,-18.956,19.889,0.111,5.6503,0.0373,0.1892,1.0,0.463,-24.965,-18.337
Car B,3055,203.6667,9,104.122,3,-26.382,6.123,-0.382,5.9662,-0.1136,3.3197,1.0,1.0,14.612,18.337
Car A,3056,203.7333,9,86.16,2,-19.329,19.852,0.148,5.6356,-0.2211,0.536,1.0,-0.2233,11.521,-18.329
Car B,3056,203.7333,9,104.488,3,-26.303,5.732,-0.323,5.9549,-0.1696,3.6762,1.0,1.0,24.984,18.329
Car A,3057,203.8,9,86.534,2,-19.704,19.816,0.184,5.6452,0.1436,-0.6922,1.0,-0.8265,-5.554,-18.347
Car B,3057,203.8,9,104.881,3,-26.205,5.346,-0.256,5.9451,-0.1464,3.9244,1.0,0.7087,24.999,18.347
Car A,3058,203.8667,9,86.926,2,-20.08,19.796,0.197,5.639,-0.0924,-1.5744,1.0,1.0,-20.639,-18.316
Car B,3058,203.8667,9,105.241,3,-26.089,4.966,-0.18,5.9401,-0.0745,4.1036,1.0,1.0,17.728,18.316
Car A,3059,203.9333,9,87.301,2,-20.454,19.777,0.186,5.6307,-0.1253,-0.4044,1.0,1.0,24.931,-18.336
Car B,3059,203.9333,9,105.636,3,-25.954,4.592,-0.136,5.9321,-0.12,4.2791,1.0,1.0,24.988,18.336
Car A,3060,204.0,9,87.676,2,-20.83,19.754,0.18,5.6311,0.0061,0.6821,1.0,1.0,24.999,-18.352
Car B,3060,204.0,9,106.028,3,-25.8,4.226,-0.072,5.9255,-0.0996,4.397,1.0,1.0,24.999,18.352
Car A,3061,204.0667,9,88.078,2,-21.203,19.715,0.143,5.6246,-0.0971,1.5543,1.0,1.0,25.0,-18.337
Car B,3061,204.0667,9,106.414,3,-25.627,3.869,-0.032,5.9193,-0.0931,4.4955,1.0,1.0,24.999,18.337
Car A,3062,204.1333,9,88.451,2,-21.574,19.661,0.109,5.6156,-0.1345,2.2507,1.0,1.0,25.0,-18.357
Car B,3062,204.1333,9,106.808,3,-25.435,3.522,0.012,5.9137,-0.084,4.5696,1.0,1.0,24.999,18.357
Car A,3063,204.2,9,88.838,2,-21.942,19.592,0.072,5.607,-0.129,2.8072,1.0,1.0,25.0,-18.371
Car B,3063,204.2,9,107.21,3,-25.226,3.186,0.055,5.9086,-0.0766,4.6292,1.0,1.0,24.999,18.371
Car A,3064,204.2667,9,89.208,3,-22.307,19.505,0.013,5.5993,-0.1152,3.2351,1.0,1.0,25.0,-18.396
Car B,3064,204.2667,9,107.605,3,-24.999,2.861,0.079,5.9039,-0.0705,4.6769,1.0,1.0,24.999,18.396
Car A,3065,204.3333,9,89.58,3,-22.666,19.4,-0.028,5.5926,-0.1014,3.5802,1.0,1.0,25.0,-18.417
Car B,3065,204.3333,9,107.998,3,-24.755,2.55,0.124,5.8995,-0.0658,4.7163,1.0,1.0,24.999,18.417
Car A,3066,204.4,9,89.943,3,-23.02,19.278,-0.096,5.5872,-0.0801,3.8521,1.0,1.0,25.0,-18.47
Car B,3066,204.4,9,108.413,3,-24.495,2.252,0.129,5.8954,-0.0609,4.7441,1.0,1.0,24.999,18.47
Car A,3067,204.4667,9,90.312,3,-23.367,19.137,-0.158,5.583,-0.0629,4.0637,1.0,1.0,25.0,-18.495
Car B,3067,204.4667,9,108.807,3,-24.219,1.969,0.155,5.8915,-0.0582,4.7684,1.0,1.0,24.999,18.495
Car A,3068,204.5333,9,90.651,3,-23.705,18.978,-0.21,5.58,-0.0459,4.2291,1.0,1.0,24.999,-18.576
Car B,3068,204.5333,9,109.228,3,-23.929,1.701,0.161,5.8879,-0.0546,4.7859,1.0,1.0,24.999,18.576
Car A,3069,204.6,9,91.017,3,-24.035,18.801,-0.29,5.5778,-0.0327,4.3575,1.0,1.0,24.999,-18.605
Car B,3069,204.6,9,109.622,3,-23.624,1.45,0.168,5.8844,-0.0526,4.8009,1.0,1.0,24.999,18.605
Car A,3070,204.6667,9,91.386,3,-24.354,18.606,-0.349,5.5764,-0.0208,4.462,1.0,1.0,24.999,-18.659
Car B,3070,204.6667,9,110.045,3,-23.307,1.216,0.175,5.881,-0.0505,4.8123,1.0,1.0,24.999,18.659
Car A,3071,204.7333,9,91.695,3,-24.662,18.394,-0.417,5.5756,-0.0116,4.5437,1.0,1.0,24.999,-18.744
Car B,3071,204.7333,9,110.439,3,-22.977,1.0,0.163,5.8778,-0.0489,4.8219,1.0,1.0,24.999,18.744
Car A,3072,204.8,9,92.062,3,-24.958,18.164,-0.493,5.5754,-0.004,4.61,1.0,1.0,24.999,-18.798
Car B,3072,204.8,9,110.86,3,-22.636,0.803,0.171,5.8746,-0.0477,4.8285,1.0,1.0,24.999,18.798
Car A,3073,204.8667,9,92.432,3,-25.24,17.919,-0.548,5.5755,0.0026,4.6618,1.0,1.0,24.999,-18.821
Car B,3073,204.8667,9,111.253,3,-22.285,0.624,0.141,5.8716,-0.0455,4.8341,1.0,1.0,24.999,18.821
Car A,3074,204.9333,9,92.71,3,-25.508,17.657,-0.626,5.576,0.0074,4.7041,1.0,1.0,24.999,-18.937
Car B,3074,204.9333,9,111.646,3,-21.924,0.466,0.132,5.8686,-0.0452,4.8388,1.0,0.9999,24.999,18.937
Car A,3075,205.0,9,93.077,3,-25.761,17.381,-0.697,5.5768,0.0117,4.7389,1.0,1.0,24.999,-18.982
Car B,3075,205.0,9,112.059,3,-21.556,0.327,0.102,5.8657,-0.0434,4.8417,1.0,1.0,24.996,18.982
Car A,3076,205.0667,9,93.421,3,-25.998,17.091,-0.748,5.5778,0.0152,4.7655,1.0,1.0,24.999,-19.031
Car B,3076,205.0667,9,112.452,3,-21.181,0.209,0.075,5.8628,-0.0422,4.8446,1.0,1.0,24.999,19.031
Car A,3077,205.1333,9,93.696,3,-26.217,16.787,-0.829,5.579,0.0173,4.7871,1.0,1.0,24.999,-19.158
Car B,3077,205.1333,9,112.854,3,-20.8,0.112,0.049,5.86,-0.0423,4.8467,1.0,1.0,24.999,19.158
Car A,3078,205.2,9,94.065,3,-26.419,16.472,-0.895,5.5803,0.0191,4.804,1.0,1.0,24.999,-19.18
Car B,3078,205.2,9,113.244,3,-20.414,0.036,0.004,5.8573,-0.0416,4.8482,1.0,0.8137,24.999,19.18
Car A,3079,205.2667,9,94.362,3,-26.602,16.145,-0.942,5.5817,0.021,4.8186,1.0,1.0,24.999,-19.274
Car B,3079,205.2667,9,113.636,3,-20.025,-0.018,-0.02,5.8575,0.0044,4.8207,1.0,-0.6434,20.349,19.274
Car A,3080,205.3333,9,94.655,3,-26.767,15.808,-1.02,5.5831,0.0218,4.8289,1.0,1.0,24.999,-19.37
Car B,3080,205.3333,9,114.025,3,-19.635,-0.062,-0.062,5.8858,0.4232,3.0846,1.0,0.189,-16.031,19.37
Car A,3081,205.4,9,95.025,3,-26.911,15.462,-1.08,5.5846,0.0226,4.8386,1.0,1.0,24.999,-19.394
Car B,3081,205.4,9,114.419,3,-19.242,-0.103,-0.103,5.9433,0.8636,2.5806,1.0,-0.1096,4.692,19.394
Car A,3082,205.4667,9,95.304,3,-27.036,15.108,-1.122,5.5862,0.023,4.845,1.0,1.0,24.999,-19.51
Car B,3082,205.4667,9,114.814,3,-18.847,-0.147,-0.147,5.9622,0.2836,0.6029,1.0,0.0719,-2.728,19.51
Car A,3083,205.5333,9,95.59,3,-27.139,14.747,-1.195,5.5877,0.0233,4.8508,1.0,1.0,24.999,-19.619
Car B,3083,205.5333,9,115.209,3,-18.452,-0.195,-0.195,5.9978,0.5333,0.7073,1.0,0.0601,1.791,19.619
Car A,3084,205.6,9,95.961,3,-27.222,14.381,-1.248,5.5893,0.0236,4.8554,1.0,1.0,24.999,-19.647
Car B,3084,205.6,9,115.608,3,-18.053,-0.241,-0.241,6.0418,0.6598,0.6003,1.0,0.0846,1.491,19.647
Car A,3085,205.6667,9,96.245,3,-27.284,14.011,-1.284,5.5908,0.023,4.8581,1.0,1.0,24.999,-19.763
Car B,3085,205.6667,9,116.008,3,-17.652,-0.283,-0.283,6.0517,0.1484,0.8508,1.0,0.0468,2.111,19.763
Car A,3086,205.7333,9,96.608,3,-27.324,13.637,-1.324,5.5924,0.0233,4.8616,1.0,1.0,24.999,-19.801
Car B,3086,205.7333,9,116.409,3,-17.252,-0.323,-0.323,6.0371,-0.2182,0.323,1.0,0.0666,1.153,19.801
Car A,3087,205.8,9,96.983,3,-27.342,13.262,-1.342,5.5939,0.0234,4.8634,1.0,1.0,24.999,-19.826
Car B,3087,205.8,9,116.809,3,-16.851,-0.362,-0.362,6.037,-0.0014,0.662,1.0,0.0342,1.663,19.826
Car A,3088,205.8667,9,97.359,3,-27.339,12.886,-1.339,5.5955,0.023,4.8647,1.0,1.0,24.999,-19.85
Car B,3088,205.8667,9,117.209,3,-16.451,-0.4,-0.4,6.0267,-0.1554,0.2526,1.0,0.0573,0.843,19.85
Car A,3089,205.9333,9,97.734,3,-27.314,12.511,-1.314,5.597,0.0225,4.866,1.0,1.0,24.999,-19.875
Car B,3089,205.9333,9,117.609,3,-16.051,-0.435,-0.435,5.997,-0.4449,0.5567,1.0,-0.0037,1.43,19.875
Car A,3090,206.0,9,98.107,3,-27.267,12.138,-1.267,5.5985,0.0224,4.8661,1.0,1.0,24.999,-19.901
Car B,3090,206.0,9,118.007,3,-15.653,-0.471,-0.471,5.9981,0.016,-0.0672,1.0,0.0445,-0.079,19.901
Car A,3091,206.0667,9,98.477,3,-27.198,11.769,-1.198,5.5999,0.0221,4.8663,1.0,1.0,24.999,-19.93
Car B,3091,206.0667,9,118.406,3,-15.254,-0.506,-0.506,6.0205,0.3372,0.4543,1.0,-0.0109,1.105,19.93
Car A,3092,206.1333,9,98.842,3,-27.109,11.403,-1.109,5.6014,0.0217,4.8679,1.0,0.7794,24.999,-19.964
Car B,3092,206.1333,9,118.806,3,-14.855,-0.541,-0.541,6.0123,-0.1242,-0.1644,1.0,0.0222,-0.26,19.964
Car A,3093,206.2,9,99.202,3,-26.998,11.044,-0.998,5.6088,0.1111,4.8266,1.0,-0.06,19.493,-20.003
Car B,3093,206.2,9,119.204,3,-14.456,-0.575,-0.575,5.9874,-0.3728,0.2005,1.0,-0.0771,0.533,20.003
Car A,3094,206.2667,9,99.559,3,-26.875,10.687,-0.875,5.652,0.648,3.4484,1.0,-0.2419,-1.467,-20.043
Car B,3094,206.2667,9,119.602,3,-14.059,-0.613,-0.613,5.9858,-0.0241,-0.6812,1.0,0.0399,-1.922,20.043
Car A,3095,206.3333,9,99.919,3,-26.757,10.326,-0.757,5.6871,0.5267,1.2437,1.0,-0.2456,-6.039,-20.08
Car B,3095,206.3333,9,119.999,3,-13.661,-0.653,-0.653,5.9862,0.0053,0.2852,1.0,-0.1258,0.992,20.08
Car A,3096,206.4,9,100.283,3,-26.65,9.962,-0.65,5.6976,0.1577,-0.0991,1.0,-0.2463,-6.14,-20.113
Car B,3096,206.4,9,120.396,3,-13.264,-0.691,-0.691,5.9857,-0.007,-0.5795,1.0,0.117,-3.139,20.113
Car A,3097,206.4667,9,100.651,3,-26.554,9.595,-0.554,5.7018,0.0631,-1.0891,1.0,-0.2528,-6.158,-20.142
Car B,3097,206.4667,9,120.793,3,-12.868,-0.733,-0.733,5.9849,-0.0124,0.2371,1.0,-0.0045,2.916,20.142
Car A,3098,206.5333,9,101.022,3,-26.471,9.223,-0.471,5.7122,0.1555,-1.8218,1.0,-0.2544,-6.32,-20.168
Car B,3098,206.5333,9,121.19,3,-12.47,-0.77,-0.77,6.0032,0.2756,0.0851,1.0,0.1201,-0.098,20.168
Car A,3099,206.6,9,101.399,3,-26.401,8.847,-0.401,5.7648,0.7899,-2.1358,1.0,-0.2401,-6.359,-20.191
Car B,3099,206.6,9,121.589,3,-12.071,-0.804,-0.804,6.0013,-0.0291,0.8436,1.0,-0.2412,2.996,20.191
Car A,3100,206.6667,9,101.782,3,-26.339,8.464,-0.339,5.8489,1.2603,-2.0967,1.0,-0.2189,-6.003,-20.206
Car B,3100,206.6667,9,121.988,3,-11.672,-0.835,-0.835,6.0,-0.02,-0.1093,1.0,0.1558,-6.016,20.206
Car A,3101,206.7333,9,102.171,3,-26.284,8.074,-0.284,5.9344,1.2829,-1.9817,0.9101,-0.1679,-5.472,-20.215
Car B,3101,206.7333,9,122.386,3,-11.274,-0.87,-0.87,5.998,-0.0288,0.5409,1.0,-0.2082,3.879,20.215
Car A,3102,206.8,9,102.558,3,-26.234,7.687,-0.234,5.7862,-2.2229,-1.4837,1.0,0.0978,-4.199,-20.227
Car B,3102,206.8,9,122.785,3,-10.875,-0.901,-0.901,5.9965,-0.0232,-0.2727,1.0,0.3186,-5.19,20.227
Car A,3103,206.8667,9,102.941,3,-26.184,7.304,-0.184,5.7965,0.1544,-0.3006,1.0,-0.5718,2.434,-20.242
Car B,3103,206.8667,9,123.183,3,-10.477,-0.935,-0.935,5.9951,-0.0206,0.448,1.0,0.1057,7.945,20.242
Car A,3104,206.9333,9,103.324,3,-26.131,6.922,-0.131,5.7925,-0.0605,-0.8611,1.0,0.1018,-14.267,-20.258
Car B,3104,206.9333,9,123.582,3,-10.079,-0.959,-0.959,5.9948,-0.0055,0.9871,1.0,-0.1841,2.649,20.258
Car A,3105,207.0,9,103.707,3,-26.083,6.538,-0.083,5.7986,0.0926,0.0462,1.0,0.1894,2.519,-20.274
Car B,3105,207.0,9,123.981,3,-9.68,-0.983,-0.983,5.9964,0.0245,-0.1104,1.0,0.327,-4.591,20.274
Car A,3106,207.0667,9,104.089,3,-26.022,6.156,-0.022,5.8037,0.0767,1.0467,1.0,1.0,4.732,-20.291
Car B,3106,207.0667,9,124.379,3,-9.281,-1.011,-1.011,5.9933,-0.0461,0.5459,1.0,0.0834,8.155,20.291
Car A,3107,207.1333,9,104.472,3,-25.948,5.777,0.034,5.7979,-0.0871,1.5784,1.0,1.0,24.969,-20.307
Car B,3107,207.1333,9,124.779,3,-8.881,-1.031,-1.031,6.0126,0.2886,0.7833,1.0,-0.0242,2.094,20.307
Car A,3108,207.2,9,104.853,3,-25.859,5.401,0.093,5.7799,-0.27,2.5195,1.0,0.9144,25.0,-20.326
Car B,3108,207.2,9,125.179,3,-8.481,-1.052,-1.052,6.0066,-0.0886,-0.2154,1.0,0.3857,-0.6,20.326
Car A,3109,207.2667,9,105.257,3,-25.754,5.03,0.16,5.7708,-0.1372,3.0141,1.0,1.0,22.864,-20.322
Car B,3109,207.2667,9,125.579,3,-8.081,-1.073,-1.073,6.0057,-0.0137,0.7179,1.0,0.0754,9.627,20.322
Car A,3110,207.3333,9,105.642,3,-25.632,4.664,0.193,5.7615,-0.1397,3.4093,1.0,1.0,24.996,-20.338
Car B,3110,207.3333,9,125.979,3,-7.681,-1.087,-1.087,6.0159,0.1532,0.7056,1.0,0.0837,1.897,20.338
Car A,3111,207.4,9,106.023,3,-25.493,4.305,0.245,5.7533,-0.1221,3.7243,1.0,0.9377,25.0,-20.356
Car B,3111,207.4,9,126.379,3,-7.281,-1.097,-1.097,5.9689,-0.7059,0.8459,1.0,-0.0349,2.091,20.356
Car A,3112,207.4667,9,106.448,3,-25.336,3.954,0.269,5.747,-0.095,3.9672,1.0,1.0,23.445,-20.33
Car B,3112,207.4667,9,126.777,3,-6.883,-1.109,-1.109,5.9753,0.0964,-0.269,1.0,0.4018,-0.868,20.33
Car A,3113,207.5333,9,106.831,3,-25.161,3.611,0.299,5.7413,-0.0862,4.1602,1.0,1.0,24.997,-20.344
Car B,3113,207.5333,9,127.175,3,-6.485,-1.122,-1.122,5.9738,-0.0221,0.6454,1.0,0.0922,10.028,20.344
Car A,3114,207.6,9,107.265,3,-24.969,3.278,0.323,5.7365,-0.0715,4.3052,1.0,1.0,24.999,-20.309
Car B,3114,207.6,9,127.574,3,-6.086,-1.128,-1.128,5.9921,0.2733,0.8394,1.0,0.009,2.316,20.309
Car A,3115,207.6667,9,107.65,3,-24.759,2.956,0.334,5.7325,-0.0593,4.4197,1.0,1.0,24.999,-20.324
Car B,3115,207.6667,9,127.974,3,-5.687,-1.133,-1.133,5.9993,0.1079,0.0841,1.0,0.3089,0.228,20.324
Car A,3116,207.7333,9,108.089,3,-24.532,2.646,0.357,5.7292,-0.0496,4.5114,1.0,1.0,24.999,-20.284
Car B,3116,207.7333,9,128.373,3,-5.287,-1.137,-1.137,5.996,-0.0488,0.9586,1.0,-0.061,7.711,20.284
Car A,3117,207.8,9,108.473,3,-24.289,2.348,0.349,5.7265,-0.041,4.5823,1.0,1.0,24.999,-20.3
Car B,3117,207.8,9,128.773,3,-4.887,-1.135,-1.135,5.9978,0.0276,0.0338,1.0,0.2808,-1.51,20.3
Car A,3118,207.8667,9,108.857,3,-24.03,2.065,0.362,5.7242,-0.0339,4.6402,1.0,1.0,24.999,-20.316
Car B,3118,207.8667,9,129.173,3,-4.488,-1.137,-1.137,5.9935,-0.0653,0.6764,1.0,-0.0102,7.007,20.316
Car A,3119,207.9333,9,109.298,3,-23.756,1.796,0.346,5.7223,-0.0285,4.6864,1.0,1.0,24.999,-20.275
Car B,3119,207.9333,9,129.572,3,-4.088,-1.134,-1.134,5.9987,0.0788,-0.1053,1.0,0.3094,-0.241,20.275
Car A,3120,208.0,9,109.682,3,-23.467,1.543,0.341,5.7208,-0.0239,4.7241,1.0,1.0,24.999,-20.291
Car B,3120,208.0,9,129.972,3,-3.688,-1.132,-1.132,5.9974,-0.0207,0.7802,1.0,-0.1245,7.722,20.291
Car A,3121,208.0667,9,110.119,3,-23.165,1.307,0.326,5.7194,-0.0198,4.7525,1.0,1.0,24.999,-20.253
Car B,3121,208.0667,9,130.372,3,-3.288,-1.125,-1.125,5.9979,0.0084,-0.0897,1.0,0.2447,-3.096,20.253
Car A,3122,208.1333,9,110.502,3,-22.85,1.087,0.304,5.7183,-0.0176,4.7765,1.0,1.0,24.999,-20.27
Car B,3122,208.1333,9,130.772,3,-2.889,-1.121,-1.121,5.9959,-0.0297,0.5645,1.0,-0.1059,6.104,20.27
Car A,3123,208.2,9,110.933,3,-22.523,0.886,0.292,5.7173,-0.014,4.7947,1.0,1.0,24.999,-20.239
Car B,3123,208.2,9,131.171,3,-2.489,-1.114,-1.114,5.9951,-0.0125,-0.2431,1.0,0.271,-2.633,20.239
Car A,3124,208.2667,9,111.314,3,-22.185,0.704,0.252,5.7165,-0.0123,4.8088,1.0,1.0,24.999,-20.257
Car B,3124,208.2667,9,131.571,3,-2.09,-1.11,-1.11,5.9922,-0.0438,0.4793,1.0,-0.1186,6.76,20.257
Car A,3125,208.3333,9,111.697,3,-21.838,0.541,0.234,5.7158,-0.0108,4.82,1.0,1.0,24.999,-20.273
Car B,3125,208.3333,9,131.97,3,-1.69,-1.103,-1.103,5.9933,0.0172,-0.3196,1.0,0.2643,-2.95,20.273
Car A,3126,208.4,9,112.114,3,-21.482,0.397,0.188,5.7151,-0.0107,4.8301,1.0,1.0,24.999,-20.255
Car B,3126,208.4,9,132.369,3,-1.291,-1.099,-1.099,5.9894,-0.0593,0.4349,1.0,-0.1388,6.592,20.255
Car A,3127,208.4667,9,112.496,3,-21.119,0.274,0.153,5.7145,-0.0086,4.8374,1.0,1.0,24.999,-20.272
Car B,3127,208.4667,9,132.769,3,-0.892,-1.091,-1.091,5.9892,-0.003,-0.3421,1.0,0.2408,-3.453,20.272
Car A,3128,208.5333,9,112.9,3,-20.75,0.172,0.113,5.714,-0.008,4.8432,1.0,1.0,24.999,-20.268
Car B,3128,208.5333,9,133.168,3,-0.493,-1.086,-1.086,5.9874,-0.0269,0.4286,1.0,-0.1693,6.005,20.268
Car A,3129,208.6,9,113.28,3,-20.375,0.091,0.061,5.7134,-0.0078,4.8474,1.0,1.0,24.999,-20.287
Car B,3129,208.6,9,133.567,3,-0.094,-1.078,-1.078,5.9871,-0.0042,-0.363,1.0,0.217,-4.216,20.287
Car A,3130,208.6667,9,113.664,3,-19.996,0.031,0.031,5.713,-0.0069,4.8508,1.0,1.0,24.999,-20.301
Car B,3130,208.6667,10,0.305,1,0.305,-1.074,-1.074,5.9856,-0.0223,0.3981,1.0,-0.1844,5.409,20.301
Car A,3131,208.7333,9,114.046,3,-19.615,-0.007,-0.007,5.7126,-0.006,4.8534,1.0,1.0,24.999,-20.319
Car B,3131,208.7333,10,0.704,1,0.704,-1.066,-1.066,5.9851,-0.0084,-0.3752,1.0,0.1875,-4.594,20.319
Car A,3132,208.8,9,114.429,3,-19.232,-0.024,-0.024,5.7121,-0.0065,4.8557,1.0,1.0,24.999,-20.335
Car B,3132,208.8,10,1.103,1,1.103,-1.061,-1.061,5.9842,-0.0123,0.3906,1.0,-0.2049,4.673,20.335
Car A,3133,208.8667,9,114.812,3,-18.848,-0.019,-0.019,5.7118,-0.0054,4.8574,1.0,0.9059,24.999,-20.35
Car B,3133,208.8667,10,1.502,1,1.502,-1.053,-1.053,5.9837,-0.0084,-0.3736,1.0,0.1519,-5.107,20.35
Car A,3134,208.9333,9,115.195,3,-18.466,0.008,0.008,5.7125,0.0102,4.8481,1.0,-0.1433,22.652,-20.367
Car B,3134,208.9333,10,1.901,1,1.901,-1.048,-1.048,5.9839,0.0038,0.3856,1.0,-0.2251,3.784,20.367
Car A,3135,209.0,9,115.577,3,-18.084,0.047,0.047,5.7526,0.6022,3.34,1.0,-0.3597,-3.544,-20.383
Car B,3135,209.0,10,2.299,1,2.3,-1.04,-1.04,5.9819,-0.0306,-0.3846,1.0,0.0769,-5.613,20.383
Car A,3136,209.0667,9,115.96,3,-17.7,0.081,0.081,5.7823,0.4461,1.2084,1.0,-0.6978,-8.983,-20.398
Car B,3136,209.0667,10,2.698,1,2.698,-1.036,-1.036,5.9824,0.007,0.3726,1.0,-0.276,1.911,20.398
Car A,3137,209.1333,9,116.346,3,-17.315,0.104,0.104,5.7857,0.0497,-0.1652,1.0,-0.5741,-17.432,-20.412
Car B,3137,209.1333,10,3.097,1,3.097,-1.029,-1.029,5.9793,-0.0463,-0.4381,1.0,0.0442,-6.887,20.412
Car A,3138,209.2,9,116.731,3,-16.929,0.114,0.114,5.7832,-0.0363,-1.1455,1.0,-0.2981,-14.358,-20.425
Car B,3138,209.2,10,3.495,1,3.495,-1.025,-1.025,5.9816,0.0343,0.3243,1.0,-0.273,1.092,20.425
Car A,3139,209.2667,9,117.117,3,-16.544,0.111,0.111,5.7834,0.0017,-1.8884,0.9496,-0.1317,-7.461,-20.438
Car B,3139,209.2667,10,3.894,1,3.894,-1.021,-1.021,5.9805,-0.0153,-0.575,1.0,0.139,-6.812,20.438
Car A,3140,209.3333,9,117.502,3,-16.158,0.101,0.101,5.7815,-0.0276,-1.17,0.9877,-0.0242,-3.295,-20.451
Car B,3140,209.3333,10,4.293,1,4.293,-1.02,-1.02,5.9825,0.0297,0.2487,1.0,-0.2447,3.459,20.451
Car A,3141,209.4,9,117.89,3,-15.77,0.095,0.095,5.85,1.0271,-0.2263,0.9826,-0.045,-0.61,-20.462
Car B,3141,209.4,10,4.691,1,4.691,-1.016,-1.016,5.9794,-0.0466,-0.4796,1.0,0.011,-6.102,20.462
Car A,3142,209.4667,9,118.281,3,-15.379,0.089,0.089,5.8855,0.5334,-0.4485,1.0,0.0765,-1.125,-20.47
Car B,3142,209.4667,10,5.09,1,5.09,-1.016,-1.016,5.9897,0.1551,0.1379,1.0,-0.2657,0.261,20.47
Car A,3143,209.5333,9,118.674,3,-14.987,0.086,0.086,5.8932,0.1152,0.4614,0.9814,-0.0615,1.908,-20.476
Car B,3143,209.5333,10,5.489,1,5.49,-1.017,-1.017,5.987,-0.0405,-0.8265,1.0,0.2355,-6.632,20.476
Car A,3144,209.6,9,119.066,3,-14.594,0.086,0.086,5.8897,-0.0528,-0.3404,1.0,0.0376,-1.532,-20.483
Car B,3144,209.6,10,5.888,1,5.889,-1.023,-1.023,5.988,0.0145,0.0758,1.0,-0.2,5.868,20.483
Car A,3145,209.6667,9,119.46,3,-14.201,0.083,0.083,5.9179,0.4225,0.3387,0.9869,-0.0486,0.936,-20.488
Car B,3145,209.6667,10,6.288,1,6.288,-1.026,-1.026,5.986,-0.0301,-0.5699,1.0,0.1351,-4.984,20.488
Car A,3146,209.7333,9,119.854,3,-13.806,0.08,0.08,5.9186,0.0109,-0.4477,1.0,0.1141,-1.211,-20.493
Car B,3146,209.7333,10,6.687,1,6.687,-1.032,-1.032,5.9863,0.0041,0.2501,1.0,-0.2461,3.365,20.493
Car A,3147,209.8,9,120.249,3,-13.411,0.078,0.078,5.922,0.0504,0.4632,0.9937,-0.0359,2.846,-20.497
Car B,3147,209.8,10,7.085,1,7.086,-1.034,-1.034,5.9843,-0.0298,-0.472,1.0,0.1082,-6.137,20.497
Car A,3148,209.8667,9,120.644,3,-13.017,0.078,0.078,5.9284,0.0964,-0.2925,1.0,0.0499,-0.892,-20.501
Car B,3148,209.8667,10,7.484,1,7.484,-1.04,-1.04,5.9842,-0.0015,0.3142,1.0,-0.2527,2.692,20.501
Car A,3149,209.9333,9,121.039,3,-12.621,0.077,0.077,5.9461,0.2649,0.4717,0.9816,-0.0796,1.244,-20.504
Car B,3149,209.9333,10,7.883,1,7.883,-1.043,-1.043,5.982,-0.0332,-0.4251,1.0,0.0778,-6.304,20.504
Car A,3150,210.0,9,121.436,3,-12.225,0.077,0.077,5.9427,-0.051,-0.4573,1.0,0.0684,-1.985,-20.506
Car B,3150,210.0,10,8.282,1,8.282,-1.05,-1.05,5.9826,0.01,0.3424,1.0,-0.2553,1.932,20.506
Car A,3151,210.0667,9,121.832,3,-11.828,0.073,0.073,5.9451,0.0369,0.3382,0.9988,-0.0273,1.703,-20.509
Car B,3151,210.0667,10,8.68,1,8.681,-1.053,-1.053,5.9791,-0.0527,-0.4443,1.0,0.1201,-6.368,20.509
Car A,3152,210.1333,9,122.229,3,-11.432,0.073,0.073,5.9633,0.2734,-0.2689,1.0,0.0587,-0.676,-20.511
Car B,3152,210.1333,10,9.079,1,9.079,-1.06,-1.06,5.9794,0.0046,0.3328,1.0,-0.2495,2.989,20.511
Car A,3153,210.2,9,122.626,3,-11.034,0.073,0.073,5.9705,0.1081,0.543,0.9844,-0.0891,1.464,-20.511
Car B,3153,210.2,10,9.477,1,9.477,-1.064,-1.064,5.9768,-0.0386,-0.4187,1.0,0.1045,-6.222,20.511
Car A,3154,210.2667,9,123.024,3,-10.636,0.074,0.074,5.9676,-0.0436,-0.4254,1.0,0.0474,-2.222,-20.512
Car B,3154,210.2667,10,9.876,1,9.876,-1.072,-1.072,5.978,0.0178,0.3464,1.0,-0.241,2.6,20.512
Car A,3155,210.3333,9,123.422,3,-10.238,0.071,0.071,5.9699,0.0343,0.3355,0.9966,-0.0415,1.178,-20.512
Car B,3155,210.3333,10,10.274,1,10.274,-1.076,-1.076,5.9754,-0.039,-0.4204,1.0,0.1356,-6.013,20.512
Car A,3156,210.4,9,123.82,3,-9.84,0.071,0.071,5.968,-0.029,-0.4015,1.0,0.0987,-1.033,-20.512
Car B,3156,210.4,10,10.672,1,10.672,-1.084,-1.084,5.9759,0.0067,0.3554,1.0,-0.2271,3.375,20.512
Car A,3157,210.4667,9,124.218,3,-9.442,0.07,0.07,5.9691,0.0162,0.5297,0.9911,-0.0658,2.462,-20.513
Car B,3157,210.4667,10,11.071,1,11.071,-1.088,-1.088,5.9743,-0.0241,-0.4039,1.0,0.1539,-5.664,20.513
Car A,3158,210.5333,9,124.616,3,-9.044,0.072,0.072,5.9654,-0.0544,-0.2741,1.0,0.0128,-1.638,-20.513
Car B,3158,210.5333,10,11.469,1,11.469,-1.096,-1.096,5.9744,0.0012,0.3642,1.0,-0.2102,3.834,20.513
Car A,3159,210.6,9,125.014,3,-8.646,0.071,0.071,5.9956,0.4527,0.1444,1.0,-0.0329,0.31,-20.513
Car B,3159,210.6,10,11.867,1,11.867,-1.1,-1.1,5.9732,-0.017,-0.3916,1.0,0.1437,-5.242,20.513
Car A,3160,210.6667,9,125.414,3,-8.247,0.069,0.069,5.9807,-0.224,-0.2444,1.0,0.0686,-0.803,-20.512
Car B,3160,210.6667,10,12.265,1,12.265,-1.108,-1.108,5.973,-0.0035,0.3701,1.0,-0.2075,3.579,20.512
Car A,3161,210.7333,9,125.813,3,-7.848,0.071,0.071,5.9856,0.074,0.6293,0.9855,-0.1037,1.711,-20.511
Car B,3161,210.7333,10,12.663,1,12.663,-1.113,-1.113,5.9719,-0.0164,-0.3834,1.0,0.1718,-5.173,20.511
Car A,3162,210.8,9,126.212,3,-7.449,0.074,0.074,5.9832,-0.0358,-0.371,1.0,0.0111,-2.585,-20.51
Car B,3162,210.8,10,13.061,1,13.061,-1.121,-1.121,5.9722,0.0045,0.3794,1.0,-0.1945,4.281,20.51
Car A,3163,210.8667,9,126.611,3,-7.05,0.072,0.072,5.9974,0.2117,0.1743,0.9983,-0.04,0.268,-20.509
Car B,3163,210.8667,10,13.459,1,13.459,-1.125,-1.125,5.9716,-0.0085,-0.3858,1.0,0.1841,-4.848,20.509
Car A,3164,210.9333,9,127.01,3,-6.65,0.071,0.071,5.9798,-0.2636,-0.4206,1.0,0.0923,-0.997,-20.507
Car B,3164,210.9333,10,13.857,1,13.857,-1.133,-1.133,5.9714,-0.0038,0.3811,1.0,-0.1722,4.589,20.507
Car A,3165,211.0,9,127.409,3,-6.251,0.071,0.071,5.9808,0.0147,0.5592,0.987,-0.0822,2.303,-20.506
Car B,3165,211.0,10,14.255,1,14.255,-1.137,-1.137,5.9709,-0.0067,-0.3832,1.0,0.2179,-4.29,20.506
Car A,3166,211.0667,9,127.807,3,-5.853,0.075,0.075,5.974,-0.1007,-0.2908,1.0,-0.0016,-2.049,-20.506
Car B,3166,211.0667,10,14.653,1,14.653,-1.146,-1.146,5.9696,-0.0197,0.3858,1.0,-0.1477,5.433,20.506
Car A,3167,211.1333,9,128.206,3,-5.454,0.073,0.073,5.9978,0.3561,0.0213,1.0,-0.0175,-0.046,-20.505
Car B,3167,211.1333,10,15.051,1,15.051,-1.15,-1.15,5.9699,0.0049,-0.3747,1.0,0.1845,-3.677,20.505
Car A,3168,211.2,9,128.606,3,-5.055,0.072,0.072,5.9929,-0.073,-0.0554,1.0,0.0239,-0.417,-20.503
Car B,3168,211.2,10,15.449,1,15.449,-1.158,-1.158,5.9686,-0.0208,0.386,1.0,-0.1516,4.6,20.503
Car A,3169,211.2667,9,129.005,3,-4.655,0.073,0.073,5.9919,-0.0154,0.0543,1.0,-0.0192,0.579,-20.502
Car B,3169,211.2667,10,15.847,1,15.847,-1.162,-1.162,5.9695,0.0146,-0.3754,1.0,0.2024,-3.777,20.502
Car A,3170,211.3333,9,129.405,3,-4.255,0.072,0.072,5.9865,-0.0815,-0.2752,1.0,0.0726,-0.462,-20.5
Car B,3170,211.3333,10,16.244,1,16.244,-1.17,-1.17,5.9696,0.0016,0.3834,1.0,-0.148,5.047,20.5
Car A,3171,211.4,9,129.804,3,-3.856,0.075,0.075,5.9882,0.0267,0.6708,0.9819,-0.1141,1.81,-20.498
Car B,3171,211.4,10,16.642,1,16.642,-1.174,-1.174,5.969,-0.01,-0.3762,1.0,0.1436,-3.688,20.498
Car A,3172,211.4667,9,130.203,3,-3.457,0.078,0.078,5.9852,-0.0453,-0.3509,1.0,-0.009,-2.845,-20.497
Car B,3172,211.4667,10,17.04,1,17.04,-1.182,-1.182,5.9686,-0.0061,0.3845,1.0,0.0028,3.579,20.497
Car A,3173,211.5333,9,130.603,3,-3.058,0.077,0.077,6.0033,0.2718,-0.0733,1.0,-0.0095,-0.235,-20.496
Car B,3173,211.5333,10,17.439,1,17.439,-1.185,-1.185,6.0008,0.4836,0.1692,1.0,0.0368,0.075,20.496
Car A,3174,211.6,9,131.003,3,-2.657,0.077,0.077,6.0056,0.0347,-0.0423,1.0,-0.0033,-0.231,-20.496
Car B,3174,211.6,10,17.839,1,17.839,-1.187,-1.187,5.9896,-0.1687,0.3708,1.0,0.5371,0.91,20.496
Car A,3175,211.6667,9,131.404,3,-2.257,0.076,0.076,6.0047,-0.0138,-0.0047,1.0,0.0013,-0.083,-20.495
Car B,3175,211.6667,10,18.238,1,18.238,-1.182,-1.182,5.986,-0.053,1.1806,1.0,0.4606,13.408,20.495
Car A,3176,211.7333,9,131.804,3,-1.857,0.076,0.076,5.9976,-0.1075,-0.0254,1.0,0.0059,0.027,-20.493
Car B,3176,211.7333,10,18.636,1,18.637,-1.164,-1.164,5.9782,-0.1174,1.9737,1.0,0.2298,11.517,20.493
Car A,3177,211.8,9,132.204,3,-1.457,0.075,0.075,5.9977,0.0027,-0.0459,1.0,-0.0028,0.139,-20.493
Car B,3177,211.8,10,19.036,1,19.036,-1.133,-1.133,6.0227,0.6679,2.1151,1.0,0.9306,5.752,20.493
Car A,3178,211.8667,9,132.604,3,-1.057,0.075,0.075,6.0027,0.0738,-0.0292,0.9957,-0.0272,-0.067,-20.492
Car B,3178,211.8667,10,19.435,1,19.435,-1.09,-1.09,6.0199,-0.0417,2.2903,1.0,0.7592,23.239,20.492
Car A,3179,211.9333,9,133.003,3,-0.658,0.073,0.073,5.9585,-0.6617,-0.3308,1.0,0.0449,-0.665,-20.489
Car B,3179,211.9333,10,19.832,1,19.832,-1.03,-1.03,5.9993,-0.309,3.1119,1.0,0.5611,18.986,20.489
Car A,3180,212.0,9,133.4,3,-0.26,0.073,0.073,5.9798,0.3184,0.4291,0.9828,-0.1123,1.121,-20.409
Car B,3180,212.0,10,20.149,1,20.225,-0.953,-0.967,5.9918,-0.1135,3.4746,1.0,0.6759,14.034,20.409
Car A,3181,212.0667,10,0.139,1,0.139,0.073,0.073,5.9759,-0.0578,-0.4701,1.0,-0.0258,-2.8,-20.406
Car B,3181,212.0667,10,20.544,1,20.614,-0.857,-0.903,5.9837,-0.1206,3.7733,1.0,-0.0475,16.892,20.406
Car A,3182,212.1333,10,0.538,1,0.538,0.068,0.068,6.0175,0.6237,-0.2946,1.0,-0.0235,-0.641,-20.4
Car B,3182,212.1333,10,20.938,1,21.0,-0.752,-0.828,6.0102,0.3976,2.1686,1.0,0.1701,-1.16,20.4
Car A,3183,212.2,10,0.939,1,0.939,0.064,0.064,6.0158,-0.025,-0.1414,1.0,-0.0368,-0.575,-20.27
Car B,3183,212.2,10,21.209,1,21.387,-0.648,-0.807,5.9908,-0.2915,1.6768,1.0,0.9406,4.244,20.27
Car A,3184,212.2667,10,1.34,1,1.34,0.057,0.057,5.9934,-0.3369,-0.3688,1.0,0.0569,-0.911,-20.268
Car B,3184,212.2667,10,21.608,1,21.771,-0.536,-0.787,5.9899,-0.0137,1.9305,1.0,1.0,23.485,20.268
Car A,3185,212.3333,10,1.739,1,1.739,0.054,0.054,5.9955,0.0322,0.5067,1.0,-0.1025,1.419,-20.147
Car B,3185,212.3333,10,21.886,1,22.149,-0.409,-0.762,5.9681,-0.3269,2.8327,1.0,1.0,24.997,20.147
Car A,3186,212.4,10,2.139,1,2.139,0.051,0.051,5.995,-0.0076,-0.4448,1.0,0.0238,-2.556,-20.145
Car B,3186,212.4,10,22.284,1,22.52,-0.265,-0.771,5.9556,-0.1869,3.2833,1.0,1.0,25.0,20.145
Car A,3187,212.4667,10,2.539,1,2.539,0.044,0.044,5.9985,0.0525,0.2332,1.0,-0.0389,0.589,-20.143
Car B,3187,212.4667,10,22.682,1,22.884,-0.104,-0.762,5.9444,-0.1683,3.6353,1.0,1.0,25.0,20.143
Car A,3188,212.5333,10,2.938,1,2.938,0.038,0.038,5.9808,-0.2651,-0.3871,1.0,0.0835,-0.959,-20.022
Car B,3188,212.5333,10,22.961,1,23.239,0.074,-0.764,5.9345,-0.1485,3.9028,1.0,1.0,25.0,20.022
Car A,3189,212.6,10,3.337,1,3.337,0.034,0.034,5.9823,0.0219,0.5807,1.0,-0.0671,2.081,-20.02
Car B,3189,212.6,10,23.357,1,23.585,0.268,-0.779,5.9259,-0.1297,4.1092,1.0,1.0,25.0,20.02
Car A,3190,212.6667,10,3.736,1,3.736,0.033,0.033,5.9814,-0.0142,-0.2874,1.0,0.0152,-1.672,-20.018
Car B,3190,212.6667,10,23.754,1,23.92,0.48,-0.773,5.9183,-0.114,4.2704,1.0,1.0,25.0,20.018
Car A,3191,212.7333,10,4.135,1,4.135,0.028,0.028,6.0006,0.289,0.2051,1.0,-0.0342,0.377,-19.892
Car B,3191,212.7333,10,24.027,1,24.244,0.709,-0.798,5.9115,-0.1011,4.3939,1.0,1.0,24.999,19.892
Car A,3192,212.8,10,4.535,1,4.535,0.021,0.021,5.9946,-0.0902,-0.3248,1.0,0.1395,-0.852,-19.888
Car B,3192,212.8,10,24.423,1,24.555,0.954,-0.814,5.9055,-0.0907,4.491,1.0,1.0,24.999,19.888
Car A,3193,212.8667,10,4.934,1,4.934,0.017,0.017,5.9938,-0.0114,0.6,1.0,-0.0609,3.48,-19.773
Car B,3193,212.8667,10,24.707,1,24.852,1.215,-0.816,5.9,-0.0814,4.5698,1.0,1.0,24.999,19.773
Car A,3194,212.9333,10,5.334,1,5.334,0.017,0.017,5.9939,0.0007,-0.2063,1.0,0.046,-1.515,-19.75
Car B,3194,212.9333,10,25.084,1,25.135,1.491,-0.852,5.8951,-0.0741,4.6282,1.0,1.0,24.999,19.75
Car A,3195,213.0,10,5.733,1,5.733,0.014,0.014,5.9933,-0.0088,0.4259,1.0,-0.0483,1.145,-19.746
Car B,3195,213.0,10,25.479,1,25.402,1.781,-0.866,5.8906,-0.0675,4.6762,1.0,1.0,24.999,19.746
Car A,3196,213.0667,10,6.133,1,6.133,0.011,0.011,5.9907,-0.0393,-0.4515,1.0,0.1245,-1.204,-19.604
Car B,3196,213.0667,10,25.736,1,25.654,2.086,-0.884,5.8864,-0.0623,4.7142,1.0,1.0,24.999,19.604
Car A,3197,213.1333,10,6.532,1,6.532,0.008,0.008,5.9912,0.0079,0.5047,1.0,-0.0381,3.105,-19.597
Car B,3197,213.1333,10,26.129,1,25.888,2.403,-0.918,5.8825,-0.0587,4.7448,1.0,1.0,24.999,19.597
Car A,3198,213.2,10,6.932,1,6.932,0.008,0.008,5.9911,-0.001,-0.2738,1.0,0.0777,-0.946,-19.592
Car B,3198,213.2,10,26.524,1,26.105,2.733,-0.931,5.8788,-0.0556,4.7672,1.0,1.0,24.999,19.592
Car A,3199,213.2667,10,7.331,1,7.331,0.007,0.007,5.9906,-0.0079,0.5725,1.0,-0.0994,1.938,-19.438
Car B,3199,213.2667,10,26.769,1,26.303,3.073,-0.961,5.8754,-0.0518,4.7865,1.0,1.0,24.999,19.438
Car A,3200,213.3333,10,7.73,1,7.73,0.008,0.008,5.9895,-0.0162,-0.3235,1.0,0.0454,-2.477,-19.432
Car B,3200,213.3333,10,27.162,1,26.482,3.424,-0.993,5.8721,-0.0494,4.8016,1.0,1.0,24.999,19.432
Car A,3201,213.4,10,8.13,1,8.13,0.006,0.006,5.9901,0.0087,0.3793,1.0,-0.0673,1.129,-19.402
Car B,3201,213.4,10,27.532,1,26.642,3.784,-1.003,5.8689,-0.0477,4.813,1.0,1.0,24.999,19.402
Car A,3202,213.4667,10,8.529,1,8.529,0.005,0.005,5.99,-0.0016,-0.5128,1.0,0.1306,-1.678,-19.26
Car B,3202,213.4667,10,27.789,1,26.781,4.152,-1.044,5.8658,-0.0461,4.8214,1.0,1.0,24.999,19.26
Car A,3203,213.5333,10,8.928,1,8.928,0.002,0.002,5.9887,-0.0203,0.3877,1.0,-0.0225,3.257,-19.253
Car B,3203,213.5333,10,28.181,1,26.9,4.527,-1.072,5.8628,-0.0449,4.8292,1.0,1.0,24.999,19.253
Car A,3204,213.6,10,9.328,1,9.328,0.003,0.003,5.9954,0.1015,-0.2266,1.0,0.0546,-0.555,-19.146
Car B,3204,213.6,10,28.474,1,26.998,4.907,-1.083,5.86,-0.043,4.8345,1.0,1.0,24.999,19.146
Car A,3205,213.6667,10,9.727,1,9.727,0.004,0.004,5.9961,0.0105,0.5175,1.0,-0.1001,1.362,-19.067
Car B,3205,213.6667,10,28.794,1,27.075,5.293,-1.127,5.8572,-0.0421,4.8396,1.0,1.0,24.999,19.067
Car A,3206,213.7333,10,10.127,1,10.127,0.004,0.004,5.9963,0.002,-0.4578,1.0,0.0933,-2.495,-19.059
Car B,3206,213.7333,10,29.186,1,27.131,5.682,-1.152,5.8544,-0.0411,4.8436,1.0,1.0,24.999,19.059
Car A,3207,213.8,10,10.527,1,10.527,0.002,0.002,5.9943,-0.0291,0.3309,1.0,-0.041,2.325,-18.961
Car B,3207,213.8,10,29.488,1,27.165,6.073,-1.165,5.8517,-0.0404,4.8449,1.0,1.0,24.999,18.961
Car A,3208,213.8667,10,10.926,1,10.926,0.002,0.002,5.9944,0.0017,-0.3728,1.0,0.092,-1.018,-18.954
Car B,3208,213.8667,10,29.88,1,27.177,6.465,-1.177,5.8491,-0.0392,4.8468,1.0,1.0,24.999,18.954
Car A,3209,213.9333,10,11.326,1,11.326,0.002,0.002,5.9942,-0.0029,0.5397,1.0,-0.1024,2.295,-18.946
Car B,3209,213.9333,10,30.272,1,27.168,6.857,-1.168,5.8466,-0.0382,4.8488,1.0,1.0,24.999,18.946
Car A,3210,214.0,10,11.725,1,11.725,0.005,0.005,5.9919,-0.0349,-0.295,1.0,-0.014,-2.552,-18.938
Car B,3210,214.0,10,30.663,1,27.137,7.248,-1.137,5.844,-0.038,4.851,1.0,0.5339,24.999,18.938
Car A,3211,214.0667,10,12.125,1,12.125,0.003,0.003,6.0124,0.3067,-0.1948,1.0,-0.0114,-0.354,-18.929
Car B,3211,214.0667,10,31.054,1,27.089,7.639,-1.089,5.895,0.7644,4.1974,1.0,0.0265,13.363,18.929
Car A,3212,214.1333,10,12.526,1,12.526,0.001,0.001,6.0112,-0.0181,-0.0725,1.0,-0.0342,-0.281,-18.919
Car B,3212,214.1333,10,31.445,1,27.033,8.03,-1.033,5.9278,0.4927,2.511,1.0,-0.4177,0.683,18.919
Car A,3213,214.2,10,12.927,1,12.927,-0.003,-0.003,6.0226,0.1722,-0.3526,1.0,0.0379,-0.841,-18.911
Car B,3213,214.2,10,31.838,1,26.984,8.423,-0.984,5.9427,0.2225,0.7577,1.0,-0.3946,-10.424,18.911
Car A,3214,214.2667,10,13.328,1,13.328,-0.004,-0.004,6.0107,-0.1791,0.3709,1.0,-0.1083,0.944,-18.904
Car B,3214,214.2667,10,32.232,1,26.946,8.817,-0.946,5.9429,0.0041,-0.4874,1.0,-0.2799,-9.867,18.904
Car A,3215,214.3333,10,13.729,1,13.729,-0.006,-0.006,6.0088,-0.028,-0.5786,1.0,0.0486,-2.703,-18.899
Car B,3215,214.3333,10,32.628,1,26.921,9.213,-0.921,5.9399,-0.046,-1.4142,1.0,-0.0432,-7.0,18.899
Car A,3216,214.4,10,14.13,1,14.13,-0.012,-0.012,6.0072,-0.0251,0.2359,1.0,-0.0483,1.208,-18.894
Car B,3216,214.4,10,33.024,1,26.901,9.609,-0.901,5.9588,0.2837,-0.4129,1.0,-0.2426,-1.09,18.894
Car A,3217,214.4667,10,14.53,1,14.53,-0.016,-0.016,6.0002,-0.104,-0.4471,1.0,0.0648,-1.203,-18.891
Car B,3217,214.4667,10,33.421,1,26.882,10.006,-0.882,5.9562,-0.0395,-1.1917,1.0,-0.0762,-6.058,18.891
Car A,3218,214.5333,10,14.93,1,14.93,-0.02,-0.02,5.9999,-0.0045,0.4671,1.0,-0.0839,1.616,-18.888
Car B,3218,214.5333,10,33.818,1,26.87,10.403,-0.87,5.9764,0.3031,-0.7387,1.0,-0.1221,-1.91,18.888
Car A,3219,214.6,10,15.33,1,15.33,-0.022,-0.022,5.9977,-0.0336,-0.3913,1.0,0.2362,-2.091,-18.887
Car B,3219,214.6,10,34.217,1,26.861,10.802,-0.861,5.967,-0.1408,-1.2392,1.0,-0.0253,-3.048,18.887
Car A,3220,214.6667,10,15.729,1,15.729,-0.027,-0.027,5.9941,-0.0538,0.4129,1.0,0.1114,5.893,-18.886
Car B,3220,214.6667,10,34.615,1,26.853,11.2,-0.853,5.9845,0.2621,-0.2456,1.0,-0.3163,-0.631,18.886
Car A,3221,214.7333,10,16.129,1,16.129,-0.02,-0.02,6.0068,0.1899,1.0598,1.0,0.3989,2.79,-18.885
Car B,3221,214.7333,10,35.014,1,26.847,11.599,-0.847,5.9813,-0.0471,-1.0251,1.0,-0.0753,-7.895,18.885
Car A,3222,214.8,10,16.529,1,16.529,-0.003,-0.003,5.9982,-0.1289,1.7679,0.9616,-0.1247,9.961,-18.884
Car B,3222,214.8,10,35.413,1,26.847,11.998,-0.847,6.0188,0.5615,-0.719,1.0,0.2778,-1.891,18.884
Car A,3223,214.8667,10,16.928,1,16.928,0.02,0.02,5.9994,0.0185,0.6616,1.0,0.5103,-3.097,-18.886
Car B,3223,214.8667,10,35.815,1,26.844,12.4,-0.844,6.0185,-0.0044,0.3261,1.0,0.0517,6.93,18.886
Car A,3224,214.9333,10,17.328,1,17.328,0.04,0.04,5.9935,-0.0877,1.1342,0.8832,-0.1571,12.732,-18.888
Car B,3224,214.9333,10,36.216,1,26.833,12.801,-0.833,6.0262,0.1163,0.4989,1.0,1.0,1.302,18.888
Car A,3225,215.0,10,17.726,1,17.726,0.066,0.066,5.9812,-0.1849,0.194,0.7907,-0.3601,-3.9,-18.891
Car B,3225,215.0,10,36.617,1,26.815,13.202,-0.815,6.0215,-0.0714,1.0834,1.0,1.0,24.964,18.891
Car A,3226,215.0667,10,18.123,1,18.123,0.08,0.08,5.9459,-0.5301,-0.9001,1.0,0.2081,-8.994,-18.894
Car B,3226,215.0667,10,37.016,1,26.783,13.601,-0.783,6.0024,-0.2857,2.1207,1.0,0.6815,25.0,18.894
Car A,3227,215.1333,10,18.519,1,18.519,0.09,0.09,5.9477,0.027,0.045,1.0,0.2267,5.181,-18.895
Car B,3227,215.1333,10,37.414,1,26.735,13.999,-0.735,5.9923,-0.151,2.7006,1.0,1.0,17.049,18.895
Car A,3228,215.2,10,18.915,1,18.915,0.112,0.112,5.9458,-0.0278,1.0811,1.0,1.0,5.666,-18.84
Car B,3228,215.2,10,37.754,1,26.67,14.393,-0.699,5.9792,-0.1968,3.2026,1.0,0.8858,24.987,18.84
Car A,3229,215.2667,10,19.309,1,19.309,0.148,0.148,5.9385,-0.1095,1.6129,1.0,1.0,24.971,-18.841
Car B,3229,215.2667,10,38.15,1,26.588,14.784,-0.647,5.9695,-0.1457,3.5554,1.0,1.0,22.149,18.841
Car A,3230,215.3333,10,19.701,1,19.701,0.199,0.199,5.9176,-0.3136,2.5768,1.0,-0.336,25.0,-18.749
Car B,3230,215.3333,10,38.451,1,26.487,15.17,-0.599,5.9592,-0.1544,3.8514,1.0,1.0,24.995,18.749
Car A,3231,215.4,10,20.112,1,20.092,0.256,0.248,5.9267,0.1361,1.343,1.0,1.0,-8.351,-18.736
Car B,3231,215.4,10,38.848,1,26.367,15.55,-0.572,5.9501,-0.1371,4.0698,1.0,1.0,25.0,18.736
Car A,3232,215.4667,10,20.505,1,20.482,0.321,0.282,5.9171,-0.144,2.1689,1.0,0.8635,24.95,-18.738
Car B,3232,215.4667,10,39.243,1,26.229,15.923,-0.525,5.9419,-0.1221,4.2393,1.0,1.0,25.0,18.738
Car A,3233,215.5333,10,20.897,1,20.869,0.399,0.33,5.907,-0.1516,2.8201,1.0,0.8137,21.591,-18.662
Car B,3233,215.5333,10,39.56,1,26.072,16.289,-0.504,5.9347,-0.1087,4.3691,1.0,1.0,24.999,18.662
Car A,3234,215.6,10,21.344,1,21.251,0.496,0.338,5.8973,-0.1456,3.2638,1.0,1.0,20.345,-18.612
Car B,3234,215.6,10,39.956,1,25.897,16.645,-0.479,5.9283,-0.0965,4.4728,1.0,1.0,24.999,18.612
Car A,3235,215.6667,10,21.737,1,21.628,0.611,0.361,5.887,-0.1538,3.6238,1.0,1.0,24.992,-18.544
Car B,3235,215.6667,10,40.281,1,25.703,16.992,-0.444,5.9223,-0.0889,4.5518,1.0,1.0,24.999,18.544
Car A,3236,215.7333,10,22.188,1,21.998,0.743,0.36,5.878,-0.1353,3.8922,1.0,1.0,25.0,-18.49
Car B,3236,215.7333,10,40.678,1,25.491,17.327,-0.439,5.917,-0.0798,4.6161,1.0,1.0,24.999,18.49
Car A,3237,215.8,10,22.582,1,22.362,0.894,0.36,5.8701,-0.1186,4.1011,1.0,1.0,25.0,-18.492
Car B,3237,215.8,10,41.074,1,25.262,17.651,-0.413,5.9121,-0.0735,4.6661,1.0,1.0,24.999,18.492
Car A,3238,215.8667,10,23.032,1,22.716,1.063,0.352,5.8633,-0.1028,4.2623,1.0,1.0,24.999,-18.375
Car B,3238,215.8667,10,41.406,1,25.016,17.961,-0.406,5.9076,-0.0676,4.7057,1.0,1.0,24.999,18.375
Car A,3239,215.9333,10,23.424,1,23.062,1.25,0.331,5.8573,-0.0899,4.3875,1.0,1.0,24.999,-18.379
Car B,3239,215.9333,10,41.802,1,24.754,18.258,-0.399,5.9033,-0.0647,4.7362,1.0,1.0,24.999,18.379
Car A,3240,216.0,10,23.867,1,23.396,1.454,0.319,5.852,-0.0795,4.4864,1.0,1.0,24.999,-18.271
Car B,3240,216.0,10,42.138,1,24.476,18.54,-0.378,5.8992,-0.0609,4.7617,1.0,1.0,24.999,18.271
Car A,3241,216.0667,10,24.257,1,23.72,1.676,0.278,5.8473,-0.07,4.5642,1.0,1.0,24.999,-18.276
Car B,3241,216.0667,10,42.533,1,24.184,18.806,-0.39,5.8955,-0.0564,4.7826,1.0,1.0,24.999,18.276
Car A,3242,216.1333,10,24.648,1,24.03,1.915,0.258,5.8432,-0.0623,4.6264,1.0,1.0,24.999,-18.28
Car B,3242,216.1333,10,42.928,1,23.878,19.056,-0.381,5.8918,-0.0543,4.7977,1.0,1.0,24.999,18.28
Car A,3243,216.2,10,25.076,1,24.327,2.17,0.204,5.8394,-0.0567,4.6745,1.0,1.0,24.999,-18.188
Car B,3243,216.2,10,43.264,1,23.558,19.288,-0.387,5.8883,-0.0533,4.8088,1.0,1.0,24.999,18.188
Car A,3244,216.2667,10,25.466,1,24.61,2.441,0.164,5.8359,-0.0518,4.7111,1.0,1.0,24.999,-18.193
Car B,3244,216.2667,10,43.659,1,23.227,19.503,-0.397,5.8849,-0.0507,4.8187,1.0,1.0,24.999,18.193
Car A,3245,216.3333,10,25.877,1,24.877,2.726,0.112,5.8328,-0.0471,4.7433,1.0,1.0,24.999,-18.129
Car B,3245,216.3333,10,44.006,1,22.885,19.699,-0.388,5.8817,-0.0485,4.8262,1.0,1.0,24.999,18.129
Car A,3246,216.4,10,26.264,1,25.129,3.026,0.055,5.8299,-0.0439,4.767,1.0,1.0,24.999,-18.122
Car B,3246,216.4,10,44.385,1,22.532,19.876,-0.416,5.8785,-0.048,4.8335,1.0,1.0,24.999,18.122
Car A,3247,216.4667,10,26.655,1,25.363,3.339,0.009,5.8271,-0.0406,4.7868,1.0,1.0,24.999,-18.124
Car B,3247,216.4667,10,44.779,2,22.171,20.033,-0.423,5.8754,-0.0467,4.8368,1.0,0.8956,24.999,18.124
Car A,3248,216.5333,10,27.039,1,25.579,3.664,-0.067,5.8246,-0.0386,4.8018,1.0,1.0,24.999,-18.068
Car B,3248,216.5333,10,45.107,2,21.801,20.17,-0.438,5.8741,-0.0185,4.8234,1.0,1.0,22.392,18.068
Car A,3249,216.6,10,27.425,1,25.778,4.001,-0.121,5.8221,-0.0368,4.8144,1.0,1.0,24.999,-18.074
Car B,3249,216.6,10,45.5,2,21.425,20.286,-0.464,5.8711,-0.0459,4.8458,1.0,0.87,24.995,18.074
Car A,3250,216.6667,10,27.787,1,25.957,4.348,-0.196,5.8198,-0.0351,4.8234,1.0,1.0,24.999,-18.102
Car B,3250,216.6667,10,45.889,2,21.043,20.382,-0.467,5.8703,-0.0111,4.8225,1.0,0.4027,21.755,18.102
Car A,3251,216.7333,10,28.171,1,26.116,4.704,-0.268,5.8175,-0.0338,4.8306,1.0,1.0,24.999,-18.041
Car B,3251,216.7333,10,46.212,2,20.657,20.464,-0.514,5.9335,0.9483,3.6385,1.0,0.7764,10.086,18.041
Car A,3252,216.8,10,28.506,1,26.256,5.068,-0.328,5.8153,-0.0327,4.8368,1.0,1.0,24.999,-18.1
Car B,3252,216.8,10,46.606,2,20.266,20.534,-0.553,5.9259,-0.1147,3.8589,1.0,0.457,19.396,18.1
Car A,3253,216.8667,10,28.886,1,26.375,5.44,-0.418,5.8132,-0.032,4.8404,1.0,1.0,24.999,-18.072
Car B,3253,216.8667,10,46.958,2,19.872,20.586,-0.586,5.962,0.542,3.8108,1.0,0.629,11.436,18.072
Car A,3254,216.9333,10,29.27,1,26.473,5.817,-0.486,5.8112,-0.0306,4.8448,1.0,1.0,24.999,-18.085
Car B,3254,216.9333,10,47.355,2,19.475,20.622,-0.622,5.9562,-0.0869,4.0145,1.0,0.4076,15.717,18.085
Car A,3255,217.0,10,29.614,1,26.55,6.199,-0.55,5.8092,-0.0298,4.8481,1.0,1.0,24.999,-18.141
Car B,3255,217.0,10,47.755,2,19.075,20.642,-0.642,5.997,0.611,3.6068,1.0,0.1114,10.198,18.141
Car A,3256,217.0667,10,30.0,1,26.606,6.585,-0.606,5.8072,-0.0292,4.851,1.0,1.0,24.999,-18.156
Car B,3256,217.0667,10,48.156,2,18.674,20.655,-0.655,6.0223,0.38,1.983,1.0,0.1067,2.796,18.156
Car A,3257,217.1333,10,30.388,1,26.64,6.973,-0.64,5.8053,-0.0289,4.8511,1.0,1.0,24.999,-18.169
Car B,3257,217.1333,10,48.557,2,18.273,20.675,-0.675,6.0214,-0.0141,1.0273,1.0,0.1112,2.669,18.169
Car A,3258,217.2,10,30.777,1,26.652,7.362,-0.652,5.8034,-0.0281,4.8525,1.0,1.0,24.999,-18.18
Car B,3258,217.2,10,48.957,2,17.873,20.692,-0.692,6.0133,-0.1206,1.0682,1.0,0.1076,2.779,18.18
Car A,3259,217.2667,10,31.166,1,26.643,7.751,-0.643,5.8016,-0.0276,4.8535,1.0,1.0,24.999,-18.192
Car B,3259,217.2667,10,49.358,2,17.472,20.704,-0.704,6.0289,0.2339,1.0419,1.0,0.1066,2.691,18.192
Car A,3260,217.3333,10,31.554,1,26.612,8.139,-0.612,5.7998,-0.0267,4.8548,1.0,1.0,24.999,-18.207
Car B,3260,217.3333,10,49.761,2,17.069,20.712,-0.712,6.0142,-0.2212,1.0464,1.0,0.1032,2.664,18.207
Car A,3261,217.4,10,31.94,1,26.559,8.525,-0.559,5.798,-0.0267,4.8544,1.0,0.0118,24.999,-18.222
Car B,3261,217.4,10,50.162,2,16.668,20.716,-0.716,6.0023,-0.1783,0.9923,1.0,0.1002,2.58,18.222
Car A,3262,217.4667,10,32.324,1,26.494,8.909,-0.494,5.8372,0.5877,3.3541,1.0,-0.0685,0.333,-18.239
Car B,3262,217.4667,10,50.563,2,16.267,20.715,-0.715,5.9945,-0.1172,0.9797,1.0,0.0962,2.504,18.239
Car A,3263,217.5333,10,32.71,1,26.434,9.295,-0.434,5.8677,0.4569,1.1305,1.0,-0.0644,-1.708,-18.253
Car B,3263,217.5333,10,50.963,2,15.867,20.71,-0.71,5.9976,0.0476,0.9425,1.0,0.0915,2.405,18.253
Car A,3264,217.6,10,33.099,1,26.385,9.684,-0.385,5.8786,0.1634,-0.193,1.0,-0.0575,-1.61,-18.264
Car B,3264,217.6,10,51.363,2,15.467,20.702,-0.702,5.9868,-0.1625,0.9221,1.0,0.0746,2.286,18.264
Car A,3265,217.6667,10,33.491,1,26.345,10.076,-0.345,5.9507,1.0814,-0.541,1.0,-0.0196,-1.436,-18.274
Car B,3265,217.6667,10,51.765,2,15.065,20.691,-0.691,6.0508,0.9594,0.7439,1.0,0.0962,1.858,18.274
Car A,3266,217.7333,10,33.887,1,26.305,10.472,-0.305,5.9892,0.5788,-0.1809,1.0,-0.0369,-0.486,-18.28
Car B,3266,217.7333,10,52.168,2,14.663,20.675,-0.675,6.0609,0.1516,0.9607,1.0,0.0642,2.4,18.28
Car A,3267,217.8,10,34.285,1,26.266,10.87,-0.266,5.9884,-0.013,-0.3609,1.0,-0.0517,-0.909,-18.285
Car B,3267,217.8,10,52.57,2,14.26,20.658,-0.658,6.0197,-0.6173,0.6145,1.0,0.0604,1.603,18.285
Car A,3268,217.8667,10,34.682,1,26.23,11.267,-0.23,5.99,0.0235,-0.5271,0.9622,-0.0455,-1.293,-18.288
Car B,3268,217.8667,10,52.97,2,13.86,20.638,-0.638,5.9685,-0.7679,0.6137,1.0,-0.0775,1.502,18.288
Car A,3269,217.9333,10,35.073,1,26.196,11.658,-0.196,5.8231,-2.5023,-0.423,0.937,-0.156,-1.132,-18.294
Car B,3269,217.9333,10,53.368,2,13.462,20.622,-0.622,5.9712,0.0408,-0.409,1.0,0.094,-1.932,18.294
Car A,3270,218.0,10,35.46,1,26.169,12.045,-0.169,5.8013,-0.3273,-1.1748,1.0,0.5533,-3.896,-18.306
Car B,3270,218.0,10,53.766,2,13.065,20.609,-0.609,5.9704,-0.0127,0.373,1.0,0.0454,2.342,18.306
Car A,3271,218.0667,10,35.846,1,26.145,12.431,-0.145,5.8057,0.0661,-0.1401,1.0,0.5598,13.805,-18.318
Car B,3271,218.0667,10,54.164,2,12.666,20.588,-0.588,6.0146,0.663,0.4458,1.0,0.0438,1.138,18.318
Car A,3272,218.1333,10,36.231,1,26.109,12.816,-0.109,5.8019,-0.0574,0.9785,1.0,0.9481,13.995,-18.333
Car B,3272,218.1333,10,54.564,2,12.266,20.566,-0.566,5.9907,-0.359,0.4416,1.0,-0.05,1.093,18.333
Car A,3273,218.2,10,36.615,1,26.059,13.2,-0.059,5.7918,-0.1512,1.8402,1.0,0.6678,23.687,-18.348
Car B,3273,218.2,10,54.963,2,11.867,20.548,-0.548,5.9889,-0.0272,-0.4642,1.0,0.0906,-1.247,18.348
Car A,3274,218.2667,10,36.995,1,25.994,13.58,0.006,5.7851,-0.1003,2.4447,1.0,-0.7044,16.706,-18.367
Car B,3274,218.2667,10,55.362,2,11.468,20.53,-0.53,5.9895,0.0094,0.4547,1.0,-0.1151,2.26,18.367
Car A,3275,218.3333,10,37.375,1,25.925,13.96,0.075,5.7918,0.1006,1.2338,1.0,-0.4022,-17.558,-18.386
Car B,3275,218.3333,10,55.761,2,11.07,20.509,-0.509,5.9882,-0.0193,-0.3414,1.0,0.0734,-2.869,18.386
Car A,3276,218.4,10,37.766,1,25.861,14.341,0.111,5.7991,0.1089,-0.1872,1.0,1.0,-10.065,-18.393
Car B,3276,218.4,10,56.159,2,10.671,20.492,-0.492,5.9876,-0.0092,0.3978,1.0,-0.1517,1.828,18.393
Car A,3277,218.4667,10,38.151,1,25.801,14.722,0.142,5.7888,-0.1544,0.4417,1.0,1.0,24.947,-18.407
Car B,3277,218.4667,10,56.558,2,10.272,20.472,-0.472,5.985,-0.0385,-0.411,1.0,0.0604,-3.784,18.407
Car A,3278,218.5333,10,38.561,1,25.732,15.102,0.15,5.7796,-0.138,1.4571,1.0,1.0,24.999,-18.396
Car B,3278,218.5333,10,56.957,2,9.874,20.455,-0.455,5.9853,0.0041,0.3521,1.0,-0.1584,1.501,18.396
Car A,3279,218.6,10,38.946,1,25.647,15.478,0.145,5.7687,-0.1634,2.1958,1.0,1.0,25.0,-18.409
Car B,3279,218.6,10,57.355,2,9.475,20.436,-0.436,5.9834,-0.0286,-0.4543,1.0,0.0586,-3.95,18.409
Car A,3280,218.6667,10,39.355,1,25.546,15.849,0.15,5.7579,-0.1627,2.7675,1.0,1.0,25.0,-18.399
Car B,3280,218.6667,10,57.754,2,9.077,20.421,-0.421,5.9848,0.021,0.3207,1.0,-0.159,1.456,18.399
Car A,3281,218.7333,10,39.738,1,25.429,16.215,0.118,5.7481,-0.1459,3.2184,1.0,1.0,25.0,-18.414
Car B,3281,218.7333,10,58.152,2,8.678,20.403,-0.403,5.9823,-0.0372,-0.482,1.0,0.0606,-3.967,18.414
Car A,3282,218.8,10,40.122,1,25.295,16.575,0.104,5.7394,-0.1306,3.5704,1.0,1.0,25.0,-18.429
Car B,3282,218.8,10,58.551,2,8.28,20.388,-0.388,5.9836,0.0194,0.295,1.0,-0.1595,1.506,18.429
Car A,3283,218.8667,10,40.519,1,25.143,16.928,0.067,5.7322,-0.1091,3.8505,1.0,1.0,25.0,-18.43
Car B,3283,218.8667,10,58.949,2,7.881,20.371,-0.371,5.9805,-0.0464,-0.4766,1.0,0.0587,-3.979,18.43
Car A,3284,218.9333,10,40.901,1,24.973,17.272,0.032,5.726,-0.0923,4.0654,1.0,1.0,25.0,-18.446
Car B,3284,218.9333,10,59.347,2,7.483,20.358,-0.358,5.9813,0.0122,0.3039,1.0,-0.1612,1.458,18.446
Car A,3285,219.0,10,41.286,1,24.786,17.606,-0.0,5.721,-0.0755,4.2352,1.0,1.0,24.999,-18.46
Car B,3285,219.0,10,59.746,2,7.084,20.342,-0.342,5.9795,-0.0279,-0.477,1.0,0.0575,-4.022,18.46
Car A,3286,219.0667,10,41.665,1,24.582,17.931,-0.055,5.7168,-0.0621,4.3626,1.0,1.0,24.999,-18.479
Car B,3286,219.0667,10,60.144,2,6.686,20.33,-0.33,5.9807,0.018,0.3,1.0,-0.1608,1.429,18.479
Car A,3287,219.1333,10,42.047,1,24.36,18.243,-0.09,5.7135,-0.0503,4.4662,1.0,1.0,24.999,-18.496
Car B,3287,219.1333,10,60.543,2,6.288,20.315,-0.315,5.9786,-0.0307,-0.5063,1.0,0.0637,-4.011,18.496
Car A,3288,219.2,10,42.41,1,24.122,18.543,-0.151,5.7107,-0.0413,4.5494,1.0,1.0,24.999,-18.532
Car B,3288,219.2,10,60.941,2,5.889,20.304,-0.304,5.9794,0.0112,0.2686,1.0,-0.1559,1.584,18.532
Car A,3289,219.2667,10,42.789,1,23.868,18.83,-0.203,5.7085,-0.034,4.6119,1.0,1.0,24.999,-18.55
Car B,3289,219.2667,10,61.339,2,5.491,20.291,-0.291,5.9772,-0.0329,-0.465,1.0,0.0595,-3.888,18.55
Car A,3290,219.3333,10,43.132,1,23.599,19.102,-0.249,5.7066,-0.0278,4.6641,1.0,1.0,24.999,-18.605
Car B,3290,219.3333,10,61.738,2,5.093,20.281,-0.281,5.9789,0.026,0.2969,1.0,-0.1648,1.479,18.605
Car A,3291,219.4,10,43.509,1,23.315,19.359,-0.319,5.7052,-0.0217,4.7062,1.0,1.0,24.999,-18.627
Car B,3291,219.4,10,62.136,2,4.694,20.268,-0.268,5.9763,-0.0391,-0.4642,1.0,0.0577,-4.111,18.627
Car A,3292,219.4667,10,43.888,1,23.017,19.599,-0.369,5.7039,-0.0185,4.7391,1.0,1.0,24.999,-18.646
Car B,3292,219.4667,10,62.534,2,4.296,20.259,-0.259,5.9775,0.0174,0.3087,1.0,-0.163,1.435,18.646
Car A,3293,219.5333,10,44.205,1,22.706,19.822,-0.433,5.703,-0.0146,4.7642,1.0,1.0,24.999,-18.728
Car B,3293,219.5333,10,62.932,2,3.898,20.248,-0.248,5.9755,-0.0288,-0.5071,1.0,0.06,-4.067,18.728
Car A,3294,219.6,10,44.581,2,22.383,20.028,-0.499,5.7021,-0.0124,4.7854,1.0,1.0,24.999,-18.749
Car B,3294,219.6,10,63.331,2,3.499,20.24,-0.24,5.9773,0.0262,0.2744,1.0,-0.1588,1.49,18.749
Car A,3295,219.6667,10,44.947,2,22.049,20.215,-0.544,5.7015,-0.0095,4.8014,1.0,1.0,24.999,-18.782
Car B,3295,219.6667,10,63.729,2,3.101,20.23,-0.23,5.9745,-0.0412,-0.4843,1.0,0.0616,-3.962,18.782
Car A,3296,219.7333,10,45.25,2,21.705,20.382,-0.623,5.701,-0.0072,4.816,1.0,1.0,24.999,-18.877
Car B,3296,219.7333,10,64.127,2,2.703,20.223,-0.223,5.9777,0.0473,0.2798,1.0,-0.1669,1.531,18.877
Car A,3297,219.8,10,45.627,2,21.352,20.53,-0.684,5.7005,-0.0076,4.8254,1.0,1.0,24.999,-18.898
Car B,3297,219.8,10,64.525,2,2.305,20.213,-0.213,5.974,-0.0555,-0.4793,1.0,0.0582,-4.164,18.898
Car A,3298,219.8667,10,45.893,2,20.992,20.658,-0.734,5.7001,-0.0057,4.8353,1.0,1.0,24.999,-19.03
Car B,3298,219.8667,10,64.924,2,1.907,20.208,-0.208,5.9765,0.0375,0.295,1.0,-0.1807,1.446,19.03
Car A,3299,219.9333,10,46.268,2,20.625,20.766,-0.812,5.6998,-0.0045,4.8404,1.0,1.0,24.999,-19.054
Car B,3299,219.9333,10,65.322,2,1.508,20.199,-0.199,5.9735,-0.0455,-0.4844,1.0,0.0469,-4.507,19.054
Car A,3300,220.0,10,46.646,2,20.252,20.852,-0.869,5.6995,-0.0054,4.8455,1.0,1.0,24.999,-19.074
Car B,3300,220.0,10,65.72,2,1.11,20.195,-0.195,5.9758,0.0348,0.2835,1.0,-0.1713,1.164,19.074
Car A,3301,220.0667,10,46.955,2,19.875,20.917,-0.917,5.6993,-0.0028,4.8493,1.0,1.0,24.999,-19.163
Car B,3301,220.0667,10,66.118,2,0.712,20.188,-0.188,5.9743,-0.0227,-0.5324,1.0,0.0546,-4.274,19.163
Car A,3302,220.1333,10,47.335,2,19.495,20.961,-0.961,5.699,-0.0044,4.852,1.0,1.0,24.999,-19.181
Car B,3302,220.1333,10,66.517,2,0.314,20.185,-0.185,5.9762,0.0286,0.2692,1.0,-0.1686,1.356,19.181
Car A,3303,220.2,10,47.717,2,19.113,20.982,-0.982,5.6988,-0.0022,4.8557,1.0,1.0,24.999,-19.198
Car B,3303,220.2,10,66.915,2,-0.085,20.18,-0.18,5.9736,-0.0387,-0.5236,1.0,0.0614,-4.207,19.198
Car A,3304,220.2667,10,48.1,2,18.73,20.983,-0.983,5.6986,-0.0036,4.8575,1.0,1.0,24.999,-19.213
Car B,3304,220.2667,10,67.313,2,-0.483,20.179,-0.179,5.9751,0.0234,0.2534,1.0,-0.1606,1.527,19.213
Car A,3305,220.3333,10,48.482,2,18.349,20.961,-0.961,5.6984,-0.0025,4.8593,1.0,1.0,24.999,-19.23
Car B,3305,220.3333,10,67.711,2,-0.881,20.175,-0.175,5.973,-0.0328,-0.4809,1.0,0.0522,-4.007,19.23
Car A,3306,220.4,10,48.862,2,17.968,20.918,-0.918,5.6983,-0.0018,4.8605,1.0,1.0,24.999,-19.248
Car B,3306,220.4,10,68.109,2,-1.279,20.174,-0.174,5.9758,0.0418,0.2965,1.0,-0.1752,1.296,19.248
Car A,3307,220.4667,10,49.239,2,17.592,20.853,-0.853,5.6981,-0.0035,4.8612,1.0,0.8143,24.999,-19.269
Car B,3307,220.4667,10,68.508,2,-1.678,20.171,-0.171,5.9735,-0.0339,-0.5114,1.0,0.0409,-4.371,19.269
Car A,3308,220.5333,10,49.611,2,17.219,20.767,-0.767,5.7017,0.055,4.8297,1.0,-0.0009,20.363,-19.295
Car B,3308,220.5333,10,68.906,2,-2.076,20.172,-0.172,5.9761,0.0395,0.272,1.0,-0.1831,1.015,19.295
Car A,3309,220.6,10,49.982,2,16.848,20.668,-0.668,5.7431,0.6209,3.4459,1.0,-0.224,0.007,-19.322
Car B,3309,220.6,10,69.304,2,-2.474,20.172,-0.172,5.9754,-0.0106,-0.5595,1.0,0.0051,-4.569,19.322
Car A,3310,220.6667,10,50.355,2,16.475,20.575,-0.575,5.7753,0.4831,1.2054,1.0,-0.2336,-5.592,-19.348
Car B,3310,220.6667,10,69.703,2,-2.873,20.175,-0.175,5.9926,0.2585,0.0718,1.0,-0.1698,0.113,19.348
Car A,3311,220.7333,10,50.732,2,16.098,20.493,-0.493,5.7838,0.1264,-0.1411,1.0,-0.2418,-5.838,-19.37
Car B,3311,220.7333,10,70.102,2,-3.272,20.179,-0.179,5.9913,-0.0199,-0.7858,1.0,0.0529,-4.238,19.37
Car A,3312,220.8,10,51.111,2,15.719,20.422,-0.422,5.786,0.0336,-1.1351,1.0,-0.2416,-6.043,-19.391
Car B,3312,220.8,10,70.502,2,-3.672,20.188,-0.188,5.9925,0.0171,0.0732,1.0,-0.1698,1.315,19.391
Car A,3313,220.8667,10,51.493,2,15.337,20.365,-0.365,5.7941,0.1208,-1.8666,1.0,-0.2297,-6.039,-19.408
Car B,3313,220.8667,10,70.901,2,-4.071,20.193,-0.193,5.9889,-0.0529,-0.5955,1.0,-0.0061,-4.236,19.408
Car A,3314,220.9333,10,51.879,2,14.951,20.319,-0.319,5.8583,0.9643,-2.0025,1.0,-0.2059,-5.743,-19.421
Car B,3314,220.9333,10,71.3,2,-4.47,20.203,-0.203,5.9976,0.1295,-0.0169,1.0,-0.1667,-0.163,19.421
Car A,3315,221.0,10,52.27,2,14.56,20.281,-0.281,5.9266,1.0246,-1.8578,1.0,-0.1732,-5.149,-19.43
Car B,3315,221.0,10,71.7,2,-4.87,20.214,-0.214,5.9953,-0.0335,-0.8805,1.0,0.0592,-4.16,19.43
Car A,3316,221.0667,10,52.666,2,14.164,20.248,-0.248,5.9774,0.7614,-1.6193,1.0,-0.1393,-4.33,-19.433
Car B,3316,221.0667,10,72.099,2,-5.269,20.23,-0.23,5.9965,0.0181,0.021,1.0,-0.1753,1.471,19.433
Car A,3317,221.1333,10,53.064,2,13.766,20.218,-0.218,5.9765,-0.0134,-1.3652,1.0,-0.118,-3.484,-19.435
Car B,3317,221.1333,10,72.499,2,-5.669,20.243,-0.243,5.9933,-0.0485,-0.6294,1.0,0.0124,-4.374,19.435
Car A,3318,221.2,10,53.463,2,13.368,20.193,-0.193,5.9745,-0.0303,-1.1586,1.0,-0.1021,-2.949,-19.435
Car B,3318,221.2,10,72.898,2,-6.068,20.259,-0.259,5.9983,0.0753,0.1292,1.0,-0.1848,0.3,19.435
Car A,3319,221.2667,10,53.861,2,12.969,20.17,-0.17,6.0005,0.3906,-0.9712,1.0,-0.0887,-2.553,-19.437
Car B,3319,221.2667,10,73.297,2,-6.467,20.276,-0.276,5.9969,-0.021,-0.7452,1.0,0.0582,-4.613,19.437
Car A,3320,221.3333,10,54.262,2,12.568,20.15,-0.15,6.0261,0.3839,-0.8587,1.0,-0.0762,-2.219,-19.435
Car B,3320,221.3333,10,73.697,2,-6.867,20.296,-0.296,5.9978,0.0127,0.1017,1.0,-0.1858,1.446,19.435
Car A,3321,221.4,10,54.663,2,12.167,20.133,-0.133,5.9968,-0.4393,-0.7715,1.0,-0.0703,-1.905,-19.433
Car B,3321,221.4,10,74.096,2,-7.266,20.314,-0.314,5.994,-0.0572,-0.5691,1.0,0.0393,-4.636,19.433
Car A,3322,221.4667,10,55.064,2,11.766,20.119,-0.119,5.9896,-0.1079,-0.6858,1.0,-0.0634,-1.756,-19.431
Car B,3322,221.4667,10,74.495,2,-7.665,20.335,-0.335,5.995,0.0165,0.2251,1.0,-0.2072,0.973,19.431
Car A,3323,221.5333,10,55.462,2,11.368,20.107,-0.107,5.9734,-0.2439,-0.6234,1.0,-0.0565,-1.579,-19.432
Car B,3323,221.5333,10,74.894,2,-8.064,20.355,-0.355,5.993,-0.0308,-0.5921,1.0,0.054,-5.17,19.432
Car A,3324,221.6,10,55.861,2,10.969,20.097,-0.097,5.9746,0.0179,-0.5618,1.0,-0.0493,-1.406,-19.432
Car B,3324,221.6,10,75.293,2,-8.463,20.378,-0.378,5.9944,0.0211,0.2245,1.0,-0.2073,1.34,19.432
Car A,3325,221.6667,10,56.259,2,10.572,20.088,-0.088,5.9663,-0.1239,-0.318,1.0,-0.053,-1.204,-19.433
Car B,3325,221.6667,10,75.692,2,-8.862,20.399,-0.399,5.9901,-0.0639,-0.5279,1.0,0.0425,-5.173,19.433
Car A,3326,221.7333,10,56.656,2,10.174,20.081,-0.081,5.9842,0.2689,-0.5059,1.0,-0.0371,-1.321,-19.434
Car B,3326,221.7333,10,76.09,2,-9.26,20.424,-0.424,5.9913,0.0178,0.2674,1.0,-0.238,1.053,19.434
Car A,3327,221.8,10,57.055,2,9.775,20.075,-0.075,5.9762,-0.1209,-0.2314,1.0,-0.043,-0.912,-19.434
Car B,3327,221.8,10,76.489,2,-9.659,20.447,-0.447,5.9898,-0.0236,-0.5981,1.0,0.0402,-5.938,19.434
Car A,3328,221.8667,10,57.454,2,9.376,20.071,-0.071,5.9926,0.2459,-0.4142,1.0,-0.0279,-1.069,-19.434
Car B,3328,221.8667,10,76.888,2,-10.057,20.474,-0.474,5.9921,0.0358,0.216,1.0,-0.219,0.995,19.434
Car A,3329,221.9333,10,57.854,2,8.976,20.067,-0.067,5.9974,0.0718,-0.2682,1.0,-0.0299,-0.688,-19.432
Car B,3329,221.9333,10,77.286,2,-10.456,20.499,-0.499,5.989,-0.0477,-0.6071,1.0,0.0186,-5.464,19.432
Car A,3330,222.0,10,58.254,2,8.576,20.065,-0.065,6.0161,0.2808,-0.315,1.0,-0.0227,-0.736,-19.43
Car B,3330,222.0,10,77.684,2,-10.854,20.529,-0.529,5.9941,0.0763,0.1653,1.0,-0.1882,0.455,19.43
Car A,3331,222.0667,10,58.654,2,8.176,20.064,-0.064,5.985,-0.4668,-0.1409,1.0,-0.0364,-0.559,-19.429
Car B,3331,222.0667,10,78.083,2,-11.253,20.558,-0.558,5.9929,-0.0176,-0.7359,1.0,0.0104,-4.697,19.429
Car A,3332,222.1333,10,59.053,2,7.777,20.064,-0.064,6.0004,0.2316,-0.3352,1.0,-0.0209,-0.904,-19.428
Car B,3332,222.1333,10,78.481,2,-11.651,20.591,-0.591,5.9971,0.0636,0.0907,1.0,-0.1249,0.251,19.428
Car A,3333,222.2,10,59.454,2,7.376,20.065,-0.065,6.0204,0.3,-0.1412,1.0,-0.0473,-0.52,-19.426
Car B,3333,222.2,10,78.879,2,-12.049,20.624,-0.624,5.995,-0.0315,-0.7844,1.0,-0.0161,-3.117,19.426
Car A,3334,222.2667,10,59.855,2,6.975,20.068,-0.068,5.9933,-0.4067,-0.4685,1.0,-0.0129,-1.177,-19.423
Car B,3334,222.2667,10,79.277,2,-12.447,20.662,-0.662,6.0016,0.0982,-0.1624,1.0,-0.0749,-0.404,19.423
Car A,3335,222.3333,10,60.254,2,6.576,20.072,-0.072,5.9886,-0.0707,-0.1713,1.0,-0.0621,-0.321,-19.421
Car B,3335,222.3333,10,79.676,2,-12.845,20.7,-0.7,6.0081,0.0979,-0.7184,1.0,-0.0047,-1.871,19.421
Car A,3336,222.4,10,60.653,2,6.177,20.079,-0.079,5.9588,-0.4472,-0.6005,0.9899,0.0473,-1.539,-19.421
Car B,3336,222.4,10,80.074,2,-13.244,20.74,-0.74,6.0051,-0.0446,-0.0411,1.0,-0.0686,-0.123,19.421
Car A,3337,222.4667,10,61.05,2,5.78,20.083,-0.083,5.955,-0.0564,0.4098,1.0,-0.0233,1.177,-19.422
Car B,3337,222.4667,10,80.472,2,-13.642,20.781,-0.781,6.0091,0.0602,-0.6624,1.0,0.082,-1.712,19.422
Car A,3338,222.5333,10,61.448,2,5.382,20.086,-0.086,5.977,0.3306,-0.233,1.0,0.1027,-0.567,-19.423
Car B,3338,222.5333,10,80.871,2,-14.041,20.822,-0.822,6.0094,0.0044,0.3313,1.0,-0.0617,2.044,19.423
Car A,3339,222.6,10,61.846,2,4.984,20.088,-0.088,5.9766,-0.0061,0.6637,1.0,0.0504,2.563,-19.423
Car B,3339,222.6,10,81.27,2,-14.439,20.86,-0.86,6.0068,-0.0385,-0.3996,1.0,0.1212,-1.536,19.423
Car A,3340,222.6667,10,62.245,2,4.585,20.084,-0.084,5.9644,-0.1841,0.3385,1.0,0.0656,1.243,-19.423
Car B,3340,222.6667,10,81.668,2,-14.838,20.9,-0.9,6.0046,-0.0341,0.4331,1.0,0.0054,3.022,19.423
Car A,3341,222.7333,10,62.642,2,4.188,20.079,-0.079,5.9523,-0.181,0.4564,1.0,0.0055,1.617,-19.425
Car B,3341,222.7333,10,82.067,2,-15.236,20.935,-0.935,6.0146,0.1504,0.1982,1.0,0.215,0.145,19.425
Car A,3342,222.8,10,63.04,2,3.79,20.074,-0.074,5.9919,0.5946,0.038,1.0,0.0311,0.14,-19.426
Car B,3342,222.8,10,82.466,2,-15.636,20.968,-0.968,6.0125,-0.0318,0.9302,1.0,-0.1418,5.367,19.426
Car A,3343,222.8667,10,63.439,2,3.391,20.068,-0.068,5.9868,-0.0775,0.3494,1.0,-0.0477,0.766,-19.427
Car B,3343,222.8667,10,82.866,2,-16.036,20.996,-0.996,6.0126,0.0011,0.0136,1.0,0.2499,-3.532,19.427
Car A,3344,222.9333,10,63.839,2,2.992,20.065,-0.065,5.986,-0.0108,-0.4584,1.0,0.1563,-1.188,-19.427
Car B,3344,222.9333,10,83.265,2,-16.435,21.027,-1.027,6.0098,-0.0414,0.6429,1.0,0.0688,6.232,19.427
Car A,3345,223.0,10,64.238,2,2.592,20.061,-0.061,5.9857,-0.0055,0.49,1.0,-0.0306,3.899,-19.428
Car B,3345,223.0,10,83.666,2,-16.835,21.052,-1.052,6.0167,0.103,0.6509,1.0,0.0623,1.728,19.428
Car A,3346,223.0667,10,64.637,2,2.193,20.054,-0.054,5.9892,0.053,-0.2718,1.0,0.0706,-0.756,-19.429
Car B,3346,223.0667,10,84.065,2,-17.235,21.074,-1.074,6.0072,-0.142,0.5988,1.0,0.3442,1.558,19.429
Car A,3347,223.1333,10,65.036,2,1.794,20.048,-0.048,5.9897,0.0074,0.5976,1.0,-0.116,1.761,-19.43
Car B,3347,223.1333,10,84.466,2,-17.635,21.089,-1.089,6.002,-0.0773,1.3609,1.0,-0.1044,8.593,19.43
Car A,3348,223.2,10,65.435,2,1.395,20.04,-0.04,5.9894,-0.0052,-0.3637,1.0,0.0083,-2.894,-19.431
Car B,3348,223.2,10,84.866,2,-18.036,21.099,-1.099,6.006,0.0591,0.3423,1.0,1.0,-2.594,19.431
Car A,3349,223.2667,10,65.835,2,0.996,20.036,-0.036,6.0021,0.1912,0.0708,1.0,-0.052,0.198,-19.43
Car B,3349,223.2667,10,85.265,2,-18.435,21.11,-1.11,5.9925,-0.2026,0.7925,1.0,1.0,24.958,19.43
Car A,3350,223.3333,10,66.235,2,0.596,20.035,-0.035,6.0099,0.1168,-0.5215,1.0,0.1223,-1.296,-19.429
Car B,3350,223.3333,10,85.664,2,-18.834,21.11,-1.11,5.9758,-0.2506,1.8538,1.0,1.0,25.0,19.429
Car A,3351,223.4,10,66.635,2,0.195,20.032,-0.032,6.0096,-0.0048,0.478,1.0,-0.0947,3.051,-19.427
Car B,3351,223.4,10,86.062,2,-19.232,21.092,-1.092,5.962,-0.206,2.5151,1.0,1.0,25.0,19.427
Car A,3352,223.4667,10,67.036,2,-0.206,20.025,-0.025,6.0083,-0.0185,-0.3094,1.0,-0.0295,-2.36,-19.423
Car B,3352,223.4667,10,86.458,2,-19.628,21.058,-1.058,5.949,-0.1953,3.045,1.0,1.0,25.0,19.423
Car A,3353,223.5333,10,67.436,2,-0.606,20.024,-0.024,6.0241,0.2367,-0.3131,1.0,-0.0222,-0.735,-19.394
Car B,3353,223.5333,10,86.83,2,-20.022,21.007,-1.007,5.9373,-0.1757,3.4451,1.0,1.0,25.0,19.394
Car A,3354,223.6,10,67.838,2,-1.008,20.023,-0.023,6.0197,-0.0668,-0.1442,1.0,-0.0588,-0.547,-19.33
Car B,3354,223.6,10,87.168,2,-20.412,20.936,-0.966,5.9269,-0.1564,3.7532,1.0,1.0,25.0,19.33
Car A,3355,223.6667,10,68.239,2,-1.409,20.026,-0.026,5.992,-0.4152,-0.5911,1.0,0.0541,-1.466,-19.321
Car B,3355,223.6667,10,87.56,2,-20.799,20.847,-0.908,5.9177,-0.1378,3.9962,1.0,1.0,25.0,19.321
Car A,3356,223.7333,10,68.639,2,-1.808,20.027,-0.027,5.9928,0.0122,0.3693,1.0,-0.1453,1.347,-19.177
Car B,3356,223.7333,10,87.816,2,-21.179,20.739,-0.847,5.9097,-0.1199,4.1842,1.0,1.0,25.0,19.177
Car A,3357,223.8,10,69.038,2,-2.208,20.027,-0.027,5.9915,-0.0189,-0.4714,1.0,-0.0931,-3.624,-19.172
Car B,3357,223.8,10,88.21,2,-21.554,20.612,-0.811,5.9027,-0.1053,4.3252,1.0,1.0,24.999,19.172
Car A,3358,223.8667,10,69.438,2,-2.608,20.037,-0.037,5.9818,-0.1466,-0.9481,1.0,-0.0316,-2.328,-19.163
Car B,3358,223.8667,10,88.601,2,-21.921,20.466,-0.754,5.8964,-0.0938,4.4397,1.0,1.0,24.999,19.163
Car A,3359,223.9333,10,69.837,2,-3.007,20.047,-0.047,6.0221,0.6048,-0.3157,1.0,-0.0983,-0.782,-19.042
Car B,3359,223.9333,10,88.879,2,-22.28,20.3,-0.712,5.8908,-0.0838,4.5256,1.0,1.0,24.999,19.042
Car A,3360,224.0,10,70.238,2,-3.408,20.059,-0.059,6.0139,-0.1235,-0.9202,0.9652,0.0799,-2.453,-19.033
Car B,3360,224.0,10,89.272,3,-22.629,20.116,-0.675,5.8858,-0.0753,4.5964,1.0,1.0,24.999,19.033
Car A,3361,224.0667,10,70.639,2,-3.809,20.073,-0.073,6.0045,-0.1399,0.1466,1.0,0.0454,1.989,-19.016
Car B,3361,224.0667,10,89.655,3,-22.967,19.914,-0.618,5.8812,-0.069,4.6503,1.0,1.0,24.999,19.016
Car A,3362,224.1333,10,71.039,2,-4.209,20.079,-0.079,6.0289,0.366,0.3248,1.0,0.0267,1.116,-18.92
Car B,3362,224.1333,10,89.959,3,-23.294,19.694,-0.595,5.877,-0.0629,4.6943,1.0,1.0,24.999,18.92
Car A,3363,224.2,10,71.441,2,-4.611,20.085,-0.085,6.0025,-0.3961,0.2654,1.0,0.0327,0.658,-18.91
Car B,3363,224.2,10,90.351,3,-23.609,19.457,-0.557,5.8731,-0.0582,4.7262,1.0,1.0,24.999,18.91
Car A,3364,224.2667,10,71.841,2,-5.011,20.089,-0.089,5.9858,-0.2509,0.3501,1.0,0.0275,0.805,-18.82
Car B,3364,224.2667,10,90.661,3,-23.91,19.203,-0.514,5.8695,-0.0543,4.7543,1.0,1.0,24.999,18.82
Car A,3365,224.3333,10,72.242,2,-5.411,20.092,-0.092,6.0179,0.4822,0.1475,1.0,0.0378,0.673,-18.812
Car B,3365,224.3333,10,91.054,3,-24.196,18.933,-0.495,5.8661,-0.0508,4.7757,1.0,1.0,24.999,18.812
Car A,3366,224.4,10,72.643,2,-5.813,20.093,-0.093,6.0247,0.1015,0.3839,1.0,0.0229,0.933,-18.802
Car B,3366,224.4,10,91.445,3,-24.467,18.648,-0.454,5.8629,-0.0486,4.7938,1.0,1.0,24.999,18.802
Car A,3367,224.4667,10,73.043,2,-6.212,20.094,-0.094,5.983,-0.6263,0.1767,1.0,0.0221,0.568,-18.725
Car B,3367,224.4667,10,91.768,3,-24.722,18.349,-0.434,5.8598,-0.0464,4.8085,1.0,1.0,24.999,18.725
Car A,3368,224.5333,10,73.442,2,-6.612,20.095,-0.095,5.9891,0.0922,0.1059,1.0,0.0233,0.541,-18.719
Car B,3368,224.5333,10,92.16,3,-24.96,18.037,-0.412,5.8568,-0.0445,4.8159,1.0,1.0,24.999,18.719
Car A,3369,224.6,10,73.841,2,-7.011,20.095,-0.095,5.9928,0.0549,0.1086,1.0,0.0235,0.567,-18.651
Car B,3369,224.6,10,92.492,3,-25.181,17.712,-0.375,5.854,-0.0424,4.8256,1.0,1.0,24.999,18.651
Car A,3370,224.6667,10,74.241,2,-7.411,20.096,-0.096,5.9917,-0.0164,0.1253,1.0,0.0198,0.572,-18.644
Car B,3370,224.6667,10,92.885,3,-25.383,17.375,-0.371,5.8512,-0.0416,4.8328,1.0,1.0,24.999,18.644
Car A,3371,224.7333,10,74.64,2,-7.81,20.095,-0.095,5.9871,-0.068,0.132,1.0,0.0135,0.485,-18.636
Car B,3371,224.7333,10,93.276,3,-25.566,17.028,-0.346,5.8486,-0.0397,4.8369,1.0,1.0,24.999,18.636
Car A,3372,224.8,10,75.039,2,-8.209,20.093,-0.093,5.9884,0.0194,0.1026,1.0,0.0117,0.337,-18.577
Car B,3372,224.8,10,93.616,3,-25.729,16.672,-0.334,5.846,-0.0394,4.8413,1.0,1.0,24.999,18.577
Car A,3373,224.8667,10,75.438,2,-8.608,20.092,-0.092,5.9924,0.0589,0.082,1.0,0.0094,0.286,-18.569
Car B,3373,224.8667,10,94.008,3,-25.873,16.307,-0.327,5.8434,-0.0386,4.8443,1.0,1.0,24.999,18.569
Car A,3374,224.9333,10,75.838,2,-9.008,20.09,-0.09,5.9938,0.0211,0.0727,1.0,0.0073,0.231,-18.524
Car B,3374,224.9333,10,94.362,3,-25.996,15.935,-0.301,5.8409,-0.0378,4.8481,1.0,0.1221,24.999,18.524
Car A,3375,225.0,10,76.238,2,-9.408,20.088,-0.088,5.995,0.0187,0.0651,1.0,0.0039,0.181,-18.506
Car B,3375,225.0,10,94.743,3,-26.107,15.558,-0.32,5.8795,0.5794,3.391,1.0,0.2965,3.085,18.506
Car A,3376,225.0667,10,76.637,2,-9.807,20.085,-0.085,5.9954,0.0054,0.0703,1.0,-0.0014,0.098,-18.5
Car B,3376,225.0667,10,95.137,3,-26.216,15.18,-0.339,5.9247,0.6784,2.6855,1.0,-0.0614,7.405,18.5
Car A,3377,225.1333,10,77.037,2,-10.207,20.083,-0.083,5.9976,0.0342,0.0153,1.0,-0.0009,-0.03,-18.438
Car B,3377,225.1333,10,95.475,3,-26.323,14.798,-0.384,5.9392,0.2176,1.2248,1.0,0.5406,-1.521,18.438
Car A,3378,225.2,10,77.437,2,-10.607,20.081,-0.081,6.001,0.0498,-0.0091,1.0,-0.003,-0.021,-18.426
Car B,3378,225.2,10,95.863,3,-26.431,14.418,-0.462,5.9331,-0.0924,1.5809,1.0,0.375,13.491,18.426
Car A,3379,225.2667,10,77.837,2,-11.007,20.078,-0.078,5.9996,-0.0208,0.0102,1.0,-0.0133,-0.071,-18.408
Car B,3379,225.2667,10,96.245,3,-26.524,14.033,-0.525,5.9278,-0.0786,2.2688,1.0,0.1486,9.382,18.408
Car A,3380,225.3333,10,78.237,2,-11.407,20.078,-0.078,6.0095,0.1492,-0.1293,1.0,-0.0233,-0.314,-18.362
Car B,3380,225.3333,10,96.599,3,-26.61,13.646,-0.61,5.9692,0.6212,1.3646,1.0,0.2853,3.723,18.362
Car A,3381,225.4,10,78.638,2,-11.808,20.078,-0.078,6.0139,0.0661,-0.2303,1.0,-0.0741,-0.567,-18.35
Car B,3381,225.4,10,96.988,3,-26.691,13.257,-0.691,5.9576,-0.1745,2.0241,1.0,0.1178,7.128,18.35
Car A,3382,225.4667,10,79.039,2,-12.209,20.083,-0.083,6.0161,0.0331,-0.7242,1.0,-0.0363,-1.85,-18.341
Car B,3382,225.4667,10,97.38,3,-26.765,12.866,-0.765,5.9933,0.535,1.1007,1.0,0.1589,2.951,18.341
Car A,3383,225.5333,10,79.439,2,-12.609,20.09,-0.09,6.0153,-0.0121,-0.3563,1.0,-0.0654,-0.903,-18.334
Car B,3383,225.5333,10,97.773,3,-26.835,12.472,-0.835,5.9897,-0.0535,1.5417,1.0,0.0857,3.971,18.334
Car A,3384,225.6,10,79.839,2,-13.009,20.1,-0.1,5.9571,-0.8733,-0.6679,1.0,0.2538,-1.621,-18.329
Car B,3384,225.6,10,98.167,3,-26.903,12.078,-0.903,6.0126,0.3431,0.8237,1.0,0.2612,2.144,18.329
Car A,3385,225.6667,10,80.236,2,-13.406,20.108,-0.108,5.959,0.0289,0.3819,1.0,0.2804,6.333,-18.327
Car B,3385,225.6667,10,98.563,3,-26.966,11.682,-0.966,6.0055,-0.1069,1.5312,1.0,0.0896,6.523,18.327
Car A,3386,225.7333,10,80.633,2,-13.803,20.104,-0.104,5.9549,-0.0625,1.3388,1.0,-0.0444,7.009,-18.327
Car B,3386,225.7333,10,98.96,3,-27.022,11.285,-1.022,6.0186,0.1977,0.8631,1.0,0.2944,2.246,18.327
Car A,3387,225.8,10,81.03,2,-14.2,20.094,-0.094,5.96,0.0771,0.345,1.0,-0.025,-1.098,-18.327
Car B,3387,225.8,10,99.358,3,-27.074,10.888,-1.074,6.0107,-0.1189,1.5868,1.0,0.0945,7.353,18.327
Car A,3388,225.8667,10,81.429,2,-14.598,20.094,-0.094,5.982,0.3301,-0.2019,1.0,0.145,-0.615,-18.328
Car B,3388,225.8667,10,99.756,3,-27.119,10.489,-1.119,6.024,0.1998,0.9005,1.0,0.3652,2.369,18.328
Car A,3389,225.9333,10,81.827,2,-14.997,20.089,-0.089,5.9828,0.0111,0.7095,1.0,-0.0757,3.618,-18.328
Car B,3389,225.9333,10,100.156,3,-27.16,10.09,-1.16,6.016,-0.1201,1.636,1.0,0.0345,9.118,18.328
Car A,3390,226.0,10,82.226,2,-15.396,20.081,-0.081,5.9835,0.0105,-0.1221,1.0,0.2065,-1.885,-18.329
Car B,3390,226.0,10,100.556,3,-27.194,9.69,-1.194,6.0231,0.1064,0.5257,1.0,0.5392,0.875,18.329
Car A,3391,226.0667,10,82.625,2,-15.795,20.076,-0.076,5.9807,-0.0414,0.5463,1.0,0.0457,5.152,-18.331
Car B,3391,226.0667,10,100.956,3,-27.229,9.29,-1.229,6.0183,-0.0722,1.2343,1.0,0.2241,13.46,18.331
Car A,3392,226.1333,10,83.024,2,-16.194,20.065,-0.065,6.025,0.6645,0.4556,1.0,0.5585,1.145,-18.331
Car B,3392,226.1333,10,101.356,3,-27.25,8.889,-1.25,6.0065,-0.1762,1.9046,1.0,0.7265,5.613,18.331
Car A,3393,226.2,10,83.425,2,-16.595,20.048,-0.048,6.0188,-0.0922,1.2493,1.0,0.0653,13.943,-18.331
Car B,3393,226.2,10,101.756,3,-27.257,8.489,-1.257,5.9948,-0.1769,2.5039,1.0,0.5195,18.143,18.331
Car A,3394,226.2667,10,83.826,2,-16.996,20.026,-0.026,6.045,0.3921,0.6118,1.0,0.8008,1.651,-18.33
Car B,3394,226.2667,10,102.156,3,-27.248,8.089,-1.248,5.987,-0.1164,2.9947,1.0,1.0,12.994,18.33
Car A,3395,226.3333,10,84.228,2,-17.398,19.999,0.001,6.043,-0.0303,1.1094,0.9797,0.0796,19.993,-18.327
Car B,3395,226.3333,10,102.555,3,-27.221,7.69,-1.221,5.9746,-0.1865,3.4239,1.0,1.0,24.981,18.327
Car A,3396,226.4,10,84.629,2,-17.799,19.966,0.034,6.0199,-0.3453,0.559,0.6998,-0.438,2.018,-18.322
Car B,3396,226.4,10,102.951,3,-27.176,7.294,-1.176,5.9637,-0.1631,3.7357,1.0,0.6655,25.0,18.322
Car A,3397,226.4667,10,85.026,2,-18.196,19.941,0.059,5.941,-1.1847,-0.4146,1.0,0.1592,-10.93,-18.319
Car B,3397,226.4667,10,103.345,3,-27.111,6.9,-1.111,5.9582,-0.0829,3.9556,1.0,0.5551,16.649,18.319
Car A,3398,226.5333,10,85.421,2,-18.591,19.918,0.082,5.9415,0.0075,0.368,1.0,0.1367,3.955,-18.314
Car B,3398,226.5333,10,103.735,3,-27.028,6.511,-1.028,5.9552,-0.0451,4.1238,1.0,0.1427,13.882,18.314
Car A,3399,226.6,10,85.816,2,-18.986,19.884,0.116,5.9481,0.0993,1.2318,1.0,1.0,3.418,-18.307
Car B,3399,226.6,10,104.123,3,-26.933,6.123,-0.933,5.9889,0.5065,2.4215,1.0,0.3463,3.583,18.307
Car A,3400,226.6667,10,86.209,2,-19.379,19.838,0.162,5.9425,-0.0844,1.6568,1.0,0.1323,24.967,-18.235
Car B,3400,226.6667,10,104.445,3,-26.839,5.734,-0.857,5.9895,0.0079,2.4468,1.0,0.418,8.65,18.235
Car A,3401,226.7333,10,86.602,2,-19.772,19.785,0.215,5.9441,0.0253,1.1024,1.0,0.2947,3.339,-18.234
Car B,3401,226.7333,10,104.836,3,-26.729,5.35,-0.777,5.9817,-0.1166,2.9446,1.0,-0.1649,10.446,18.234
Car A,3402,226.8,10,87.015,2,-20.163,19.726,0.26,5.9338,-0.1547,1.8776,1.0,0.9462,7.359,-18.172
Car B,3402,226.8,10,105.187,3,-26.61,4.968,-0.691,5.9975,0.2368,1.5556,1.0,0.696,-4.101,18.172
Car A,3403,226.8667,10,87.408,2,-20.552,19.652,0.303,5.922,-0.178,2.5061,1.0,0.1191,23.629,-18.109
Car B,3403,226.8667,10,105.517,3,-26.493,4.586,-0.662,5.9957,-0.0272,1.5434,1.0,0.9675,17.368,18.109
Car A,3404,226.9333,10,87.855,2,-20.939,19.57,0.346,5.9367,0.2209,1.5607,1.0,1.0,3.007,-18.059
Car B,3404,226.9333,10,105.914,3,-26.361,4.209,-0.622,5.9768,-0.2835,2.5173,1.0,1.0,24.177,18.059
Car A,3405,227.0,10,88.25,2,-21.325,19.484,0.34,5.9271,-0.1446,1.745,1.0,1.0,24.967,-17.968
Car B,3405,227.0,10,106.218,3,-26.214,3.839,-0.586,5.9639,-0.1936,3.0417,1.0,1.0,24.998,17.968
Car A,3406,227.0667,10,88.645,2,-21.707,19.384,0.348,5.9082,-0.2827,2.6465,1.0,1.0,25.0,-17.971
Car B,3406,227.0667,10,106.616,3,-26.05,3.476,-0.574,5.9519,-0.1789,3.4375,1.0,1.0,25.0,17.971
Car A,3407,227.1333,10,89.093,2,-22.083,19.266,0.319,5.8961,-0.1816,3.1295,1.0,1.0,25.0,-17.919
Car B,3407,227.1333,10,107.012,3,-25.87,3.121,-0.543,5.9413,-0.1601,3.758,1.0,1.0,25.0,17.919
Car A,3408,227.2,10,89.486,3,-22.453,19.132,0.301,5.8852,-0.1638,3.5151,1.0,1.0,25.0,-17.839
Car B,3408,227.2,10,107.325,3,-25.672,2.777,-0.539,5.9319,-0.1401,3.9993,1.0,1.0,25.0,17.839
Car A,3409,227.2667,10,89.924,3,-22.816,18.98,0.264,5.8757,-0.1424,3.804,1.0,1.0,25.0,-17.798
Car B,3409,227.2667,10,107.722,3,-25.458,2.442,-0.531,5.9237,-0.1226,4.1814,1.0,1.0,25.0,17.798
Car A,3410,227.3333,10,90.315,3,-23.171,18.811,0.223,5.8674,-0.1238,4.0372,1.0,1.0,25.0,-17.722
Car B,3410,227.3333,10,108.037,3,-25.228,2.12,-0.514,5.9165,-0.1086,4.3252,1.0,1.0,24.999,17.722
Car A,3411,227.4,10,90.737,3,-23.516,18.624,0.182,5.8603,-0.1072,4.2129,1.0,1.0,25.0,-17.696
Car B,3411,227.4,10,108.433,3,-24.981,1.81,-0.528,5.9101,-0.0966,4.4386,1.0,1.0,24.999,17.696
Car A,3412,227.4667,10,91.125,3,-23.851,18.42,0.119,5.8541,-0.0925,4.3471,1.0,1.0,24.999,-17.704
Car B,3412,227.4667,10,108.829,3,-24.719,1.513,-0.521,5.9043,-0.0865,4.5244,1.0,1.0,24.999,17.704
Car A,3413,227.5333,10,91.514,3,-24.175,18.199,0.078,5.8487,-0.082,4.4542,1.0,1.0,24.999,-17.629
Car B,3413,227.5333,10,109.143,3,-24.442,1.231,-0.529,5.899,-0.0786,4.5955,1.0,1.0,24.999,17.629
Car A,3414,227.6,10,91.91,3,-24.486,17.961,-0.002,5.8439,-0.072,4.5391,1.0,1.0,24.999,-17.628
Car B,3414,227.6,10,109.538,3,-24.15,0.965,-0.542,5.8943,-0.0714,4.6494,1.0,1.0,24.999,17.628
Car A,3415,227.6667,10,92.297,3,-24.784,17.706,-0.063,5.8396,-0.0644,4.6045,1.0,1.0,24.999,-17.598
Car B,3415,227.6667,10,109.894,3,-23.844,0.715,-0.535,5.8899,-0.066,4.694,1.0,1.0,24.999,17.598
Car A,3416,227.7333,10,92.667,3,-25.067,17.437,-0.135,5.8358,-0.0571,4.6582,1.0,1.0,24.999,-17.575
Car B,3416,227.7333,10,110.242,3,-23.526,0.481,-0.566,5.8858,-0.0608,4.7272,1.0,1.0,24.999,17.575
Car A,3417,227.8,10,93.05,3,-25.336,17.152,-0.215,5.8323,-0.0518,4.6999,1.0,1.0,24.999,-17.586
Car B,3417,227.8,10,110.637,3,-23.195,0.266,-0.577,5.882,-0.0574,4.7543,1.0,1.0,24.999,17.586
Car A,3418,227.8667,10,93.421,3,-25.588,16.853,-0.274,5.8291,-0.0477,4.7317,1.0,1.0,24.999,-17.519
Car B,3418,227.8667,10,110.94,3,-22.854,0.069,-0.59,5.8785,-0.0533,4.7756,1.0,1.0,24.999,17.519
Car A,3419,227.9333,10,93.772,3,-25.823,16.541,-0.371,5.8263,-0.043,4.7603,1.0,1.0,24.999,-17.561
Car B,3419,227.9333,10,111.333,3,-22.502,-0.109,-0.62,5.875,-0.0517,4.7926,1.0,1.0,24.999,17.561
Car A,3420,228.0,10,94.155,3,-26.041,16.217,-0.448,5.8235,-0.0412,4.7805,1.0,1.0,24.999,-17.571
Car B,3420,228.0,10,111.726,3,-22.142,-0.268,-0.629,5.8717,-0.049,4.8062,1.0,1.0,24.999,17.571
Car A,3421,228.0667,10,94.46,3,-26.241,15.882,-0.526,5.8209,-0.0386,4.798,1.0,1.0,24.999,-17.559
Car B,3421,228.0667,10,112.019,3,-21.773,-0.406,-0.662,5.8686,-0.0474,4.8168,1.0,1.0,24.999,17.559
Car A,3422,228.1333,10,94.839,3,-26.422,15.536,-0.621,5.8185,-0.0368,4.8098,1.0,1.0,24.999,-17.573
Car B,3422,228.1333,10,112.412,3,-21.398,-0.524,-0.689,5.8656,-0.0452,4.8249,1.0,1.0,24.999,17.573
Car A,3423,228.2,10,95.222,3,-26.583,15.18,-0.695,5.8162,-0.0344,4.8199,1.0,1.0,24.999,-17.497
Car B,3423,228.2,10,112.719,3,-21.017,-0.621,-0.7,5.8626,-0.0447,4.8313,1.0,0.7381,24.999,17.497
Car A,3424,228.2667,10,95.488,3,-26.724,14.817,-0.786,5.814,-0.0331,4.8287,1.0,1.0,24.999,-17.598
Car B,3424,228.2667,10,113.086,3,-20.631,-0.697,-0.744,5.8642,0.0245,4.7983,1.0,1.0,18.463,17.598
Car A,3425,228.3333,10,95.867,3,-26.845,14.446,-0.877,5.8119,-0.0318,4.834,1.0,1.0,24.999,-17.611
Car B,3425,228.3333,10,113.478,3,-20.242,-0.752,-0.769,5.861,-0.0485,4.8525,1.0,0.6307,24.989,17.611
Car A,3426,228.4,10,96.245,3,-26.945,14.069,-0.947,5.8098,-0.0312,4.8394,1.0,1.0,24.999,-17.566
Car B,3426,228.4,10,113.811,3,-19.85,-0.786,-0.786,5.8724,0.1715,4.7571,1.0,0.7736,15.779,17.566
Car A,3427,228.4667,10,96.558,3,-27.024,13.687,-1.024,5.8078,-0.0297,4.8431,1.0,1.0,24.999,-17.646
Car B,3427,228.4667,10,114.204,3,-19.456,-0.799,-0.799,5.8714,-0.0156,4.7699,1.0,0.4048,19.335,17.646
Car A,3428,228.5333,10,96.943,3,-27.081,13.302,-1.081,5.8058,-0.0293,4.8465,1.0,1.0,24.999,-17.656
Car B,3428,228.5333,10,114.599,3,-19.061,-0.797,-0.797,5.9291,0.866,3.5946,1.0,0.0729,10.133,17.656
Car A,3429,228.6,10,97.331,3,-27.117,12.914,-1.117,5.8039,-0.029,4.8497,1.0,1.0,24.999,-17.665
Car B,3429,228.6,10,114.996,3,-18.664,-0.792,-0.792,5.9545,0.381,1.9627,1.0,0.1133,1.835,17.665
Car A,3430,228.6667,10,97.72,3,-27.131,12.525,-1.131,5.8021,-0.0276,4.8518,1.0,1.0,24.999,-17.674
Car B,3430,228.6667,10,115.394,3,-18.266,-0.794,-0.794,5.9782,0.3546,1.0714,1.0,0.1185,2.831,17.674
Car A,3431,228.7333,10,98.109,3,-27.123,12.136,-1.123,5.8003,-0.0272,4.853,1.0,1.0,24.999,-17.684
Car B,3431,228.7333,10,115.793,3,-17.867,-0.792,-0.792,5.9945,0.2452,1.1289,1.0,0.1164,2.962,17.684
Car A,3432,228.8,10,98.497,3,-27.094,11.748,-1.094,5.7985,-0.027,4.8536,1.0,1.0,24.999,-17.696
Car B,3432,228.8,10,116.193,3,-17.467,-0.785,-0.785,5.9896,-0.0739,1.1201,1.0,0.1131,2.909,17.696
Car A,3433,228.8667,10,98.883,3,-27.043,11.363,-1.043,5.7967,-0.0267,4.8556,1.0,1.0,24.999,-17.711
Car B,3433,228.8667,10,116.593,3,-17.067,-0.773,-0.773,5.9912,0.0241,1.1069,1.0,0.1103,2.827,17.711
Car A,3434,228.9333,10,99.265,3,-26.971,10.98,-0.971,5.795,-0.0254,4.8554,1.0,0.9068,24.999,-17.728
Car B,3434,228.9333,10,116.993,3,-16.667,-0.756,-0.756,6.0143,0.3475,1.0637,1.0,0.1084,2.758,17.728
Car A,3435,229.0,10,99.642,3,-26.878,10.603,-0.878,5.7943,-0.0102,4.846,1.0,0.3905,22.674,-17.751
Car B,3435,229.0,10,117.394,3,-16.267,-0.735,-0.735,6.0107,-0.0552,1.0384,1.0,0.1037,2.71,17.751
Car A,3436,229.0667,10,100.017,3,-26.77,10.228,-0.77,5.8644,1.0518,3.4735,1.0,-0.1531,9.782,-17.777
Car B,3436,229.0667,10,117.794,3,-15.867,-0.71,-0.71,6.0016,-0.1356,1.0154,1.0,0.0974,2.593,17.777
Car A,3437,229.1333,10,100.394,3,-26.661,9.851,-0.661,5.8872,0.341,1.8514,1.0,-0.1802,-3.807,-17.799
Car B,3437,229.1333,10,118.193,3,-15.467,-0.681,-0.681,5.9943,-0.1097,0.9419,1.0,0.0788,2.434,17.799
Car A,3438,229.2,10,100.774,3,-26.561,9.471,-0.561,5.8983,0.167,0.2464,1.0,-0.2304,-4.503,-17.817
Car B,3438,229.2,10,118.591,3,-15.069,-0.65,-0.65,5.9583,-0.5397,0.7964,1.0,0.011,1.967,17.817
Car A,3439,229.2667,10,101.157,3,-26.473,9.088,-0.473,5.8996,0.0194,-0.8406,1.0,-0.2593,-5.759,-17.831
Car B,3439,229.2667,10,118.988,3,-14.672,-0.62,-0.62,6.001,0.6403,0.0988,1.0,0.0927,0.278,17.831
Car A,3440,229.3333,10,101.543,3,-26.397,8.702,-0.397,5.8965,-0.0464,-1.6861,1.0,-0.2623,-6.48,-17.843
Car B,3440,229.3333,10,119.387,3,-14.273,-0.587,-0.587,5.9983,-0.0407,0.8658,1.0,-0.1079,2.314,17.843
Car A,3441,229.4,10,101.932,3,-26.336,8.313,-0.336,5.906,0.1432,-2.2721,1.0,-0.2444,-6.557,-17.853
Car B,3441,229.4,10,119.785,3,-13.875,-0.554,-0.554,5.9992,0.0129,-0.1789,1.0,0.0871,-2.689,17.853
Car A,3442,229.4667,10,102.326,3,-26.285,7.919,-0.285,5.9758,1.0469,-2.253,0.8889,-0.1555,-6.111,-17.858
Car B,3442,229.4667,10,120.184,3,-13.476,-0.523,-0.523,5.999,-0.0031,0.4888,1.0,-0.1148,2.17,17.858
Car A,3443,229.5333,10,102.717,3,-26.24,7.528,-0.24,5.8457,-1.9515,-1.4213,0.9032,-0.1767,-3.891,-17.866
Car B,3443,229.5333,10,120.582,3,-13.078,-0.489,-0.489,5.9957,-0.0495,-0.3327,1.0,0.0818,-2.863,17.866
Car A,3444,229.6,10,103.099,3,-26.2,7.147,-0.2,5.6897,-2.3408,-1.5261,1.0,0.0812,-4.416,-17.882
Car B,3444,229.6,10,120.981,3,-12.679,-0.459,-0.459,5.995,-0.0104,0.3998,1.0,-0.0807,2.038,17.882
Car A,3445,229.6667,10,103.477,3,-26.162,6.769,-0.162,5.7033,0.2049,-0.3329,0.9488,-0.0703,2.02,-17.903
Car B,3445,229.6667,10,121.379,3,-12.281,-0.426,-0.426,5.9934,-0.0229,-0.3737,1.0,0.0732,-2.012,17.903
Car A,3446,229.7333,10,103.854,3,-26.12,6.391,-0.12,5.6989,-0.0658,-0.6172,0.938,-0.09,-1.752,-17.923
Car B,3446,229.7333,10,121.777,3,-11.883,-0.396,-0.396,5.9913,-0.0324,0.3833,1.0,-0.1817,1.825,17.923
Car A,3447,229.8,10,104.231,3,-26.085,6.015,-0.085,5.6409,-0.8706,-0.8099,1.0,1.0,-2.249,-17.945
Car B,3447,229.8,10,122.175,3,-11.485,-0.364,-0.364,5.9887,-0.0391,-0.4216,1.0,0.0454,-4.533,17.945
Car A,3448,229.8667,10,104.6,3,-26.047,5.64,-0.075,5.6431,0.0335,0.0846,1.0,1.0,24.959,-17.974
Car B,3448,229.8667,10,122.574,3,-11.087,-0.335,-0.335,5.9906,0.0296,0.3375,1.0,-0.2498,1.126,17.974
Car A,3449,229.9333,10,104.976,3,-25.998,5.268,-0.056,5.6352,-0.1185,1.2433,1.0,1.0,25.0,-17.996
Car B,3449,229.9333,10,122.972,3,-10.689,-0.304,-0.304,5.9891,-0.0225,-0.5648,1.0,0.0301,-6.232,17.996
Car A,3450,230.0,10,105.344,3,-25.934,4.897,-0.046,5.6267,-0.1284,2.0056,1.0,1.0,25.0,-18.026
Car B,3450,230.0,10,123.37,3,-10.29,-0.278,-0.278,5.9916,0.037,0.227,1.0,-0.2979,0.742,18.026
Car A,3451,230.0667,10,105.72,3,-25.855,4.53,-0.055,5.6176,-0.1368,2.6155,1.0,1.0,25.0,-18.049
Car B,3451,230.0667,10,123.769,3,-9.892,-0.251,-0.251,5.9897,-0.0282,-0.6778,1.0,0.0259,-7.435,18.049
Car A,3452,230.1333,10,106.095,3,-25.76,4.168,-0.047,5.6092,-0.1246,3.0901,1.0,1.0,25.0,-18.073
Car B,3452,230.1333,10,124.167,3,-9.493,-0.228,-0.228,5.9922,0.0363,0.1466,1.0,-0.3248,0.634,18.073
Car A,3453,230.2,10,106.461,3,-25.647,3.81,-0.073,5.6021,-0.1079,3.4589,1.0,1.0,25.0,-18.105
Car B,3453,230.2,10,124.566,3,-9.094,-0.205,-0.205,5.9898,-0.0359,-0.7298,1.0,0.0163,-8.106,18.105
Car A,3454,230.2667,10,106.836,3,-25.516,3.459,-0.087,5.5961,-0.0888,3.7563,1.0,1.0,25.0,-18.129
Car B,3454,230.2667,10,124.965,3,-8.695,-0.185,-0.185,5.9931,0.0503,0.1144,1.0,-0.339,0.394,18.129
Car A,3455,230.3333,10,107.196,3,-25.368,3.115,-0.103,5.5914,-0.071,3.9931,1.0,1.0,25.0,-18.168
Car B,3455,230.3333,10,125.364,3,-8.296,-0.166,-0.166,5.9909,-0.0339,-0.7828,1.0,0.0113,-8.461,18.168
Car A,3456,230.4,10,107.569,3,-25.202,2.779,-0.136,5.5879,-0.0528,4.1697,1.0,1.0,24.999,-18.194
Car B,3456,230.4,10,125.763,3,-7.897,-0.15,-0.15,5.9945,0.055,0.0726,1.0,-0.3064,0.267,18.194
Car A,3457,230.4667,10,107.943,3,-25.017,2.453,-0.15,5.5853,-0.0387,4.3125,1.0,1.0,24.999,-18.219
Car B,3457,230.4667,10,126.162,3,-7.498,-0.135,-0.135,5.9921,-0.0359,-0.8234,1.0,0.0177,-7.648,18.219
Car A,3458,230.5333,10,108.292,3,-24.816,2.137,-0.189,5.5835,-0.0268,4.4264,1.0,1.0,24.999,-18.27
Car B,3458,230.5333,10,126.562,3,-7.098,-0.124,-0.124,5.9948,0.0405,0.0517,1.0,-0.2538,0.43,18.27
Car A,3459,230.6,10,108.665,3,-24.597,1.833,-0.22,5.5824,-0.0163,4.5157,1.0,1.0,24.999,-18.296
Car B,3459,230.6,10,126.961,3,-6.699,-0.112,-0.112,5.9921,-0.0412,-0.7827,1.0,0.02,-6.333,18.296
Car A,3460,230.6667,10,109.002,3,-24.362,1.542,-0.241,5.5819,-0.0081,4.587,1.0,1.0,24.999,-18.358
Car B,3460,230.6667,10,127.361,3,-6.3,-0.104,-0.104,5.9945,0.0361,0.0736,1.0,-0.2273,0.489,18.358
Car A,3461,230.7333,10,109.374,3,-24.11,1.264,-0.289,5.5818,-0.0011,4.6436,1.0,1.0,24.999,-18.386
Car B,3461,230.7333,10,127.76,3,-5.9,-0.095,-0.095,5.9919,-0.0389,-0.7576,1.0,0.0308,-5.671,18.386
Car A,3462,230.8,10,109.748,3,-23.843,1.001,-0.316,5.5821,0.004,4.6903,1.0,1.0,24.999,-18.412
Car B,3462,230.8,10,128.16,3,-5.501,-0.091,-0.091,5.994,0.0311,0.0885,1.0,-0.1677,0.76,18.412
Car A,3463,230.8667,10,110.069,3,-23.562,0.753,-0.353,5.5827,0.009,4.7268,1.0,1.0,24.999,-18.49
Car B,3463,230.8667,10,128.559,3,-5.101,-0.085,-0.085,5.9903,-0.0557,-0.6806,1.0,0.0367,-4.185,18.49
Car A,3464,230.9333,10,110.442,3,-23.267,0.522,-0.396,5.5835,0.0123,4.7559,1.0,1.0,24.999,-18.517
Car B,3464,230.9333,10,128.958,3,-4.702,-0.083,-0.083,5.9929,0.04,0.1591,1.0,-0.1647,0.909,18.517
Car A,3465,231.0,10,110.816,3,-22.959,0.308,-0.417,5.5845,0.0151,4.7795,1.0,1.0,24.999,-18.541
Car B,3465,231.0,10,129.358,3,-4.303,-0.079,-0.079,5.9888,-0.0626,-0.6336,1.0,0.0488,-4.11,18.541
Car A,3466,231.0667,10,111.122,3,-22.639,0.112,-0.468,5.5857,0.017,4.7987,1.0,1.0,24.999,-18.635
Car B,3466,231.0667,10,129.757,3,-3.903,-0.079,-0.079,5.9906,0.0283,0.187,1.0,-0.1504,1.212,18.635
Car A,3467,231.1333,10,111.495,3,-22.308,-0.065,-0.505,5.587,0.0196,4.8131,1.0,1.0,24.999,-18.661
Car B,3467,231.1333,10,130.156,3,-3.504,-0.076,-0.076,5.987,-0.0551,-0.5472,1.0,0.0514,-3.752,18.661
Car A,3468,231.2,10,111.787,3,-21.968,-0.223,-0.529,5.5883,0.0198,4.8254,1.0,1.0,24.999,-18.768
Car B,3468,231.2,10,130.555,3,-3.105,-0.077,-0.077,5.988,0.0153,0.2484,1.0,-0.1875,1.277,18.768
Car A,3469,231.2667,10,112.159,3,-21.619,-0.361,-0.582,5.5896,0.0205,4.8347,1.0,1.0,24.999,-18.795
Car B,3469,231.2667,10,130.954,3,-2.706,-0.076,-0.076,5.9847,-0.0489,-0.5511,1.0,0.0602,-4.678,18.795
Car A,3470,231.3333,10,112.533,3,-21.263,-0.479,-0.613,5.591,0.0209,4.8428,1.0,1.0,24.999,-18.82
Car B,3470,231.3333,10,131.353,3,-2.307,-0.079,-0.079,5.9857,0.0139,0.2437,1.0,-0.1242,1.494,18.82
Car A,3471,231.4,10,112.809,3,-20.9,-0.576,-0.645,5.5926,0.023,4.8482,1.0,1.0,24.999,-18.944
Car B,3471,231.4,10,131.752,3,-1.908,-0.078,-0.078,5.9838,-0.0284,-0.4859,1.0,0.0614,-3.097,18.944
Car A,3472,231.4667,10,113.181,3,-20.532,-0.652,-0.692,5.594,0.022,4.8528,1.0,1.0,24.999,-18.97
Car B,3472,231.4667,10,132.151,3,-1.509,-0.082,-0.082,5.9843,0.0073,0.2967,1.0,-0.1657,1.528,18.97
Car A,3473,231.5333,10,113.556,3,-20.16,-0.707,-0.717,5.5955,0.0215,4.8565,1.0,1.0,24.999,-18.994
Car B,3473,231.5333,10,132.55,3,-1.111,-0.083,-0.083,5.9815,-0.0416,-0.4731,1.0,0.0694,-4.133,18.994
Car A,3474,231.6,10,113.875,3,-19.786,-0.74,-0.74,5.5969,0.0215,4.8595,1.0,1.0,24.999,-19.074
Car B,3474,231.6,10,132.949,3,-0.712,-0.087,-0.087,5.9827,0.0178,0.3035,1.0,-0.1649,1.726,19.074
Car A,3475,231.6667,10,114.25,3,-19.41,-0.751,-0.751,5.5984,0.0225,4.862,1.0,1.0,24.999,-19.097
Car B,3475,231.6667,10,133.347,3,-0.313,-0.088,-0.088,5.98,-0.0398,-0.4524,1.0,0.0706,-4.114,19.097
Car A,3476,231.7333,10,114.626,3,-19.034,-0.741,-0.741,5.5998,0.021,4.8637,1.0,1.0,24.999,-19.12
Car B,3476,231.7333,11,0.085,1,0.085,-0.093,-0.093,5.9811,0.0162,0.3198,1.0,-0.1615,1.755,19.12
Car A,3477,231.8,10,115.001,3,-18.659,-0.709,-0.709,5.6012,0.0219,4.8649,1.0,1.0,24.999,-19.143
Car B,3477,231.8,11,0.484,1,0.484,-0.095,-0.095,5.9784,-0.0398,-0.439,1.0,0.0692,-4.029,19.143
Car A,3478,231.8667,10,115.373,3,-18.287,-0.655,-0.655,5.6027,0.0216,4.8658,1.0,0.5985,24.999,-19.17
Car B,3478,231.8667,11,0.882,1,0.883,-0.101,-0.101,5.9797,0.0195,0.3294,1.0,-0.1813,1.72,19.17
Car A,3479,231.9333,10,115.745,3,-17.915,-0.583,-0.583,5.6642,0.9234,4.4165,1.0,-0.0668,14.978,-19.196
Car B,3479,231.9333,11,1.281,1,1.281,-0.103,-0.103,5.9767,-0.0457,-0.4457,1.0,0.0472,-4.523,19.196
Car A,3480,232.0,10,116.117,3,-17.544,-0.502,-0.502,5.7051,0.6134,2.7561,1.0,-0.1996,-1.644,-19.223
Car B,3480,232.0,11,1.679,1,1.679,-0.11,-0.11,5.979,0.0338,0.3186,1.0,-0.2077,1.17,19.223
Car A,3481,232.0667,10,116.491,3,-17.169,-0.427,-0.427,5.7296,0.3669,0.9565,1.0,-0.2242,-4.986,-19.247
Car B,3481,232.0667,11,2.078,1,2.078,-0.115,-0.115,5.9779,-0.0165,-0.553,1.0,0.0301,-5.183,19.247
Car A,3482,232.1333,10,116.868,3,-16.792,-0.363,-0.363,5.7379,0.1252,-0.3045,1.0,-0.2317,-5.604,-19.269
Car B,3482,232.1333,11,2.476,1,2.476,-0.123,-0.123,5.9815,0.0551,0.2291,1.0,-0.1859,0.744,19.269
Car A,3483,232.2,10,117.247,3,-16.413,-0.312,-0.312,5.7418,0.0578,-1.2541,1.0,-0.2213,-5.792,-19.288
Car B,3483,232.2,11,2.875,1,2.875,-0.131,-0.131,5.9806,-0.0143,-0.6526,1.0,0.0429,-4.64,19.288
Car A,3484,232.2667,10,117.629,3,-16.031,-0.273,-0.273,5.7687,0.4039,-1.8533,1.0,-0.18,-5.533,-19.305
Car B,3484,232.2667,11,3.274,1,3.274,-0.143,-0.143,5.9834,0.0431,0.1748,1.0,-0.174,1.063,19.305
Car A,3485,232.3333,10,118.016,3,-15.645,-0.242,-0.242,5.8321,0.9502,-1.6646,1.0,-0.1448,-4.499,-19.317
Car B,3485,232.3333,11,3.672,1,3.672,-0.153,-0.153,5.9796,-0.0573,-0.6061,1.0,0.0135,-4.341,19.317
Car A,3486,232.4,10,118.405,3,-15.255,-0.216,-0.216,5.89,0.8682,-1.2896,1.0,-0.123,-3.621,-19.326
Car B,3486,232.4,11,4.071,1,4.071,-0.166,-0.166,5.992,0.1862,0.1404,1.0,-0.1734,0.328,19.326
Car A,3487,232.4667,10,118.798,3,-14.862,-0.192,-0.192,5.9098,0.2974,-1.1856,1.0,-0.0976,-3.072,-19.332
Car B,3487,232.4667,11,4.47,1,4.47,-0.18,-0.18,5.9897,-0.0351,-0.7265,1.0,0.0543,-4.328,19.332
Car A,3488,232.5333,10,119.193,3,-14.467,-0.17,-0.17,5.9206,0.163,-0.7988,1.0,-0.0957,-2.41,-19.336
Car B,3488,232.5333,11,4.869,1,4.869,-0.198,-0.198,5.9914,0.0252,0.1118,1.0,-0.1657,1.349,19.336
Car A,3489,232.6,10,119.589,3,-14.072,-0.152,-0.152,5.9444,0.3569,-0.9329,1.0,-0.0728,-2.391,-19.339
Car B,3489,232.6,11,5.268,1,5.268,-0.213,-0.213,5.9876,-0.0573,-0.5672,1.0,0.0296,-4.133,19.339
Car A,3490,232.6667,10,119.985,3,-13.675,-0.136,-0.136,5.9452,0.0118,-0.5954,1.0,-0.0742,-1.791,-19.342
Car B,3490,232.6667,11,5.667,1,5.667,-0.231,-0.231,5.9901,0.0382,0.222,1.0,-0.1788,0.731,19.342
Car A,3491,232.7333,10,120.381,3,-13.279,-0.123,-0.123,5.9335,-0.1758,-0.7441,1.0,-0.0586,-1.832,-19.345
Car B,3491,232.7333,11,6.065,1,6.066,-0.249,-0.249,5.9888,-0.0201,-0.6573,1.0,0.0652,-4.462,19.345
Car A,3492,232.8,10,120.777,3,-12.883,-0.111,-0.111,5.9552,0.3252,-0.3447,1.0,-0.062,-1.443,-19.347
Car B,3492,232.8,11,6.464,1,6.464,-0.271,-0.271,5.9909,0.0321,0.1745,1.0,-0.165,1.62,19.347
Car A,3493,232.8667,10,121.175,3,-12.486,-0.102,-0.102,5.9689,0.2051,-0.5926,1.0,-0.0449,-1.548,-19.349
Car B,3493,232.8667,11,6.863,1,6.863,-0.289,-0.289,5.9863,-0.0685,-0.5242,1.0,0.0499,-4.115,19.349
Car A,3494,232.9333,10,121.573,3,-12.088,-0.094,-0.094,6.001,0.4826,-0.4388,1.0,-0.0399,-1.125,-19.349
Car B,3494,232.9333,11,7.261,1,7.261,-0.312,-0.312,5.9876,0.0192,0.2652,1.0,-0.1951,1.24,19.349
Car A,3495,233.0,10,121.974,3,-11.686,-0.087,-0.087,6.0234,0.3362,-0.2227,1.0,-0.0409,-0.975,-19.346
Car B,3495,233.0,11,7.66,1,7.66,-0.332,-0.332,5.9852,-0.0357,-0.5538,1.0,0.055,-4.867,19.346
Car A,3496,233.0667,10,122.376,3,-11.285,-0.081,-0.081,6.0281,0.0691,-0.4174,1.0,-0.0294,-1.012,-19.343
Car B,3496,233.0667,11,8.058,1,8.058,-0.356,-0.356,5.9862,0.0152,0.2395,1.0,-0.1978,1.365,19.343
Car A,3497,233.1333,10,122.775,3,-10.885,-0.076,-0.076,5.9811,-0.7047,-0.181,1.0,-0.034,-0.723,-19.342
Car B,3497,233.1333,11,8.456,1,8.457,-0.378,-0.378,5.9832,-0.0454,-0.5203,1.0,0.0579,-4.936,19.342
Car A,3498,233.2,10,123.174,3,-10.486,-0.072,-0.072,5.9987,0.2637,-0.3242,1.0,-0.0225,-0.843,-19.341
Car B,3498,233.2,11,8.855,1,8.855,-0.403,-0.403,5.9844,0.0181,0.2699,1.0,-0.2004,1.438,19.341
Car A,3499,233.2667,10,123.575,3,-10.086,-0.07,-0.07,6.0187,0.3008,-0.1526,1.0,-0.0239,-0.555,-19.338
Car B,3499,233.2667,11,9.253,1,9.253,-0.426,-0.426,5.9814,-0.0456,-0.498,1.0,0.0448,-5.001,19.338
Car A,3500,233.3333,10,123.976,3,-9.685,-0.066,-0.066,6.0117,-0.1048,-0.0946,1.0,-0.0267,-0.581,-19.335
Car B,3500,233.3333,11,9.651,1,9.651,-0.452,-0.452,5.9834,0.0296,0.2822,1.0,-0.2124,1.11,19.335
Car A,3501,233.4,10,124.376,3,-9.284,-0.064,-0.064,5.9944,-0.26,-0.2647,1.0,-0.0153,-0.66,-19.333
Car B,3501,233.4,11,10.049,1,10.049,-0.477,-0.477,5.9818,-0.0238,-0.5442,1.0,0.0418,-5.3,19.333
Car A,3502,233.4667,10,124.777,3,-8.884,-0.063,-0.063,6.0124,0.2697,-0.1092,1.0,-0.0213,-0.379,-19.33
Car B,3502,233.4667,11,10.446,1,10.446,-0.505,-0.505,5.9841,0.0345,0.2515,1.0,-0.1879,1.034,19.33
Car A,3503,233.5333,10,125.178,3,-8.483,-0.063,-0.063,6.023,0.1591,-0.2895,1.0,-0.0087,-0.517,-19.327
Car B,3503,233.5333,11,10.844,1,10.844,-0.532,-0.532,5.9819,-0.0323,-0.5898,1.0,0.0229,-4.689,19.327
Car A,3504,233.6,10,125.578,3,-8.082,-0.063,-0.063,5.9922,-0.4619,-0.1037,1.0,-0.021,-0.22,-19.325
Car B,3504,233.6,11,11.242,1,11.242,-0.563,-0.563,5.988,0.0919,0.1999,1.0,-0.1289,0.563,19.325
Car A,3505,233.6667,10,125.977,3,-7.683,-0.063,-0.063,5.9927,0.008,-0.0546,1.0,-0.0337,-0.511,-19.323
Car B,3505,233.6667,11,11.64,1,11.64,-0.593,-0.593,5.9859,-0.0324,-0.688,1.0,0.0138,-3.216,19.323
Car A,3506,233.7333,10,126.377,3,-7.283,-0.066,-0.066,6.0036,0.1637,-0.3265,1.0,-0.01,-0.838,-19.321
Car B,3506,233.7333,11,12.038,1,12.038,-0.627,-0.627,5.9918,0.0885,0.1225,1.0,-0.0971,0.337,19.321
Car A,3507,233.8,10,126.777,3,-6.883,-0.069,-0.069,5.9919,-0.1755,-0.1429,1.0,-0.0431,-0.25,-19.319
Car B,3507,233.8,11,12.436,1,12.436,-0.661,-0.661,5.9889,-0.0427,-0.7483,1.0,0.0,-2.423,19.319
Car A,3508,233.8667,10,127.176,3,-6.484,-0.074,-0.074,5.9711,-0.3123,-0.4151,0.9929,0.0002,-1.055,-19.318
Car B,3508,233.8667,11,12.833,1,12.833,-0.698,-0.698,5.9982,0.139,0.0066,1.0,-0.0727,-0.012,19.318
Car A,3509,233.9333,10,127.574,3,-6.086,-0.079,-0.079,5.9679,-0.0486,-0.1156,1.0,-0.0359,-0.002,-19.318
Car B,3509,233.9333,11,13.231,1,13.231,-0.736,-0.736,5.9996,0.0218,-0.6969,1.0,0.0246,-1.815,19.318
Car A,3510,234.0,10,127.972,3,-5.688,-0.085,-0.085,5.9734,0.083,-0.4109,1.0,0.0725,-0.88,-19.318
Car B,3510,234.0,11,13.629,1,13.63,-0.775,-0.775,5.9991,-0.0089,0.2363,1.0,-0.0859,0.612,19.318
Car A,3511,234.0667,10,128.37,3,-5.29,-0.089,-0.089,5.9759,0.0371,0.5726,1.0,0.0001,1.809,-19.317
Car B,3511,234.0667,11,14.027,1,14.028,-0.813,-0.813,5.9971,-0.0294,-0.6528,1.0,0.0897,-2.143,19.317
Car A,3512,234.1333,10,128.769,3,-4.891,-0.09,-0.09,5.9969,0.3157,-0.0095,1.0,0.0844,0.011,-19.316
Car B,3512,234.1333,11,14.425,1,14.425,-0.854,-0.854,5.9958,-0.0201,0.2628,1.0,-0.0458,2.235,19.316
Car A,3513,234.2,10,129.169,3,-4.491,-0.089,-0.089,5.9981,0.0176,0.7954,1.0,-0.0264,2.106,-19.314
Car B,3513,234.2,11,14.823,1,14.823,-0.892,-0.892,5.9956,-0.0022,-0.4106,1.0,0.1361,-1.138,19.314
Car A,3514,234.2667,10,129.569,3,-4.092,-0.086,-0.086,5.9967,-0.0203,-0.2021,1.0,0.1299,-0.655,-19.312
Car B,3514,234.2667,11,15.221,1,15.221,-0.93,-0.93,5.9953,-0.0048,0.5217,1.0,0.0441,3.394,19.312
Car A,3515,234.3333,10,129.969,3,-3.692,-0.084,-0.084,5.996,-0.0119,0.643,1.0,0.0016,3.242,-19.312
Car B,3515,234.3333,11,15.62,1,15.62,-0.963,-0.963,6.0312,0.539,0.3999,1.0,0.119,1.092,19.312
Car A,3516,234.4,10,130.368,3,-3.292,-0.078,-0.078,6.0005,0.0687,0.0233,1.0,0.0534,0.055,-19.313
Car B,3516,234.4,11,16.021,1,16.021,-0.992,-0.992,6.0273,-0.0593,1.0312,1.0,-0.2341,2.972,19.313
Car A,3517,234.4667,10,130.768,3,-2.892,-0.071,-0.071,6.0103,0.1465,0.5243,1.0,-0.0825,1.333,-19.314
Car B,3517,234.4667,11,16.422,1,16.422,-1.019,-1.019,6.027,-0.0032,-0.0626,1.0,0.2613,-5.838,19.314
Car A,3518,234.5333,10,131.169,3,-2.491,-0.066,-0.066,6.0093,-0.0156,-0.474,1.0,0.1173,-2.056,-19.314
Car B,3518,234.5333,11,16.822,1,16.822,-1.049,-1.049,6.0239,-0.0465,0.5809,1.0,0.1177,6.513,19.314
Car A,3519,234.6,10,131.569,3,-2.091,-0.064,-0.064,6.0052,-0.0601,0.3519,1.0,-0.0075,2.924,-19.315
Car B,3519,234.6,11,17.224,1,17.224,-1.068,-1.068,6.0381,0.2124,1.1287,1.0,0.103,2.946,19.315
Car A,3520,234.6667,10,131.97,3,-1.691,-0.058,-0.058,6.0064,0.0168,-0.0892,1.0,0.0337,-0.173,-19.316
Car B,3520,234.6667,11,17.625,1,17.625,-1.082,-1.082,6.011,-0.4059,1.0081,1.0,-0.0457,2.575,19.316
Car A,3521,234.7333,10,132.37,3,-1.291,-0.051,-0.051,5.9857,-0.3102,0.1598,1.0,-0.0459,0.826,-19.317
Car B,3521,234.7333,11,18.026,1,18.026,-1.098,-1.098,6.0135,0.0372,-0.1001,1.0,1.0,-1.137,19.317
Car A,3522,234.8,10,132.769,3,-0.892,-0.048,-0.048,5.9727,-0.1943,-0.4794,1.0,0.1286,-1.137,-19.318
Car B,3522,234.8,11,18.426,1,18.426,-1.114,-1.114,6.0081,-0.0814,0.5717,1.0,1.0,24.961,19.318
Car A,3523,234.8667,10,133.167,3,-0.493,-0.043,-0.043,5.9738,0.0156,0.5466,1.0,-0.1004,3.209,-19.319
Car B,3523,234.8667,11,18.826,1,18.826,-1.118,-1.118,5.9907,-0.2616,1.6981,1.0,1.0,25.0,19.319
Car A,3524,234.9333,10,133.565,3,-0.095,-0.034,-0.034,5.974,0.0029,-0.2509,1.0,-0.0384,-2.502,-19.32
Car B,3524,234.9333,11,19.225,1,19.225,-1.106,-1.106,5.9766,-0.211,2.4039,1.0,1.0,25.0,19.32
Car A,3525,235.0,11,0.304,1,0.304,-0.032,-0.032,6.024,0.751,-0.3274,1.0,-0.0099,-0.951,-19.318
Car B,3525,235.0,11,19.623,1,19.623,-1.077,-1.077,5.9634,-0.198,2.9505,1.0,1.0,25.0,19.318
