car,step,t_s,lap,lap_dist_m,sector,x_m,y_m,lateral_m,speed_mps,accel_long_mps2,accel_lat_mps2,throttle_cmd,steer_cmd,steer_deg,gap_m
Car A,0,0.0,1,2.0,1,2.0,-1.5,-1.5,0.0005,0.0,0.0,1.0,1.0,0.0,2.0
Car B,0,0.0,1,0.0,1,0.0,1.5,1.5,0.0005,0.0,0.0,1.0,-1.0,0.0,-2.0
Car A,1,0.0667,1,2.003,1,2.003,-1.497,-1.497,0.0657,0.9781,0.0063,1.0,1.0,24.962,2.0
Car B,1,0.0667,1,0.003,1,0.003,1.496,1.496,0.065,0.967,-0.0063,0.4525,-1.0,-24.962,-2.0
Car A,2,0.1333,1,2.013,1,2.013,-1.49,-1.49,0.2089,2.1471,0.0243,1.0,1.0,25.0,2.0
Car B,2,0.1333,1,0.013,1,0.014,1.489,1.489,0.2142,2.2382,-0.0285,0.9174,-1.0,-25.0,-2.0
Car A,3,0.2,1,2.032,1,2.032,-1.485,-1.485,0.3256,1.7513,0.0334,0.9951,1.0,25.0,2.0
Car B,3,0.2,1,0.032,1,0.032,1.483,1.483,0.3303,1.7413,-0.0363,1.0,-1.0,-25.0,-2.0
Car A,4,0.2667,1,2.058,1,2.058,-1.477,-1.477,0.4284,1.5419,0.0556,0.928,1.0,25.0,1.999
Car B,4,0.2667,1,0.059,1,0.059,1.476,1.476,0.4421,1.6775,-0.0636,0.802,-1.0,-25.0,-1.999
Car A,5,0.3333,1,2.09,1,2.09,-1.468,-1.468,0.527,1.4796,0.081,0.9951,1.0,25.0,1.998
Car B,5,0.3333,1,0.092,1,0.092,1.466,1.466,0.546,1.5589,-0.0935,1.0,-1.0,-25.0,-1.998
Car A,6,0.4,1,2.129,1,2.129,-1.457,-1.457,0.6233,1.4443,0.1087,1.0,1.0,25.0,1.996
Car B,6,0.4,1,0.132,1,0.132,1.454,1.454,0.6442,1.4719,-0.1279,1.0,-1.0,-25.0,-1.996
Car A,7,0.4667,1,2.173,1,2.173,-1.444,-1.444,0.7218,1.4776,0.1414,1.0,1.0,25.0,1.995
Car B,7,0.4667,1,0.178,1,0.178,1.439,1.439,0.742,1.4672,-0.1621,0.974,-1.0,-25.0,-1.995
Car A,8,0.5333,1,2.224,1,2.224,-1.429,-1.429,0.823,1.5178,0.1793,1.0,1.0,25.0,1.994
Car B,8,0.5333,1,0.23,1,0.23,1.422,1.422,0.8382,1.443,-0.1967,0.4701,-1.0,-25.0,-1.994
Car A,9,0.6,1,2.282,1,2.282,-1.411,-1.411,0.9262,1.5485,0.2232,1.0,1.0,25.0,1.993
Car B,9,0.6,1,0.289,1,0.289,1.404,1.404,0.9377,1.4934,-0.2281,0.4512,-1.0,-25.0,-1.993
Car A,10,0.6667,1,2.346,1,2.346,-1.39,-1.39,1.031,1.5719,0.2732,1.0,1.0,25.0,1.993
Car B,10,0.6667,1,0.353,1,0.353,1.382,1.382,1.0306,1.3925,-0.2734,0.7681,-1.0,-25.0,-1.993
Car A,11,0.7333,1,2.416,1,2.416,-1.366,-1.366,1.1386,1.6128,0.3275,1.0,1.0,25.0,1.994
Car B,11,0.7333,1,0.422,1,0.422,1.357,1.357,1.1241,1.4024,-0.3309,0.8942,-1.0,-25.0,-1.994
Car A,12,0.8,1,2.493,1,2.493,-1.337,-1.337,1.2474,1.6325,0.3905,1.0,1.0,25.0,1.995
Car B,12,0.8,1,0.498,1,0.498,1.329,1.329,1.223,1.4842,-0.3905,0.9902,-1.0,-25.0,-1.995
Car A,13,0.8667,1,2.576,1,2.576,-1.305,-1.305,1.3573,1.6483,0.4624,1.0,1.0,25.0,1.997
Car B,13,0.8667,1,0.579,1,0.579,1.296,1.296,1.3264,1.5507,-0.4504,1.0,-1.0,-25.0,-1.997
Car A,14,0.9333,1,2.665,1,2.665,-1.268,-1.268,1.4708,1.7023,0.5331,1.0,1.0,25.0,1.999
Car B,14,0.9333,1,0.666,1,0.666,1.26,1.26,1.4371,1.6607,-0.5138,1.0,-1.0,-25.0,-1.999
Car A,15,1.0,1,2.761,1,2.761,-1.226,-1.226,1.584,1.6992,0.6178,1.0,1.0,25.0,2.002
Car B,15,1.0,1,0.759,1,0.759,1.217,1.217,1.5465,1.6411,-0.5952,1.0,-0.6345,-25.0,-2.002
Car A,16,1.0667,1,2.862,1,2.862,-1.178,-1.178,1.6957,1.6748,0.7085,1.0,0.6812,25.0,2.004
Car B,16,1.0667,1,0.859,1,0.859,1.173,1.173,1.6676,1.816,-0.4604,1.0,-0.1344,-15.876,-2.004
Car A,17,1.1333,1,2.97,1,2.971,-1.128,-1.128,1.8212,1.8827,0.5576,1.0,0.6024,17.042,2.004
Car B,17,1.1333,1,0.967,1,0.967,1.131,1.131,1.7624,1.4223,-0.2385,1.0,-0.0477,-3.379,-2.004
Car A,18,1.2,1,3.087,1,3.087,-1.076,-1.076,1.9493,1.922,0.5679,1.0,0.3541,15.063,2.003
Car B,18,1.2,1,1.084,1,1.084,1.096,1.096,1.8827,1.8039,-0.0454,1.0,0.0722,-1.197,-2.003
Car A,19,1.2667,1,3.211,1,3.211,-1.023,-1.023,2.0688,1.7917,0.4005,1.0,0.3448,8.863,2.001
Car B,19,1.2667,1,1.21,1,1.21,1.061,1.061,2.0094,1.9018,0.0695,1.0,0.2228,1.799,-2.001
Car A,20,1.3333,1,3.344,1,3.344,-0.967,-0.967,2.2055,2.0511,0.4247,1.0,0.3396,8.619,1.999
Car B,20,1.3333,1,1.345,1,1.345,1.029,1.029,2.1251,1.7353,0.2596,1.0,0.5487,5.563,-1.999
Car A,21,1.4,1,3.484,1,3.484,-0.906,-0.906,2.3396,2.0106,0.4694,1.0,0.3308,8.49,1.997
Car B,21,1.4,1,1.488,1,1.488,1.002,1.002,2.1963,1.0672,0.5776,1.0,0.2582,13.706,-1.997
Car A,22,1.4667,1,3.632,1,3.632,-0.84,-0.84,2.4738,2.0133,0.5089,1.0,0.2886,8.269,1.995
Car B,22,1.4667,1,1.637,1,1.637,0.978,0.978,2.3035,1.6078,0.3815,1.0,0.2941,6.467,-1.995
Car A,23,1.5333,1,3.787,1,3.787,-0.769,-0.769,2.6097,2.0392,0.5148,1.0,0.1607,7.217,1.993
Car B,23,1.5333,1,1.794,1,1.794,0.951,0.951,2.4389,2.0312,0.446,1.0,-0.1407,7.35,-1.993
Car A,24,1.6,1,3.951,1,3.951,-0.696,-0.696,2.7391,1.9404,0.3258,1.0,-0.1949,4.022,1.993
Car B,24,1.6,1,1.957,1,1.958,0.921,0.921,2.52,1.2174,0.0535,1.0,-0.1309,-3.501,-1.993
Car A,25,1.6667,1,4.123,1,4.123,-0.624,-0.624,2.8177,1.179,-0.1031,1.0,-0.5077,-4.858,1.998
Car B,25,1.6667,1,2.125,1,2.125,0.881,0.881,2.6306,1.6577,-0.2191,1.0,-0.5615,-3.273,-1.998
Car A,26,1.7333,1,4.302,1,4.302,-0.561,-0.561,2.8629,0.6784,-0.612,1.0,-0.7668,-12.679,2.005
Car B,26,1.7333,1,2.297,1,2.297,0.832,0.832,2.69,0.8917,-0.6233,1.0,-0.5615,-14.021,-2.005
Car A,27,1.8,1,4.491,1,4.491,-0.517,-0.517,2.8071,-0.8379,1.4522,1.0,-1.0,-19.159,2.027
Car B,27,1.8,1,2.464,1,2.464,0.783,0.783,2.4004,-4.3446,0.3967,1.0,1.0,-14.038,-2.027
Car A,28,1.8667,1,4.684,1,4.684,-0.499,-0.499,2.7938,-0.1994,0.2746,1.0,-1.0,-24.991,2.062
Car B,28,1.8667,1,2.622,1,2.622,0.755,0.755,2.4168,0.2467,0.4518,1.0,1.0,24.941,-2.062
Car A,29,1.9333,1,4.877,1,4.877,-0.484,-0.484,2.7616,-0.4823,-0.7838,1.0,-1.0,-25.0,2.093
Car B,29,1.9333,1,2.784,1,2.784,0.733,0.733,2.4533,0.5479,1.0156,1.0,0.2184,24.999,-2.093
Car A,30,2.0,1,5.069,1,5.07,-0.471,-0.471,2.7394,-0.333,-0.8942,1.0,-0.9421,-25.0,2.119
Car B,30,2.0,1,2.95,1,2.95,0.722,0.722,2.3947,-0.8794,1.3981,1.0,-0.1517,5.489,-2.119
Car A,31,2.0667,1,5.266,1,5.266,-0.476,-0.476,2.8351,1.4358,-1.5411,1.0,-0.871,-23.554,2.155
Car B,31,2.0667,1,3.112,1,3.112,0.732,0.732,2.4279,0.4971,1.2281,1.0,-0.8328,-3.779,-2.155
Car A,32,2.1333,1,5.466,1,5.466,-0.484,-0.484,2.9205,1.281,-1.8013,1.0,-0.6679,-21.776,2.189
Car B,32,2.1333,1,3.278,1,3.278,0.755,0.755,2.5134,1.2831,1.1562,1.0,-1.0,-20.795,-2.189
Car A,33,2.2,1,5.67,1,5.67,-0.477,-0.477,3.005,1.2675,-1.4958,1.0,-0.3863,-16.706,2.223
Car B,33,2.2,1,3.448,1,3.448,0.771,0.771,2.5479,0.5181,1.21,1.0,-1.0,-24.993,-2.223
Car A,34,2.2667,1,5.876,1,5.876,-0.459,-0.459,3.0869,1.2276,-1.4392,1.0,-0.2954,-9.669,2.256
Car B,34,2.2667,1,3.62,1,3.62,0.788,0.788,2.6144,0.9965,0.9825,1.0,-1.0,-25.0,-2.256
Car A,35,2.3333,1,6.085,1,6.085,-0.43,-0.43,3.1848,1.4684,-0.9943,1.0,-0.3686,-7.388,2.286
Car B,35,2.3333,1,3.798,1,3.798,0.798,0.798,2.6931,1.1811,0.3618,1.0,-1.0,-25.0,-2.286
Car A,36,2.4,1,6.3,1,6.3,-0.402,-0.402,3.278,1.3976,-1.1668,1.0,-0.2928,-9.212,2.32
Car B,36,2.4,1,3.98,1,3.98,0.797,0.797,2.7434,0.7548,-0.1701,1.0,-1.0,-25.0,-2.32
Car A,37,2.4667,1,6.521,1,6.521,-0.377,-0.377,3.3865,1.6278,-1.0159,1.0,-0.288,-7.324,2.357
Car B,37,2.4667,1,4.164,1,4.164,0.785,0.785,2.7771,0.5045,-0.6815,0.9678,-1.0,-25.0,-2.357
Car A,38,2.5333,1,6.751,1,6.751,-0.353,-0.353,3.5076,1.8171,-0.9745,1.0,-0.2599,-7.199,2.402
Car B,38,2.5333,1,4.349,1,4.349,0.76,0.76,2.7965,0.2908,-1.1448,0.9411,-1.0,-25.0,-2.402
Car A,39,2.6,1,6.99,1,6.99,-0.331,-0.331,3.6489,2.1197,-0.8467,1.0,-0.2467,-6.499,2.456
Car B,39,2.6,1,4.534,1,4.534,0.722,0.722,2.8124,0.2389,-1.5601,1.0,-1.0,-25.0,-2.456
Car A,40,2.6667,1,7.238,1,7.238,-0.31,-0.31,3.7822,1.9985,-0.8673,1.0,-0.225,-6.169,2.519
Car B,40,2.6667,1,4.719,1,4.719,0.669,0.669,2.8525,0.6016,-1.8895,1.0,-0.6326,-25.0,-2.519
Car A,41,2.7333,1,7.496,1,7.496,-0.293,-0.293,3.919,2.0533,-0.8564,1.0,-0.1835,-5.626,2.589
Car B,41,2.7333,1,4.906,1,4.906,0.61,0.61,2.9705,1.7704,-1.4676,1.0,-0.4735,-15.829,-2.589
Car A,42,2.8,1,7.762,1,7.762,-0.276,-0.276,4.0547,2.0347,-0.7832,1.0,-0.1545,-4.59,2.659
Car B,42,2.8,1,5.103,1,5.103,0.552,0.552,3.1091,2.0792,-1.126,1.0,-0.3186,-11.845,-2.659
Car A,43,2.8667,1,8.038,1,8.038,-0.261,-0.261,4.1922,2.0623,-0.7051,1.0,-0.1376,-3.865,2.73
Car B,43,2.8667,1,5.308,1,5.308,0.494,0.494,3.2394,1.9538,-0.8671,1.0,1.0,-7.97,-2.73
Car A,44,2.9333,1,8.323,1,8.323,-0.247,-0.247,4.3309,2.0803,-0.6704,1.0,-0.1563,-3.441,2.803
Car B,44,2.9333,1,5.519,1,5.519,0.44,0.44,3.2853,0.6881,-0.2454,1.0,1.0,24.95,-2.803
Car A,45,3.0,1,8.617,1,8.617,-0.236,-0.236,4.4633,1.9864,-0.7858,1.0,-0.2031,-3.907,2.882
Car B,45,3.0,1,5.735,1,5.735,0.394,0.394,3.3235,0.5734,0.4499,1.0,1.0,24.999,-2.882
Car A,46,3.0667,1,8.919,1,8.919,-0.23,-0.23,4.5785,1.7278,-1.0331,1.0,-0.2295,-5.075,2.964
Car B,46,3.0667,1,5.955,1,5.955,0.361,0.361,3.3471,0.3535,1.0213,1.0,1.0,25.0,-2.964
Car A,47,3.1333,1,9.229,1,9.229,-0.232,-0.232,4.6922,1.7062,-1.2682,1.0,0.3883,-5.737,3.05
Car B,47,3.1333,1,6.179,1,6.179,0.341,0.341,3.3616,0.2189,1.5256,1.0,1.0,25.0,-3.05
Car A,48,3.2,1,9.544,1,9.544,-0.234,-0.234,4.7382,0.6898,-0.331,1.0,-0.2157,9.682,3.139
Car B,48,3.2,1,6.406,1,6.406,0.336,0.336,3.3739,0.1836,1.9703,1.0,1.0,25.0,-3.139
Car A,49,3.2667,1,9.861,1,9.861,-0.232,-0.232,4.7622,0.3593,-0.753,1.0,-0.1282,-5.369,3.227
Car B,49,3.2667,1,6.634,1,6.634,0.345,0.345,3.3918,0.2687,2.3544,1.0,0.0752,25.0,-3.227
Car A,50,3.3333,1,10.183,1,10.183,-0.239,-0.239,4.8777,1.7324,-0.7972,1.0,0.1289,-3.208,3.319
Car B,50,3.3333,1,6.864,1,6.864,0.362,0.362,3.4568,0.9748,1.8173,1.0,-0.3502,1.916,-3.319
Car A,51,3.4,1,10.511,1,10.511,-0.243,-0.243,4.9338,0.8418,0.0609,1.0,0.0117,3.212,3.412
Car B,51,3.4,1,7.099,1,7.099,0.371,0.371,3.5334,1.1489,0.6981,1.0,-1.0,-8.738,-3.412
Car A,52,3.4667,1,10.844,1,10.844,-0.241,-0.241,5.0427,1.633,0.0438,1.0,-0.0452,0.297,3.508
Car B,52,3.4667,1,7.336,1,7.336,0.368,0.368,3.5713,0.5688,-0.1179,1.0,-1.0,-24.974,-3.508
Car A,53,3.5333,1,11.185,1,11.185,-0.243,-0.243,5.1633,1.8095,-0.2993,1.0,-0.074,-1.129,3.61
Car B,53,3.5333,1,7.574,1,7.575,0.352,0.352,3.5967,0.3814,-0.7785,1.0,-0.6651,-25.0,-3.61
Car A,54,3.6,1,11.534,1,11.534,-0.249,-0.249,5.2922,1.9331,-0.5401,1.0,0.1363,-1.849,3.72
Car B,54,3.6,1,7.814,1,7.814,0.324,0.324,3.6207,0.359,-1.3423,0.9849,-0.4433,-16.639,-3.72
Car A,55,3.6667,1,11.89,1,11.89,-0.254,-0.254,5.3424,0.7539,0.354,1.0,-0.0392,3.4,3.833
Car B,55,3.6667,1,8.057,1,8.057,0.285,0.285,3.7194,1.4804,-1.4444,0.8807,-0.0334,-11.09,-3.833
Car A,56,3.7333,1,12.247,1,12.247,-0.254,-0.254,5.3976,0.8285,-0.2159,1.0,0.0337,-0.973,3.943
Car B,56,3.7333,1,8.305,1,8.305,0.244,0.244,3.7866,1.009,-0.703,1.0,0.7123,-0.851,-3.943
Car A,57,3.8,1,12.611,1,12.611,-0.257,-0.257,5.4997,1.5305,0.2529,1.0,-0.0485,0.839,4.054
Car B,57,3.8,1,8.557,1,8.557,0.213,0.213,3.8196,0.4953,-0.0564,1.0,1.0,17.779,-4.054
Car A,58,3.8667,1,12.982,1,12.982,-0.26,-0.26,5.5899,1.3527,-0.3706,1.0,0.0642,-1.209,4.169
Car B,58,3.8667,1,8.812,1,8.812,0.195,0.195,3.8443,0.3703,0.8497,1.0,1.0,24.989,-4.169
Car A,59,3.9333,1,13.357,1,13.357,-0.262,-0.262,5.6541,0.963,0.447,1.0,-0.0939,1.601,4.288
Car B,59,3.9333,1,9.07,1,9.07,0.19,0.19,3.8591,0.2216,1.4439,1.0,-0.0435,25.0,-4.288
Car A,60,4.0,1,13.736,1,13.736,-0.264,-0.264,5.6851,0.466,-0.3775,1.0,0.0523,-2.34,4.407
Car B,60,4.0,1,9.329,1,9.329,0.189,0.189,3.8935,0.5157,0.8931,1.0,0.0867,-1.049,-4.407
Car A,61,4.0667,1,14.116,1,14.116,-0.268,-0.268,5.7146,0.4414,0.3054,1.0,0.0263,1.301,4.523
Car B,61,4.0667,1,9.593,1,9.593,0.183,0.183,4.0184,1.874,0.404,1.0,0.4018,2.162,-4.523
Car A,62,4.1333,1,14.502,1,14.502,-0.267,-0.267,5.8424,1.9181,0.2412,1.0,0.0013,0.659,4.638
Car B,62,4.1333,1,9.864,1,9.864,0.181,0.181,4.0719,0.8016,0.949,1.0,-0.151,10.034,-4.638
Car A,63,4.2,1,14.896,1,14.896,-0.268,-0.268,5.9769,2.0166,0.0153,1.0,-0.0251,0.034,4.759
Car B,63,4.2,1,10.137,1,10.137,0.183,0.183,4.111,0.587,0.3214,0.8693,-0.0869,-3.753,-4.759
Car A,64,4.2667,1,15.295,1,15.295,-0.271,-0.271,5.9887,0.1777,-0.0462,1.0,0.1731,-0.61,4.881
Car B,64,4.2667,1,10.414,1,10.414,0.174,0.174,4.1868,1.1375,-0.3346,0.8572,0.022,-2.175,-4.881
Car A,65,4.3333,1,15.694,1,15.694,-0.27,-0.27,5.9878,-0.0133,0.7305,1.0,0.0599,4.32,4.997
Car B,65,4.3333,1,10.697,1,10.697,0.164,0.164,4.293,1.5931,0.0789,0.8653,0.0348,0.545,-4.997
Car A,66,4.4,1,16.094,1,16.094,-0.263,-0.263,5.9833,-0.0674,0.5744,1.0,0.2242,1.499,5.105
Car B,66,4.4,1,10.989,1,10.989,0.158,0.158,4.429,2.039,0.1752,0.8711,0.0183,0.868,-5.105
Car A,67,4.4667,1,16.493,1,16.493,-0.25,-0.25,5.9805,-0.0425,1.3177,1.0,0.1064,5.599,5.203
Car B,67,4.4667,1,11.29,1,11.29,0.152,0.152,4.569,2.1004,0.0971,0.8937,-0.0228,0.457,-5.203
Car A,68,4.5333,1,16.892,1,16.892,-0.23,-0.23,6.0181,0.5642,1.0152,1.0,0.3714,2.665,5.292
Car B,68,4.5333,1,11.599,1,11.599,0.144,0.144,4.6971,1.9215,-0.1332,0.8919,0.008,-0.569,-5.292
Car A,69,4.6,1,17.292,1,17.292,-0.202,-0.202,6.0074,-0.1611,1.7436,1.0,-0.0937,9.275,5.374
Car B,69,4.6,1,11.918,1,11.918,0.136,0.136,4.83,1.9935,0.0472,1.0,-0.0439,0.198,-5.374
Car A,70,4.6667,1,17.691,1,17.691,-0.169,-0.169,6.0144,0.1051,0.6123,1.0,-0.1538,-2.325,5.447
Car B,70,4.6667,1,12.245,1,12.245,0.126,0.126,4.9524,1.8356,-0.271,1.0,-0.033,-1.095,-5.447
Car A,71,4.7333,1,18.091,1,18.092,-0.146,-0.146,6.0139,-0.0079,-0.6012,1.0,1.0,-3.843,5.511
Car B,71,4.7333,1,12.58,1,12.58,0.113,0.113,5.0913,2.0843,-0.2256,1.0,-0.1063,-0.826,-5.511
Car A,72,4.8,1,18.491,1,18.491,-0.126,-0.126,6.0027,-0.1673,0.1295,1.0,0.9546,24.957,5.568
Car B,72,4.8,1,12.923,1,12.923,0.096,0.096,5.1927,1.5212,-0.7042,1.0,-0.0359,-2.654,-5.568
Car A,73,4.8667,1,18.89,1,18.89,-0.095,-0.095,5.9897,-0.1953,1.2826,1.0,1.0,23.866,5.616
Car B,73,4.8667,1,13.274,1,13.274,0.077,0.077,5.3098,1.7567,-0.2798,1.0,0.0486,-0.9,-5.616
Car A,74,4.9333,1,19.286,1,19.286,-0.05,-0.05,5.9756,-0.2117,2.0834,1.0,0.9871,24.998,5.655
Car B,74,4.9333,1,13.631,1,13.631,0.062,0.062,5.4043,1.4168,0.3303,1.0,0.1324,1.212,-5.655
Car A,75,5.0,1,19.68,1,19.68,0.012,0.012,5.9622,-0.2004,2.7018,1.0,0.6115,24.678,5.685
Car B,75,5.0,1,13.995,1,13.995,0.055,0.055,5.4775,1.0988,0.9639,1.0,0.1962,3.305,-5.685
Car A,76,5.0667,1,20.077,1,20.07,0.09,0.084,5.9541,-0.1222,3.1445,1.0,1.0,15.301,5.714
Car B,76,5.0667,1,14.363,1,14.363,0.059,0.059,5.5429,0.9803,1.5074,1.0,0.0604,4.902,-5.714
Car A,77,5.1333,1,20.469,1,20.456,0.185,0.149,5.9425,-0.1732,3.5423,1.0,1.0,24.985,5.734
Car B,77,5.1333,1,14.735,1,14.735,0.065,0.065,5.6157,1.0923,0.5525,1.0,-0.2248,1.516,-5.734
Car A,78,5.2,1,20.857,1,20.836,0.299,0.233,5.9324,-0.1519,3.8257,1.0,1.0,25.0,5.747
Car B,78,5.2,1,15.11,1,15.11,0.064,0.064,5.6228,0.1063,-0.4223,1.0,-0.2432,-5.609,-5.747
Car A,79,5.2667,1,21.289,1,21.21,0.431,0.284,5.9234,-0.135,4.0506,1.0,1.0,25.0,5.804
Car B,79,5.2667,1,15.485,1,15.485,0.051,0.051,5.6302,0.1103,-1.3225,1.0,-0.0291,-6.079,-5.804
Car A,80,5.3333,1,21.681,1,21.577,0.582,0.345,5.9156,-0.1171,4.2256,1.0,1.0,25.0,5.82
Car B,80,5.3333,1,15.861,1,15.861,0.032,0.032,5.6614,0.4692,-0.4005,1.0,0.0616,-0.735,-5.82
Car A,81,5.4,1,22.133,1,21.935,0.751,0.391,5.9086,-0.1045,4.3575,1.0,1.0,24.999,5.892
Car B,81,5.4,1,16.241,1,16.241,0.022,0.022,5.7267,0.9783,0.4758,1.0,0.1954,1.536,-5.892
Car A,82,5.4667,1,22.526,1,22.284,0.938,0.431,5.9025,-0.0926,4.4626,1.0,1.0,24.999,5.903
Car B,82,5.4667,1,16.624,1,16.624,0.023,0.023,5.7452,0.2782,1.2512,1.0,-0.076,4.879,-5.903
Car A,83,5.5333,1,22.993,1,22.622,1.143,0.47,5.8969,-0.083,4.5457,1.0,1.0,24.999,5.986
Car B,83,5.5333,1,17.007,1,17.007,0.027,0.027,5.7584,0.1983,0.2883,0.8141,-0.0293,-1.89,-5.986
Car A,84,5.6,1,23.387,1,22.948,1.365,0.489,5.8919,-0.0755,4.6106,1.0,1.0,24.999,6.002
Car B,84,5.6,1,17.385,1,17.385,0.024,0.024,5.6086,-2.2465,-0.2044,0.8311,-0.0714,-0.734,-6.002
Car A,85,5.6667,1,23.863,1,23.262,1.605,0.521,5.8874,-0.0674,4.6635,1.0,1.0,24.999,6.11
Car B,85,5.6667,1,17.753,1,17.753,0.016,0.016,5.4556,-2.2962,-0.5398,0.7848,0.0425,-1.783,-6.11
Car A,86,5.7333,1,24.257,1,23.562,1.861,0.52,5.8832,-0.0633,4.7039,1.0,1.0,24.999,6.145
Car B,86,5.7333,1,18.112,1,18.112,0.009,0.009,5.3434,-1.6831,0.1929,0.6275,0.3994,1.058,-6.145
Car A,87,5.8,1,24.651,1,23.848,2.132,0.541,5.8792,-0.0593,4.7349,1.0,1.0,24.999,6.187
Car B,87,5.8,1,18.464,1,18.464,0.011,0.011,5.264,-1.1897,0.9207,0.7841,0.3239,9.97,-6.187
Car A,88,5.8667,1,25.13,1,24.119,2.419,0.524,5.8756,-0.0547,4.7607,1.0,1.0,24.999,6.316
Car B,88,5.8667,1,18.814,1,18.814,0.026,0.026,5.2339,-0.452,1.6533,1.0,1.0,8.099,-6.316
Car A,89,5.9333,1,25.524,1,24.373,2.72,0.526,5.8721,-0.0526,4.7798,1.0,1.0,24.999,6.362
Car B,89,5.9333,1,19.162,1,19.162,0.054,0.054,5.2396,0.0857,1.9422,1.0,0.0661,24.975,-6.362
Car A,90,6.0,1,25.999,1,24.61,3.034,0.501,5.8688,-0.0491,4.7967,1.0,1.0,24.999,6.489
Car B,90,6.0,1,19.51,1,19.51,0.09,0.09,5.2527,0.1958,1.39,1.0,-0.6058,1.688,-6.489
Car A,91,6.0667,1,26.393,1,24.83,3.36,0.484,5.8656,-0.0472,4.8101,1.0,1.0,24.999,6.532
Car B,91,6.0667,1,19.86,1,19.86,0.117,0.117,5.2713,0.2799,-0.1279,0.6473,-0.0851,-15.117,-6.532
Car A,92,6.1333,1,26.86,1,25.031,3.698,0.452,5.8626,-0.0454,4.8198,1.0,1.0,24.999,6.644
Car B,92,6.1333,1,20.216,1,20.206,0.134,0.117,5.1327,-2.0791,-0.4228,1.0,1.0,-2.146,-6.644
Car A,93,6.2,1,27.251,1,25.214,4.046,0.417,5.8597,-0.0439,4.8278,1.0,1.0,24.999,6.693
Car B,93,6.2,1,20.558,1,20.548,0.154,0.111,5.1375,0.0707,0.2786,1.0,1.0,24.959,-6.693
Car A,94,6.2667,1,27.706,1,25.377,4.404,0.381,5.8568,-0.0428,4.8333,1.0,1.0,24.999,6.805
Car B,94,6.2667,1,20.901,1,20.889,0.186,0.115,5.1378,0.0051,1.3046,1.0,1.0,25.0,-6.805
Car A,95,6.3333,1,28.095,1,25.519,4.77,0.327,5.8541,-0.0415,4.8375,1.0,1.0,24.999,6.834
Car B,95,6.3333,1,21.261,1,21.229,0.232,0.086,5.136,-0.027,1.9972,1.0,1.0,25.0,-6.834
Car A,96,6.4,1,28.532,1,25.642,5.142,0.29,5.8514,-0.0404,4.8422,1.0,1.0,24.999,6.929
Car B,96,6.4,1,21.603,1,21.566,0.294,0.068,5.1331,-0.0436,2.5562,1.0,1.0,25.0,-6.929
Car A,97,6.4667,1,28.918,1,25.743,5.522,0.218,5.8488,-0.0394,4.845,1.0,1.0,24.999,6.962
Car B,97,6.4667,1,21.956,1,21.9,0.373,0.056,5.1305,-0.0389,3.0077,1.0,1.0,25.0,-6.962
Car A,98,6.5333,1,29.307,1,25.824,5.905,0.168,5.8462,-0.0388,4.8475,1.0,1.0,24.999,7.009
Car B,98,6.5333,1,22.298,1,22.23,0.469,0.018,5.1289,-0.0234,3.375,1.0,1.0,25.0,-7.009
Car A,99,6.6,1,29.708,1,25.883,6.293,0.117,5.8437,-0.0377,4.8491,1.0,0.9385,24.999,7.067
Car B,99,6.6,1,22.641,1,22.555,0.583,-0.001,5.1286,-0.0055,3.6692,1.0,1.0,25.0,-7.067
Car A,100,6.6667,1,30.098,1,25.92,6.683,0.08,5.8418,-0.0277,4.8442,1.0,0.8315,23.463,7.115
Car B,100,6.6667,1,22.983,1,22.873,0.715,-0.026,5.1295,0.0146,3.9042,1.0,1.0,24.999,-7.115
Car A,101,6.7333,1,30.49,1,25.936,7.075,0.064,5.8419,0.0015,4.8283,1.0,0.3769,20.79,7.164
Car B,101,6.7333,1,23.326,1,23.183,0.864,-0.061,5.1319,0.0357,4.0939,1.0,1.0,24.999,-7.164
Car A,102,6.8,1,30.883,1,25.938,7.468,0.062,5.91,1.0214,3.3839,1.0,0.4751,9.439,7.212
Car B,102,6.8,1,23.67,1,23.485,1.032,-0.075,5.1354,0.053,4.2437,1.0,1.0,24.999,-7.212
Car A,103,6.8667,1,31.278,1,25.93,7.863,0.07,5.9179,0.1185,3.6236,1.0,-1.0,11.872,7.276
Car B,103,6.8667,1,24.002,1,23.776,1.217,-0.108,5.14,0.0689,4.3663,1.0,1.0,24.999,-7.276
Car A,104,6.9333,1,31.673,1,25.916,8.258,0.084,5.9245,0.0983,1.9972,1.0,-0.3229,-24.944,7.327
Car B,104,6.9333,1,24.347,1,24.057,1.42,-0.136,5.1454,0.0807,4.4631,1.0,1.0,24.999,-7.327
Car A,105,7.0,1,32.069,1,25.906,8.654,0.094,5.9394,0.2245,0.4386,1.0,-0.2461,-8.098,7.376
Car B,105,7.0,1,24.693,1,24.325,1.639,-0.143,5.1516,0.0922,4.543,1.0,1.0,24.999,-7.376
Car A,106,7.0667,1,32.465,1,25.91,9.05,0.09,5.938,-0.021,-0.7735,1.0,-0.0944,-6.154,7.45
Car B,106,7.0667,1,25.015,1,24.579,1.874,-0.18,5.1583,0.101,4.6083,1.0,1.0,24.999,-7.45
Car A,107,7.1333,1,32.862,1,25.922,9.447,0.078,5.9821,0.6611,-0.8749,1.0,0.0507,-2.366,7.5
Car B,107,7.1333,1,25.362,1,24.82,2.125,-0.2,5.1654,0.1072,4.6617,1.0,1.0,24.999,-7.5
Car A,108,7.2,1,33.26,1,25.933,9.845,0.067,5.9828,0.0111,0.1341,1.0,-0.0287,1.261,7.582
Car B,108,7.2,1,25.678,1,25.045,2.39,-0.206,5.1729,0.1122,4.7033,1.0,1.0,24.999,-7.582
Car A,109,7.2667,1,33.659,1,25.941,10.244,0.059,5.9887,0.0874,-0.2885,1.0,-0.0601,-0.71,7.634
Car B,109,7.2667,1,26.025,1,25.254,2.669,-0.238,5.1807,0.1166,4.7395,1.0,1.0,24.999,-7.634
Car A,110,7.3333,1,34.058,1,25.954,10.642,0.046,5.9554,-0.4998,-0.6292,1.0,0.0695,-1.484,7.684
Car B,110,7.3333,1,26.374,1,25.445,2.961,-0.249,5.1886,0.1182,4.7672,1.0,1.0,24.999,-7.684
Car A,111,7.4,1,34.455,1,25.966,11.039,0.034,5.9594,0.0605,0.3775,1.0,0.3267,1.732,7.77
Car B,111,7.4,1,26.684,1,25.619,3.265,-0.256,5.1966,0.1203,4.7902,1.0,1.0,24.999,-7.77
Car A,112,7.4667,1,34.852,1,25.965,11.437,0.035,5.9531,-0.0947,1.3206,1.0,0.0296,8.158,7.818
Car B,112,7.4667,1,27.034,1,25.774,3.579,-0.279,5.2047,0.1211,4.8092,1.0,1.0,24.999,-7.818
Car A,113,7.5333,1,35.249,1,25.96,11.834,0.04,5.9624,0.1397,0.3334,1.0,1.0,0.751,7.864
Car B,113,7.5333,1,27.384,1,25.909,3.902,-0.28,5.2128,0.1213,4.825,1.0,1.0,24.999,-7.864
Car A,114,7.6,1,35.646,1,25.953,12.231,0.047,5.9588,-0.0531,0.9338,1.0,1.0,24.963,7.954
Car B,114,7.6,1,27.692,1,26.024,4.234,-0.289,5.2208,0.1205,4.8368,1.0,1.0,24.999,-7.954
Car A,115,7.6667,1,36.042,1,25.933,12.627,0.067,5.9413,-0.2628,2.0069,1.0,0.6301,25.0,7.999
Car B,115,7.6667,1,28.043,1,26.12,4.573,-0.302,5.2288,0.12,4.8474,1.0,1.0,24.999,-7.999
Car A,116,7.7333,1,36.437,1,25.897,13.022,0.103,5.9325,-0.1329,2.5911,1.0,1.0,15.765,8.041
Car B,116,7.7333,1,28.395,1,26.194,4.917,-0.294,5.2367,0.1185,4.8547,1.0,1.0,24.999,-8.041
Car A,117,7.8,1,36.829,1,25.844,13.414,0.156,5.9199,-0.1885,3.1194,1.0,1.0,24.985,8.127
Car B,117,7.8,1,28.702,1,26.247,5.266,-0.304,5.2445,0.1174,4.8611,1.0,1.0,24.999,-8.127
Car A,118,7.8667,1,37.218,1,25.773,13.803,0.227,5.9087,-0.1678,3.498,1.0,1.0,25.0,8.162
Car B,118,7.8667,1,29.056,1,26.278,5.618,-0.307,5.2522,0.1157,4.8673,1.0,1.0,24.999,-8.162
Car A,119,7.9333,1,37.627,1,25.684,14.188,0.3,5.8988,-0.1486,3.7969,1.0,1.0,25.0,8.218
Car B,119,7.9333,1,29.409,1,26.288,5.971,-0.289,5.2598,0.1139,4.8702,1.0,1.0,24.999,-8.218
Car A,120,8.0,1,38.014,1,25.577,14.567,0.377,5.8902,-0.1291,4.026,1.0,1.0,25.0,8.273
Car B,120,8.0,1,29.74,1,26.276,6.325,-0.276,5.2673,0.1121,4.8732,1.0,1.0,24.999,-8.273
Car A,121,8.0667,1,38.469,1,25.45,14.94,0.462,5.8827,-0.1128,4.2053,1.0,1.0,25.0,8.376
Car B,121,8.0667,1,30.093,1,26.243,6.678,-0.243,5.2746,0.1102,4.8753,1.0,0.3629,24.999,-8.376
Car A,122,8.1333,1,38.859,1,25.305,15.306,0.518,5.8761,-0.0981,4.3414,1.0,1.0,24.999,8.413
Car B,122,8.1333,1,30.447,1,26.196,7.032,-0.196,5.3443,1.0443,3.272,1.0,-0.0992,9.096,-8.413
Car A,123,8.2,1,39.245,1,25.141,15.664,0.594,5.8704,-0.0866,4.4505,1.0,1.0,24.999,8.442
Car B,123,8.2,1,30.803,1,26.153,7.388,-0.153,5.3895,0.679,1.5966,1.0,-0.1888,-2.463,-8.442
Car A,124,8.2667,1,39.73,1,24.958,16.012,0.63,5.8652,-0.0775,4.5367,1.0,1.0,24.999,8.568
Car B,124,8.2667,1,31.162,1,26.12,7.747,-0.12,5.4104,0.3136,0.1948,1.0,-0.2544,-4.717,-8.568
Car A,125,8.3333,1,40.119,1,24.758,16.35,0.687,5.8606,-0.0686,4.6028,1.0,1.0,24.999,8.597
Car B,125,8.3333,1,31.523,1,26.099,8.108,-0.099,5.422,0.1736,-0.8099,1.0,-0.2342,-6.358,-8.597
Car A,126,8.4,1,40.621,1,24.539,16.676,0.713,5.8565,-0.0622,4.6548,1.0,1.0,24.999,8.736
Car B,126,8.4,1,31.885,1,26.091,8.47,-0.091,5.448,0.3904,-1.5553,1.0,-0.1388,-5.854,-8.736
Car A,127,8.4667,1,41.011,1,24.303,16.99,0.75,5.8527,-0.0574,4.6984,1.0,1.0,24.999,8.76
Car B,127,8.4667,1,32.252,1,26.089,8.837,-0.089,5.5448,1.4518,-1.1355,1.0,-0.0933,-3.473,-8.76
Car A,128,8.5333,1,41.523,1,24.051,17.291,0.764,5.8492,-0.052,4.7318,1.0,1.0,24.999,8.897
Car B,128,8.5333,1,32.626,1,26.087,9.211,-0.087,5.6676,1.8414,-0.8066,1.0,-0.0532,-2.335,-8.897
Car A,129,8.6,1,41.915,1,23.783,17.577,0.782,5.8459,-0.049,4.7583,1.0,1.0,24.999,8.906
Car B,129,8.6,1,33.009,1,26.085,9.594,-0.085,5.7927,1.8769,-0.4855,1.0,-0.0435,-1.331,-8.906
Car A,130,8.6667,1,42.431,1,23.5,17.848,0.783,5.8429,-0.0448,4.7781,1.0,1.0,24.999,9.03
Car B,130,8.6667,1,33.401,1,26.084,9.986,-0.084,5.9283,2.0338,-0.4195,1.0,-0.0091,-1.088,-9.03
Car A,131,8.7333,1,42.823,1,23.202,18.102,0.782,5.8401,-0.0431,4.7947,1.0,1.0,24.999,9.025
Car B,131,8.7333,1,33.797,1,26.081,10.382,-0.081,5.9785,0.7536,-0.1288,1.0,-0.0283,-0.228,-9.025
Car A,132,8.8,1,43.338,1,22.891,18.34,0.77,5.8374,-0.0408,4.8088,1.0,1.0,24.999,9.142
Car B,132,8.8,1,34.196,1,26.079,10.781,-0.079,5.9815,0.0444,-0.1629,1.0,-0.0123,-0.682,-9.142
Car A,133,8.8667,1,43.729,1,22.567,18.561,0.752,5.8347,-0.0399,4.8198,1.0,1.0,24.999,9.133
Car B,133,8.8667,1,34.596,1,26.077,11.181,-0.077,5.9987,0.2578,-0.1161,0.8411,0.0101,-0.304,-9.133
Car A,134,8.9333,1,44.237,1,22.232,18.763,0.727,5.8323,-0.0367,4.8259,1.0,1.0,24.999,9.249
Car B,134,8.9333,1,34.988,1,26.074,11.573,-0.074,5.8171,-2.7243,0.0624,0.8768,-0.0204,0.251,-9.249
Car A,135,9.0,1,44.626,2,21.887,18.946,0.69,5.8298,-0.0365,4.8341,1.0,1.0,24.999,9.257
Car B,135,9.0,1,35.369,1,26.072,11.954,-0.072,5.6495,-2.5138,-0.1649,0.8125,0.0972,-0.509,-9.257
Car A,136,9.0667,1,45.121,2,21.531,19.109,0.656,5.8275,-0.0351,4.84,1.0,1.0,24.999,9.38
Car B,136,9.0667,1,35.741,1,26.068,12.326,-0.068,5.5492,-1.5046,0.5723,0.839,-0.0322,2.426,-9.38
Car A,137,9.1333,1,45.508,2,21.168,19.253,0.601,5.8252,-0.0341,4.8414,1.0,1.0,24.999,9.401
Car B,137,9.1333,1,36.108,1,26.061,12.693,-0.061,5.4673,-1.2284,-0.1503,0.843,-0.0017,-0.8,-9.401
Car A,138,9.2,1,45.986,2,20.797,19.376,0.56,5.823,-0.0332,4.8454,1.0,1.0,24.999,9.521
Car B,138,9.2,1,36.465,1,26.058,13.05,-0.058,5.2978,-2.542,-0.0175,1.0,1.0,-0.045,-9.521
Car A,139,9.2667,1,46.37,2,20.42,19.478,0.487,5.8208,-0.0325,4.8487,1.0,1.0,24.999,9.552
Car B,139,9.2667,1,36.818,1,26.048,13.403,-0.048,5.3003,0.0376,0.6552,1.0,1.0,24.962,-9.552
Car A,140,9.3333,1,46.757,2,20.038,19.559,0.436,5.8187,-0.0312,4.8505,1.0,1.0,24.999,9.586
Car B,140,9.3333,1,37.171,1,26.027,13.756,-0.027,5.2952,-0.0759,1.6619,1.0,1.0,25.0,-9.586
Car A,141,9.4,1,47.177,2,19.653,19.619,0.381,5.8166,-0.0322,4.853,1.0,0.2689,24.999,9.654
Car B,141,9.4,1,37.523,1,25.989,14.107,0.003,5.2908,-0.0666,2.3042,1.0,1.0,25.0,-9.654
Car A,142,9.4667,1,47.566,2,19.265,19.666,0.334,5.8641,0.7128,3.092,1.0,0.4269,6.752,9.69
Car B,142,9.4667,1,37.876,1,25.935,14.457,0.029,5.2861,-0.0704,2.8091,1.0,1.0,25.0,-9.69
Car A,143,9.5333,1,47.956,2,18.874,19.71,0.29,5.8762,0.1815,3.0014,1.0,0.0302,10.665,9.729
Car B,143,9.5333,1,38.226,1,25.864,14.803,0.072,5.2821,-0.0596,3.2322,1.0,1.0,25.0,-9.729
Car A,144,9.6,1,48.347,2,18.483,19.746,0.254,5.8978,0.3239,1.5743,1.0,0.035,0.77,9.754
Car B,144,9.6,1,38.593,1,25.775,15.146,0.098,5.2794,-0.0406,3.5542,1.0,1.0,25.0,-9.754
Car A,145,9.6667,1,48.739,2,18.091,19.792,0.208,5.9454,0.7142,0.3355,1.0,0.2168,0.875,9.793
Car B,145,9.6667,1,38.946,1,25.668,15.483,0.124,5.2779,-0.0228,3.8227,1.0,1.0,25.0,-9.793
Car A,146,9.7333,1,49.133,2,17.697,19.835,0.165,5.9425,-0.0443,1.1464,1.0,0.2765,5.412,9.809
Car B,146,9.7333,1,39.323,1,25.543,15.814,0.166,5.2778,-0.0021,4.0294,1.0,1.0,24.999,-9.809
Car A,147,9.8,1,49.528,2,17.302,19.865,0.135,5.9384,-0.061,1.9334,1.0,0.1515,6.911,9.85
Car B,147,9.8,1,39.678,1,25.399,16.138,0.175,5.2788,0.0152,4.1968,1.0,1.0,24.999,-9.85
Car A,148,9.8667,1,49.924,2,16.906,19.886,0.114,5.9763,0.5689,1.4215,1.0,0.1397,3.792,9.893
Car B,148,9.8667,1,40.031,1,25.237,16.453,0.204,5.2808,0.0306,4.3301,1.0,1.0,24.999,-9.893
Car A,149,9.9333,1,50.324,2,16.506,19.905,0.095,6.0203,0.6603,1.3358,1.0,0.1158,3.493,9.904
Car B,149,9.9333,1,40.42,1,25.057,16.759,0.228,5.2836,0.0424,4.4361,1.0,1.0,24.999,-9.904
Car A,150,10.0,1,50.726,2,16.104,19.919,0.081,6.0032,-0.2579,1.1302,1.0,0.0986,2.894,9.95
Car B,150,10.0,1,40.775,1,24.859,17.054,0.243,5.2872,0.0533,4.5211,1.0,1.0,24.999,-9.95
Car A,151,10.0667,1,51.128,2,15.703,19.93,0.07,6.0449,0.6266,0.9776,1.0,0.0869,2.467,9.999
Car B,151,10.0667,1,41.129,1,24.644,17.337,0.279,5.2913,0.0621,4.5926,1.0,1.0,24.999,-9.999
Car A,152,10.1333,1,51.529,2,15.301,19.939,0.061,6.0342,-0.1616,0.85,1.0,0.0685,2.175,10.0
Car B,152,10.1333,1,41.529,1,24.412,17.607,0.284,5.2959,0.0688,4.6488,1.0,1.0,24.999,-10.0
Car A,153,10.2,1,51.929,2,14.901,19.945,0.055,5.998,-0.5427,0.6543,1.0,0.0555,1.714,10.044
Car B,153,10.2,1,41.885,1,24.164,17.863,0.306,5.3009,0.0746,4.6943,1.0,1.0,24.999,-10.044
Car A,154,10.2667,1,52.331,2,14.499,19.951,0.049,6.0348,0.5529,0.3175,1.0,0.0717,1.36,10.039
Car B,154,10.2667,1,42.292,1,23.901,18.104,0.327,5.3062,0.0793,4.7299,1.0,1.0,24.999,-10.039
Car A,155,10.3333,1,52.733,2,14.097,19.954,0.046,6.0464,0.1738,0.7177,1.0,-0.0113,1.784,10.084
Car B,155,10.3333,1,42.649,1,23.624,18.33,0.335,5.3116,0.0816,4.7587,1.0,1.0,24.999,-10.084
Car A,156,10.4,1,53.136,2,13.694,19.957,0.043,6.0127,-0.5062,-0.1135,1.0,0.0699,-0.275,10.131
Car B,156,10.4,1,43.005,1,23.334,18.538,0.366,5.3172,0.0842,4.7852,1.0,1.0,24.999,-10.131
Car A,157,10.4667,1,53.537,2,13.294,19.96,0.04,6.0125,-0.0021,0.663,1.0,-0.0336,1.744,10.116
Car B,157,10.4667,1,43.421,1,23.031,18.729,0.366,5.3229,0.0849,4.8036,1.0,1.0,24.999,-10.116
Car A,158,10.5333,1,53.937,2,12.893,19.962,0.038,6.0066,-0.0892,-0.2895,1.0,0.0688,-0.835,10.158
Car B,158,10.5333,1,43.779,1,22.717,18.901,0.383,5.3287,0.0866,4.8197,1.0,1.0,24.999,-10.158
Car A,159,10.6,1,54.338,2,12.492,19.965,0.035,6.0059,-0.0097,0.5728,1.0,-0.032,1.715,10.138
Car B,159,10.6,1,44.2,1,22.393,19.055,0.396,5.3345,0.0865,4.8336,1.0,1.0,24.999,-10.138
Car A,160,10.6667,1,54.738,2,12.092,19.966,0.034,6.0002,-0.0857,-0.2979,1.0,0.0615,-0.796,10.179
Car B,160,10.6667,1,44.559,2,22.06,19.188,0.4,5.3402,0.0856,4.8428,1.0,1.0,24.999,-10.179
Car A,161,10.7333,1,55.138,2,11.692,19.967,0.033,5.9988,-0.0208,0.5573,1.0,-0.0559,1.534,10.154
Car B,161,10.7333,1,44.984,2,21.719,19.302,0.425,5.3459,0.0861,4.8519,1.0,1.0,24.999,-10.154
Car A,162,10.8,1,55.538,2,11.292,19.967,0.033,5.9979,-0.0145,-0.38,1.0,0.0573,-1.394,10.194
Car B,162,10.8,1,45.344,2,21.371,19.395,0.416,5.3516,0.0849,4.8576,1.0,1.0,24.999,-10.194
Car A,163,10.8667,1,55.938,2,10.893,19.969,0.031,5.9956,-0.0345,0.4315,1.0,-0.0332,1.427,10.234
Car B,163,10.8667,1,45.704,2,21.018,19.467,0.428,5.3573,0.0853,4.8626,0.9041,-0.9052,24.999,-10.234
Car A,164,10.9333,1,56.337,2,10.493,19.97,0.03,5.993,-0.0387,-0.3215,1.0,0.055,-0.825,10.206
Car B,164,10.9333,1,46.131,2,20.664,19.529,0.417,5.3784,0.3179,3.1078,1.0,0.9263,-22.558,-10.206
Car A,165,11.0,1,56.737,2,10.093,19.97,0.03,5.9934,0.0057,0.5067,1.0,-0.0654,1.371,10.247
Car B,165,11.0,1,46.489,2,20.309,19.583,0.391,5.3721,-0.0955,3.6559,1.0,-0.4158,23.087,-10.247
Car A,166,11.0667,1,57.136,2,9.694,19.97,0.03,5.9931,-0.0036,-0.4622,1.0,0.0568,-1.629,10.257
Car B,166,11.0667,1,46.88,2,19.95,19.625,0.375,5.4202,0.7213,1.8122,1.0,0.5192,-10.344,-10.257
Car A,167,11.1333,1,57.536,2,9.294,19.972,0.028,5.9911,-0.031,0.3892,1.0,-0.0282,1.416,10.297
Car B,167,11.1333,1,47.239,2,19.592,19.669,0.331,5.4247,0.0679,1.7126,0.9448,-0.0961,12.944,-10.297
Car A,168,11.2,1,57.935,2,8.895,19.972,0.028,5.9912,0.0023,-0.2764,1.0,0.046,-0.699,10.337
Car B,168,11.2,1,47.599,2,19.231,19.708,0.292,5.4331,0.1257,0.9127,0.9086,-0.1009,-2.378,-10.337
Car A,169,11.2667,1,58.335,2,8.495,19.971,0.029,5.9904,-0.012,0.4454,1.0,-0.0703,1.147,10.377
Car B,169,11.2667,1,47.958,2,18.872,19.757,0.243,5.4366,0.0532,-0.2928,0.8335,0.1338,-2.521,-10.377
Car A,170,11.3333,1,58.734,2,8.096,19.972,0.028,5.9886,-0.0272,-0.5167,1.0,0.0567,-1.754,10.419
Car B,170,11.3333,1,48.315,2,18.515,19.809,0.191,5.4081,-0.4275,0.3873,0.8149,0.2077,3.336,-10.419
Car A,171,11.4,1,59.133,2,7.697,19.974,0.026,5.9889,0.0043,0.3366,1.0,-0.021,1.413,10.462
Car B,171,11.4,1,48.672,2,18.158,19.848,0.152,5.3652,-0.6445,1.2349,0.9076,0.1796,5.188,-10.462
Car A,172,11.4667,1,59.533,2,7.297,19.974,0.026,5.995,0.0918,-0.2215,1.0,0.0405,-0.519,10.502
Car B,172,11.4667,1,49.03,2,17.8,19.877,0.123,5.3996,0.5172,1.4585,1.0,0.1214,4.489,-10.502
Car A,173,11.5333,1,59.932,2,6.898,19.972,0.028,5.9973,0.034,0.3994,1.0,-0.0814,1.01,10.538
Car B,173,11.5333,1,49.395,2,17.436,19.905,0.095,5.5289,1.9385,0.9715,1.0,0.1214,3.038,-10.538
Car A,174,11.6,1,60.332,2,6.498,19.973,0.027,5.9977,0.0057,-0.5457,1.0,0.0295,-2.03,10.565
Car B,174,11.6,1,49.768,2,17.062,19.929,0.071,5.6541,1.879,1.0435,1.0,0.102,3.034,-10.565
Car A,175,11.6667,1,60.732,2,6.098,19.976,0.024,5.9953,-0.0352,0.2743,1.0,-0.0684,0.732,10.583
Car B,175,11.6667,1,50.149,2,16.681,19.951,0.049,5.7809,1.9019,0.8948,1.0,0.0983,2.551,-10.583
Car A,176,11.7333,1,61.132,2,5.699,19.978,0.022,5.993,-0.034,-0.6019,1.0,0.0658,-1.706,10.593
Car B,176,11.7333,1,50.539,2,16.292,19.97,0.03,5.8733,1.3855,0.9529,1.0,0.0811,2.44,-10.593
Car A,177,11.8,1,61.531,2,5.299,19.982,0.018,5.9932,0.0016,0.3477,1.0,-0.0198,1.639,10.599
Car B,177,11.8,1,50.932,2,15.898,19.986,0.014,5.9174,0.6617,0.8745,1.0,0.0723,2.013,-10.599
Car A,178,11.8667,1,61.931,2,4.9,19.983,0.017,5.9987,0.0838,-0.2134,1.0,0.0494,-0.486,10.604
Car B,178,11.8667,1,51.327,2,15.503,20.0,0.0,5.9304,0.1947,0.7038,1.0,0.0693,1.787,-10.604
Car A,179,11.9333,1,62.331,2,4.5,19.984,0.016,5.9992,0.0064,0.4772,1.0,-0.0685,1.232,10.608
Car B,179,11.9333,1,51.723,2,15.108,20.011,-0.011,5.9347,0.0638,0.7055,1.0,0.0575,1.71,-10.608
Car A,180,12.0,1,62.731,2,4.1,19.985,0.015,6.0001,0.0142,-0.4781,1.0,0.0662,-1.706,10.612
Car B,180,12.0,1,52.119,2,14.711,20.021,-0.021,5.9557,0.3158,0.341,1.0,0.0673,1.414,-10.612
Car A,181,12.0667,1,63.13,2,3.7,19.988,0.012,5.9967,-0.0517,0.377,1.0,-0.0164,1.65,10.615
Car B,181,12.0667,1,52.516,2,14.315,20.028,-0.028,5.9412,-0.2172,0.6858,1.0,0.035,1.659,-10.615
Car A,182,12.1333,1,63.53,2,3.3,19.988,0.012,5.9983,0.025,-0.172,1.0,0.0481,-0.403,10.618
Car B,182,12.1333,1,52.913,2,13.917,20.035,-0.035,5.9702,0.4349,0.2518,1.0,0.0483,0.862,-10.618
Car A,183,12.2,1,63.93,2,2.9,19.987,0.013,6.0104,0.1805,0.4876,1.0,-0.0793,1.2,10.619
Car B,183,12.2,1,53.311,2,13.519,20.04,-0.04,5.99,0.2971,0.4615,1.0,0.0311,1.205,-10.619
Car A,184,12.2667,1,64.331,2,2.499,19.987,0.013,6.0094,-0.0145,-0.4649,1.0,0.0603,-1.976,10.621
Car B,184,12.2667,1,53.71,2,13.12,20.043,-0.043,5.9786,-0.1713,0.221,1.0,0.0344,0.766,-10.621
Car A,185,12.3333,1,64.731,2,2.099,19.989,0.011,6.0057,-0.0552,0.3327,1.0,-0.0201,1.501,10.623
Car B,185,12.3333,1,54.109,2,12.721,20.046,-0.046,5.9995,0.3132,0.3489,1.0,0.0227,0.857,-10.623
Car A,186,12.4,1,65.131,2,1.699,19.989,0.011,6.0004,-0.0799,-0.2059,1.0,0.0455,-0.497,10.623
Car B,186,12.4,1,54.508,2,12.322,20.049,-0.049,5.9881,-0.1714,0.1318,1.0,0.0264,0.559,-10.623
Car A,187,12.4667,1,65.531,2,1.299,19.988,0.012,6.0038,0.0515,0.4458,1.0,-0.0811,1.135,10.624
Car B,187,12.4667,1,54.907,2,11.923,20.05,-0.05,5.9881,0.0008,0.2932,1.0,0.0131,0.655,-10.624
Car A,188,12.5333,1,65.932,2,0.898,19.987,0.013,6.0037,-0.0013,-0.4808,1.0,0.059,-2.022,10.625
Car B,188,12.5333,1,55.307,2,11.523,20.051,-0.051,5.9867,-0.021,0.1638,1.0,0.0135,0.329,-10.625
Car A,189,12.6,1,66.332,2,0.498,19.99,0.01,6.0006,-0.047,0.324,1.0,-0.0248,1.47,10.626
Car B,189,12.6,1,55.706,2,11.124,20.052,-0.052,5.9942,0.1122,0.0682,1.0,0.0168,0.33,-10.626
Car A,190,12.6667,1,66.732,2,0.098,19.989,0.011,5.9988,-0.0268,-0.2469,1.0,0.0477,-0.617,10.626
Car B,190,12.6667,1,56.106,2,10.724,20.052,-0.052,5.9932,-0.015,0.0202,1.0,0.0154,0.4,-10.626
Car A,191,12.7333,1,67.132,2,-0.302,19.988,0.012,5.9987,-0.002,0.4567,1.0,-0.0882,1.19,10.626
Car B,191,12.7333,1,56.505,2,10.325,20.053,-0.053,5.9939,0.011,0.0744,1.0,0.0111,0.377,-10.626
Car A,192,12.8,1,67.532,2,-0.702,19.987,0.013,5.9988,0.0018,-0.4898,1.0,0.0584,-2.201,10.627
Car B,192,12.8,1,56.905,2,9.925,20.052,-0.052,6.0033,0.1405,0.0792,1.0,0.0066,0.272,-10.627
Car A,193,12.8667,1,67.931,2,-1.101,19.99,0.01,5.9974,-0.0218,0.3128,1.0,-0.0238,1.455,10.626
Car B,193,12.8667,1,57.306,2,9.525,20.051,-0.051,6.0081,0.0728,0.0497,1.0,0.004,0.164,-10.626
Car A,194,12.9333,1,68.331,2,-1.501,19.989,0.011,5.9947,-0.0397,-0.2419,1.0,0.0472,-0.589,10.625
Car B,194,12.9333,1,57.706,2,9.124,20.05,-0.05,6.0048,-0.0496,0.0437,1.0,0.0009,0.1,-10.625
Car A,195,13.0,1,68.731,2,-1.901,19.988,0.012,6.0006,0.0886,0.4542,1.0,-0.0916,1.178,10.624
Car B,195,13.0,1,58.107,2,8.724,20.049,-0.049,6.0052,0.005,0.0252,1.0,-0.0013,0.025,-10.624
Car A,196,13.0667,1,69.131,2,-2.301,19.987,0.013,6.0005,-0.0018,-0.4689,1.0,0.0533,-2.284,10.624
Car B,196,13.0667,1,58.507,2,8.323,20.049,-0.049,6.0005,-0.0694,0.0152,1.0,-0.002,-0.028,-10.624
Car A,197,13.1333,1,69.531,2,-2.701,19.989,0.011,5.9985,-0.03,0.3215,1.0,-0.0354,1.326,10.624
Car B,197,13.1333,1,58.907,2,7.923,20.048,-0.048,6.0007,0.0022,-0.0017,1.0,-0.0024,-0.047,-10.624
Car A,198,13.2,1,69.931,2,-3.101,19.989,0.011,5.9953,-0.048,-0.3449,1.0,0.055,-0.88,10.624
Car B,198,13.2,1,59.307,2,7.523,20.047,-0.047,6.0014,0.0106,-0.0181,1.0,-0.0024,-0.058,-10.624
Car A,199,13.2667,1,70.33,2,-3.5,19.988,0.012,5.9947,-0.0097,0.5081,1.0,-0.0945,1.371,10.623
Car B,199,13.2667,1,59.707,2,7.123,20.046,-0.046,6.0017,0.0052,-0.0271,1.0,-0.0023,-0.058,-10.623
Car A,200,13.3333,1,70.73,2,-3.9,19.987,0.013,5.9954,0.0114,-0.4331,1.0,0.0508,-2.357,10.623
Car B,200,13.3333,1,60.107,2,6.723,20.046,-0.046,6.0011,-0.0101,-0.0276,1.0,-0.0025,-0.056,-10.623
Car A,201,13.4,1,71.13,2,-4.299,19.989,0.011,5.9941,-0.0196,0.3276,1.0,-0.039,1.264,10.622
Car B,201,13.4,1,60.507,2,6.323,20.045,-0.045,6.0017,0.0092,-0.0215,1.0,-0.003,-0.062,-10.622
Car A,202,13.4667,1,71.529,2,-4.699,19.989,0.011,5.9934,-0.0112,-0.3701,1.0,0.0572,-0.971,10.622
Car B,202,13.4667,1,60.907,2,5.923,20.045,-0.045,6.0015,-0.0025,-0.0076,1.0,-0.0039,-0.072,-10.622
Car A,203,13.5333,1,71.929,2,-5.099,19.989,0.011,5.9925,-0.0125,0.5242,1.0,-0.094,1.426,10.621
Car B,203,13.5333,1,61.308,2,5.523,20.044,-0.044,6.0016,0.001,-0.011,1.0,-0.0044,-0.093,-10.621
Car A,204,13.6,1,72.328,2,-5.498,19.987,0.013,5.9924,-0.0027,-0.4256,1.0,0.0512,-2.344,10.62
Car B,204,13.6,1,61.708,2,5.122,20.044,-0.044,6.0023,0.0102,-0.0192,1.0,-0.0042,-0.105,-10.62
Car A,205,13.6667,1,72.728,2,-5.897,19.989,0.011,5.9917,-0.0097,0.3517,1.0,-0.0429,1.273,10.62
Car B,205,13.6667,1,62.108,2,4.722,20.043,-0.043,6.003,0.0113,-0.0222,1.0,-0.0037,-0.102,-10.62
Car A,206,13.7333,1,73.127,2,-6.297,19.989,0.011,5.9911,-0.0092,-0.4139,1.0,0.0621,-1.069,10.619
Car B,206,13.7333,1,62.508,2,4.322,20.043,-0.043,6.0034,0.0064,-0.0053,1.0,-0.0037,-0.089,-10.619
Car A,207,13.8,1,73.527,2,-6.696,19.989,0.011,5.9928,0.0252,0.5005,1.0,-0.0803,1.548,10.618
Car B,207,13.8,1,62.908,2,3.922,20.043,-0.043,6.0025,-0.0144,-0.0255,1.0,-0.0024,-0.089,-10.618
Car A,208,13.8667,1,73.926,2,-7.096,19.988,0.012,5.9911,-0.0253,-0.3995,1.0,0.0504,-2.003,10.617
Car B,208,13.8667,1,63.309,2,3.521,20.043,-0.043,6.0007,-0.0269,-0.0129,1.0,-0.002,-0.06,-10.617
Car A,209,13.9333,1,74.325,2,-7.495,19.99,0.01,5.9906,-0.007,0.3507,1.0,-0.0452,1.255,10.617
Car B,209,13.9333,1,63.709,2,3.121,20.043,-0.043,6.0015,0.0116,-0.01,1.0,-0.0016,-0.05,-10.617
Car A,210,14.0,1,74.725,2,-7.894,19.989,0.011,5.989,-0.0238,-0.4079,1.0,0.0599,-1.126,10.616
Car B,210,14.0,1,64.109,2,2.721,20.043,-0.043,6.0006,-0.0123,-0.0098,1.0,-0.0011,-0.039,-10.616
Car A,211,14.0667,1,75.124,2,-8.294,19.99,0.01,5.9893,0.0034,0.4764,1.0,-0.0756,1.493,10.615
Car B,211,14.0667,1,64.509,2,2.321,20.043,-0.043,6.0005,-0.0018,0.0377,1.0,-0.0024,-0.026,-10.615
Car A,212,14.1333,1,75.523,2,-8.693,19.988,0.012,5.9885,-0.012,-0.4147,1.0,0.0535,-1.884,10.614
Car B,212,14.1333,1,64.909,2,1.921,20.043,-0.043,6.0002,-0.0045,0.0105,1.0,-0.0017,-0.058,-10.614
Car A,213,14.2,1,75.922,2,-9.092,19.99,0.01,5.988,-0.0075,0.3607,1.0,-0.0441,1.332,10.613
Car B,213,14.2,1,65.309,2,1.521,20.044,-0.044,6.0005,0.0046,-0.0323,1.0,0.001,-0.042,-10.613
Car A,214,14.2667,1,76.321,2,-9.491,19.99,0.01,5.9863,-0.0242,-0.4031,1.0,0.0601,-1.098,10.612
Car B,214,14.2667,1,65.709,2,1.121,20.044,-0.044,6.0027,0.0329,0.0063,1.0,-0.0005,0.026,-10.612
Car A,215,14.3333,1,76.721,2,-9.89,19.99,0.01,5.9879,0.0234,0.4821,1.0,-0.0765,1.498,10.611
Car B,215,14.3333,1,66.109,2,0.721,20.044,-0.044,5.9997,-0.0449,0.0221,1.0,-0.002,-0.01,-10.611
Car A,216,14.4,1,77.12,2,-10.29,19.988,0.012,5.9868,-0.0159,-0.4118,1.0,0.0532,-1.907,10.61
Car B,216,14.4,1,66.509,2,0.321,20.043,-0.043,5.9996,-0.0024,0.0219,1.0,-0.0031,-0.048,-10.61
Car A,217,14.4667,1,77.519,2,-10.689,19.99,0.01,5.9862,-0.01,0.359,1.0,-0.0436,1.324,10.609
Car B,217,14.4667,1,66.909,2,-0.079,20.043,-0.043,6.0008,0.018,-0.0001,1.0,-0.0025,-0.076,-10.609
Car A,218,14.5333,1,77.918,2,-11.088,19.99,0.01,5.9871,0.0139,-0.4052,1.0,0.061,-1.086,10.608
Car B,218,14.5333,1,67.309,2,-0.479,20.043,-0.043,6.0017,0.014,-0.0218,1.0,-0.0008,-0.062,-10.608
Car A,219,14.6,1,78.317,2,-11.487,19.99,0.01,5.9877,0.0092,0.5051,1.0,-0.0825,1.52,10.607
Car B,219,14.6,1,67.71,2,-0.88,20.044,-0.044,6.0033,0.0235,-0.0208,1.0,0.0007,-0.021,-10.607
Car A,220,14.6667,1,78.716,2,-11.886,19.988,0.012,5.9884,0.0102,-0.4103,1.0,0.0516,-2.056,10.606
Car B,220,14.6667,1,68.11,2,-1.28,20.044,-0.044,5.9995,-0.0562,-0.0168,1.0,0.0016,0.016,-10.606
Car A,221,14.7333,1,79.115,2,-12.285,19.99,0.01,5.9872,-0.0174,0.3497,1.0,-0.0437,1.284,10.605
Car B,221,14.7333,1,68.51,2,-1.68,20.044,-0.044,6.0002,0.0096,0.0147,1.0,0.001,0.038,-10.605
Car A,222,14.8,1,79.514,2,-12.684,19.99,0.01,5.9874,0.0026,-0.4103,1.0,0.0604,-1.088,10.604
Car B,222,14.8,1,68.91,2,-2.08,20.045,-0.045,6.0011,0.0133,0.0078,1.0,0.0009,0.025,-10.604
Car A,223,14.8667,1,79.914,2,-13.083,19.99,0.01,5.9882,0.0118,0.5008,1.0,-0.0844,1.504,10.604
Car B,223,14.8667,1,69.31,2,-2.48,20.045,-0.045,6.0004,-0.0094,0.0068,1.0,0.0009,0.023,-10.604
Car A,224,14.9333,1,80.313,2,-13.483,19.988,0.012,5.9882,-0.0003,-0.4076,1.0,0.0504,-2.105,10.603
Car B,224,14.9333,1,69.71,2,-2.88,20.045,-0.045,6.0005,0.0003,0.0067,1.0,0.0008,0.022,-10.603
Car A,225,15.0,1,80.712,2,-13.882,19.99,0.01,5.9877,-0.0069,0.3493,1.0,-0.0452,1.253,10.602
Car B,225,15.0,1,70.11,2,-3.28,20.045,-0.045,6.0003,-0.0019,-0.0022,1.0,0.0012,0.02,-10.602
Car A,226,15.0667,1,81.111,2,-14.281,19.989,0.011,5.9882,0.007,-0.4152,1.0,0.0605,-1.125,10.601
Car B,226,15.0667,1,70.51,2,-3.68,20.045,-0.045,6.0005,0.0033,0.0006,1.0,0.0013,0.029,-10.601
Car A,227,15.1333,1,81.51,2,-14.68,19.99,0.01,5.9872,-0.0153,0.4851,1.0,-0.078,1.507,10.6
Car B,227,15.1333,1,70.91,2,-4.08,20.045,-0.045,6.0002,-0.0048,0.0107,1.0,0.0008,0.031,-10.6
Car A,228,15.2,1,81.909,2,-15.079,19.988,0.012,5.9866,-0.0089,-0.4008,1.0,0.0006,-1.944,10.599
Car B,228,15.2,1,71.31,2,-4.48,20.045,-0.045,6.0003,0.0012,-0.0004,1.0,0.0009,0.02,-10.599
Car A,229,15.2667,1,82.309,2,-15.478,19.991,0.009,5.9975,0.1643,0.0195,1.0,-0.0402,0.005,10.598
Car B,229,15.2667,1,71.71,2,-4.88,20.045,-0.045,6.0008,0.0076,0.0027,1.0,0.0009,0.022,-10.598
Car A,230,15.3333,1,82.709,2,-15.879,19.995,0.005,6.0188,0.3188,-0.4013,1.0,0.059,-0.997,10.598
Car B,230,15.3333,1,72.11,2,-5.28,20.045,-0.045,6.0004,-0.0056,-0.0105,1.0,0.0016,0.023,-10.598
Car A,231,15.4,1,83.11,2,-16.28,19.996,0.004,6.0139,-0.0727,0.5216,1.0,-0.1994,1.471,10.6
Car B,231,15.4,1,72.511,2,-5.68,20.045,-0.045,6.0007,0.0043,0.0122,1.0,0.0009,0.039,-10.6
Car A,232,15.4667,1,83.511,2,-16.681,19.997,0.003,6.0146,0.01,-0.4408,1.0,-0.0761,-4.974,10.6
Car B,232,15.4667,1,72.911,2,-6.08,20.045,-0.045,5.9998,-0.0135,0.0058,1.0,0.0005,0.022,-10.6
Car A,233,15.5333,1,83.912,2,-17.082,20.006,-0.006,6.0027,-0.1788,-0.7264,1.0,-0.1477,-1.905,10.601
Car B,233,15.5333,1,73.311,2,-6.481,20.045,-0.045,6.0003,0.0074,-0.0072,1.0,0.0008,0.012,-10.601
Car A,234,15.6,1,84.312,2,-17.481,20.023,-0.023,6.0013,-0.02,-1.3628,1.0,0.0613,-3.688,10.601
Car B,234,15.6,1,73.711,2,-6.881,20.045,-0.045,6.0007,0.0052,-0.0062,1.0,0.0013,0.019,-10.601
Car A,235,15.6667,1,84.711,2,-17.881,20.042,-0.042,6.001,-0.0048,-0.2494,1.0,0.2369,1.524,10.6
Car B,235,15.6667,1,74.111,2,-7.281,20.045,-0.045,6.0008,0.0023,-0.0279,1.0,0.0031,0.032,-10.6
Car A,236,15.7333,1,85.111,2,-18.281,20.051,-0.051,5.9983,-0.0407,0.8712,1.0,0.3755,5.914,10.6
Car B,236,15.7333,1,74.511,2,-7.681,20.045,-0.045,6.0023,0.0229,-0.0074,1.0,0.0033,0.074,-10.6
Car A,237,15.8,1,85.511,2,-18.681,20.046,-0.046,5.9915,-0.1013,1.7467,1.0,0.3809,9.381,10.6
Car B,237,15.8,1,74.911,2,-8.081,20.045,-0.045,5.9996,-0.0412,0.0055,1.0,0.0019,0.079,-10.6
Car A,238,15.8667,1,85.91,2,-19.08,20.025,-0.025,5.9838,-0.1166,2.4004,1.0,1.0,9.523,10.599
Car B,238,15.8667,1,75.311,2,-8.481,20.045,-0.045,6.0012,0.0243,0.0143,1.0,-0.0006,0.047,-10.599
Car A,239,15.9333,1,86.307,2,-19.477,19.99,0.01,5.9707,-0.1964,2.9608,1.0,1.0,24.975,10.596
Car B,239,15.9333,1,75.711,2,-8.881,20.044,-0.044,6.003,0.0275,0.0223,1.0,-0.0044,-0.014,-10.596
Car A,240,16.0,1,86.702,2,-19.872,19.936,0.064,5.958,-0.1903,3.3818,1.0,1.0,25.0,10.59
Car B,240,16.0,1,76.112,2,-9.282,20.043,-0.043,6.0033,0.004,-0.0277,1.0,-0.006,-0.106,-10.59
Car A,241,16.0667,1,87.103,2,-20.263,19.864,0.115,5.9469,-0.1657,3.7095,1.0,1.0,25.0,10.591
Car B,241,16.0667,1,76.512,2,-9.682,20.043,-0.043,6.0006,-0.0413,-0.0492,1.0,-0.0078,-0.146,-10.591
Car A,242,16.1333,1,87.496,2,-20.65,19.773,0.175,5.9374,-0.1434,3.9597,1.0,1.0,25.0,10.584
Car B,242,16.1333,1,76.912,2,-10.082,20.042,-0.042,6.0,-0.0087,-0.0528,1.0,-0.0104,-0.189,-10.584
Car A,243,16.2,1,87.924,2,-21.032,19.663,0.234,5.9289,-0.1269,4.1527,1.0,1.0,25.0,10.612
Car B,243,16.2,1,77.312,2,-10.482,20.042,-0.042,6.0002,0.0039,-0.0365,1.0,-0.0139,-0.253,-10.612
Car A,244,16.2667,1,88.319,2,-21.407,19.535,0.271,5.9214,-0.1121,4.3069,1.0,1.0,24.999,10.607
Car B,244,16.2667,1,77.712,2,-10.882,20.042,-0.042,6.0015,0.0187,0.0199,1.0,-0.0172,-0.336,-10.607
Car A,245,16.3333,1,88.763,2,-21.775,19.387,0.326,5.9149,-0.0989,4.421,1.0,1.0,24.999,10.65
Car B,245,16.3333,1,78.112,2,-11.282,20.042,-0.042,5.9958,-0.0859,-0.0395,1.0,-0.0133,-0.418,-10.65
Car A,246,16.4,1,89.158,3,-22.134,19.22,0.342,5.9089,-0.0887,4.5142,1.0,1.0,24.999,10.646
Car B,246,16.4,1,78.512,2,-11.682,20.044,-0.044,6.0051,0.1401,-0.1609,1.0,-0.0017,-0.326,-10.646
Car A,247,16.4667,1,89.552,3,-22.484,19.035,0.38,5.9036,-0.0801,4.584,1.0,1.0,24.999,10.64
Car B,247,16.4667,1,78.912,2,-12.082,20.046,-0.046,6.0101,0.0751,-0.047,1.0,-0.0045,-0.049,-10.64
Car A,248,16.5333,1,90.008,3,-22.823,18.831,0.387,5.8987,-0.0738,4.6423,1.0,1.0,24.999,10.696
Car B,248,16.5333,1,79.312,2,-12.482,20.047,-0.047,6.0004,-0.1454,0.0107,1.0,-0.0073,-0.106,-10.696
Car A,249,16.6,1,90.403,3,-23.151,18.61,0.405,5.8942,-0.0676,4.6867,1.0,1.0,24.999,10.691
Car B,249,16.6,1,79.712,2,-12.882,20.047,-0.047,6.0006,0.0028,0.0058,1.0,-0.0081,-0.175,-10.691
Car A,250,16.6667,1,90.863,3,-23.466,18.371,0.407,5.89,-0.0629,4.721,1.0,1.0,24.999,10.751
Car B,250,16.6667,1,80.113,2,-13.283,20.048,-0.048,6.0033,0.0409,-0.0299,1.0,-0.0049,-0.196,-10.751
Car A,251,16.7333,1,91.258,3,-23.767,18.116,0.405,5.8861,-0.0589,4.7503,1.0,1.0,24.999,10.745
Car B,251,16.7333,1,80.513,2,-13.683,20.05,-0.05,6.0013,-0.0309,-0.0314,1.0,-0.0011,-0.12,-10.745
Car A,252,16.8,1,91.717,3,-24.054,17.845,0.402,5.8824,-0.0552,4.7722,1.0,1.0,24.999,10.804
Car B,252,16.8,1,80.913,2,-14.083,20.052,-0.052,5.9964,-0.0736,-0.0371,1.0,0.0035,-0.03,-10.804
Car A,253,16.8667,1,92.111,3,-24.325,17.559,0.381,5.8789,-0.0517,4.7908,1.0,1.0,24.999,10.798
Car B,253,16.8667,1,81.313,2,-14.483,20.054,-0.054,6.0009,0.0681,0.0101,1.0,0.0041,0.083,-10.798
Car A,254,16.9333,1,92.564,3,-24.581,17.259,0.373,5.8755,-0.0512,4.8036,1.0,1.0,24.999,10.852
Car B,254,16.9333,1,81.713,2,-14.883,20.055,-0.055,6.0016,0.0104,0.0175,1.0,0.0056,0.099,-10.852
Car A,255,17.0,1,92.956,3,-24.819,16.946,0.334,5.8723,-0.0475,4.8152,1.0,1.0,24.999,10.843
Car B,255,17.0,1,82.113,2,-15.283,20.057,-0.057,6.0016,-0.0003,0.017,1.0,0.0122,0.136,-10.843
Car A,256,17.0667,1,93.35,3,-25.04,16.62,0.316,5.8692,-0.0467,4.8239,1.0,1.0,24.999,10.837
Car B,256,17.0667,1,82.513,2,-15.683,20.058,-0.058,5.9975,-0.0608,0.0526,1.0,0.0089,0.296,-10.837
Car A,257,17.1333,1,93.789,3,-25.242,16.282,0.265,5.8662,-0.0452,4.8312,1.0,1.0,24.999,10.876
Car B,257,17.1333,1,82.913,2,-16.083,20.058,-0.058,6.0029,0.0806,0.0374,1.0,0.028,0.219,-10.876
Car A,258,17.2,1,94.181,3,-25.425,15.934,0.229,5.8633,-0.0439,4.8363,1.0,1.0,24.999,10.867
Car B,258,17.2,1,83.313,2,-16.483,20.056,-0.056,6.0185,0.2342,0.2728,1.0,-0.0057,0.685,-10.867
Car A,259,17.2667,1,94.605,3,-25.589,15.577,0.179,5.8604,-0.0428,4.8398,1.0,1.0,24.999,10.891
Car B,259,17.2667,1,83.714,2,-16.884,20.055,-0.055,6.0061,-0.1866,0.067,0.8387,0.0124,-0.129,-10.891
Car A,260,17.3333,1,94.994,3,-25.733,15.211,0.124,5.8576,-0.042,4.8423,1.0,1.0,24.999,10.887
Car B,260,17.3333,1,84.107,2,-17.277,20.054,-0.054,5.8252,-2.7131,0.0643,0.8396,0.0154,0.31,-10.887
Car A,261,17.4,1,95.399,3,-25.856,14.838,0.077,5.8549,-0.0404,4.846,1.0,1.0,24.999,10.911
Car B,261,17.4,1,84.488,2,-17.658,20.052,-0.052,5.645,-2.7026,0.1079,0.8458,0.0073,0.384,-10.911
Car A,262,17.4667,1,95.784,3,-25.959,14.459,0.005,5.8523,-0.04,4.8484,1.0,1.0,24.999,10.927
Car B,262,17.4667,1,84.857,2,-18.027,20.05,-0.05,5.4666,-2.6766,0.0444,0.9939,0.553,0.183,-10.927
Car A,263,17.5333,1,96.174,3,-26.04,14.075,-0.046,5.8497,-0.0391,4.8496,1.0,1.0,24.999,10.952
Car B,263,17.5333,1,85.221,2,-18.391,20.043,-0.043,5.4693,0.0404,0.8872,0.9052,0.032,13.804,-10.952
Car A,264,17.6,1,96.558,3,-26.1,13.687,-0.1,5.8471,-0.0386,4.8511,1.0,1.0,24.999,10.972
Car B,264,17.6,1,85.586,2,-18.756,20.031,-0.031,5.4637,-0.0841,0.2316,0.8957,-0.0795,0.828,-10.972
Car A,265,17.6667,1,96.948,3,-26.139,13.297,-0.139,5.8446,-0.0381,4.8513,1.0,1.0,24.999,10.998
Car B,265,17.6667,1,85.95,2,-19.12,20.027,-0.027,5.4486,-0.2267,-0.5556,1.0,1.0,-1.982,-10.998
Car A,266,17.7333,1,97.34,3,-26.155,12.906,-0.155,5.8421,-0.0371,4.8526,1.0,0.945,24.999,11.027
Car B,266,17.7333,1,86.313,2,-19.483,20.021,-0.021,5.4516,0.0451,0.2336,1.0,1.0,24.959,-11.027
Car A,267,17.8,1,97.731,3,-26.15,12.514,-0.15,5.8402,-0.0281,4.8468,1.0,0.8385,23.625,11.055
Car B,267,17.8,1,86.676,2,-19.846,20.006,-0.006,5.4463,-0.0784,1.3184,1.0,1.0,25.0,-11.055
Car A,268,17.8667,1,98.122,3,-26.124,12.123,-0.124,5.8403,0.0013,4.8312,1.0,-0.2489,20.965,11.083
Car B,268,17.8667,1,87.039,2,-20.208,19.975,0.009,5.4403,-0.0901,2.0517,1.0,1.0,25.0,-11.083
Car A,269,17.9333,1,98.512,3,-26.085,11.733,-0.085,5.8765,0.5428,3.2758,1.0,-0.4073,-6.182,11.111
Car B,269,17.9333,1,87.402,2,-20.568,19.928,0.028,5.4338,-0.0975,2.6249,1.0,1.0,25.0,-11.111
Car A,270,18.0,1,98.904,3,-26.051,11.341,-0.051,5.8997,0.3482,1.1529,1.0,-0.3106,-10.176,11.141
Car B,270,18.0,1,87.763,2,-20.925,19.864,0.063,5.4278,-0.091,3.0874,1.0,1.0,25.0,-11.141
Car A,271,18.0667,1,99.297,3,-26.028,10.948,-0.028,5.9038,0.0613,-0.195,1.0,-0.2651,-7.767,11.161
Car B,271,18.0667,1,88.136,2,-21.279,19.782,0.06,5.4229,-0.0732,3.4546,1.0,1.0,25.0,-11.161
Car A,272,18.1333,1,99.691,3,-26.018,10.555,-0.018,5.9028,-0.0141,-1.1842,1.0,-0.164,-6.63,11.192
Car B,272,18.1333,1,88.499,2,-21.628,19.683,0.076,5.4191,-0.056,3.7448,1.0,1.0,25.0,-11.192
Car A,273,18.2,1,100.086,3,-26.019,10.16,-0.019,5.9499,0.7064,-1.4973,1.0,0.0412,-4.104,11.21
Car B,273,18.2,1,88.876,2,-21.972,19.565,0.086,5.4167,-0.0366,3.9752,1.0,1.0,25.0,-11.21
Car A,274,18.2667,1,100.482,3,-26.021,9.763,-0.021,5.9511,0.0169,-0.3423,1.0,-0.1363,1.021,11.243
Car B,274,18.2667,1,89.239,3,-22.308,19.429,0.083,5.4154,-0.0192,4.1519,1.0,1.0,24.999,-11.243
Car A,275,18.3333,1,100.879,3,-26.021,9.366,-0.021,5.9513,0.004,-0.8614,1.0,-0.03,-3.399,11.277
Car B,275,18.3333,1,89.602,3,-22.637,19.274,0.1,5.4152,-0.0033,4.2992,1.0,1.0,24.999,-11.277
Car A,276,18.4,1,101.276,3,-26.025,8.969,-0.025,5.9747,0.3504,-0.2946,1.0,-0.1876,-0.745,11.295
Car B,276,18.4,1,89.981,3,-22.957,19.1,0.088,5.4158,0.009,4.4115,1.0,1.0,24.999,-11.295
Car A,277,18.4667,1,101.674,3,-26.031,8.571,-0.031,5.9715,-0.047,-1.0425,1.0,-0.0952,-4.682,11.329
Car B,277,18.4667,1,90.345,3,-23.266,18.909,0.089,5.4172,0.0203,4.5049,1.0,1.0,24.999,-11.329
Car A,278,18.5333,1,102.073,3,-26.045,8.172,-0.045,6.0013,0.447,-0.9007,1.0,0.4831,-2.382,11.349
Car B,278,18.5333,1,90.724,3,-23.564,18.701,0.092,5.4191,0.0285,4.5757,1.0,1.0,24.999,-11.349
Car A,279,18.6,1,102.473,3,-26.056,7.772,-0.056,6.002,0.01,0.2447,1.0,0.5242,12.055,11.385
Car B,279,18.6,1,91.088,3,-23.85,18.475,0.079,5.4214,0.0357,4.6371,1.0,1.0,24.999,-11.385
Car A,280,18.6667,1,102.873,3,-26.054,7.372,-0.054,5.9966,-0.0812,1.2539,1.0,0.5423,13.103,11.42
Car B,280,18.6667,1,91.453,3,-24.122,18.233,0.086,5.4242,0.0411,4.6838,1.0,1.0,24.999,-11.42
Car A,281,18.7333,1,103.272,3,-26.038,6.973,-0.038,5.9882,-0.1261,2.0421,1.0,1.0,13.556,11.442
Car B,281,18.7333,1,91.831,3,-24.38,17.975,0.069,5.4273,0.0462,4.722,1.0,1.0,24.999,-11.442
Car A,282,18.8,1,103.67,3,-26.007,6.575,-0.007,5.9745,-0.2048,2.6894,1.0,1.0,24.982,11.475
Car B,282,18.8,1,92.195,3,-24.623,17.702,0.062,5.4306,0.0496,4.7546,1.0,1.0,24.999,-11.475
Car A,283,18.8667,1,104.066,3,-25.958,6.179,0.042,5.962,-0.1889,3.1674,1.0,1.0,25.0,11.495
Car B,283,18.8667,1,92.571,3,-24.849,17.416,0.063,5.434,0.0521,4.7784,1.0,1.0,24.999,-11.495
Car A,284,18.9333,1,104.466,3,-25.891,5.787,0.092,5.9502,-0.1757,3.5461,1.0,1.0,25.0,11.531
Car B,284,18.9333,1,92.936,3,-25.058,17.116,0.041,5.4376,0.0537,4.7974,1.0,1.0,24.999,-11.531
Car A,285,19.0,1,104.86,3,-25.806,5.398,0.146,5.94,-0.1533,3.8299,1.0,1.0,25.0,11.559
Car B,285,19.0,1,93.301,3,-25.249,16.805,0.041,5.4413,0.0556,4.8153,1.0,1.0,24.999,-11.559
Car A,286,19.0667,1,105.284,3,-25.702,5.015,0.207,5.931,-0.1353,4.0563,1.0,1.0,25.0,11.611
Car B,286,19.0667,1,93.673,3,-25.422,16.482,0.023,5.445,0.0558,4.8282,1.0,1.0,24.999,-11.611
Car A,287,19.1333,1,105.68,3,-25.579,4.638,0.238,5.9231,-0.1188,4.2257,1.0,1.0,25.0,11.641
Car B,287,19.1333,1,94.039,3,-25.575,16.15,0.008,5.4489,0.0571,4.8386,1.0,1.0,24.999,-11.641
Car A,288,19.2,1,106.073,3,-25.438,4.267,0.29,5.9161,-0.1053,4.3613,1.0,1.0,24.999,11.666
Car B,288,19.2,1,94.407,3,-25.709,15.808,0.008,5.4526,0.0562,4.846,1.0,1.0,24.999,-11.666
Car A,289,19.2667,1,106.515,3,-25.277,3.905,0.305,5.9098,-0.0937,4.4671,1.0,1.0,24.999,11.742
Car B,289,19.2667,1,94.773,3,-25.822,15.46,-0.02,5.4564,0.0563,4.8522,1.0,1.0,24.999,-11.742
Car A,290,19.3333,1,106.909,3,-25.097,3.553,0.336,5.9042,-0.0845,4.5489,1.0,1.0,24.999,11.77
Car B,290,19.3333,1,95.14,3,-25.914,15.105,-0.027,5.4601,0.0568,4.8584,1.0,1.0,24.999,-11.77
Car A,291,19.4,1,107.359,3,-24.9,3.21,0.346,5.8991,-0.0766,4.6132,1.0,1.0,24.999,11.857
Car B,291,19.4,1,95.502,3,-25.986,14.745,-0.044,5.4638,0.0553,4.8624,1.0,1.0,24.999,-11.857
Car A,292,19.4667,1,107.754,3,-24.684,2.879,0.357,5.8944,-0.07,4.6647,1.0,1.0,24.999,11.886
Car B,292,19.4667,1,95.869,3,-26.036,14.381,-0.065,5.4675,0.0553,4.8662,1.0,1.0,24.999,-11.886
Car A,293,19.5333,1,108.207,3,-24.451,2.56,0.363,5.8901,-0.0644,4.7034,1.0,1.0,24.999,11.971
Car B,293,19.5333,1,96.236,3,-26.064,14.014,-0.065,5.4712,0.0548,4.8683,1.0,0.9322,24.999,-11.971
Car A,294,19.6,1,108.602,3,-24.201,2.254,0.354,5.8861,-0.0601,4.7362,1.0,1.0,24.999,12.003
Car B,294,19.6,1,96.599,3,-26.071,13.646,-0.071,5.4759,0.0709,4.8606,1.0,0.9357,23.306,-12.003
Car A,295,19.6667,1,109.053,3,-23.936,1.962,0.355,5.8823,-0.0566,4.761,1.0,1.0,24.999,12.086
Car B,295,19.6667,1,96.967,3,-26.056,13.278,-0.056,5.4804,0.0683,4.8597,1.0,0.4923,23.392,-12.086
Car A,296,19.7333,1,109.446,3,-23.654,1.686,0.328,5.8788,-0.0535,4.7807,1.0,1.0,24.999,12.111
Car B,296,19.7333,1,97.335,3,-26.026,12.91,-0.026,5.5555,1.1257,3.8491,1.0,-0.0244,12.325,-12.111
Car A,297,19.8,1,109.84,3,-23.359,1.425,0.322,5.8754,-0.0512,4.797,1.0,1.0,24.999,12.134
Car B,297,19.8,1,97.707,3,-25.991,12.539,0.009,5.5923,0.552,2.2708,1.0,-0.2735,-0.591,-12.134
Car A,298,19.8667,1,110.283,3,-23.049,1.182,0.28,5.8721,-0.0484,4.8092,1.0,1.0,24.999,12.203
Car B,298,19.8667,1,98.08,3,-25.965,12.165,0.035,5.6134,0.3167,0.6413,1.0,-0.2753,-6.827,-12.203
Car A,299,19.9333,1,110.676,3,-22.727,0.955,0.255,5.869,-0.0473,4.8192,1.0,1.0,24.999,12.221
Car B,299,19.9333,1,98.454,3,-25.95,11.791,0.05,5.6213,0.1184,-0.52,1.0,-0.2718,-6.881,-12.221
Car A,300,20.0,1,111.106,3,-22.394,0.747,0.212,5.866,-0.0447,4.8265,1.0,1.0,24.999,12.276
Car B,300,20.0,1,98.829,3,-25.948,11.416,0.052,5.6264,0.0763,-1.391,1.0,-0.2291,-6.795,-12.276
Car A,301,20.0667,1,111.496,3,-22.049,0.557,0.169,5.863,-0.0448,4.833,1.0,1.0,24.999,12.291
Car B,301,20.0667,1,99.206,3,-25.959,11.039,0.041,5.6734,0.7046,-1.8674,1.0,-0.0324,-5.729,-12.291
Car A,302,20.1333,1,111.911,3,-21.695,0.387,0.128,5.8602,-0.0427,4.838,1.0,1.0,24.999,12.325
Car B,302,20.1333,1,99.586,3,-25.973,10.659,0.027,5.7136,0.6036,-0.6741,1.0,-0.0298,-0.819,-12.325
Car A,303,20.2,1,112.299,3,-21.331,0.237,0.067,5.8574,-0.042,4.8416,1.0,1.0,24.999,12.328
Car B,303,20.2,1,99.971,3,-25.98,10.274,0.02,5.8355,1.828,-0.2735,1.0,-0.0242,-0.745,-12.328
Car A,304,20.2667,1,112.689,3,-20.961,0.107,0.027,5.8546,-0.0411,4.8452,1.0,1.0,24.999,12.324
Car B,304,20.2667,1,100.365,3,-25.988,9.88,0.012,5.9629,1.912,-0.2285,0.9356,0.0305,-0.598,-12.324
Car A,305,20.3333,1,113.079,3,-20.584,-0.002,-0.048,5.852,-0.0395,4.8466,1.0,1.0,24.999,12.321
Car B,305,20.3333,1,100.757,3,-25.993,9.488,0.007,5.8262,-2.0502,0.2742,1.0,-0.0173,0.76,-12.321
Car A,306,20.4,1,113.467,3,-20.201,-0.091,-0.106,5.8493,-0.0397,4.8488,1.0,1.0,24.999,12.317
Car B,306,20.4,1,101.15,3,-25.999,9.096,0.001,5.9308,1.5679,-0.1698,0.8422,-0.0038,-0.43,-12.317
Car A,307,20.4667,1,113.845,3,-19.815,-0.157,-0.157,5.8468,-0.0385,4.8498,1.0,1.0,24.999,12.308
Car B,307,20.4667,1,101.537,3,-26.005,8.708,-0.005,5.746,-2.7722,-0.0208,0.8366,0.032,-0.095,-12.308
Car A,308,20.5333,1,114.235,3,-19.425,-0.203,-0.203,5.8443,-0.0377,4.8511,1.0,1.0,24.999,12.322
Car B,308,20.5333,1,101.913,3,-26.009,8.332,-0.009,5.577,-2.5342,0.2409,0.8539,0.0026,0.799,-12.322
Car A,309,20.6,1,114.626,3,-19.034,-0.227,-0.227,5.8418,-0.0365,4.8517,1.0,1.0,24.999,12.348
Car B,309,20.6,1,102.278,3,-26.013,7.967,-0.013,5.4071,-2.5482,0.0265,1.0,1.0,0.066,-12.348
Car A,310,20.6667,1,115.018,3,-18.642,-0.229,-0.229,5.8394,-0.0364,4.8529,1.0,0.892,24.999,12.379
Car B,310,20.6667,1,102.639,3,-26.011,7.607,-0.011,5.4092,0.0306,0.6919,1.0,1.0,24.962,-12.379
Car A,311,20.7333,1,115.409,3,-18.251,-0.209,-0.209,5.8389,-0.0077,4.8358,1.0,0.8202,22.303,12.41
Car B,311,20.7333,1,102.999,3,-25.998,7.246,0.002,5.4022,-0.1041,1.716,1.0,0.2081,25.0,-12.41
Car A,312,20.8,1,115.798,3,-17.862,-0.167,-0.167,5.8383,-0.0088,4.8282,1.0,-0.573,20.508,12.439
Car B,312,20.8,1,103.36,3,-25.976,6.885,0.024,5.436,0.5073,1.0105,1.0,1.0,5.232,-12.439
Car A,313,20.8667,1,116.187,3,-17.474,-0.115,-0.115,5.8689,0.4585,3.1255,1.0,-0.5018,-14.272,12.466
Car B,313,20.8667,1,103.721,3,-25.946,6.525,0.054,5.4292,-0.1034,1.7034,0.7492,0.0004,24.97,-12.466
Car A,314,20.9333,1,116.576,3,-17.084,-0.066,-0.066,5.8914,0.3375,1.1723,1.0,-0.4399,-12.546,12.497
Car B,314,20.9333,1,104.079,3,-25.91,6.166,0.09,5.4039,-0.3782,1.1807,1.0,0.6579,0.046,-12.497
Car A,315,21.0,1,116.968,3,-16.693,-0.029,-0.029,5.8948,0.0508,-0.1757,1.0,-0.4271,-11.0,12.521
Car B,315,21.0,1,104.447,3,-25.874,5.808,0.111,5.4033,-0.0095,1.3377,1.0,1.0,16.421,-12.521
Car A,316,21.0667,1,117.36,3,-16.301,-0.003,-0.003,5.8921,-0.0405,-1.1792,1.0,-0.3593,-10.679,12.553
Car B,316,21.0667,1,104.807,3,-25.824,5.451,0.133,5.398,-0.0791,2.0718,1.0,1.0,24.987,-12.553
Car A,317,21.1333,1,117.752,3,-15.908,0.008,0.008,5.8873,-0.0715,-1.9533,1.0,-0.226,-8.984,12.587
Car B,317,21.1333,1,105.165,3,-25.758,5.097,0.171,5.3917,-0.0951,2.6367,1.0,1.0,25.0,-12.587
Car A,318,21.2,1,118.147,3,-15.513,0.008,0.008,5.9499,0.9393,-2.0405,1.0,-0.0947,-5.654,12.595
Car B,318,21.2,1,105.552,3,-25.675,4.746,0.17,5.3861,-0.0833,3.0986,1.0,1.0,25.0,-12.595
Car A,319,21.2667,1,118.545,3,-15.116,0.004,0.004,5.9694,0.2923,-0.9109,1.0,-0.0735,-2.375,12.633
Car B,319,21.2667,1,105.912,3,-25.575,4.4,0.187,5.3817,-0.0664,3.4573,1.0,1.0,25.0,-12.633
Car A,320,21.3333,1,118.942,3,-14.718,0.004,0.004,5.9551,-0.2142,-0.7134,1.0,-0.0203,-1.833,12.638
Car B,320,21.3333,1,106.304,3,-25.457,4.059,0.197,5.3786,-0.0474,3.7484,1.0,1.0,25.0,-12.638
Car A,321,21.4,1,119.34,3,-14.32,0.004,0.004,5.976,0.3134,-0.2391,1.0,-0.0354,-0.507,12.676
Car B,321,21.4,1,106.664,3,-25.321,3.725,0.195,5.3767,-0.028,3.9726,1.0,1.0,24.999,-12.676
Car A,322,21.4667,1,119.739,3,-13.922,0.004,0.004,5.9982,0.3332,-0.3369,1.0,0.0155,-0.88,12.714
Car B,322,21.4667,1,107.025,3,-25.167,3.399,0.212,5.376,-0.0107,4.1562,1.0,1.0,24.999,-12.714
Car A,323,21.5333,1,120.139,3,-13.522,0.005,0.005,6.0022,0.0595,-0.0737,1.0,-0.014,0.379,12.72
Car B,323,21.5333,1,107.419,3,-24.995,3.082,0.198,5.3763,0.0053,4.2954,1.0,1.0,24.999,-12.72
Car A,324,21.6,1,120.539,3,-13.122,0.006,0.006,5.999,-0.0471,0.0131,1.0,-0.0281,-0.339,12.759
Car B,324,21.6,1,107.78,3,-24.805,2.775,0.199,5.3775,0.0177,4.4104,1.0,1.0,24.999,-12.759
Car A,325,21.6667,1,120.939,3,-12.722,0.005,0.005,6.0154,0.2451,-0.2119,1.0,0.0268,-0.687,12.766
Car B,325,21.6667,1,108.173,3,-24.598,2.479,0.199,5.3794,0.0287,4.5023,1.0,1.0,24.999,-12.766
Car A,326,21.7333,1,121.339,3,-12.321,0.007,0.007,5.9937,-0.3254,0.1276,1.0,-0.0445,0.657,12.805
Car B,326,21.7333,1,108.534,3,-24.374,2.195,0.185,5.3819,0.0371,4.5769,1.0,1.0,24.999,-12.805
Car A,327,21.8,1,121.739,3,-11.921,0.005,0.005,5.9779,-0.2368,-0.4403,1.0,0.0385,-1.096,12.843
Car B,327,21.8,1,108.896,3,-24.133,1.925,0.192,5.3849,0.0449,4.6354,1.0,1.0,24.999,-12.843
Car A,328,21.8667,1,122.138,3,-11.523,0.005,0.005,5.9823,0.0664,0.3699,1.0,-0.0579,0.958,12.85
Car B,328,21.8667,1,109.288,3,-23.877,1.669,0.17,5.3882,0.0505,4.6829,1.0,1.0,24.999,-12.85
Car A,329,21.9333,1,122.537,3,-11.124,0.004,0.004,5.9821,-0.0035,-0.5202,1.0,0.0501,-1.442,12.887
Car B,329,21.9333,1,109.65,3,-23.607,1.429,0.163,5.3919,0.0549,4.7222,1.0,1.0,24.999,-12.887
Car A,330,22.0,1,122.935,3,-10.725,0.003,0.003,5.9832,0.0172,0.3964,1.0,-0.0371,1.247,12.897
Car B,330,22.0,1,110.039,3,-23.322,1.204,0.157,5.3958,0.0582,4.754,1.0,1.0,24.999,-12.897
Car A,331,22.0667,1,123.334,3,-10.326,0.003,0.003,5.9855,0.0335,-0.3575,1.0,0.0432,-0.923,12.934
Car B,331,22.0667,1,110.401,3,-23.024,0.997,0.135,5.3999,0.0613,4.7784,1.0,1.0,24.999,-12.934
Car A,332,22.1333,1,123.734,3,-9.927,0.003,0.003,5.988,0.0381,0.4161,1.0,-0.0544,1.076,12.97
Car B,332,22.1333,1,110.764,3,-22.714,0.807,0.136,5.404,0.0626,4.7993,1.0,1.0,24.999,-12.97
Car A,333,22.2,1,124.133,3,-9.527,0.002,0.002,5.9887,0.01,-0.4776,1.0,0.0493,-1.355,12.985
Car B,333,22.2,1,111.148,3,-22.394,0.636,0.11,5.4083,0.064,4.8153,1.0,1.0,24.999,-12.985
Car A,334,22.2667,1,124.532,3,-9.128,0.001,0.001,5.9901,0.0206,0.4102,1.0,-0.0405,1.227,13.021
Car B,334,22.2667,1,111.511,3,-22.063,0.484,0.096,5.4126,0.0651,4.828,1.0,1.0,24.999,-13.021
Car A,335,22.3333,1,124.931,3,-8.729,0.001,0.001,5.9903,0.0042,-0.388,1.0,0.0466,-1.009,13.041
Car B,335,22.3333,1,111.89,3,-21.724,0.352,0.087,5.417,0.0648,4.8386,1.0,1.0,24.999,-13.041
Car A,336,22.4,1,125.331,3,-8.329,0.0,0.0,5.9911,0.0113,0.4418,1.0,-0.0566,1.16,13.077
Car B,336,22.4,1,112.253,3,-21.377,0.241,0.06,5.4213,0.0649,4.847,1.0,1.0,24.999,-13.077
Car A,337,22.4667,1,125.73,3,-7.93,0.0,0.0,5.9913,0.003,-0.4672,1.0,0.0477,-1.411,13.112
Car B,337,22.4667,1,112.618,3,-21.024,0.15,0.054,5.4256,0.0644,4.8539,1.0,1.0,24.999,-13.112
Car A,338,22.5333,1,126.13,3,-7.531,-0.001,-0.001,5.9912,-0.0012,0.4203,1.0,-0.0462,1.188,13.14
Car B,338,22.5333,1,112.99,3,-20.666,0.08,0.027,5.4299,0.0647,4.8592,1.0,1.0,24.999,-13.14
Car A,339,22.6,1,126.529,3,-7.131,-0.001,-0.001,5.9918,0.008,-0.4316,1.0,0.0494,-1.151,13.174
Car B,339,22.6,1,113.355,3,-20.304,0.031,0.007,5.4341,0.0629,4.8637,1.0,1.0,24.999,-13.174
Car A,340,22.6667,1,126.929,3,-6.732,-0.002,-0.002,5.9902,-0.024,0.4547,1.0,-0.0552,1.231,13.208
Car B,340,22.6667,1,113.721,3,-19.94,0.004,0.004,5.4383,0.0634,4.8662,1.0,1.0,24.999,-13.208
Car A,341,22.7333,1,127.328,3,-6.332,-0.002,-0.002,5.9901,-0.0015,-0.4698,1.0,0.0508,-1.375,13.242
Car B,341,22.7333,1,114.086,3,-19.574,-0.001,-0.001,5.4424,0.062,4.8688,1.0,0.8365,24.999,-13.242
Car A,342,22.8,1,127.727,3,-5.933,-0.004,-0.004,5.9897,-0.0055,0.4149,1.0,-0.0412,1.266,13.275
Car B,342,22.8,1,114.452,3,-19.208,0.016,0.016,5.4517,0.1388,4.8383,1.0,0.2022,20.919,-13.275
Car A,343,22.8667,1,128.127,3,-5.534,-0.004,-0.004,5.99,0.0049,-0.3878,1.0,0.0446,-1.026,13.308
Car B,343,22.8667,1,114.819,3,-18.842,0.045,0.045,5.5093,0.864,3.1809,1.0,-0.2633,5.08,-13.308
Car A,344,22.9333,1,128.526,3,-5.134,-0.005,-0.005,5.9884,-0.0238,0.4307,1.0,-0.0726,1.112,13.339
Car B,344,22.9333,1,115.187,3,-18.473,0.069,0.069,5.5442,0.5233,1.4052,1.0,-0.276,-6.564,-13.339
Car A,345,23.0,1,128.925,3,-4.735,-0.005,-0.005,5.9877,-0.0104,-0.5078,1.0,0.0533,-1.81,13.368
Car B,345,23.0,1,115.557,3,-18.103,0.082,0.082,5.5581,0.2079,0.0198,1.0,-0.2738,-6.9,-13.368
Car A,346,23.0667,1,129.324,3,-4.336,-0.008,-0.008,5.9871,-0.0094,0.3392,1.0,-0.0255,1.328,13.396
Car B,346,23.0667,1,115.928,3,-17.732,0.083,0.083,5.5654,0.1105,-0.9691,1.0,-0.2516,-6.844,-13.396
Car A,347,23.1333,1,129.724,3,-3.937,-0.008,-0.008,5.9898,0.0401,-0.2598,1.0,0.0445,-0.632,13.424
Car B,347,23.1333,1,116.3,3,-17.361,0.071,0.071,5.5809,0.2318,-1.7128,1.0,-0.0512,-6.29,-13.424
Car A,348,23.2,1,130.123,3,-3.537,-0.008,-0.008,6.0038,0.2106,0.4457,1.0,-0.0739,1.112,13.45
Car B,348,23.2,1,116.673,3,-16.987,0.054,0.054,5.6233,0.6366,-0.6249,1.0,-0.0313,-1.288,-13.45
Car A,349,23.2667,1,130.523,3,-3.137,-0.008,-0.008,6.0028,-0.0148,-0.4721,1.0,0.0551,-1.842,13.47
Car B,349,23.2667,1,117.053,3,-16.607,0.044,0.044,5.7554,1.981,-0.2795,1.0,-0.0155,-0.784,-13.47
Car A,350,23.3333,1,130.923,3,-2.737,-0.011,-0.011,5.9996,-0.0484,0.3452,1.0,-0.0357,1.373,13.481
Car B,350,23.3333,1,117.442,3,-16.218,0.033,0.033,5.8933,2.069,-0.1513,1.0,0.003,-0.388,-13.481
Car A,351,23.4,1,131.323,3,-2.337,-0.011,-0.011,5.9956,-0.0598,-0.343,1.0,0.0591,-0.888,13.484
Car B,351,23.4,1,117.839,3,-15.821,0.024,0.024,5.9898,1.4467,0.0512,1.0,0.0085,0.07,-13.484
Car A,352,23.4667,1,131.723,3,-1.937,-0.011,-0.011,5.9952,-0.0055,0.5232,1.0,-0.0936,1.472,13.484
Car B,352,23.4667,1,118.239,3,-15.421,0.015,0.015,6.0025,0.1906,0.0088,1.0,0.0208,0.202,-13.484
Car A,353,23.5333,1,132.123,3,-1.538,-0.01,-0.01,5.9951,-0.0027,-0.4334,1.0,0.0584,-2.333,13.484
Car B,353,23.5333,1,118.639,3,-15.022,0.007,0.007,5.9961,-0.096,0.0126,1.0,0.0254,0.506,-13.484
Car A,354,23.6,1,132.522,3,-1.138,-0.013,-0.013,5.9936,-0.0219,0.3391,1.0,-0.0305,1.455,13.484
Car B,354,23.6,1,119.038,3,-14.622,0.0,0.0,5.9873,-0.1314,0.2718,1.0,0.0128,0.631,-13.484
Car A,355,23.6667,1,132.922,3,-0.739,-0.013,-0.013,5.9957,0.0314,-0.2968,1.0,0.0564,-0.758,13.485
Car B,355,23.6667,1,119.437,3,-14.223,-0.005,-0.005,5.9864,-0.0131,0.116,1.0,0.0196,0.321,-13.485
Car A,356,23.7333,1,133.321,3,-0.339,-0.012,-0.012,5.9982,0.0381,0.5184,1.0,-0.0943,1.405,13.485
Car B,356,23.7333,1,119.836,3,-13.824,-0.011,-0.011,5.9926,0.0929,0.0036,1.0,0.0255,0.473,-13.485
Car A,357,23.8,2,0.061,1,0.061,-0.011,-0.011,5.9974,-0.0119,-0.4416,1.0,0.0582,-2.352,13.486
Car B,357,23.8,1,120.235,3,-13.425,-0.014,-0.014,5.9813,-0.1702,0.1824,1.0,0.0136,0.611,-13.486
Car A,358,23.8667,2,0.461,1,0.461,-0.014,-0.014,5.9958,-0.0251,0.3345,1.0,-0.0312,1.449,13.487
Car B,358,23.8667,1,120.634,3,-13.026,-0.018,-0.018,5.9877,0.0962,0.0694,1.0,0.0179,0.338,-13.487
Car A,359,23.9333,2,0.86,1,0.86,-0.013,-0.013,5.9935,-0.0343,-0.3064,1.0,0.056,-0.776,13.487
Car B,359,23.9333,1,121.034,3,-12.627,-0.021,-0.021,5.9938,0.092,0.0295,1.0,0.019,0.426,-13.487
Car A,360,24.0,2,1.26,1,1.26,-0.013,-0.013,5.9937,0.0037,0.5181,1.0,-0.1002,1.397,13.487
Car B,360,24.0,1,121.433,3,-12.227,-0.025,-0.025,5.9956,0.0261,0.0805,1.0,0.0186,0.461,-13.487
Car A,361,24.0667,2,1.66,1,1.66,-0.011,-0.011,5.9935,-0.0028,-0.4245,1.0,0.0538,-2.499,13.487
Car B,361,24.0667,1,121.833,3,-11.827,-0.028,-0.028,5.9932,-0.0351,0.0949,1.0,0.0177,0.455,-13.487
Car A,362,24.1333,2,2.059,1,2.059,-0.013,-0.013,5.9932,-0.0048,0.3387,1.0,-0.0427,1.339,13.487
Car B,362,24.1333,1,122.232,3,-11.428,-0.03,-0.03,5.9922,-0.0147,0.0919,1.0,0.0168,0.431,-13.487
Car A,363,24.2,2,2.458,1,2.459,-0.013,-0.013,5.9923,-0.0144,-0.4036,1.0,0.0623,-1.064,13.487
Car B,363,24.2,1,122.632,3,-11.028,-0.032,-0.032,5.9925,0.0033,0.0881,1.0,0.0156,0.409,-13.487
Car A,364,24.2667,2,2.858,1,2.858,-0.013,-0.013,5.9923,0.0008,0.5106,1.0,-0.0913,1.554,13.487
Car B,364,24.2667,1,123.032,3,-10.629,-0.033,-0.033,5.9929,0.007,0.0799,1.0,0.0144,0.382,-13.487
Car A,365,24.3333,2,3.257,1,3.257,-0.012,-0.012,5.9916,-0.0102,-0.3972,1.0,0.0524,-2.276,13.487
Car B,365,24.3333,1,123.431,3,-10.229,-0.035,-0.035,5.9937,0.0122,0.079,1.0,0.0126,0.353,-13.487
Car A,366,24.4,2,3.657,1,3.657,-0.013,-0.013,5.9907,-0.0142,0.3573,1.0,-0.0495,1.303,13.486
Car B,366,24.4,1,123.831,3,-9.83,-0.035,-0.035,5.9931,-0.01,0.0807,1.0,0.0103,0.31,-13.486
Car A,367,24.4667,2,4.056,1,4.056,-0.013,-0.013,5.9901,-0.0082,-0.4474,1.0,0.0652,-1.234,13.486
Car B,367,24.4667,1,124.23,3,-9.43,-0.036,-0.036,5.9932,0.0021,0.0733,1.0,0.0078,0.252,-13.486
Car A,368,24.5333,2,4.455,1,4.456,-0.014,-0.014,5.9905,0.0057,0.4825,1.0,-0.077,1.626,13.486
Car B,368,24.5333,1,124.63,3,-9.031,-0.035,-0.035,5.9961,0.0435,0.0724,1.0,0.0052,0.193,-13.486
Car A,369,24.6,2,4.855,1,4.855,-0.012,-0.012,5.989,-0.0235,-0.3826,1.0,0.0542,-1.919,13.485
Car B,369,24.6,1,125.03,3,-8.631,-0.035,-0.035,6.0018,0.0853,0.0305,1.0,0.0046,0.127,-13.485
Car A,370,24.6667,2,5.254,1,5.254,-0.014,-0.014,5.9877,-0.0185,0.3725,1.0,-0.0507,1.349,13.485
Car B,370,24.6667,1,125.43,3,-8.231,-0.035,-0.035,5.9991,-0.0403,0.0269,1.0,0.0036,0.113,-13.485
Car A,371,24.7333,2,5.653,1,5.653,-0.014,-0.014,5.9879,0.003,-0.4273,1.0,0.0635,-1.262,13.484
Car B,371,24.7333,1,125.83,3,-7.831,-0.035,-0.035,5.9985,-0.0091,0.0263,1.0,0.0021,0.088,-13.484
Car A,372,24.8,2,6.052,1,6.052,-0.014,-0.014,5.9882,0.0038,0.4746,1.0,-0.0772,1.582,13.483
Car B,372,24.8,1,126.23,3,-7.431,-0.034,-0.034,5.9988,0.0046,0.0109,1.0,0.001,0.052,-13.483
Car A,373,24.8667,2,6.451,1,6.451,-0.013,-0.013,5.987,-0.0178,-0.3925,1.0,0.055,-1.925,13.482
Car B,373,24.8667,1,126.63,3,-7.031,-0.034,-0.034,5.9993,0.0079,0.0006,1.0,0.0,0.026,-13.482
Car A,374,24.9333,2,6.85,1,6.85,-0.014,-0.014,5.9858,-0.0172,0.3681,1.0,-0.0492,1.369,13.481
Car B,374,24.9333,1,127.03,3,-6.631,-0.033,-0.033,5.9996,0.0038,0.021,1.0,-0.002,0.001,-13.481
Car A,375,25.0,2,7.249,1,7.249,-0.014,-0.014,5.9866,0.0112,-0.4392,1.0,0.0649,-1.226,13.48
Car B,375,25.0,1,127.429,3,-6.231,-0.032,-0.032,5.999,-0.0093,0.0206,1.0,-0.0038,-0.047,-13.48
Car A,376,25.0667,2,7.649,1,7.649,-0.014,-0.014,5.9871,0.0079,0.4828,1.0,-0.0783,1.618,13.479
Car B,376,25.0667,1,127.829,3,-5.831,-0.031,-0.031,6.0003,0.0191,0.0074,1.0,-0.0046,-0.091,-13.479
Car A,377,25.1333,2,8.048,1,8.048,-0.013,-0.013,5.9861,-0.0155,-0.3849,1.0,0.054,-1.952,13.478
Car B,377,25.1333,1,128.23,3,-5.431,-0.031,-0.031,6.0018,0.0235,-0.0073,1.0,-0.0046,-0.112,-13.478
Car A,378,25.2,2,8.447,1,8.447,-0.014,-0.014,5.9851,-0.0149,0.3685,1.0,-0.0507,1.345,13.477
Car B,378,25.2,1,128.63,3,-5.031,-0.03,-0.03,6.0029,0.0158,-0.0212,1.0,-0.0038,-0.112,-13.477
Car A,379,25.2667,2,8.846,1,8.846,-0.014,-0.014,5.9848,-0.0043,-0.4475,1.0,0.0653,-1.262,13.476
Car B,379,25.2667,1,129.03,3,-4.63,-0.03,-0.03,6.0035,0.0095,-0.0445,1.0,-0.002,-0.093,-13.476
Car A,380,25.3333,2,9.245,1,9.245,-0.015,-0.015,5.9854,0.0092,0.4496,1.0,-0.067,1.627,13.475
Car B,380,25.3333,1,129.43,3,-4.23,-0.03,-0.03,6.0016,-0.0287,-0.0155,1.0,-0.002,-0.051,-13.475
Car A,381,25.4,2,9.643,1,9.644,-0.013,-0.013,5.9843,-0.0169,-0.3849,1.0,0.056,-1.669,13.473
Car B,381,25.4,1,129.83,3,-3.83,-0.03,-0.03,6.0014,-0.0029,-0.0162,1.0,-0.0017,-0.049,-13.473
Car A,382,25.4667,2,10.042,1,10.042,-0.015,-0.015,5.9837,-0.0094,0.3857,1.0,-0.0546,1.395,13.472
Car B,382,25.4667,1,130.231,3,-3.43,-0.03,-0.03,6.0011,-0.0048,-0.0153,1.0,-0.0014,-0.042,-13.472
Car A,383,25.5333,2,10.441,1,10.441,-0.014,-0.014,5.9833,-0.0057,-0.4285,1.0,0.0626,-1.361,13.471
Car B,383,25.5333,1,130.631,3,-3.03,-0.03,-0.03,6.0009,-0.0027,-0.0134,1.0,-0.0012,-0.035,-13.471
Car A,384,25.6,2,10.84,1,10.84,-0.015,-0.015,5.9839,0.0088,0.4306,1.0,-0.0638,1.559,13.47
Car B,384,25.6,1,131.031,3,-2.629,-0.03,-0.03,6.0008,-0.0019,-0.0112,1.0,-0.001,-0.03,-13.47
Car A,385,25.6667,2,11.239,1,11.239,-0.014,-0.014,5.9825,-0.0209,-0.4223,1.0,0.0607,-1.591,13.468
Car B,385,25.6667,1,131.431,3,-2.229,-0.03,-0.03,6.0007,-0.0016,-0.0096,1.0,-0.0008,-0.025,-13.468
Car A,386,25.7333,2,11.638,1,11.638,-0.015,-0.015,5.9817,-0.0119,0.3923,1.0,-0.0517,1.511,13.467
Car B,386,25.7333,1,131.831,3,-1.829,-0.03,-0.03,6.0006,-0.001,-0.0076,1.0,-0.0007,-0.021,-13.467
Car A,387,25.8,2,12.036,1,12.036,-0.014,-0.014,5.9818,0.0016,-0.4018,1.0,0.0606,-1.288,13.466
Car B,387,25.8,1,132.231,3,-1.429,-0.03,-0.03,6.0005,-0.001,-0.0063,1.0,-0.0005,-0.016,-13.466
Car A,388,25.8667,2,12.435,1,12.435,-0.015,-0.015,5.9825,0.0113,0.4435,1.0,-0.0711,1.511,13.464
Car B,388,25.8667,1,132.631,3,-1.029,-0.03,-0.03,6.0005,-0.0004,0.0002,1.0,-0.0005,-0.012,-13.464
Car A,389,25.9333,2,12.834,1,12.834,-0.013,-0.013,5.9815,-0.0154,-0.4041,1.0,0.057,-1.772,13.463
Car B,389,25.9333,1,133.031,3,-0.629,-0.03,-0.03,6.0005,-0.0008,-0.0054,1.0,-0.0001,-0.011,-13.463
Car A,390,26.0,2,13.233,1,13.233,-0.015,-0.015,5.9808,-0.0107,0.377,1.0,-0.051,1.419,13.462
Car B,390,26.0,1,133.431,3,-0.229,-0.03,-0.03,6.0007,0.0039,-0.0088,1.0,0.0004,-0.003,-13.462
Car A,391,26.0667,2,13.631,1,13.631,-0.014,-0.014,5.9811,0.0051,-0.4398,1.0,0.0645,-1.269,13.46
Car B,391,26.0667,2,0.171,1,0.171,-0.03,-0.03,6.0004,-0.0042,-0.0051,1.0,0.0007,0.009,-13.46
Car A,392,26.1333,2,14.03,1,14.03,-0.015,-0.015,5.982,0.0124,0.446,1.0,-0.0676,1.607,13.459
Car B,392,26.1333,2,0.571,1,0.571,-0.031,-0.031,6.0004,-0.0008,-0.0023,1.0,0.0007,0.015,-13.459
Car A,393,26.2,2,14.429,1,14.429,-0.014,-0.014,5.9812,-0.011,-0.3879,1.0,0.056,-1.684,13.458
Car B,393,26.2,2,0.971,1,0.971,-0.031,-0.031,6.0006,0.0034,0.0075,1.0,0.0003,0.017,-13.458
Car A,394,26.2667,2,14.827,1,14.827,-0.015,-0.015,5.9803,-0.0134,0.3864,1.0,-0.0556,1.394,13.456
Car B,394,26.2667,2,1.371,1,1.371,-0.031,-0.031,6.0007,0.0016,-0.0086,1.0,0.0007,0.007,-13.456
Car A,395,26.3333,2,15.226,1,15.226,-0.014,-0.014,5.9808,0.0072,-0.4245,1.0,0.0278,-1.384,13.455
Car B,395,26.3333,2,1.771,1,1.771,-0.031,-0.031,6.0007,0.0001,-0.0025,1.0,0.0006,0.017,-13.455
Car A,396,26.4,2,15.625,1,15.625,-0.015,-0.015,5.9869,0.092,0.2749,1.0,-0.0978,0.689,13.453
Car B,396,26.4,2,2.171,1,2.172,-0.031,-0.031,6.0003,-0.0066,0.0037,1.0,0.0004,0.016,-13.453
Car A,397,26.4667,2,16.024,1,16.024,-0.017,-0.017,5.9851,-0.0272,-0.6272,1.0,-0.0455,-2.441,13.453
Car B,397,26.4667,2,2.572,1,2.572,-0.031,-0.031,6.0005,0.0036,0.0023,1.0,0.0005,0.01,-13.453
Car A,398,26.5333,2,16.424,1,16.424,-0.025,-0.025,6.025,0.5979,-0.4593,1.0,0.0127,-1.137,13.452
Car B,398,26.5333,2,2.972,1,2.972,-0.031,-0.031,6.0004,-0.0018,-0.0002,1.0,0.0012,0.013,-13.452
Car A,399,26.6,2,16.825,1,16.825,-0.03,-0.03,6.0054,-0.2943,-0.0029,1.0,-0.0545,0.309,13.453
Car B,399,26.6,2,3.372,1,3.372,-0.031,-0.031,6.001,0.0085,-0.004,1.0,0.0017,0.028,-13.453
Car A,400,26.6667,2,17.225,1,17.225,-0.037,-0.037,6.0092,0.0572,-0.5334,1.0,-0.131,-1.361,13.453
Car B,400,26.6667,2,3.772,1,3.772,-0.031,-0.031,6.0007,-0.0037,-0.001,1.0,0.002,0.041,-13.453
Car A,401,26.7333,2,17.625,1,17.625,-0.052,-0.052,6.0076,-0.0241,-1.2236,1.0,0.0701,-3.27,13.453
Car B,401,26.7333,2,4.172,1,4.172,-0.031,-0.031,6.0003,-0.006,0.004,1.0,0.0022,0.049,-13.453
Car A,402,26.8,2,18.025,1,18.025,-0.07,-0.07,6.0055,-0.0315,-0.1163,1.0,0.6196,1.744,13.453
Car B,402,26.8,2,4.572,1,4.572,-0.031,-0.031,6.0,-0.005,0.0061,1.0,0.0024,0.053,-13.453
Car A,403,26.8667,2,18.425,1,18.425,-0.077,-0.077,5.9993,-0.0934,0.9872,1.0,0.6767,15.467,13.453
Car B,403,26.8667,2,4.972,1,4.972,-0.031,-0.031,5.9998,-0.0023,0.0057,1.0,0.0023,0.058,-13.453
Car A,404,26.9333,2,18.825,1,18.825,-0.07,-0.07,5.9907,-0.1279,1.8398,1.0,1.0,16.914,13.453
Car B,404,26.9333,2,5.372,1,5.372,-0.031,-0.031,5.9997,-0.0023,0.0132,1.0,0.0012,0.056,-13.453
Car A,405,27.0,2,19.224,1,19.224,-0.047,-0.047,5.9773,-0.2008,2.5294,1.0,1.0,24.987,13.452
Car B,405,27.0,2,5.772,1,5.772,-0.031,-0.031,5.9994,-0.0038,0.0066,1.0,-0.0004,0.03,-13.452
Car A,406,27.0667,2,19.621,1,19.621,-0.008,-0.008,5.9643,-0.1956,3.0466,1.0,1.0,25.0,13.448
Car B,406,27.0667,2,6.172,1,6.172,-0.031,-0.031,5.9998,0.0056,-0.0075,1.0,-0.0019,-0.008,-13.448
Car A,407,27.1333,2,20.018,1,20.015,0.05,0.048,5.9522,-0.181,3.4493,1.0,1.0,25.0,13.446
Car B,407,27.1333,2,6.572,1,6.572,-0.03,-0.03,5.9996,-0.0024,0.0107,1.0,-0.0058,-0.046,-13.446
Car A,408,27.2,2,20.414,1,20.405,0.125,0.093,5.9417,-0.1586,3.7629,1.0,1.0,25.0,13.442
Car B,408,27.2,2,6.972,1,6.972,-0.03,-0.03,5.9999,0.0031,-0.0087,1.0,-0.0077,-0.136,-13.442
Car A,409,27.2667,2,20.806,1,20.791,0.22,0.157,5.9323,-0.1409,4.0028,1.0,1.0,25.0,13.434
Car B,409,27.2667,2,7.372,1,7.372,-0.029,-0.029,6.0016,0.0257,-0.0112,1.0,-0.0107,-0.185,-13.434
Car A,410,27.3333,2,21.228,1,21.171,0.333,0.198,5.9241,-0.1229,4.186,1.0,1.0,25.0,13.456
Car B,410,27.3333,2,7.772,1,7.772,-0.028,-0.028,6.0022,0.0095,-0.0255,1.0,-0.0119,-0.256,-13.456
Car A,411,27.4,2,21.622,1,21.545,0.465,0.239,5.9168,-0.1085,4.3284,1.0,1.0,24.999,13.45
Car B,411,27.4,2,8.172,1,8.173,-0.028,-0.028,6.0046,0.0365,-0.0411,1.0,-0.0121,-0.287,-13.45
Car A,412,27.4667,2,22.059,1,21.911,0.617,0.277,5.9104,-0.0962,4.4405,1.0,1.0,24.999,13.486
Car B,412,27.4667,2,8.573,1,8.573,-0.028,-0.028,6.0061,0.0228,-0.0475,1.0,-0.0113,-0.293,-13.486
Car A,413,27.5333,2,22.454,1,22.268,0.787,0.297,5.9046,-0.0866,4.5269,1.0,1.0,24.999,13.481
Car B,413,27.5333,2,8.973,1,8.973,-0.029,-0.029,6.0068,0.0096,-0.0477,1.0,-0.0097,-0.275,-13.481
Car A,414,27.6,2,22.901,1,22.616,0.976,0.331,5.8994,-0.078,4.5965,1.0,1.0,24.999,13.527
Car B,414,27.6,2,9.374,1,9.374,-0.03,-0.03,6.0069,0.0023,-0.0622,1.0,-0.0073,-0.237,-13.527
Car A,415,27.6667,2,23.296,1,22.952,1.183,0.332,5.8947,-0.0716,4.6509,1.0,1.0,24.999,13.521
Car B,415,27.6667,2,9.775,1,9.775,-0.031,-0.031,6.0076,0.0097,-0.0474,1.0,-0.0046,-0.181,-13.521
Car A,416,27.7333,2,23.69,1,23.277,1.408,0.353,5.8903,-0.0659,4.694,1.0,1.0,24.999,13.515
Car B,416,27.7333,2,10.175,1,10.175,-0.033,-0.033,6.0018,-0.0875,-0.0236,1.0,-0.0031,-0.114,-13.515
Car A,417,27.8,2,24.141,1,23.59,1.649,0.342,5.8862,-0.0611,4.7284,1.0,1.0,24.999,13.566
Car B,417,27.8,2,10.575,1,10.575,-0.034,-0.034,6.0014,-0.0055,-0.015,1.0,-0.0001,-0.077,-13.566
Car A,418,27.8667,2,24.535,1,23.888,1.907,0.345,5.8824,-0.0569,4.7555,1.0,1.0,24.999,13.56
Car B,418,27.8667,2,10.975,1,10.975,-0.036,-0.036,6.0053,0.0583,-0.0209,1.0,0.0033,-0.006,-13.56
Car A,419,27.9333,2,24.984,1,24.172,2.181,0.329,5.8788,-0.0546,4.7763,1.0,1.0,24.999,13.608
Car B,419,27.9333,2,11.376,1,11.376,-0.038,-0.038,6.0049,-0.0058,-0.0054,1.0,0.0062,0.079,-13.608
Car A,420,28.0,2,25.378,1,24.44,2.47,0.313,5.8754,-0.0512,4.7922,1.0,1.0,24.999,13.601
Car B,420,28.0,2,11.776,1,11.776,-0.04,-0.04,6.0029,-0.0296,0.0091,1.0,0.0085,0.149,-13.601
Car A,421,28.0667,2,25.82,1,24.692,2.773,0.295,5.8721,-0.0487,4.8065,1.0,1.0,24.999,13.643
Car B,421,28.0667,2,12.176,1,12.176,-0.042,-0.042,6.0011,-0.0275,0.0213,1.0,0.0104,0.205,-13.643
Car A,422,28.1333,2,26.212,1,24.927,3.089,0.26,5.869,-0.0472,4.8177,1.0,1.0,24.999,13.635
Car B,422,28.1333,2,12.576,1,12.576,-0.043,-0.043,5.9996,-0.0228,0.0307,1.0,0.0122,0.251,-13.635
Car A,423,28.2,2,26.643,1,25.144,3.417,0.241,5.8659,-0.0459,4.8249,1.0,1.0,24.999,13.667
Car B,423,28.2,2,12.976,1,12.976,-0.045,-0.045,5.9988,-0.011,0.0406,1.0,0.013,0.295,-13.667
Car A,424,28.2667,2,27.033,1,25.342,3.757,0.188,5.863,-0.044,4.8317,1.0,1.0,24.999,13.657
Car B,424,28.2667,2,13.376,1,13.376,-0.046,-0.046,5.9973,-0.0234,0.0584,1.0,0.0138,0.316,-13.657
Car A,425,28.3333,2,27.425,1,25.521,4.106,0.156,5.8601,-0.0432,4.8366,1.0,1.0,24.999,13.649
Car B,425,28.3333,2,13.776,1,13.776,-0.047,-0.047,5.9967,-0.0089,0.0626,1.0,0.0138,0.335,-13.649
Car A,426,28.4,2,27.837,1,25.681,4.465,0.099,5.8573,-0.042,4.8399,1.0,1.0,24.999,13.661
Car B,426,28.4,2,14.176,1,14.176,-0.047,-0.047,5.9956,-0.0154,0.07,1.0,0.014,0.337,-13.661
Car A,427,28.4667,2,28.226,1,25.821,4.833,0.049,5.8546,-0.0409,4.8445,1.0,1.0,24.999,13.651
Car B,427,28.4667,2,14.576,1,14.576,-0.047,-0.047,5.9954,-0.0029,0.0681,1.0,0.0138,0.34,-13.651
Car A,428,28.5333,2,28.619,1,25.94,5.207,-0.002,5.8519,-0.0401,4.8464,1.0,1.0,24.999,13.644
Car B,428,28.5333,2,14.975,1,14.975,-0.047,-0.047,5.9955,0.0012,0.0668,1.0,0.0132,0.337,-13.644
Car A,429,28.6,2,29.006,1,26.038,5.587,-0.07,5.8493,-0.0392,4.8483,1.0,1.0,24.999,13.631
Car B,429,28.6,2,15.375,1,15.375,-0.046,-0.046,5.9943,-0.0181,0.0697,1.0,0.0127,0.322,-13.631
Car A,430,28.6667,2,29.395,1,26.115,5.971,-0.117,5.8467,-0.0385,4.8496,1.0,1.0,24.999,13.621
Car B,430,28.6667,2,15.775,1,15.775,-0.045,-0.045,5.9948,0.0069,0.0664,1.0,0.0102,0.309,-13.621
Car A,431,28.7333,2,29.774,1,26.171,6.359,-0.171,5.8442,-0.0377,4.8513,1.0,1.0,24.999,13.6
Car B,431,28.7333,2,16.174,1,16.174,-0.044,-0.044,5.9932,-0.0242,0.077,1.0,0.0362,0.251,-13.6
Car A,432,28.8,2,30.165,1,26.205,6.75,-0.205,5.8417,-0.0371,4.8526,1.0,0.9646,24.999,13.591
Car B,432,28.8,2,16.573,1,16.573,-0.04,-0.04,5.9761,-0.2563,0.349,1.0,-0.0177,0.879,-13.591
Car A,433,28.8667,2,30.556,1,26.217,7.141,-0.217,5.8397,-0.0307,4.8491,1.0,0.8395,24.117,13.584
Car B,433,28.8667,2,16.972,1,16.972,-0.038,-0.038,5.985,0.1331,-0.2162,0.8424,-0.0036,-0.427,-13.584
Car A,434,28.9333,2,30.948,1,26.207,7.533,-0.207,5.8398,0.0017,4.8289,1.0,0.8138,20.992,13.584
Car B,434,28.9333,2,17.364,1,17.364,-0.037,-0.037,5.8036,-2.7196,-0.0285,0.848,-0.0122,-0.091,-13.584
Car A,435,29.0,2,31.338,1,26.176,7.923,-0.176,5.8392,-0.0083,4.8246,1.0,0.0882,20.346,13.595
Car B,435,29.0,2,17.743,1,17.743,-0.036,-0.036,5.6253,-2.6747,-0.0859,0.841,0.0253,-0.305,-13.595
Car A,436,29.0667,2,31.728,1,26.132,8.313,-0.132,5.8827,0.6527,3.0665,1.0,-0.3182,2.234,13.617
Car B,436,29.0667,2,18.112,1,18.112,-0.034,-0.034,5.4607,-2.4697,0.1892,1.0,1.0,0.631,-13.617
Car A,437,29.1333,2,32.12,1,26.094,8.705,-0.094,5.9054,0.3394,1.1429,1.0,-0.2618,-7.94,13.645
Car B,437,29.1333,2,18.475,1,18.475,-0.024,-0.024,5.4616,0.014,0.8308,1.0,0.4483,24.963,-13.645
Car A,438,29.2,2,32.513,1,26.068,9.098,-0.068,5.9095,0.0617,-0.2064,1.0,-0.2372,-6.547,13.674
Car B,438,29.2,2,18.839,1,18.839,-0.001,-0.001,5.458,-0.0544,1.8101,1.0,1.0,11.227,-13.674
Car A,439,29.2667,2,32.907,1,26.053,9.492,-0.053,5.9088,-0.0104,-1.2022,1.0,-0.1789,-5.931,13.706
Car B,439,29.2667,2,19.201,1,19.201,0.037,0.037,5.4513,-0.1008,2.4548,0.6918,-0.1122,24.978,-13.706
Car A,440,29.3333,2,33.302,1,26.051,9.887,-0.051,5.9282,0.2916,-1.6943,1.0,0.0322,-4.473,13.741
Car B,440,29.3333,2,19.561,1,19.561,0.083,0.083,5.4423,-0.1347,1.5775,0.4481,-0.5657,-2.762,-13.741
Car A,441,29.4,2,33.698,1,26.051,10.283,-0.051,5.9375,0.1392,-0.3974,1.0,-0.1659,0.798,13.781
Car B,441,29.4,2,19.916,1,19.917,0.121,0.121,5.3277,-1.7195,0.149,0.6545,-0.1654,-14.125,-13.781
Car A,442,29.4667,2,34.093,1,26.048,10.678,-0.048,5.9372,-0.0041,-0.9015,1.0,-0.0594,-4.14,13.815
Car B,442,29.4667,2,20.278,1,20.267,0.148,0.127,5.2348,-1.3933,-0.6649,1.0,1.0,-4.15,-13.815
Car A,443,29.5333,2,34.49,1,26.05,11.075,-0.05,5.9685,0.4686,-0.5727,1.0,-0.1829,-1.487,13.864
Car B,443,29.5333,2,20.627,1,20.615,0.175,0.126,5.2362,0.0219,0.0515,1.0,1.0,24.956,-13.864
Car A,444,29.6,2,34.888,1,26.057,11.473,-0.057,5.9675,-0.0148,-1.2932,1.0,-0.0445,-4.566,13.892
Car B,444,29.6,2,20.997,1,20.962,0.211,0.128,5.2366,0.0053,1.1222,1.0,1.0,25.0,-13.892
Car A,445,29.6667,2,35.286,1,26.07,11.871,-0.07,5.9778,0.1552,-0.4296,1.0,0.4769,-1.115,13.942
Car B,445,29.6667,2,21.345,1,21.308,0.263,0.097,5.2339,-0.0411,1.8632,1.0,1.0,25.0,-13.942
Car A,446,29.7333,2,35.685,1,26.075,12.27,-0.075,5.9768,-0.0158,0.5351,1.0,0.4816,11.903,13.991
Car B,446,29.7333,2,21.694,1,21.651,0.33,0.082,5.2298,-0.0606,2.4578,1.0,1.0,25.0,-13.991
Car A,447,29.8,2,36.083,1,26.067,12.668,-0.067,5.9709,-0.089,1.4826,1.0,0.4679,12.038,14.028
Car B,447,29.8,2,22.054,1,21.99,0.413,0.058,5.2261,-0.0561,2.9363,1.0,1.0,25.0,-14.028
Car A,448,29.8667,2,36.48,1,26.044,13.065,-0.044,5.9628,-0.1211,2.207,1.0,1.0,11.698,14.078
Car B,448,29.8667,2,22.402,1,22.325,0.513,0.022,5.2231,-0.0448,3.3206,1.0,1.0,25.0,-14.078
Car A,449,29.9333,2,36.876,1,26.006,13.461,-0.006,5.9496,-0.1976,2.8037,1.0,1.0,24.979,14.124
Car B,449,29.9333,2,22.752,1,22.655,0.631,0.005,5.2214,-0.0254,3.6288,1.0,1.0,25.0,-14.124
Car A,450,30.0,2,37.269,1,25.951,13.854,0.049,5.9376,-0.1795,3.2642,1.0,1.0,25.0,14.17
Car B,450,30.0,2,23.1,1,22.978,0.766,-0.037,5.221,-0.0059,3.8781,1.0,1.0,25.0,-14.17
Car A,451,30.0667,2,37.668,1,25.877,14.244,0.103,5.9267,-0.1648,3.6104,1.0,1.0,25.0,14.219
Car B,451,30.0667,2,23.448,1,23.293,0.92,-0.07,5.2219,0.0135,4.0742,1.0,1.0,24.999,-14.219
Car A,452,30.1333,2,38.059,1,25.785,14.629,0.165,5.917,-0.1455,3.8878,1.0,1.0,25.0,14.274
Car B,452,30.1333,2,23.785,1,23.599,1.091,-0.088,5.2239,0.0303,4.2284,1.0,1.0,24.999,-14.274
Car A,453,30.2,2,38.484,1,25.674,15.009,0.228,5.9085,-0.1272,4.0988,1.0,1.0,25.0,14.351
Car B,453,30.2,2,24.133,1,23.895,1.28,-0.137,5.227,0.0466,4.3555,1.0,1.0,24.999,-14.351
Car A,454,30.2667,2,38.877,1,25.544,15.382,0.267,5.901,-0.1114,4.2627,1.0,1.0,24.999,14.394
Car B,454,30.2667,2,24.483,1,24.179,1.486,-0.165,5.2309,0.0583,4.4568,1.0,1.0,24.999,-14.394
Car A,455,30.3333,2,39.268,1,25.396,15.748,0.327,5.8945,-0.0978,4.3853,1.0,1.0,24.999,14.461
Car B,455,30.3333,2,24.807,1,24.452,1.709,-0.191,5.2355,0.0682,4.5373,1.0,1.0,24.999,-14.461
Car A,456,30.4,2,39.714,1,25.228,16.106,0.345,5.8887,-0.0879,4.485,1.0,1.0,24.999,14.557
Car B,456,30.4,2,25.156,1,24.711,1.948,-0.232,5.2406,0.0774,4.6039,1.0,1.0,24.999,-14.557
Car A,457,30.4667,2,40.106,1,25.042,16.454,0.384,5.8835,-0.0782,4.5642,1.0,1.0,24.999,14.598
Car B,457,30.4667,2,25.508,1,24.955,2.202,-0.253,5.2462,0.0839,4.6586,1.0,1.0,24.999,-14.598
Car A,458,30.5333,2,40.562,1,24.838,16.791,0.398,5.8788,-0.0699,4.6242,1.0,1.0,24.999,14.743
Car B,458,30.5333,2,25.819,1,25.184,2.471,-0.283,5.2522,0.0893,4.7029,1.0,1.0,24.999,-14.743
Car A,459,30.6,2,40.956,1,24.616,17.116,0.417,5.8745,-0.0651,4.6713,1.0,1.0,24.999,14.784
Car B,459,30.6,2,26.171,1,25.397,2.753,-0.317,5.2583,0.0924,4.7375,1.0,1.0,24.999,-14.784
Car A,460,30.6667,2,41.417,1,24.377,17.429,0.426,5.8706,-0.0584,4.712,1.0,1.0,24.999,14.892
Car B,460,30.6667,2,26.525,1,25.593,3.048,-0.329,5.2648,0.0962,4.7667,1.0,1.0,24.999,-14.892
Car A,461,30.7333,2,41.81,1,24.121,17.728,0.426,5.8669,-0.0555,4.7422,1.0,1.0,24.999,14.985
Car B,461,30.7333,2,26.826,1,25.77,3.355,-0.362,5.2713,0.0975,4.7882,1.0,1.0,24.999,-14.985
Car A,462,30.8,2,42.272,1,23.85,18.013,0.429,5.8634,-0.0519,4.7663,1.0,1.0,24.999,15.092
Car B,462,30.8,2,27.18,1,25.929,3.672,-0.387,5.2778,0.0987,4.8077,1.0,1.0,24.999,-15.092
Car A,463,30.8667,2,42.665,1,23.564,18.283,0.41,5.8602,-0.0485,4.7848,1.0,1.0,24.999,15.133
Car B,463,30.8667,2,27.532,1,26.068,3.999,-0.391,5.2845,0.0992,4.8227,1.0,1.0,24.999,-15.133
Car A,464,30.9333,2,43.122,1,23.263,18.536,0.409,5.857,-0.0469,4.8003,1.0,1.0,24.999,15.295
Car B,464,30.9333,2,27.828,1,26.188,4.334,-0.424,5.2911,0.0993,4.8354,1.0,1.0,24.999,-15.295
Car A,465,31.0,2,43.513,1,22.95,18.772,0.372,5.8541,-0.0443,4.8119,1.0,1.0,24.999,15.33
Car B,465,31.0,2,28.184,1,26.287,4.676,-0.441,5.2977,0.0988,4.8443,1.0,1.0,24.999,-15.33
Car A,466,31.0667,2,43.905,1,22.623,18.99,0.356,5.8513,-0.0424,4.8217,1.0,1.0,24.999,15.432
Car B,466,31.0667,2,28.474,1,26.365,5.024,-0.441,5.3042,0.0981,4.8534,1.0,1.0,24.999,-15.432
Car A,467,31.1333,2,44.351,1,22.286,19.19,0.311,5.8485,-0.0414,4.8289,1.0,1.0,24.999,15.524
Car B,467,31.1333,2,28.827,1,26.422,5.377,-0.47,5.3107,0.0976,4.8599,1.0,1.0,24.999,-15.524
Car A,468,31.2,2,44.741,2,21.938,19.371,0.277,5.8458,-0.04,4.8345,1.0,1.0,24.999,15.557
Car B,468,31.2,2,29.185,1,26.458,5.733,-0.477,5.3171,0.0961,4.8649,1.0,1.0,24.999,-15.557
Car A,469,31.2667,2,45.172,2,21.581,19.533,0.233,5.8433,-0.0382,4.8387,1.0,1.0,24.999,15.667
Car B,469,31.2667,2,29.505,1,26.472,6.09,-0.472,5.3234,0.0947,4.8692,1.0,1.0,24.999,-15.667
Car A,470,31.3333,2,45.561,2,21.215,19.674,0.18,5.8408,-0.0379,4.842,1.0,1.0,24.999,15.697
Car B,470,31.3333,2,29.864,1,26.464,6.449,-0.464,5.3297,0.0937,4.8721,1.0,1.0,24.999,-15.697
Car A,471,31.4,2,45.974,2,20.843,19.795,0.138,5.8383,-0.0368,4.8465,1.0,1.0,24.999,15.753
Car B,471,31.4,2,30.221,1,26.435,6.806,-0.435,5.3358,0.092,4.8743,1.0,1.0,24.999,-15.753
Car A,472,31.4667,2,46.359,2,20.464,19.895,0.068,5.8359,-0.036,4.8482,1.0,1.0,24.999,15.782
Car B,472,31.4667,2,30.577,1,26.383,7.162,-0.383,5.3418,0.0905,4.8756,1.0,0.6001,24.999,-15.782
Car A,473,31.5333,2,46.747,2,20.081,19.974,0.02,5.8336,-0.0351,4.849,1.0,1.0,24.999,15.816
Car B,473,31.5333,2,30.932,1,26.316,7.516,-0.316,5.4085,0.9995,4.2076,1.0,-0.1836,15.017,-15.816
Car A,474,31.6,2,47.136,2,19.694,20.031,-0.031,5.8313,-0.0345,4.8504,1.0,1.0,24.999,15.849
Car B,474,31.6,2,31.287,1,26.24,7.872,-0.24,5.447,0.5781,2.9623,1.0,-0.2725,-4.561,-15.849
Car A,475,31.6667,2,47.526,2,19.304,20.067,-0.067,5.829,-0.0346,4.8533,1.0,1.0,24.999,15.88
Car B,475,31.6667,2,31.646,1,26.171,8.231,-0.171,5.48,0.4944,0.947,1.0,-0.2755,-6.81,-15.88
Car A,476,31.7333,2,47.916,2,18.914,20.081,-0.081,5.8268,-0.0333,4.8543,1.0,0.7511,24.999,15.909
Car B,476,31.7333,2,32.007,1,26.114,8.592,-0.114,5.4929,0.194,-0.2615,1.0,-0.2767,-6.886,-15.909
Car A,477,31.8,2,48.307,2,18.523,20.074,-0.074,5.8291,0.0349,4.815,1.0,-0.3512,18.785,15.936
Car B,477,31.8,2,32.371,1,26.068,8.956,-0.068,5.5002,0.1096,-1.1954,1.0,-0.2769,-6.918,-15.936
Car A,478,31.8667,2,48.698,2,18.132,20.054,-0.054,5.8639,0.5223,3.248,1.0,-0.4796,-8.739,15.961
Car B,478,31.8667,2,32.737,1,26.036,9.322,-0.036,5.5201,0.2978,-1.8766,1.0,-0.2771,-6.921,-15.961
Car A,479,31.9333,2,49.09,2,17.74,20.039,-0.039,5.8865,0.3393,1.1473,1.0,-0.1895,-11.984,15.983
Car B,479,31.9333,2,33.107,1,26.016,9.692,-0.016,5.5834,0.9502,-2.1597,1.0,-0.2738,-6.927,-15.983
Car A,480,32.0,2,49.483,2,17.347,20.037,-0.037,5.8905,0.0601,-0.1842,1.0,0.0266,-4.748,16.0
Car B,480,32.0,2,33.483,1,26.007,10.068,-0.007,5.6668,1.2512,-2.2186,1.0,-0.2277,-6.845,-16.0
Car A,481,32.0667,2,49.876,2,16.954,20.037,-0.037,5.9301,0.5941,0.2585,1.0,-0.0487,0.658,16.011
Car B,481,32.0667,2,33.865,1,26.004,10.45,-0.004,5.7665,1.4956,-1.9151,1.0,-0.1669,-5.694,-16.011
Car A,482,32.1333,2,50.272,2,16.558,20.039,-0.039,5.9493,0.2874,-0.475,1.0,0.0704,-1.212,16.019
Car B,482,32.1333,2,34.253,1,26.005,10.838,-0.005,5.8382,1.0758,-1.5928,0.9954,-0.0338,-4.173,-16.019
Car A,483,32.2,2,50.669,2,16.161,20.04,-0.04,5.9529,0.0549,0.4593,1.0,-0.0734,1.754,16.025
Car B,483,32.2,2,34.643,1,26.006,11.228,-0.006,5.8735,0.5293,-0.3769,0.8812,-0.1193,-0.85,-16.025
Car A,484,32.2667,2,51.066,2,15.764,20.038,-0.038,5.9544,0.021,-0.3717,1.0,0.0601,-1.829,16.035
Car B,484,32.2667,2,35.03,1,26.007,11.615,-0.007,5.7639,-1.6451,-0.9418,0.8488,0.038,-2.98,-16.035
Car A,485,32.3333,2,51.463,2,15.367,20.04,-0.04,5.9579,0.0526,0.4026,1.0,-0.0437,1.496,16.052
Car B,485,32.3333,2,35.411,1,26.009,11.996,-0.009,5.6908,-1.0953,0.0199,1.0,1.0,0.943,-16.052
Car A,486,32.4,2,51.86,2,14.97,20.039,-0.039,5.9638,0.0893,-0.3928,1.0,0.0643,-1.088,16.07
Car B,486,32.4,2,35.79,1,26.0,12.375,-0.0,5.6884,-0.0372,0.7615,1.0,0.6899,24.964,-16.07
Car A,487,32.4667,2,52.258,2,14.572,20.04,-0.04,5.9664,0.0387,0.4892,1.0,-0.0756,1.602,16.089
Car B,487,32.4667,2,36.169,1,25.979,12.753,0.021,5.6785,-0.1476,1.8074,0.8677,-0.2275,17.259,-16.089
Car A,488,32.5333,2,52.655,2,14.175,20.038,-0.038,5.9665,0.0019,-0.3834,1.0,0.0549,-1.884,16.11
Car B,488,32.5333,2,36.546,1,25.95,13.131,0.05,5.6794,0.0128,1.0344,1.0,0.7421,-5.652,-16.11
Car A,489,32.6,2,53.053,2,13.777,20.039,-0.039,5.9687,0.0331,0.3628,1.0,-0.048,1.368,16.13
Car B,489,32.6,2,36.923,1,25.923,13.508,0.077,5.6735,-0.0874,0.9974,0.7806,-0.1988,18.517,-16.13
Car A,490,32.6667,2,53.451,2,13.379,20.039,-0.039,5.9727,0.06,-0.4187,1.0,0.0613,-1.196,16.153
Car B,490,32.6667,2,37.299,1,25.891,13.884,0.109,5.6535,-0.3011,0.6036,1.0,1.0,-4.934,-16.153
Car A,491,32.7333,2,53.849,2,12.981,20.039,-0.039,5.9743,0.0242,0.5028,1.0,-0.0861,1.528,16.167
Car B,491,32.7333,2,37.683,1,25.86,14.258,0.12,5.6364,-0.2559,0.7813,1.0,1.0,24.955,-16.167
Car A,492,32.8,2,54.248,2,12.582,20.037,-0.037,5.9742,-0.0019,-0.4148,1.0,0.0537,-2.147,16.189
Car B,492,32.8,2,38.058,1,25.817,14.631,0.133,5.6274,-0.1344,1.7514,1.0,1.0,25.0,-16.189
Car A,493,32.8667,2,54.646,2,12.184,20.039,-0.039,5.9754,0.0175,0.3514,1.0,-0.0446,1.338,16.189
Car B,493,32.8667,2,38.457,1,25.758,15.002,0.148,5.6185,-0.1335,2.4174,1.0,1.0,25.0,-16.189
Car A,494,32.9333,2,55.044,2,11.786,20.038,-0.038,5.9783,0.0439,-0.4006,1.0,0.0595,-1.111,16.213
Car B,494,32.9333,2,38.832,1,25.683,15.369,0.136,5.61,-0.1277,2.9298,1.0,1.0,25.0,-16.213
Car A,495,33.0,2,55.443,2,11.387,20.038,-0.038,5.9802,0.0293,0.4861,1.0,-0.0821,1.483,16.236
Car B,495,33.0,2,39.207,1,25.591,15.732,0.141,5.6024,-0.1146,3.3395,1.0,1.0,25.0,-16.236
Car A,496,33.0667,2,55.842,2,10.989,20.037,-0.037,5.9797,-0.0088,-0.4055,1.0,0.0534,-2.046,16.239
Car B,496,33.0667,2,39.603,1,25.481,16.091,0.118,5.596,-0.0957,3.6601,1.0,1.0,25.0,-16.239
Car A,497,33.1333,2,56.24,2,10.59,20.039,-0.039,5.9801,0.0062,0.3487,1.0,-0.0421,1.328,16.263
Car B,497,33.1333,2,39.977,1,25.352,16.442,0.102,5.5909,-0.0764,3.9156,1.0,1.0,25.0,-16.263
Car A,498,33.2,2,56.639,2,10.191,20.038,-0.038,5.9816,0.0231,-0.4017,1.0,0.0598,-1.048,16.272
Car B,498,33.2,2,40.367,1,25.206,16.787,0.087,5.587,-0.0587,4.1115,1.0,1.0,24.999,-16.272
Car A,499,33.2667,2,57.038,2,9.792,20.038,-0.038,5.983,0.0202,0.4947,1.0,-0.0855,1.492,16.298
Car B,499,33.2667,2,40.74,1,25.041,17.123,0.051,5.5841,-0.0432,4.2645,1.0,1.0,24.999,-16.298
Car A,500,33.3333,2,57.437,2,9.394,20.036,-0.036,5.983,0.0008,-0.4151,1.0,0.0529,-2.131,16.323
Car B,500,33.3333,2,41.114,1,24.858,17.45,0.036,5.5821,-0.0303,4.3878,1.0,1.0,24.999,-16.323
Car A,501,33.4,2,57.835,2,8.995,20.038,-0.038,5.9829,-0.002,0.3449,1.0,-0.0439,1.316,16.345
Car B,501,33.4,2,41.491,1,24.658,17.767,-0.007,5.5808,-0.0193,4.4845,1.0,1.0,24.999,-16.345
Car A,502,33.4667,2,58.234,2,8.596,20.038,-0.038,5.9855,0.0392,-0.4055,1.0,0.0605,-1.093,16.37
Car B,502,33.4667,2,41.864,1,24.44,18.071,-0.039,5.5802,-0.0094,4.564,1.0,1.0,24.999,-16.37
Car A,503,33.5333,2,58.633,2,8.197,20.038,-0.038,5.9858,0.0039,0.4976,1.0,-0.0873,1.507,16.404
Car B,503,33.5333,2,42.229,1,24.206,18.363,-0.068,5.5799,-0.004,4.6234,1.0,1.0,24.999,-16.404
Car A,504,33.6,2,59.032,2,7.798,20.036,-0.036,5.9855,-0.0035,-0.413,1.0,0.0529,-2.176,16.432
Car B,504,33.6,2,42.6,1,23.955,18.642,-0.116,5.5801,0.0036,4.6748,1.0,1.0,24.999,-16.432
Car A,505,33.6667,2,59.431,2,7.399,20.038,-0.038,5.9853,-0.0028,0.3545,1.0,-0.0479,1.317,16.457
Car B,505,33.6667,2,42.974,1,23.689,18.905,-0.144,5.5806,0.0072,4.7149,1.0,1.0,24.999,-16.457
Car A,506,33.7333,2,59.83,2,7.0,20.038,-0.038,5.9859,0.0082,-0.4341,1.0,0.0625,-1.192,16.509
Car B,506,33.7333,2,43.322,1,23.408,19.153,-0.193,5.5814,0.0119,4.7475,1.0,1.0,24.999,-16.509
Car A,507,33.8,2,60.229,2,6.601,20.038,-0.038,5.9868,0.0143,0.4817,1.0,-0.082,1.557,16.535
Car B,507,33.8,2,43.694,1,23.113,19.385,-0.237,5.5824,0.0141,4.7712,1.0,1.0,24.999,-16.535
Car A,508,33.8667,2,60.628,2,6.202,20.037,-0.037,5.9856,-0.0189,-0.3911,1.0,0.0513,-2.045,16.602
Car B,508,33.8667,2,44.027,1,22.806,19.6,-0.266,5.5835,0.0174,4.7917,1.0,1.0,24.999,-16.602
Car A,509,33.9333,2,61.027,2,5.803,20.038,-0.038,5.9856,0.0008,0.3546,1.0,-0.0519,1.277,16.63
Car B,509,33.9333,2,44.397,1,22.487,19.796,-0.325,5.5848,0.019,4.8075,1.0,1.0,24.999,-16.63
Car A,510,34.0,2,61.426,2,5.404,20.038,-0.038,5.9853,-0.0045,-0.4484,1.0,0.0627,-1.293,16.656
Car B,510,34.0,2,44.77,2,22.156,19.974,-0.363,5.5861,0.0196,4.8218,1.0,1.0,24.999,-16.656
Car A,511,34.0667,2,61.825,2,5.005,20.039,-0.039,5.9854,0.0008,0.446,1.0,-0.0746,1.563,16.742
Car B,511,34.0667,2,45.083,2,21.816,20.133,-0.406,5.5875,0.0214,4.8316,1.0,1.0,24.999,-16.742
Car A,512,34.1333,2,62.224,2,4.606,20.038,-0.038,5.9847,-0.0097,-0.3909,1.0,0.0538,-1.859,16.77
Car B,512,34.1333,2,45.455,2,21.468,20.272,-0.459,5.5889,0.0214,4.8409,1.0,1.0,24.999,-16.77
Car A,513,34.2,2,62.623,2,4.207,20.04,-0.04,5.9838,-0.014,0.3688,1.0,-0.0524,1.34,16.795
Car B,513,34.2,2,45.829,2,21.111,20.39,-0.491,5.5904,0.0216,4.848,1.0,1.0,24.999,-16.795
Car A,514,34.2667,2,63.022,2,3.808,20.04,-0.04,5.9838,0.0005,-0.434,1.0,0.0617,-1.304,16.9
Car B,514,34.2667,2,46.122,2,20.749,20.488,-0.545,5.5919,0.0222,4.8512,1.0,1.0,24.999,-16.9
Car A,515,34.3333,2,63.421,2,3.409,20.041,-0.041,5.984,0.0021,0.4364,1.0,-0.0709,1.538,16.927
Car B,515,34.3333,2,46.494,2,20.381,20.564,-0.593,5.5934,0.0225,4.8553,1.0,1.0,24.999,-16.927
Car A,516,34.4,2,63.82,2,3.01,20.04,-0.04,5.9838,-0.0024,-0.3903,1.0,0.0552,-1.766,16.99
Car B,516,34.4,2,46.83,2,20.01,20.62,-0.62,5.5949,0.0227,4.8585,1.0,1.0,24.999,-16.99
Car A,517,34.4667,2,64.219,2,2.611,20.042,-0.042,5.9825,-0.02,0.3773,1.0,-0.0528,1.375,17.024
Car B,517,34.4667,2,47.195,2,19.635,20.653,-0.653,5.5964,0.0228,4.8616,1.0,1.0,24.999,-17.024
Car A,518,34.5333,2,64.618,2,2.212,20.042,-0.042,5.9836,0.0163,-0.4275,1.0,0.0635,-1.314,17.047
Car B,518,34.5333,2,47.571,2,19.26,20.665,-0.665,5.5978,0.0217,4.8634,1.0,1.0,24.999,-17.047
Car A,519,34.6,2,65.017,2,1.814,20.043,-0.043,5.9839,0.0053,0.4751,1.0,-0.0765,1.584,17.07
Car B,519,34.6,2,47.946,2,18.884,20.656,-0.656,5.5993,0.0215,4.8643,1.0,1.0,24.999,-17.07
Car A,520,34.6667,2,65.415,2,1.415,20.042,-0.042,5.9827,-0.0178,-0.3904,1.0,0.0565,-1.908,17.094
Car B,520,34.6667,2,48.321,2,18.509,20.624,-0.624,5.6007,0.022,4.8659,1.0,1.0,24.999,-17.094
Car A,521,34.7333,2,65.814,2,1.016,20.044,-0.044,5.9825,-0.0037,0.3651,1.0,-0.0487,1.408,17.121
Car B,521,34.7333,2,48.694,2,18.137,20.571,-0.571,5.6022,0.0216,4.8665,1.0,0.7281,24.999,-17.121
Car A,522,34.8,2,66.213,2,0.617,20.044,-0.044,5.9823,-0.0021,-0.4204,1.0,0.0638,-1.214,17.15
Car B,522,34.8,2,49.063,2,17.767,20.497,-0.497,5.6136,0.1705,4.8126,1.0,-0.0108,18.211,-17.15
Car A,523,34.8667,2,66.612,2,0.218,20.045,-0.045,5.9833,0.0146,0.4616,1.0,-0.084,1.591,17.181
Car B,523,34.8667,2,49.43,2,17.4,20.409,-0.409,5.6631,0.7437,3.1144,1.0,-0.2453,-0.241,-17.181
Car A,524,34.9333,2,67.011,2,-0.18,20.044,-0.044,5.9832,-0.0015,-0.3974,1.0,0.0569,-2.093,17.21
Car B,524,34.9333,2,49.801,2,17.029,20.328,-0.328,5.6922,0.4366,1.2366,1.0,-0.2619,-6.122,-17.21
Car A,525,35.0,2,67.409,2,-0.579,20.046,-0.046,5.9835,0.0042,0.3561,1.0,-0.0567,1.416,17.235
Car B,525,35.0,2,50.174,2,16.656,20.258,-0.258,5.7026,0.1546,-0.0995,1.0,-0.2701,-6.547,-17.235
Car A,526,35.0667,2,67.808,2,-0.978,20.046,-0.046,5.9816,-0.0288,-0.4252,1.0,0.0641,-1.413,17.258
Car B,526,35.0667,2,50.55,2,16.28,20.199,-0.199,5.7057,0.0474,-1.0995,1.0,-0.2719,-6.751,-17.258
Car A,527,35.1333,2,68.207,2,-1.377,20.047,-0.047,5.9825,0.0137,0.4249,1.0,-0.0739,1.596,17.279
Car B,527,35.1333,2,50.928,2,15.902,20.154,-0.154,5.7118,0.0913,-1.8448,1.0,-0.2705,-6.796,-17.279
Car A,528,35.2,2,68.606,2,-1.776,20.047,-0.047,5.9809,-0.0234,-0.3915,1.0,0.0589,-1.842,17.296
Car B,528,35.2,2,51.309,2,15.521,20.122,-0.122,5.7519,0.6016,-2.2423,1.0,-0.2612,-6.761,-17.296
Car A,529,35.2667,2,69.004,2,-2.174,20.049,-0.049,5.9805,-0.0066,0.3705,1.0,-0.0715,1.467,17.309
Car B,529,35.2667,2,51.696,2,15.134,20.101,-0.101,5.8305,1.1786,-2.2699,1.0,-0.2172,-6.529,-17.309
Car A,530,35.3333,2,69.403,2,-2.573,20.049,-0.049,5.9798,-0.0099,-0.425,1.0,0.0621,-1.782,17.315
Car B,530,35.3333,2,52.087,2,14.743,20.087,-0.087,5.9149,1.266,-1.9507,1.0,-0.1313,-5.432,-17.315
Car A,531,35.4,2,69.801,2,-2.971,20.051,-0.051,5.9798,-0.0002,0.3686,1.0,-0.0722,1.548,17.318
Car B,531,35.4,2,52.483,2,14.347,20.075,-0.075,5.9309,0.241,-1.308,1.0,-0.1048,-3.283,-17.318
Car A,532,35.4667,2,70.2,2,-3.37,20.051,-0.051,5.9787,-0.0172,-0.4084,1.0,0.0635,-1.799,17.318
Car B,532,35.4667,2,52.882,2,13.948,20.064,-0.064,5.9831,0.7827,-1.0493,1.0,-0.0736,-2.621,-17.318
Car A,533,35.5333,2,70.599,2,-3.768,20.054,-0.054,5.9792,0.0077,0.368,1.0,-0.074,1.582,17.316
Car B,533,35.5333,2,53.282,2,13.548,20.054,-0.054,6.0211,0.5704,-0.7121,1.0,-0.0644,-1.839,-17.316
Car A,534,35.6,2,70.997,2,-4.167,20.054,-0.054,5.978,-0.0178,-0.4164,1.0,0.0677,-1.845,17.313
Car B,534,35.6,2,53.684,2,13.146,20.046,-0.046,6.0189,-0.0338,-0.6131,1.0,-0.054,-1.605,-17.313
Car A,535,35.6667,2,71.395,2,-4.565,20.057,-0.057,5.9773,-0.01,0.3779,1.0,-0.0503,1.687,17.31
Car B,535,35.6667,2,54.085,2,12.745,20.04,-0.04,5.9744,-0.6667,-0.5405,1.0,-0.0493,-1.342,-17.31
Car A,536,35.7333,2,71.794,2,-4.964,20.058,-0.058,5.978,0.0102,-0.3828,1.0,0.0711,-1.253,17.31
Car B,536,35.7333,2,54.484,2,12.346,20.036,-0.036,5.9632,-0.1683,-0.486,1.0,-0.0411,-1.21,-17.31
Car A,537,35.8,2,72.192,2,-5.362,20.059,-0.059,5.9781,0.0011,0.4916,1.0,-0.0938,1.772,17.31
Car B,537,35.8,2,54.882,2,11.948,20.032,-0.032,5.9776,0.2149,-0.2209,1.0,-0.0427,-1.007,-17.31
Car A,538,35.8667,2,72.591,2,-5.761,20.059,-0.059,5.9774,-0.0101,-0.3625,1.0,0.0647,-2.339,17.31
Car B,538,35.8667,2,55.281,2,11.549,20.029,-0.029,5.9949,0.2596,-0.4047,1.0,-0.0257,-1.064,-17.31
Car A,539,35.9333,2,72.989,2,-6.159,20.061,-0.061,5.9783,0.0128,0.3704,1.0,-0.0585,1.612,17.308
Car B,539,35.9333,2,55.682,2,11.148,20.028,-0.028,6.0207,0.3883,-0.183,1.0,-0.0236,-0.636,-17.308
Car A,540,36.0,2,73.388,2,-6.558,20.061,-0.061,5.978,-0.0046,-0.4015,1.0,0.0708,-1.457,17.305
Car B,540,36.0,2,56.083,2,10.747,20.026,-0.026,6.017,-0.0561,-0.1723,1.0,-0.0212,-0.577,-17.305
Car A,541,36.0667,2,73.786,2,-6.956,20.063,-0.063,5.978,0.0011,0.4143,1.0,-0.0625,1.765,17.303
Car B,541,36.0667,2,56.483,2,10.347,20.025,-0.025,5.9932,-0.3564,-0.1155,1.0,-0.0223,-0.522,-17.303
Car A,542,36.1333,2,74.185,2,-7.355,20.062,-0.062,5.977,-0.0151,-0.3685,1.0,0.0686,-1.558,17.302
Car B,542,36.1333,2,56.883,2,9.947,20.024,-0.024,5.9924,-0.0132,-0.1073,1.0,-0.021,-0.543,-17.302
Car A,543,36.2,2,74.583,2,-7.753,20.064,-0.064,5.9771,0.0005,0.4424,1.0,-0.0771,1.708,17.301
Car B,543,36.2,2,57.282,2,9.548,20.023,-0.023,5.9906,-0.0264,-0.1063,1.0,-0.0183,-0.513,-17.301
Car A,544,36.2667,2,74.982,2,-8.151,20.063,-0.063,5.9768,-0.0034,-0.3768,1.0,0.068,-1.922,17.3
Car B,544,36.2667,2,57.682,2,9.148,20.024,-0.024,5.9895,-0.0163,-0.0921,1.0,-0.0151,-0.449,-17.3
Car A,545,36.3333,2,75.38,2,-8.55,20.065,-0.065,5.9762,-0.0095,0.381,1.0,-0.0529,1.693,17.299
Car B,545,36.3333,2,58.081,2,8.749,20.025,-0.025,5.9903,0.0123,-0.0905,1.0,-0.0108,-0.371,-17.299
Car A,546,36.4,2,75.778,2,-8.948,20.064,-0.064,5.9768,0.0095,-0.3913,1.0,0.0705,-1.318,17.298
Car B,546,36.4,2,58.481,2,8.35,20.026,-0.026,6.0024,0.1814,-0.0592,1.0,-0.0057,-0.266,-17.298
Car A,547,36.4667,2,76.177,2,-9.347,20.065,-0.065,5.9779,0.0153,0.4523,1.0,-0.0876,1.756,17.296
Car B,547,36.4667,2,58.881,2,7.949,20.027,-0.027,6.008,0.0834,-0.1216,1.0,-0.0008,-0.142,-17.296
Car A,548,36.5333,2,76.575,2,-9.745,20.064,-0.064,5.976,-0.0281,-0.3779,1.0,0.0659,-2.183,17.294
Car B,548,36.5333,2,59.281,2,7.549,20.029,-0.029,6.0089,0.0129,-0.0328,1.0,-0.0009,-0.025,-17.294
Car A,549,36.6,2,76.974,2,-10.143,20.066,-0.066,5.9771,0.0172,0.3593,1.0,-0.0518,1.641,17.292
Car B,549,36.6,2,59.681,2,7.149,20.03,-0.03,6.0005,-0.1249,0.0319,1.0,-0.0029,-0.022,-17.292
Car A,550,36.6667,2,77.372,2,-10.542,20.065,-0.065,5.9775,0.006,-0.3961,1.0,0.07,-1.29,17.29
Car B,550,36.6667,2,60.082,2,6.748,20.03,-0.03,6.0022,0.0256,0.0066,1.0,-0.002,-0.071,-17.29
Car A,551,36.7333,2,77.771,2,-10.94,20.066,-0.066,5.9782,0.0107,0.4514,1.0,-0.0906,1.745,17.289
Car B,551,36.7333,2,60.482,2,6.348,20.032,-0.032,6.0009,-0.0206,-0.025,1.0,0.0003,-0.049,-17.289
Car A,552,36.8,2,78.169,2,-11.339,20.064,-0.064,5.9771,-0.0172,-0.3655,1.0,0.0632,-2.259,17.287
Car B,552,36.8,2,60.882,2,5.948,20.033,-0.033,6.0042,0.0497,-0.0211,1.0,0.0029,0.006,-17.287
Car A,553,36.8667,2,78.567,2,-11.737,20.066,-0.066,5.9773,0.0029,0.369,1.0,-0.0623,1.575,17.285
Car B,553,36.8667,2,61.282,2,5.548,20.035,-0.035,6.0037,-0.0067,0.0051,1.0,0.0043,0.069,-17.285
Car A,554,36.9333,2,78.966,2,-12.136,20.065,-0.065,5.9777,0.0067,-0.4133,1.0,0.0697,-1.551,17.283
Car B,554,36.9333,2,61.683,2,5.148,20.036,-0.036,6.0013,-0.0369,0.0191,1.0,0.0046,0.103,-17.283
Car A,555,37.0,2,79.364,2,-12.534,20.066,-0.066,5.9769,-0.0121,0.4079,1.0,-0.0719,1.738,17.282
Car B,555,37.0,2,62.083,2,4.747,20.037,-0.037,5.9997,-0.0229,0.0164,1.0,0.0051,0.112,-17.282
Car A,556,37.0667,2,79.763,2,-12.933,20.064,-0.064,5.9769,0.0001,-0.384,1.0,0.0667,-1.792,17.28
Car B,556,37.0667,2,62.483,2,4.347,20.039,-0.039,5.9996,-0.0024,0.0144,1.0,0.0056,0.124,-17.28
Car A,557,37.1333,2,80.161,2,-13.331,20.066,-0.066,5.9768,-0.0021,0.3809,1.0,-0.0625,1.662,17.278
Car B,557,37.1333,2,62.883,2,3.947,20.04,-0.04,5.9993,-0.0041,0.0229,1.0,0.0057,0.136,-17.278
Car A,558,37.2,2,80.56,2,-13.729,20.065,-0.065,5.9771,0.0041,-0.402,1.0,0.0689,-1.558,17.277
Car B,558,37.2,2,63.283,2,3.547,20.041,-0.041,5.9985,-0.0114,0.0206,1.0,0.0055,0.137,-17.277
Car A,559,37.2667,2,80.958,2,-14.128,20.066,-0.066,5.9765,-0.0083,0.4042,1.0,-0.0719,1.718,17.275
Car B,559,37.2667,2,63.683,2,3.148,20.041,-0.041,5.9985,-0.001,0.0179,1.0,0.0054,0.134,-17.275
Car A,560,37.3333,2,81.356,2,-14.526,20.064,-0.064,5.976,-0.0077,-0.3935,1.0,0.0668,-1.791,17.274
Car B,560,37.3333,2,64.083,2,2.748,20.042,-0.042,5.9984,-0.0011,0.0009,1.0,0.0057,0.132,-17.274
Car A,561,37.4,2,81.755,2,-14.924,20.066,-0.066,5.9757,-0.0047,0.38,1.0,-0.0652,1.664,17.272
Car B,561,37.4,2,64.482,2,2.348,20.043,-0.043,5.9989,0.008,0.0261,1.0,0.0049,0.139,-17.272
Car A,562,37.4667,2,82.153,2,-15.323,20.064,-0.064,5.9759,0.0027,-0.39,1.0,0.0421,-1.625,17.27
Car B,562,37.4667,2,64.882,2,1.948,20.043,-0.043,5.9978,-0.0166,0.0357,1.0,0.0036,0.12,-17.27
Car A,563,37.5333,2,82.551,2,-15.721,20.066,-0.066,5.9786,0.0408,0.3746,1.0,-0.1286,1.047,17.269
Car B,563,37.5333,2,65.282,2,1.548,20.043,-0.043,5.999,0.0169,0.0334,1.0,0.0027,0.089,-17.269
Car A,564,37.6,2,82.95,2,-16.12,20.066,-0.066,5.9786,0.0008,-0.5249,1.0,-0.0591,-3.209,17.268
Car B,564,37.6,2,65.682,2,1.148,20.043,-0.043,6.001,0.0307,0.0064,1.0,0.0031,0.066,-17.268
Car A,565,37.6667,2,83.348,2,-16.518,20.073,-0.073,5.9621,-0.2482,-0.4641,1.0,0.0044,-1.458,17.266
Car B,565,37.6667,2,66.082,2,0.748,20.043,-0.043,6.0016,0.0094,0.017,1.0,0.0038,0.075,-17.266
Car A,566,37.7333,2,83.747,2,-16.916,20.078,-0.078,5.9885,0.3959,0.1165,1.0,-0.212,0.1,17.264
Car B,566,37.7333,2,66.483,2,0.348,20.043,-0.043,6.0016,-0.0006,0.0055,1.0,0.003,0.093,-17.264
Car A,567,37.8,2,84.146,2,-17.316,20.086,-0.086,5.9867,-0.0265,-0.8487,1.0,-0.0663,-5.292,17.263
Car B,567,37.8,2,66.883,2,-0.053,20.043,-0.043,6.0026,0.0158,0.0439,1.0,0.0015,0.074,-17.263
Car A,568,37.8667,2,84.545,2,-17.715,20.1,-0.1,6.002,0.2296,-0.6463,1.0,0.0089,-1.663,17.262
Car B,568,37.8667,2,67.283,2,-0.453,20.043,-0.043,6.0015,-0.0172,0.0081,1.0,0.0008,0.036,-17.262
Car A,569,37.9333,2,84.945,2,-18.115,20.111,-0.111,6.0008,-0.0189,0.1037,1.0,0.5805,0.21,17.262
Car B,569,37.9333,2,67.683,2,-0.853,20.042,-0.042,6.0,-0.0224,0.0033,1.0,0.0005,0.021,-17.262
Car A,570,38.0,2,85.345,2,-18.515,20.115,-0.115,5.9961,-0.0701,0.9575,1.0,0.4889,14.489,17.262
Car B,570,38.0,2,68.083,2,-1.253,20.042,-0.042,6.0004,0.0057,-0.0052,1.0,0.0008,0.014,-17.262
Car A,571,38.0667,2,85.745,2,-18.915,20.105,-0.105,5.9893,-0.1013,1.8154,1.0,1.0,12.226,17.262
Car B,571,38.0667,2,68.483,2,-1.653,20.042,-0.042,6.0004,0.0005,0.0102,1.0,0.0002,0.019,-17.262
Car A,572,38.1333,2,86.143,2,-19.313,20.08,-0.08,5.9753,-0.2108,2.5088,1.0,1.0,24.98,17.26
Car B,572,38.1333,2,68.883,2,-2.053,20.041,-0.041,6.0,-0.0057,0.006,1.0,-0.0003,0.006,-17.26
Car A,573,38.2,2,86.54,2,-19.709,20.038,-0.038,5.9625,-0.1926,3.029,1.0,1.0,25.0,17.256
Car B,573,38.2,2,69.283,2,-2.453,20.041,-0.041,6.0016,0.0239,0.0143,1.0,-0.0011,-0.006,-17.256
Car A,574,38.2667,2,86.934,2,-20.103,19.979,0.013,5.9505,-0.1798,3.4365,1.0,1.0,25.0,17.251
Car B,574,38.2667,2,69.683,2,-2.853,20.041,-0.041,6.0018,0.0031,0.0008,1.0,-0.0017,-0.025,-17.251
Car A,575,38.3333,2,87.329,2,-20.493,19.901,0.06,5.9399,-0.1593,3.7461,1.0,1.0,25.0,17.246
Car B,575,38.3333,2,70.084,2,-3.253,20.041,-0.041,6.0011,-0.0112,-0.0053,1.0,-0.003,-0.042,-17.246
Car A,576,38.4,2,87.721,2,-20.878,19.804,0.126,5.9305,-0.1399,3.9941,1.0,1.0,25.0,17.237
Car B,576,38.4,2,70.484,2,-3.654,20.041,-0.041,6.0023,0.0182,-0.0029,1.0,-0.0037,-0.07,-17.237
Car A,577,38.4667,2,88.137,2,-21.258,19.689,0.156,5.9223,-0.1229,4.1783,1.0,1.0,25.0,17.253
Car B,577,38.4667,2,70.884,2,-4.054,20.041,-0.041,6.0015,-0.0123,-0.0011,1.0,-0.005,-0.09,-17.253
Car A,578,38.5333,2,88.531,2,-21.63,19.554,0.2,5.9151,-0.1088,4.3209,1.0,1.0,24.999,17.247
Car B,578,38.5333,2,71.284,2,-4.454,20.04,-0.04,6.0014,-0.0007,-0.0121,1.0,-0.0059,-0.12,-17.247
Car A,579,38.6,2,88.961,2,-21.995,19.401,0.228,5.9087,-0.0959,4.4372,1.0,1.0,24.999,17.276
Car B,579,38.6,2,71.684,2,-4.854,20.04,-0.04,6.0022,0.0116,-0.0252,1.0,-0.0065,-0.144,-17.276
Car A,580,38.6667,2,89.356,3,-22.352,19.228,0.251,5.9029,-0.0867,4.5261,1.0,1.0,24.999,17.271
Car B,580,38.6667,2,72.084,2,-5.254,20.04,-0.04,6.003,0.0124,-0.0203,1.0,-0.0066,-0.158,-17.271
Car A,581,38.7333,2,89.794,3,-22.698,19.038,0.276,5.8977,-0.0786,4.5929,1.0,1.0,24.999,17.309
Car B,581,38.7333,2,72.485,2,-5.655,20.041,-0.041,6.0038,0.0108,-0.0393,1.0,-0.0064,-0.16,-17.309
Car A,582,38.8,2,90.189,3,-23.033,18.829,0.279,5.8929,-0.0719,4.6473,1.0,1.0,24.999,17.304
Car B,582,38.8,2,72.885,2,-6.055,20.041,-0.041,6.004,0.003,-0.0466,1.0,-0.0049,-0.155,-17.304
Car A,583,38.8667,2,90.631,3,-23.357,18.602,0.302,5.8886,-0.0645,4.6931,1.0,1.0,24.999,17.345
Car B,583,38.8667,2,73.285,2,-6.455,20.042,-0.042,6.0053,0.0198,-0.0385,1.0,-0.0046,-0.12,-17.345
Car A,584,38.9333,2,91.025,3,-23.668,18.359,0.285,5.8845,-0.0615,4.7266,1.0,1.0,24.999,17.339
Car B,584,38.9333,2,73.686,2,-6.856,20.042,-0.042,6.0035,-0.0261,-0.0441,1.0,-0.0026,-0.112,-17.339
Car A,585,39.0,2,91.419,3,-23.964,18.099,0.29,5.8807,-0.0572,4.7542,1.0,1.0,24.999,17.333
Car B,585,39.0,2,74.086,2,-7.256,20.044,-0.044,6.0016,-0.0286,-0.0203,1.0,-0.0016,-0.065,-17.333
Car A,586,39.0667,2,91.859,3,-24.247,17.824,0.269,5.8771,-0.0534,4.775,1.0,1.0,24.999,17.373
Car B,586,39.0667,2,74.486,2,-7.656,20.045,-0.045,6.0003,-0.0204,-0.0028,1.0,-0.0007,-0.039,-17.373
Car A,587,39.1333,2,92.252,3,-24.513,17.534,0.255,5.8737,-0.0507,4.7932,1.0,1.0,24.999,17.366
Car B,587,39.1333,2,74.886,2,-8.056,20.046,-0.046,6.0013,0.0154,-0.0102,1.0,0.0017,-0.018,-17.366
Car A,588,39.2,2,92.685,3,-24.763,17.23,0.233,5.8704,-0.0494,4.8063,1.0,1.0,24.999,17.399
Car B,588,39.2,2,75.286,2,-8.456,20.047,-0.047,6.0014,0.0008,-0.0319,1.0,0.003,0.04,-17.399
Car A,589,39.2667,2,93.077,3,-24.996,16.912,0.2,5.8673,-0.0462,4.8176,1.0,1.0,24.999,17.391
Car B,589,39.2667,2,75.686,2,-8.856,20.048,-0.048,6.001,-0.006,0.0106,1.0,0.004,0.073,-17.391
Car A,590,39.3333,2,93.499,3,-25.211,16.583,0.179,5.8643,-0.0459,4.8243,1.0,1.0,24.999,17.413
Car B,590,39.3333,2,76.086,2,-9.256,20.049,-0.049,6.0012,0.0043,0.0025,1.0,0.0056,0.098,-17.413
Car A,591,39.4,2,93.889,3,-25.407,16.242,0.128,5.8614,-0.0436,4.831,1.0,1.0,24.999,17.403
Car B,591,39.4,2,76.486,2,-9.656,20.05,-0.05,6.0019,0.0098,0.0032,1.0,0.0087,0.135,-17.403
Car A,592,39.4667,2,94.281,3,-25.585,15.892,0.098,5.8586,-0.0419,4.8375,1.0,1.0,24.999,17.395
Car B,592,39.4667,2,76.887,2,-10.056,20.051,-0.051,6.0013,-0.0089,0.0065,1.0,0.0111,0.208,-17.395
Car A,593,39.5333,2,94.684,3,-25.742,15.532,0.04,5.8558,-0.042,4.8408,1.0,1.0,24.999,17.397
Car B,593,39.5333,2,77.287,2,-10.457,20.052,-0.052,6.0029,0.0241,0.0246,1.0,0.0138,0.268,-17.397
Car A,594,39.6,2,95.074,3,-25.88,15.164,-0.008,5.8531,-0.0407,4.8439,1.0,1.0,24.999,17.387
Car B,594,39.6,2,77.687,2,-10.857,20.053,-0.053,6.0037,0.0112,0.0399,1.0,0.0154,0.332,-17.387
Car A,595,39.6667,2,95.458,3,-25.997,14.789,-0.059,5.8504,-0.0395,4.8463,1.0,1.0,24.999,17.371
Car B,595,39.6667,2,78.087,2,-11.257,20.053,-0.053,6.0063,0.0392,0.0589,1.0,0.0167,0.374,-17.371
Car A,596,39.7333,2,95.845,3,-26.093,14.409,-0.124,5.8479,-0.0387,4.8487,1.0,1.0,24.999,17.357
Car B,596,39.7333,2,78.488,2,-11.658,20.054,-0.054,6.0068,0.0085,0.0548,1.0,0.0182,0.406,-17.357
Car A,597,39.8,2,96.235,3,-26.167,14.024,-0.169,5.8453,-0.0387,4.8492,1.0,0.9876,24.999,17.346
Car B,597,39.8,2,78.888,2,-12.058,20.054,-0.054,6.0077,0.013,0.0673,1.0,0.0176,0.44,-17.346
Car A,598,39.8667,2,96.61,3,-26.221,13.635,-0.221,5.8429,-0.0358,4.8494,1.0,0.9012,24.689,17.321
Car B,598,39.8667,2,79.289,2,-12.459,20.053,-0.053,6.0099,0.0333,0.0834,1.0,0.0154,0.428,-17.321
Car A,599,39.9333,2,97.0,3,-26.252,13.245,-0.252,5.8415,-0.021,4.8424,1.0,0.2958,22.533,17.311
Car B,599,39.9333,2,79.69,2,-12.86,20.052,-0.052,6.012,0.0317,0.083,1.0,0.0116,0.377,-17.311
Car A,600,40.0,2,97.393,3,-26.271,12.853,-0.271,5.8903,0.7323,3.0543,1.0,0.2008,7.419,17.302
Car B,600,40.0,2,80.09,2,-13.26,20.05,-0.05,5.9988,-0.198,0.0431,1.0,0.0065,0.285,-17.302
Car A,601,40.0667,2,97.788,3,-26.294,12.457,-0.294,5.973,1.2407,1.8491,1.0,0.1966,5.023,17.298
Car B,601,40.0667,2,80.49,2,-13.66,20.049,-0.049,6.0024,0.0535,0.1601,1.0,-0.002,0.161,-17.298
Car A,602,40.1333,2,98.188,3,-26.312,12.057,-0.312,6.0398,1.001,1.8739,1.0,0.1698,4.914,17.298
Car B,602,40.1333,2,80.89,2,-14.06,20.047,-0.047,5.9952,-0.1074,0.1257,1.0,-0.0068,-0.04,-17.298
Car A,603,40.2,2,98.592,3,-26.324,11.653,-0.324,6.0765,0.5517,1.6675,1.0,0.1432,4.243,17.301
Car B,603,40.2,2,81.29,2,-14.46,20.046,-0.046,5.9986,0.0507,-0.019,1.0,-0.0032,-0.165,-17.301
Car A,604,40.2667,2,98.997,3,-26.331,11.248,-0.331,6.0962,0.2946,1.4287,1.0,0.124,3.575,17.307
Car B,604,40.2667,2,81.69,2,-14.86,20.046,-0.046,5.9956,-0.0454,-0.0631,1.0,-0.0015,-0.08,-17.307
Car A,605,40.3333,2,99.403,3,-26.334,10.842,-0.334,6.0892,-0.105,1.2603,1.0,0.1255,3.091,17.313
Car B,605,40.3333,2,82.09,2,-15.26,20.046,-0.046,6.0024,0.1015,-0.0303,1.0,0.0124,-0.037,-17.313
Car A,606,40.4,2,99.809,3,-26.332,10.436,-0.332,6.0887,-0.0076,1.266,1.0,0.1087,3.129,17.319
Car B,606,40.4,2,82.49,2,-15.66,20.044,-0.044,6.0003,-0.0317,-0.0625,1.0,0.0101,0.297,-17.319
Car A,607,40.4667,2,100.215,3,-26.327,10.03,-0.327,6.0847,-0.0599,1.0685,1.0,0.1069,2.71,17.325
Car B,607,40.4667,2,82.89,2,-16.06,20.043,-0.043,5.9937,-0.0977,0.0558,0.9389,0.0562,0.247,-17.325
Car A,608,40.5333,2,100.62,3,-26.316,9.625,-0.316,6.0765,-0.1235,1.0756,1.0,0.0666,2.662,17.336
Car B,608,40.5333,2,83.284,2,-16.454,20.038,-0.038,5.8593,-2.016,0.5013,0.9928,-0.0016,1.402,-17.336
Car A,609,40.6,2,101.024,3,-26.305,9.222,-0.305,6.0453,-0.4666,0.6804,1.0,0.0664,1.66,17.347
Car B,609,40.6,2,83.677,2,-16.847,20.033,-0.033,5.9313,1.08,0.0034,0.9662,0.0195,-0.034,-17.347
Car A,610,40.6667,2,101.426,3,-26.291,8.819,-0.291,6.0478,0.0367,0.6602,1.0,0.0422,1.647,17.359
Car B,610,40.6667,2,84.067,2,-17.237,20.028,-0.028,5.7992,-1.9814,0.2004,0.9124,0.0477,0.476,-17.359
Car A,611,40.7333,2,101.829,3,-26.276,8.417,-0.276,6.0357,-0.1812,0.3072,1.0,0.0699,1.042,17.381
Car B,611,40.7333,2,84.448,2,-17.618,20.02,-0.02,5.6495,-2.2456,0.408,0.9684,0.0392,1.192,-17.381
Car A,612,40.8,2,102.23,3,-26.26,8.015,-0.26,6.0304,-0.0792,0.6824,1.0,-0.1547,1.747,17.401
Car B,612,40.8,2,84.829,2,-17.999,20.01,-0.01,5.7612,1.6756,0.3775,1.0,0.9747,0.964,-17.401
Car A,613,40.8667,2,102.632,3,-26.244,7.613,-0.244,6.0303,-0.0019,-0.3774,1.0,-0.0816,-3.858,17.42
Car B,613,40.8667,2,85.213,2,-18.382,19.994,0.006,5.7586,-0.0392,0.9323,1.0,0.7219,24.331,-17.42
Car A,614,40.9333,2,103.035,3,-26.239,7.211,-0.239,6.021,-0.1397,-0.787,1.0,1.0,-2.041,17.439
Car B,614,40.9333,2,85.595,2,-18.765,19.965,0.035,5.7473,-0.1696,1.9248,0.6563,-0.498,18.056,-17.439
Car A,615,41.0,2,103.436,3,-26.23,6.81,-0.23,6.0188,-0.0324,0.1568,1.0,1.0,24.959,17.461
Car B,615,41.0,2,85.975,2,-19.145,19.929,0.071,5.7213,-0.391,1.0701,1.0,0.7411,-12.404,-17.461
Car A,616,41.0667,2,103.836,3,-26.211,6.409,-0.211,6.0026,-0.243,1.3645,1.0,0.8332,25.0,17.482
Car B,616,41.0667,2,86.354,2,-19.524,19.893,0.107,5.7106,-0.1604,1.173,0.7214,-0.1924,18.482,-17.482
Car A,617,41.1333,2,104.234,3,-26.176,6.011,-0.176,5.9904,-0.1829,2.1222,1.0,1.0,20.837,17.502
Car B,617,41.1333,2,86.732,2,-19.902,19.859,0.141,5.6851,-0.3814,-0.3239,1.0,1.0,-4.772,-17.502
Car A,618,41.2,2,104.619,3,-26.125,5.615,-0.155,5.9769,-0.2029,2.7289,1.0,1.0,24.993,17.497
Car B,618,41.2,2,87.122,2,-20.279,19.828,0.15,5.678,-0.1074,0.3111,1.0,1.0,24.955,-17.497
Car A,619,41.2667,2,105.017,3,-26.058,5.222,-0.119,5.9643,-0.1898,3.1997,1.0,1.0,25.0,17.516
Car B,619,41.2667,2,87.5,2,-20.656,19.787,0.161,5.6696,-0.1257,1.4004,1.0,1.0,25.0,-17.516
Car A,620,41.3333,2,105.398,3,-25.972,4.833,-0.098,5.9527,-0.1738,3.5676,1.0,1.0,25.0,17.493
Car B,620,41.3333,2,87.906,2,-21.029,19.73,0.17,5.6603,-0.1393,2.134,1.0,1.0,25.0,-17.493
Car A,621,41.4,2,105.796,3,-25.869,4.449,-0.087,5.9425,-0.1532,3.8551,1.0,1.0,25.0,17.513
Car B,621,41.4,2,88.283,2,-21.4,19.657,0.154,5.651,-0.1393,2.7185,1.0,1.0,25.0,-17.513
Car A,622,41.4667,2,106.183,3,-25.747,4.07,-0.066,5.9335,-0.1344,4.0771,1.0,1.0,25.0,17.522
Car B,622,41.4667,2,88.66,2,-21.766,19.568,0.155,5.6423,-0.1303,3.1791,1.0,1.0,25.0,-17.522
Car A,623,41.5333,2,106.579,3,-25.606,3.699,-0.078,5.9256,-0.1181,4.2432,1.0,1.0,24.999,17.519
Car B,623,41.5333,2,89.06,2,-22.128,19.461,0.122,5.635,-0.1105,3.5251,1.0,1.0,25.0,-17.519
Car A,624,41.6,2,106.976,3,-25.446,3.336,-0.07,5.9187,-0.1044,4.3735,1.0,1.0,24.999,17.539
Car B,624,41.6,2,89.437,3,-22.484,19.336,0.101,5.6289,-0.0916,3.8135,1.0,1.0,25.0,-17.539
Car A,625,41.6667,2,107.361,3,-25.268,2.982,-0.087,5.9124,-0.0934,4.4731,1.0,1.0,24.999,17.534
Car B,625,41.6667,2,89.827,3,-22.833,19.193,0.074,5.6239,-0.0744,4.0357,1.0,1.0,25.0,-17.534
Car A,626,41.7333,2,107.757,3,-25.072,2.638,-0.099,5.9068,-0.0845,4.5538,1.0,1.0,24.999,17.555
Car B,626,41.7333,2,90.202,3,-23.173,19.032,0.033,5.6202,-0.0563,4.2029,1.0,1.0,24.999,-17.555
Car A,627,41.8,2,108.136,3,-24.858,2.305,-0.112,5.9017,-0.0765,4.6176,1.0,1.0,24.999,17.558
Car B,627,41.8,2,90.578,3,-23.505,18.853,0.013,5.6173,-0.0422,4.3422,1.0,1.0,24.999,-17.558
Car A,628,41.8667,2,108.531,3,-24.626,1.985,-0.144,5.897,-0.0699,4.6675,1.0,1.0,24.999,17.578
Car B,628,41.8667,2,90.952,3,-23.826,18.656,-0.044,5.6153,-0.0312,4.4493,1.0,1.0,24.999,-17.578
Car A,629,41.9333,2,108.926,3,-24.378,1.677,-0.155,5.8927,-0.0651,4.7067,1.0,1.0,24.999,17.599
Car B,629,41.9333,2,91.327,3,-24.136,18.442,-0.082,5.6138,-0.0216,4.5329,1.0,1.0,24.999,-17.599
Car A,630,42.0,2,109.293,3,-24.114,1.384,-0.2,5.8886,-0.0608,4.7393,1.0,1.0,24.999,17.608
Car B,630,42.0,2,91.686,3,-24.433,18.211,-0.124,5.6129,-0.0134,4.6014,1.0,1.0,24.999,-17.608
Car A,631,42.0667,2,109.687,3,-23.834,1.105,-0.231,5.8849,-0.0567,4.7632,1.0,1.0,24.999,17.629
Car B,631,42.0667,2,92.058,3,-24.717,17.963,-0.179,5.6125,-0.0072,4.6543,1.0,1.0,24.999,-17.629
Car A,632,42.1333,2,110.041,3,-23.54,0.843,-0.266,5.8813,-0.0536,4.7826,1.0,1.0,24.999,17.608
Car B,632,42.1333,2,92.433,3,-24.987,17.7,-0.214,5.6124,-0.0012,4.6993,1.0,1.0,24.999,-17.608
Car A,633,42.2,2,110.433,3,-23.232,0.596,-0.315,5.8779,-0.0515,4.7979,1.0,1.0,24.999,17.662
Car B,633,42.2,2,92.77,3,-25.241,17.422,-0.275,5.6125,0.002,4.7347,1.0,1.0,24.999,-17.662
Car A,634,42.2667,2,110.826,3,-22.911,0.368,-0.342,5.8746,-0.0493,4.8102,1.0,1.0,24.999,17.682
Car B,634,42.2667,2,93.144,3,-25.479,17.13,-0.326,5.6129,0.006,4.7619,1.0,1.0,24.999,-17.682
Car A,635,42.3333,2,111.16,3,-22.579,0.157,-0.404,5.8714,-0.0477,4.8206,1.0,1.0,24.999,17.698
Car B,635,42.3333,2,93.463,3,-25.7,16.825,-0.366,5.6135,0.0089,4.7836,1.0,1.0,24.999,-17.698
Car A,636,42.4,2,111.551,3,-22.235,-0.035,-0.45,5.8683,-0.0457,4.8275,1.0,1.0,24.999,17.717
Car B,636,42.4,2,93.834,3,-25.904,16.508,-0.433,5.6142,0.0108,4.8017,1.0,1.0,24.999,-17.717
Car A,637,42.4667,2,111.868,3,-21.882,-0.208,-0.494,5.8654,-0.0444,4.8331,1.0,1.0,24.999,17.66
Car B,637,42.4667,2,94.208,3,-26.089,16.179,-0.478,5.6151,0.0126,4.8157,1.0,1.0,24.999,-17.66
Car A,638,42.5333,2,112.256,3,-21.519,-0.361,-0.559,5.8625,-0.0439,4.8378,1.0,1.0,24.999,17.753
Car B,638,42.5333,2,94.503,3,-26.255,15.841,-0.53,5.6159,0.013,4.8267,1.0,1.0,24.999,-17.753
Car A,639,42.6,2,112.647,3,-21.149,-0.494,-0.601,5.8597,-0.0418,4.8417,1.0,1.0,24.999,17.771
Car B,639,42.6,2,94.875,3,-26.401,15.493,-0.591,5.6169,0.0147,4.8361,1.0,1.0,24.999,-17.771
Car A,640,42.6667,2,112.938,3,-20.773,-0.606,-0.665,5.8569,-0.042,4.8448,1.0,1.0,24.999,17.687
Car B,640,42.6667,2,95.251,3,-26.527,15.138,-0.631,5.6179,0.0143,4.8425,1.0,1.0,24.999,-17.687
Car A,641,42.7333,2,113.326,3,-20.391,-0.697,-0.726,5.8542,-0.0403,4.8466,1.0,1.0,24.999,17.804
Car B,641,42.7333,2,95.522,3,-26.632,14.775,-0.691,5.6189,0.0154,4.8486,1.0,1.0,24.999,-17.804
Car A,642,42.8,2,113.66,3,-20.004,-0.767,-0.767,5.8516,-0.0389,4.8483,1.0,0.5599,24.999,17.765
Car B,642,42.8,2,95.895,3,-26.717,14.408,-0.747,5.6199,0.0159,4.8529,1.0,1.0,24.999,-17.765
Car A,643,42.8667,2,114.047,3,-19.613,-0.819,-0.819,5.9049,0.7995,4.4355,1.0,1.0,14.014,17.802
Car B,643,42.8667,2,96.245,3,-26.78,14.036,-0.781,5.621,0.0159,4.857,1.0,1.0,24.999,-17.802
Car A,644,42.9333,2,114.441,3,-19.219,-0.853,-0.853,5.8977,-0.1077,4.5329,1.0,0.682,24.982,17.856
Car B,644,42.9333,2,96.585,3,-26.822,13.66,-0.822,5.6221,0.0158,4.8593,1.0,1.0,24.999,-17.856
Car A,645,43.0,2,114.836,3,-18.824,-0.865,-0.865,5.8977,0.0003,4.5572,1.0,0.344,17.061,17.874
Car B,645,43.0,2,96.962,3,-26.842,13.283,-0.842,5.6231,0.0157,4.8611,1.0,1.0,24.999,-17.874
Car A,646,43.0667,2,115.232,3,-18.428,-0.865,-0.865,5.9622,0.9676,3.154,1.0,-0.1444,8.613,17.893
Car B,646,43.0667,2,97.34,3,-26.84,12.906,-0.84,5.6241,0.0154,4.8627,1.0,1.0,24.999,-17.893
Car A,647,43.1333,2,115.631,3,-18.029,-0.865,-0.865,5.9789,0.2497,1.5907,1.0,0.0982,-3.59,17.914
Car B,647,43.1333,2,97.716,3,-26.817,12.529,-0.817,5.6252,0.0157,4.8638,1.0,1.0,24.999,-17.914
Car A,648,43.2,2,116.029,3,-17.631,-0.869,-0.869,5.9809,0.0306,0.9356,1.0,0.1014,2.444,17.938
Car B,648,43.2,2,98.092,3,-26.771,12.154,-0.771,5.6262,0.0153,4.8647,1.0,1.0,24.999,-17.938
Car A,649,43.2667,2,116.428,3,-17.232,-0.871,-0.871,5.9679,-0.1946,0.9912,1.0,0.0992,2.532,17.965
Car B,649,43.2667,2,98.463,3,-26.705,11.782,-0.705,5.6272,0.0156,4.8649,1.0,0.0329,24.999,-17.965
Car A,650,43.3333,2,116.826,3,-16.834,-0.868,-0.868,5.9391,-0.4323,1.0042,1.0,0.0965,2.475,17.993
Car B,650,43.3333,2,98.834,3,-26.626,11.412,-0.626,5.6705,0.6493,3.4175,1.0,-0.0998,0.859,-17.993
Car A,651,43.4,2,117.224,3,-16.436,-0.862,-0.862,5.9885,0.741,0.9262,1.0,0.0996,2.412,18.018
Car B,651,43.4,2,99.207,3,-26.551,11.039,-0.551,5.707,0.547,1.241,1.0,-0.1212,-2.489,-18.018
Car A,652,43.4667,2,117.623,3,-16.037,-0.851,-0.851,5.9726,-0.2395,1.0015,1.0,0.0959,2.488,18.041
Car B,652,43.4667,2,99.582,3,-26.488,10.663,-0.488,5.7207,0.2048,-0.1031,1.0,-0.1009,-3.029,-18.041
Car A,653,43.5333,2,118.023,3,-15.637,-0.836,-0.836,6.0167,0.6617,0.9186,1.0,0.0987,2.398,18.062
Car B,653,43.5333,2,99.962,3,-26.436,10.284,-0.436,5.7719,0.7685,-0.8869,1.0,-0.0849,-2.524,-18.062
Car A,654,43.6,2,118.426,3,-15.235,-0.816,-0.816,6.0639,0.7085,0.9933,1.0,0.0996,2.462,18.077
Car B,654,43.6,2,100.348,3,-26.388,9.897,-0.388,5.8834,1.6724,-0.8109,1.0,-0.0474,-2.113,-18.077
Car A,655,43.6667,2,118.829,3,-14.831,-0.792,-0.792,6.0708,0.1038,1.0034,1.0,0.0909,2.482,18.088
Car B,655,43.6667,2,100.741,3,-26.339,9.504,-0.339,5.9581,1.1201,-0.3014,1.0,-0.0772,-1.168,-18.088
Car A,656,43.7333,2,119.232,3,-14.429,-0.764,-0.764,6.0126,-0.8729,0.9107,1.0,0.0165,2.273,18.096
Car B,656,43.7333,2,101.136,3,-26.293,9.11,-0.293,5.9642,0.0924,-0.723,1.0,-0.0782,-1.926,-18.096
Car A,657,43.8,2,119.632,3,-14.029,-0.738,-0.738,6.0002,-0.1866,0.1695,1.0,0.0913,0.411,18.1
Car B,657,43.8,2,101.532,3,-26.252,8.714,-0.252,5.9662,0.0297,-0.772,1.0,-0.149,-1.95,-18.1
Car A,658,43.8667,2,120.031,3,-13.63,-0.709,-0.709,6.0029,0.0401,0.8582,1.0,-0.1038,2.28,18.103
Car B,658,43.8667,2,101.928,3,-26.218,8.317,-0.218,5.9721,0.0879,-1.3665,0.9112,-0.0829,-3.722,-18.103
Car A,659,43.9333,2,120.43,3,-13.231,-0.68,-0.68,6.0028,-0.0008,-0.1699,1.0,0.0922,-2.586,18.11
Car B,659,43.9333,2,102.319,3,-26.188,7.926,-0.188,5.8271,-2.174,-0.766,1.0,0.1992,-2.074,-18.11
Car A,660,44.0,2,120.829,3,-12.831,-0.653,-0.653,6.0018,-0.0159,0.4945,1.0,-0.0023,2.298,18.122
Car B,660,44.0,2,102.707,3,-26.155,7.539,-0.155,5.8312,0.0613,0.2872,0.9829,0.0038,4.968,-18.122
Car A,661,44.0667,2,121.228,3,-12.433,-0.623,-0.623,6.0023,0.0074,-0.0278,1.0,0.0717,-0.05,18.133
Car B,661,44.0667,2,103.095,3,-26.116,7.151,-0.116,5.8834,0.7828,0.0258,1.0,0.6867,0.111,-18.133
Car A,662,44.1333,2,121.627,3,-12.034,-0.591,-0.591,6.0112,0.1347,0.7025,1.0,-0.1641,1.789,18.142
Car B,662,44.1333,2,103.484,3,-26.074,6.761,-0.074,5.8804,-0.0446,0.9276,0.9865,0.3332,17.139,-18.142
Car A,663,44.2,2,122.026,3,-11.634,-0.558,-0.558,6.0117,0.0063,-0.3352,1.0,0.0687,-4.092,18.154
Car B,663,44.2,2,103.872,3,-26.018,6.373,-0.018,5.8752,-0.0783,1.7589,1.0,-0.4881,8.342,-18.154
Car A,664,44.2667,2,122.426,3,-11.235,-0.529,-0.529,6.0106,-0.0163,0.3999,1.0,-0.1634,1.709,18.163
Car B,664,44.2667,2,104.263,3,-25.957,5.986,0.042,5.8811,0.0887,0.9278,1.0,1.0,-12.171,-18.163
Car A,665,44.3333,2,122.825,3,-10.835,-0.498,-0.498,6.0072,-0.0501,-0.4211,1.0,0.0409,-4.076,18.173
Car B,665,44.3333,2,104.652,3,-25.895,5.601,0.074,5.8564,-0.3701,1.1618,1.0,1.0,24.944,-18.173
Car A,666,44.4,2,123.224,3,-10.436,-0.47,-0.47,6.0053,-0.0291,0.331,1.0,-0.1829,1.014,18.184
Car B,666,44.4,2,105.04,3,-25.824,5.216,0.114,5.8467,-0.1466,2.0103,1.0,0.9295,24.999,-18.184
Car A,667,44.4667,2,123.624,3,-10.037,-0.441,-0.441,6.0047,-0.0087,-0.5742,1.0,0.0433,-4.564,18.174
Car B,667,44.4667,2,105.45,3,-25.735,4.837,0.134,5.836,-0.1607,2.6171,1.0,1.0,23.24,-18.174
Car A,668,44.5333,2,124.023,3,-9.637,-0.416,-0.416,6.0049,0.0034,0.2268,1.0,-0.1885,1.073,18.184
Car B,668,44.5333,2,105.839,3,-25.63,4.462,0.148,5.8248,-0.1676,3.1087,1.0,1.0,24.997,-18.184
Car A,669,44.6,2,124.423,3,-9.238,-0.389,-0.389,6.0019,-0.0461,-0.5912,1.0,0.0322,-4.704,18.169
Car B,669,44.6,2,106.254,3,-25.507,4.092,0.163,5.8149,-0.1476,3.4859,1.0,1.0,25.0,-18.169
Car A,670,44.6667,2,124.822,3,-8.838,-0.366,-0.366,6.0029,0.0158,0.2131,1.0,-0.2043,0.797,18.18
Car B,670,44.6667,2,106.642,3,-25.368,3.73,0.154,5.8063,-0.1299,3.7887,1.0,1.0,25.0,-18.18
Car A,671,44.7333,2,125.221,3,-8.439,-0.343,-0.343,6.0005,-0.0366,-0.6524,1.0,0.0372,-5.098,18.191
Car B,671,44.7333,2,107.031,3,-25.21,3.375,0.163,5.7989,-0.1104,4.0177,1.0,1.0,25.0,-18.191
Car A,672,44.8,2,125.621,3,-8.039,-0.322,-0.322,6.0023,0.0274,0.1774,1.0,-0.2048,0.922,18.177
Car B,672,44.8,2,107.444,3,-25.035,3.028,0.136,5.7927,-0.0936,4.1947,1.0,1.0,24.999,-18.177
Car A,673,44.8667,2,126.02,3,-7.64,-0.301,-0.301,5.9984,-0.0592,-0.6102,1.0,0.0353,-5.111,18.189
Car B,673,44.8667,2,107.831,3,-24.842,2.692,0.125,5.7873,-0.0801,4.335,1.0,1.0,24.999,-18.189
Car A,674,44.9333,2,126.42,3,-7.24,-0.283,-0.283,6.0002,0.0281,0.208,1.0,-0.2211,0.872,18.182
Car B,674,44.9333,2,108.237,3,-24.631,2.366,0.1,5.7828,-0.0682,4.4453,1.0,1.0,24.999,-18.182
Car A,675,45.0,2,126.819,3,-6.841,-0.263,-0.263,5.997,-0.0482,-0.6439,1.0,0.0507,-5.518,18.196
Car B,675,45.0,2,108.624,3,-24.404,2.053,0.069,5.7789,-0.0585,4.5323,1.0,1.0,24.999,-18.196
Car A,676,45.0667,2,127.219,3,-6.442,-0.248,-0.248,5.9985,0.0227,0.1848,1.0,-0.2157,1.256,18.199
Car B,676,45.0667,2,109.02,3,-24.16,1.752,0.05,5.7755,-0.0505,4.6009,1.0,1.0,24.999,-18.199
Car A,677,45.1333,2,127.618,3,-6.042,-0.23,-0.23,5.9937,-0.0718,-0.5603,1.0,0.0427,-5.382,18.214
Car B,677,45.1333,2,109.404,3,-23.9,1.465,0.0,5.7726,-0.0433,4.6535,1.0,1.0,24.999,-18.214
Car A,678,45.2,2,128.017,3,-5.643,-0.216,-0.216,5.9952,0.0218,0.238,1.0,-0.2456,1.056,18.228
Car B,678,45.2,2,109.79,3,-23.624,1.193,-0.028,5.7701,-0.0378,4.6956,1.0,1.0,24.999,-18.228
Car A,679,45.2667,2,128.417,3,-5.244,-0.2,-0.2,5.9926,-0.039,-0.6017,1.0,0.0546,-6.13,18.249
Car B,679,45.2667,2,110.168,3,-23.335,0.936,-0.079,5.7679,-0.0338,4.7307,1.0,1.0,24.999,-18.249
Car A,680,45.3333,2,128.816,3,-4.844,-0.188,-0.188,5.994,0.0214,0.2155,1.0,-0.2336,1.353,18.264
Car B,680,45.3333,2,110.552,3,-23.031,0.696,-0.125,5.7658,-0.0307,4.759,1.0,1.0,24.999,-18.264
Car A,681,45.4,2,129.215,3,-4.445,-0.174,-0.174,5.9894,-0.0689,-0.5379,1.0,0.0464,-5.828,18.302
Car B,681,45.4,2,110.913,3,-22.715,0.473,-0.164,5.764,-0.027,4.7805,1.0,1.0,24.999,-18.302
Car A,682,45.4667,2,129.614,3,-4.046,-0.164,-0.164,5.9914,0.0291,0.2569,1.0,-0.2671,1.149,18.32
Car B,682,45.4667,2,111.294,3,-22.387,0.268,-0.227,5.7624,-0.0244,4.797,1.0,1.0,24.999,-18.32
Car A,683,45.5333,2,130.013,3,-3.647,-0.152,-0.152,5.9883,-0.046,-0.5882,1.0,0.0583,-6.664,18.335
Car B,683,45.5333,2,111.679,3,-22.048,0.082,-0.27,5.7609,-0.0231,4.8107,1.0,1.0,24.999,-18.335
Car A,684,45.6,2,130.412,3,-3.248,-0.143,-0.143,5.9898,0.022,0.22,1.0,-0.2499,1.445,18.397
Car B,684,45.6,2,112.016,3,-21.7,-0.085,-0.332,5.7595,-0.0206,4.8209,1.0,1.0,24.999,-18.397
Car A,685,45.6667,2,130.811,3,-2.849,-0.132,-0.132,5.9851,-0.0704,-0.5304,1.0,0.05,-6.236,18.414
Car B,685,45.6667,2,112.397,3,-21.343,-0.232,-0.391,5.7581,-0.0202,4.8295,1.0,1.0,24.999,-18.414
Car A,686,45.7333,2,131.21,3,-2.45,-0.125,-0.125,5.9875,0.0367,0.267,1.0,-0.2983,1.237,18.491
Car B,686,45.7333,2,112.719,3,-20.978,-0.359,-0.434,5.7569,-0.0189,4.8368,1.0,1.0,24.999,-18.491
Car A,687,45.8,2,131.609,3,-2.051,-0.117,-0.117,5.9839,-0.0545,-0.5762,1.0,0.0518,-7.445,18.517
Car B,687,45.8,2,113.092,3,-20.606,-0.465,-0.511,5.7557,-0.0178,4.8416,1.0,1.0,24.999,-18.517
Car A,688,45.8667,2,132.008,3,-1.652,-0.112,-0.112,5.9859,0.0301,0.2355,1.0,-0.2359,1.281,18.533
Car B,688,45.8667,2,113.475,3,-20.23,-0.55,-0.566,5.7545,-0.0178,4.8463,1.0,1.0,24.999,-18.533
Car A,689,45.9333,2,132.407,3,-1.253,-0.105,-0.105,5.9821,-0.0562,-0.5687,1.0,0.052,-5.887,18.595
Car B,689,45.9333,2,113.812,3,-19.849,-0.614,-0.614,5.7534,-0.0172,4.8498,1.0,1.0,24.999,-18.595
Car A,690,46.0,2,132.806,3,-0.855,-0.101,-0.101,5.984,0.0281,0.2327,1.0,-0.2136,1.289,18.61
Car B,690,46.0,2,114.195,3,-19.465,-0.656,-0.656,5.7524,-0.0147,4.8522,1.0,1.0,24.999,-18.61
Car A,691,46.0667,2,133.204,3,-0.456,-0.096,-0.096,5.9805,-0.0528,-0.5611,1.0,0.0564,-5.329,18.624
Car B,691,46.0667,2,114.581,3,-19.08,-0.676,-0.676,5.7513,-0.016,4.8543,1.0,1.0,24.999,-18.624
Car A,692,46.1333,2,133.603,3,-0.057,-0.095,-0.095,5.9824,0.0287,0.2351,1.0,-0.184,1.399,18.636
Car B,692,46.1333,2,114.967,3,-18.694,-0.675,-0.675,5.7503,-0.0157,4.8557,1.0,1.0,24.999,-18.636
Car A,693,46.2,3,0.341,1,0.341,-0.091,-0.091,5.9788,-0.0546,-0.5137,1.0,0.0556,-4.59,18.65
Car B,693,46.2,2,115.352,3,-18.309,-0.652,-0.652,5.7493,-0.0147,4.8568,1.0,1.0,24.999,-18.65
Car A,694,46.2667,3,0.74,1,0.74,-0.09,-0.09,5.9802,0.0224,0.279,1.0,-0.2255,1.38,18.665
Car B,694,46.2667,2,115.735,3,-17.925,-0.608,-0.608,5.7483,-0.0147,4.8578,1.0,0.7335,24.999,-18.665
Car A,695,46.3333,3,1.139,1,1.139,-0.088,-0.088,5.9778,-0.0373,-0.5358,1.0,0.0596,-5.627,18.684
Car B,695,46.3333,2,116.115,3,-17.545,-0.542,-0.542,5.7534,0.0766,4.8133,1.0,-0.0269,18.347,-18.684
Car A,696,46.4,3,1.537,1,1.537,-0.089,-0.089,5.9792,0.0216,0.2577,1.0,-0.2637,1.478,18.704
Car B,696,46.4,2,116.494,3,-17.166,-0.463,-0.463,5.7991,0.685,3.0312,1.0,-0.1839,-0.644,-18.704
Car A,697,46.4667,3,1.935,1,1.936,-0.087,-0.087,5.976,-0.0475,-0.5141,1.0,0.0489,-6.581,18.721
Car B,697,46.4667,2,116.875,3,-16.785,-0.391,-0.391,5.8241,0.3754,1.1525,1.0,-0.2198,-4.591,-18.721
Car A,698,46.5333,3,2.334,1,2.334,-0.09,-0.09,5.9781,0.0304,0.2736,1.0,-0.2827,1.211,18.735
Car B,698,46.5333,2,117.259,3,-16.401,-0.329,-0.329,5.8312,0.106,-0.1912,1.0,-0.2346,-5.492,-18.735
Car A,699,46.6,3,2.732,1,2.732,-0.091,-0.091,5.9755,-0.0384,-0.5749,1.0,0.0578,-7.054,18.748
Car B,699,46.6,2,117.645,3,-16.016,-0.28,-0.28,5.8322,0.0151,-1.1788,1.0,-0.2267,-5.864,-18.748
Car A,700,46.6667,3,3.131,1,3.131,-0.095,-0.095,5.9776,0.0307,0.235,1.0,-0.2298,1.431,18.759
Car B,700,46.6667,2,118.032,3,-15.628,-0.244,-0.244,5.8434,0.1687,-1.8741,1.0,-0.1781,-5.668,-18.759
Car A,701,46.7333,3,3.529,1,3.529,-0.098,-0.098,5.9742,-0.0509,-0.5472,1.0,0.0507,-5.733,18.766
Car B,701,46.7333,2,118.423,3,-15.237,-0.216,-0.216,5.8824,0.5843,-1.7012,1.0,-0.1328,-4.451,-18.766
Car A,702,46.8,3,3.927,1,3.927,-0.104,-0.104,5.9764,0.0339,0.2508,1.0,-0.2126,1.256,18.772
Car B,702,46.8,2,118.815,3,-14.845,-0.191,-0.191,5.9074,0.375,-1.1919,1.0,-0.1213,-3.316,-18.772
Car A,703,46.8667,3,4.325,1,4.325,-0.108,-0.108,5.9735,-0.0435,-0.5603,1.0,0.0538,-5.306,18.776
Car B,703,46.8667,2,119.21,3,-14.451,-0.17,-0.17,5.9208,0.2013,-1.1987,1.0,-0.0902,-3.027,-18.776
Car A,704,46.9333,3,4.724,1,4.724,-0.116,-0.116,5.9757,0.0327,0.2328,1.0,-0.191,1.335,18.777
Car B,704,46.9333,2,119.607,3,-14.053,-0.151,-0.151,5.9901,1.0394,-0.8492,1.0,-0.0779,-2.255,-18.777
Car A,705,47.0,3,5.122,1,5.122,-0.121,-0.121,5.9731,-0.039,-0.522,1.0,0.0521,-4.765,18.778
Car B,705,47.0,2,120.004,3,-13.656,-0.135,-0.135,5.9457,-0.6666,-0.6483,1.0,-0.0784,-1.947,-18.778
Car A,706,47.0667,3,5.52,1,5.52,-0.13,-0.13,5.975,0.0293,0.2655,1.0,-0.1699,1.293,18.78
Car B,706,47.0667,2,120.401,3,-13.26,-0.121,-0.121,5.935,-0.1595,-0.7801,1.0,-0.0622,-1.939,-18.78
Car A,707,47.1333,3,5.918,1,5.918,-0.137,-0.137,5.9728,-0.0335,-0.5096,1.0,0.0582,-4.239,18.782
Car B,707,47.1333,2,120.797,3,-12.864,-0.109,-0.109,5.9527,0.2644,-0.3591,1.0,-0.0654,-1.533,-18.782
Car A,708,47.2,3,6.316,1,6.316,-0.148,-0.148,5.9745,0.0252,0.2737,1.0,-0.1592,1.446,18.783
Car B,708,47.2,2,121.193,3,-12.467,-0.1,-0.1,5.9433,-0.1406,-0.6556,1.0,-0.0487,-1.61,-18.783
Car A,709,47.2667,3,6.714,1,6.714,-0.156,-0.156,5.9725,-0.0306,-0.512,1.0,0.0628,-3.971,18.784
Car B,709,47.2667,2,121.591,3,-12.069,-0.092,-0.092,5.9854,0.6313,-0.4655,1.0,-0.0424,-1.219,-18.784
Car A,710,47.3333,3,7.112,1,7.112,-0.167,-0.167,5.9739,0.0212,0.2744,1.0,-0.1518,1.562,18.783
Car B,710,47.3333,2,121.99,3,-11.67,-0.086,-0.086,5.9735,-0.1784,-0.3072,1.0,-0.042,-1.041,-18.783
Car A,711,47.4,3,7.51,1,7.51,-0.176,-0.176,5.972,-0.0279,-0.4717,1.0,0.0668,-3.786,18.782
Car B,711,47.4,2,122.388,3,-11.272,-0.079,-0.079,5.9814,0.119,-0.2043,1.0,-0.0422,-1.025,-18.782
Car A,712,47.4667,3,7.908,1,7.908,-0.189,-0.189,5.9735,0.0224,0.3043,1.0,-0.1476,1.662,18.781
Car B,712,47.4667,2,122.787,3,-10.873,-0.072,-0.072,5.983,0.0245,-0.2001,1.0,-0.0408,-1.029,-18.781
Car A,713,47.5333,3,8.306,1,8.306,-0.198,-0.198,5.9714,-0.0313,-0.4488,1.0,0.0709,-3.683,18.78
Car B,713,47.5333,2,123.186,3,-10.474,-0.067,-0.067,5.9821,-0.0136,-0.1958,1.0,-0.0388,-0.996,-18.78
Car A,714,47.6,3,8.704,1,8.704,-0.211,-0.211,5.9726,0.0169,0.3226,1.0,-0.1405,1.765,18.78
Car B,714,47.6,2,123.585,3,-10.075,-0.062,-0.062,5.9822,0.0009,-0.1907,1.0,-0.036,-0.946,-18.78
Car A,715,47.6667,3,9.102,1,9.102,-0.221,-0.221,5.9711,-0.0215,-0.4451,1.0,0.0764,-3.505,18.779
Car B,715,47.6667,2,123.984,3,-9.677,-0.059,-0.059,5.9821,-0.0013,-0.182,1.0,-0.0329,-0.881,-18.779
Car A,716,47.7333,3,9.5,1,9.5,-0.235,-0.235,5.9721,0.0153,0.3237,1.0,-0.1276,1.901,18.778
Car B,716,47.7333,2,124.382,3,-9.278,-0.057,-0.057,5.9813,-0.0124,-0.187,1.0,-0.0288,-0.804,-18.778
Car A,717,47.8,3,9.898,1,9.898,-0.245,-0.245,5.971,-0.0176,-0.4192,1.0,0.079,-3.182,18.777
Car B,717,47.8,2,124.781,3,-8.879,-0.055,-0.055,5.983,0.0253,-0.1635,1.0,-0.0249,-0.706,-18.777
Car A,718,47.8667,3,10.296,1,10.296,-0.259,-0.259,5.972,0.0149,0.344,1.0,-0.1196,1.966,18.776
Car B,718,47.8667,2,125.18,3,-8.48,-0.055,-0.055,5.9848,0.027,-0.1449,1.0,-0.0208,-0.612,-18.776
Car A,719,47.9333,3,10.693,1,10.694,-0.27,-0.27,5.9712,-0.0112,-0.4141,1.0,0.0824,-2.981,18.775
Car B,719,47.9333,2,125.579,3,-8.081,-0.055,-0.055,5.9863,0.0229,-0.1206,1.0,-0.017,-0.512,-18.775
Car A,720,48.0,3,11.091,1,11.091,-0.285,-0.285,5.9717,0.0067,0.3495,1.0,-0.1065,2.051,18.774
Car B,720,48.0,2,125.978,3,-7.682,-0.055,-0.055,5.9887,0.0365,-0.0927,1.0,-0.0133,-0.419,-18.774
Car A,721,48.0667,3,11.489,1,11.489,-0.296,-0.296,5.9715,-0.0027,-0.4004,1.0,0.0842,-2.655,18.772
Car B,721,48.0667,2,126.378,3,-7.283,-0.056,-0.056,6.0001,0.1699,-0.1316,1.0,-0.0061,-0.327,-18.772
Car A,722,48.1333,3,11.887,1,11.887,-0.31,-0.31,5.9715,0.0002,0.3572,1.0,-0.0968,2.097,18.769
Car B,722,48.1333,2,126.778,3,-6.882,-0.057,-0.057,6.0037,0.055,-0.0699,1.0,-0.0044,-0.149,-18.769
Car A,723,48.2,3,12.285,1,12.285,-0.321,-0.321,5.9716,0.0017,-0.3923,1.0,0.0864,-2.412,18.767
Car B,723,48.2,2,127.178,3,-6.482,-0.058,-0.058,6.0018,-0.0294,-0.0241,1.0,-0.004,-0.108,-18.767
Car A,724,48.2667,3,12.683,1,12.683,-0.336,-0.336,5.9719,0.0039,0.3615,1.0,-0.0794,2.152,18.765
Car B,724,48.2667,2,127.578,3,-6.082,-0.059,-0.059,6.0027,0.0142,-0.0156,1.0,-0.0026,-0.098,-18.765
Car A,725,48.3333,3,13.081,1,13.081,-0.347,-0.347,5.9723,0.006,-0.3801,1.0,0.088,-1.979,18.763
Car B,725,48.3333,2,127.978,3,-5.682,-0.06,-0.06,6.0008,-0.0282,-0.0153,1.0,-0.001,-0.064,-18.763
Car A,726,48.4,3,13.478,1,13.478,-0.361,-0.361,5.9718,-0.0075,0.3807,1.0,-0.0695,2.194,18.76
Car B,726,48.4,2,128.378,3,-5.282,-0.062,-0.062,6.0,-0.0131,0.0123,1.0,-0.0001,-0.024,-18.76
Car A,727,48.4667,3,13.876,1,13.876,-0.373,-0.373,5.9727,0.0145,-0.3711,1.0,0.0892,-1.73,18.758
Car B,727,48.4667,2,128.778,3,-4.882,-0.063,-0.063,6.0014,0.0217,-0.0112,1.0,0.0022,-0.003,-18.758
Car A,728,48.5333,3,14.274,1,14.274,-0.386,-0.386,5.972,-0.011,0.4265,1.0,-0.0755,2.223,18.756
Car B,728,48.5333,2,129.178,3,-4.482,-0.064,-0.064,6.0025,0.016,-0.0578,1.0,0.004,0.054,-18.756
Car A,729,48.6,3,14.672,1,14.672,-0.397,-0.397,5.9726,0.0084,-0.3464,1.0,0.0892,-1.882,18.754
Car B,729,48.6,2,129.578,3,-4.082,-0.065,-0.065,6.0008,-0.0254,0.0021,1.0,0.0026,0.096,-18.754
Car A,730,48.6667,3,15.07,1,15.07,-0.41,-0.41,5.9719,-0.0094,0.3992,1.0,-0.1325,2.224,18.752
Car B,730,48.6667,2,129.979,3,-3.682,-0.066,-0.066,6.0012,0.0071,0.0078,1.0,0.0019,0.063,-18.752
Car A,731,48.7333,3,15.468,1,15.468,-0.421,-0.421,5.9711,-0.0124,-0.3753,1.0,0.0826,-3.303,18.75
Car B,731,48.7333,2,130.379,3,-3.282,-0.066,-0.066,6.0,-0.0192,0.0195,1.0,0.001,0.047,-18.75
Car A,732,48.8,3,15.866,1,15.866,-0.434,-0.434,5.9717,0.0093,0.3707,1.0,-0.115,2.056,18.747
Car B,732,48.8,2,130.779,3,-2.882,-0.067,-0.067,5.9996,-0.0054,0.0003,1.0,0.0011,0.025,-18.747
Car A,733,48.8667,3,16.264,1,16.264,-0.445,-0.445,5.9712,-0.0082,-0.3896,1.0,0.041,-2.867,18.745
Car B,733,48.8667,2,131.179,3,-2.482,-0.068,-0.068,6.0002,0.0085,0.0023,1.0,0.0011,0.027,-18.745
Car A,734,48.9333,3,16.661,1,16.662,-0.459,-0.459,5.9755,0.0655,0.3384,1.0,-0.1753,1.017,18.743
Car B,734,48.9333,2,131.579,3,-2.082,-0.068,-0.068,6.0001,-0.0004,0.0042,1.0,0.0008,0.027,-18.743
Car A,735,49.0,3,17.06,1,17.06,-0.473,-0.473,5.9751,-0.0066,-0.5694,1.0,0.1091,-4.374,18.741
Car B,735,49.0,2,131.979,3,-1.681,-0.069,-0.069,6.0004,0.0044,-0.0093,1.0,0.0008,0.02,-18.741
Car A,736,49.0667,3,17.458,1,17.458,-0.49,-0.49,5.9761,0.0144,0.2314,1.0,-0.0792,2.717,18.739
Car B,736,49.0667,2,132.379,3,-1.281,-0.069,-0.069,6.0007,0.0035,0.0126,1.0,-0.0008,0.02,-18.739
Car A,737,49.1333,3,17.856,1,17.856,-0.504,-0.504,5.9764,0.0049,-0.4555,1.0,1.0,-1.973,18.737
Car B,737,49.1333,2,132.779,3,-0.881,-0.07,-0.07,6.0021,0.0217,-0.0317,1.0,-0.0005,-0.02,-18.737
Car A,738,49.2,3,18.253,1,18.254,-0.518,-0.518,5.9729,-0.0526,0.3043,1.0,1.0,24.959,18.735
Car B,738,49.2,2,133.179,3,-0.481,-0.07,-0.07,6.0011,-0.015,-0.0084,1.0,-0.0027,-0.013,-18.735
Car A,739,49.2667,3,18.651,1,18.651,-0.521,-0.521,5.9569,-0.2397,1.4725,1.0,0.5112,25.0,18.732
Car B,739,49.2667,2,133.579,3,-0.081,-0.071,-0.071,6.0022,0.016,-0.0005,1.0,-0.003,-0.064,-18.732
Car A,740,49.3333,3,19.048,1,19.048,-0.508,-0.508,5.9451,-0.1773,2.1881,1.0,0.736,12.797,18.729
Car B,740,49.3333,3,0.319,1,0.319,-0.072,-0.072,6.0002,-0.0297,-0.0086,1.0,-0.0009,-0.073,-18.729
Car A,741,49.4,3,19.443,1,19.444,-0.48,-0.48,5.9351,-0.1502,2.7835,1.0,0.5092,18.391,18.725
Car B,741,49.4,3,0.719,1,0.719,-0.073,-0.073,5.9981,-0.0312,-0.0239,1.0,0.004,-0.023,-18.725
Car A,742,49.4667,3,19.837,1,19.837,-0.434,-0.434,5.9291,-0.0902,3.207,1.0,1.0,12.738,18.718
Car B,742,49.4667,3,1.119,1,1.119,-0.074,-0.074,6.0022,0.0608,0.0145,1.0,0.0058,0.095,-18.718
Car A,743,49.5333,3,20.198,1,20.228,-0.372,-0.388,5.918,-0.1654,3.5817,1.0,1.0,24.98,18.679
Car B,743,49.5333,3,1.519,1,1.519,-0.074,-0.074,6.0014,-0.012,0.0144,1.0,0.0083,0.141,-18.679
Car A,744,49.6,3,20.59,1,20.615,-0.29,-0.337,5.9084,-0.1439,3.8607,1.0,1.0,24.999,18.671
Car B,744,49.6,3,1.919,1,1.919,-0.075,-0.075,6.0011,-0.0046,0.0222,1.0,0.0087,0.2,-18.671
Car A,745,49.6667,3,20.941,1,20.997,-0.189,-0.269,5.9,-0.127,4.0776,1.0,0.7984,25.0,18.622
Car B,745,49.6667,3,2.319,1,2.319,-0.076,-0.076,5.9984,-0.0407,0.0388,1.0,0.0067,0.212,-18.622
Car A,746,49.7333,3,21.331,1,21.374,-0.069,-0.241,5.8954,-0.0685,4.23,1.0,1.0,19.968,18.612
Car B,746,49.7333,3,2.719,1,2.719,-0.076,-0.076,5.9955,-0.0436,0.0478,1.0,0.0033,0.164,-18.612
Car A,747,49.8,3,21.723,1,21.743,0.069,-0.192,5.8887,-0.1003,4.3698,1.0,1.0,24.992,18.604
Car B,747,49.8,3,3.119,1,3.119,-0.075,-0.075,5.9951,-0.0057,0.0483,1.0,-0.0005,0.084,-18.604
Car A,748,49.8667,3,22.089,1,22.104,0.227,-0.157,5.8831,-0.0845,4.4705,1.0,1.0,24.999,18.57
Car B,748,49.8667,3,3.519,1,3.519,-0.075,-0.075,6.0022,0.1075,-0.0038,1.0,0.0015,-0.012,-18.57
Car A,749,49.9333,3,22.482,1,22.457,0.404,-0.129,5.8779,-0.0783,4.5512,1.0,1.0,24.999,18.563
Car B,749,49.9333,3,3.919,1,3.919,-0.076,-0.076,5.9984,-0.0571,0.0144,1.0,0.0005,0.037,-18.563
Car A,750,50.0,3,22.859,1,22.799,0.598,-0.087,5.8731,-0.0712,4.6144,1.0,1.0,24.999,18.541
Car B,750,50.0,3,4.318,1,4.319,-0.075,-0.075,5.9995,0.0166,-0.0044,1.0,-0.0004,0.014,-18.541
Car A,751,50.0667,3,23.253,1,23.13,0.811,-0.078,5.8689,-0.063,4.6668,1.0,1.0,24.999,18.534
Car B,751,50.0667,3,4.719,1,4.719,-0.075,-0.075,6.0,0.0066,0.0189,1.0,-0.0013,-0.008,-18.534
Car A,752,50.1333,3,23.645,1,23.449,1.042,-0.048,5.8649,-0.0597,4.7055,1.0,1.0,24.999,18.527
Car B,752,50.1333,3,5.119,1,5.119,-0.075,-0.075,6.0001,0.0023,0.003,1.0,-0.0022,-0.032,-18.527
Car A,753,50.2,3,24.032,1,23.755,1.289,-0.04,5.8614,-0.0536,4.7386,1.0,1.0,24.999,18.513
Car B,753,50.2,3,5.519,1,5.519,-0.075,-0.075,6.0007,0.0091,-0.0017,1.0,-0.002,-0.053,-18.513
Car A,754,50.2667,3,24.425,1,24.046,1.552,-0.029,5.858,-0.0507,4.763,1.0,1.0,24.999,18.506
Car B,754,50.2667,3,5.919,1,5.919,-0.075,-0.075,6.0015,0.0114,-0.0185,1.0,-0.0012,-0.049,-18.506
Car A,755,50.3333,3,24.815,1,24.323,1.831,-0.014,5.8548,-0.0476,4.7836,1.0,1.0,24.999,18.497
Car B,755,50.3333,3,6.319,1,6.319,-0.075,-0.075,6.0007,-0.0124,-0.0065,1.0,-0.0015,-0.03,-18.497
Car A,756,50.4,3,25.208,1,24.584,2.124,-0.022,5.8517,-0.0459,4.7984,1.0,1.0,24.999,18.489
Car B,756,50.4,3,6.719,1,6.719,-0.075,-0.075,6.0015,0.0131,-0.0201,1.0,0.0002,-0.036,-18.489
Car A,757,50.4667,3,25.6,1,24.828,2.431,-0.008,5.8488,-0.0435,4.8105,1.0,1.0,24.999,18.481
Car B,757,50.4667,3,7.119,1,7.119,-0.076,-0.076,6.0032,0.0249,-0.0221,1.0,0.0012,0.004,-18.481
Car A,758,50.5333,3,25.991,1,25.055,2.751,-0.026,5.8461,-0.0411,4.8206,1.0,1.0,24.999,18.471
Car B,758,50.5333,3,7.519,1,7.519,-0.076,-0.076,6.002,-0.0182,-0.0177,1.0,0.0027,0.029,-18.471
Car A,759,50.6,3,26.383,1,25.264,3.083,-0.031,5.8434,-0.0402,4.828,1.0,1.0,24.999,18.463
Car B,759,50.6,3,7.92,1,7.92,-0.076,-0.076,6.0022,0.0025,-0.0027,1.0,0.0035,0.064,-18.463
Car A,760,50.6667,3,26.77,1,25.454,3.425,-0.043,5.8408,-0.0385,4.8346,1.0,1.0,24.999,18.45
Car B,760,50.6667,3,8.32,1,8.32,-0.077,-0.077,6.0009,-0.019,0.0072,1.0,0.0042,0.084,-18.45
Car A,761,50.7333,3,27.161,1,25.625,3.778,-0.065,5.8383,-0.0376,4.8403,1.0,1.0,24.999,18.441
Car B,761,50.7333,3,8.72,1,8.72,-0.077,-0.077,6.0003,-0.0089,0.0158,1.0,0.0052,0.101,-18.441
Car A,762,50.8,3,27.542,1,25.776,4.139,-0.069,5.8359,-0.0369,4.8436,1.0,1.0,24.999,18.422
Car B,762,50.8,3,9.12,1,9.12,-0.077,-0.077,6.0004,0.0015,0.0171,1.0,0.006,0.126,-18.422
Car A,763,50.8667,3,27.931,1,25.906,4.508,-0.11,5.8335,-0.0357,4.847,1.0,1.0,24.999,18.411
Car B,763,50.8667,3,9.52,1,9.52,-0.077,-0.077,5.9998,-0.009,0.0248,1.0,0.0076,0.146,-18.411
Car A,764,50.9333,3,28.322,1,26.016,4.884,-0.129,5.8311,-0.0353,4.8478,1.0,0.6662,24.999,18.402
Car B,764,50.9333,3,9.92,1,9.92,-0.077,-0.077,6.0002,0.006,0.0239,1.0,0.0088,0.185,-18.402
Car A,765,51.0,3,28.69,1,26.105,5.265,-0.163,5.8382,0.1053,4.7934,1.0,1.0,16.667,18.37
Car B,765,51.0,3,10.32,1,10.32,-0.077,-0.077,5.9992,-0.0144,0.0323,1.0,0.0096,0.213,-18.37
Car A,766,51.0667,3,29.08,1,26.174,5.65,-0.201,5.8351,-0.0457,4.8543,1.0,0.5961,24.987,18.36
Car B,766,51.0667,3,10.72,1,10.72,-0.077,-0.077,5.9985,-0.0117,0.0427,1.0,0.0099,0.234,-18.36
Car A,767,51.1333,3,29.455,1,26.222,6.04,-0.222,5.8683,0.4972,4.6266,1.0,0.4571,14.917,18.335
Car B,767,51.1333,3,11.12,1,11.12,-0.076,-0.076,5.9974,-0.0155,0.0454,1.0,0.008,0.242,-18.335
Car A,768,51.2,3,29.848,1,26.256,6.433,-0.256,5.9213,0.7957,4.0068,1.0,0.2918,11.432,18.328
Car B,768,51.2,3,11.52,1,11.52,-0.075,-0.075,5.9949,-0.0371,0.0737,1.0,0.0024,0.198,-18.328
Car A,769,51.2667,3,30.245,1,26.281,6.83,-0.281,5.9849,0.9534,2.7149,1.0,-0.1064,7.302,18.326
Car B,769,51.2667,3,11.919,1,11.919,-0.074,-0.074,5.9949,-0.0002,0.0245,1.0,-0.0015,0.065,-18.326
Car A,770,51.3333,3,30.644,1,26.308,7.229,-0.308,5.9981,0.199,1.1648,1.0,0.1051,-2.644,18.325
Car B,770,51.3333,3,12.319,1,12.319,-0.072,-0.072,5.9966,0.0249,0.0272,1.0,-0.0037,-0.031,-18.325
Car A,771,51.4,3,31.042,1,26.338,7.627,-0.338,5.9394,-0.8817,1.0703,1.0,0.0571,2.614,18.323
Car B,771,51.4,3,12.719,1,12.719,-0.071,-0.071,5.9994,0.0418,0.0105,1.0,-0.001,-0.088,-18.323
Car A,772,51.4667,3,31.437,1,26.366,8.022,-0.366,5.9553,0.2384,0.5923,1.0,0.1025,1.415,18.318
Car B,772,51.4667,3,13.119,1,13.119,-0.07,-0.07,6.005,0.085,-0.026,1.0,0.0012,-0.028,-18.318
Car A,773,51.5333,3,31.834,1,26.391,8.419,-0.391,5.9536,-0.025,1.0301,1.0,0.0534,2.556,18.315
Car B,773,51.5333,3,13.519,1,13.519,-0.069,-0.069,6.002,-0.045,0.009,1.0,-0.0015,0.027,-18.315
Car A,774,51.6,3,32.233,1,26.413,8.818,-0.413,5.9919,0.574,0.5234,1.0,0.1036,1.337,18.314
Car B,774,51.6,3,13.919,1,13.919,-0.067,-0.067,5.9986,-0.0512,0.0235,1.0,-0.0064,-0.033,-18.314
Car A,775,51.6667,3,32.632,1,26.431,9.217,-0.431,6.0014,0.1438,1.0013,1.0,0.0345,2.588,18.313
Car B,775,51.6667,3,14.319,1,14.319,-0.066,-0.066,5.9962,-0.0359,0.0802,1.0,-0.0104,-0.149,-18.313
Car A,776,51.7333,3,33.032,1,26.448,9.617,-0.448,6.0256,0.363,0.3633,1.0,0.1058,0.855,18.313
Car B,776,51.7333,3,14.72,1,14.72,-0.065,-0.065,6.0019,0.0844,-0.0145,1.0,-0.0076,-0.248,-18.313
Car A,777,51.8,3,33.433,1,26.462,10.018,-0.462,6.0167,-0.1336,0.9963,1.0,-0.0807,2.642,18.313
Car B,777,51.8,3,15.12,1,15.12,-0.065,-0.065,6.0078,0.0886,-0.054,1.0,0.0158,-0.188,-18.313
Car A,778,51.8667,3,33.834,1,26.475,10.419,-0.475,6.0184,0.0252,-0.0821,1.0,0.1136,-2.011,18.314
Car B,778,51.8667,3,15.52,1,15.52,-0.063,-0.063,5.995,-0.1916,0.0529,1.0,0.0035,0.376,-18.314
Car A,779,51.9333,3,34.235,1,26.49,10.82,-0.49,6.0155,-0.0437,0.5514,1.0,0.0438,2.832,18.315
Car B,779,51.9333,3,15.92,1,15.92,-0.061,-0.061,5.9926,-0.0362,0.0865,1.0,-0.0049,0.094,-18.315
Car A,780,52.0,3,34.636,1,26.5,11.221,-0.5,6.0332,0.2661,0.3764,1.0,0.2135,1.082,18.317
Car B,780,52.0,3,16.32,1,16.32,-0.06,-0.06,5.9993,0.1002,0.005,0.8987,0.0424,-0.118,-18.317
Car A,781,52.0667,3,35.038,1,26.507,11.623,-0.507,6.0295,-0.0561,1.0735,1.0,-0.0024,5.33,18.325
Car B,781,52.0667,3,16.713,1,16.713,-0.056,-0.056,5.841,-2.3734,0.3571,0.9232,-0.043,1.058,-18.325
Car A,782,52.1333,3,35.44,1,26.509,12.025,-0.509,6.0297,0.0029,0.1021,1.0,1.0,-0.052,18.341
Car B,782,52.1333,3,17.099,1,17.099,-0.053,-0.053,5.7437,-1.4601,-0.3544,1.0,1.0,-1.073,-18.341
Car A,783,52.2,3,35.842,1,26.51,12.427,-0.51,6.0255,-0.0635,0.7776,1.0,0.9511,24.962,18.36
Car B,783,52.2,3,17.481,1,17.481,-0.049,-0.049,5.7435,-0.0024,0.429,1.0,0.9436,24.961,-18.36
Car A,784,52.2667,3,36.243,1,26.498,12.828,-0.498,6.0087,-0.2509,1.8783,1.0,0.9876,23.78,18.379
Car B,784,52.2667,3,17.864,1,17.864,-0.034,-0.034,5.7333,-0.154,1.5073,1.0,0.979,23.592,-18.379
Car A,785,52.3333,3,36.642,1,26.471,13.227,-0.471,5.9947,-0.2107,2.5426,1.0,0.8928,24.688,18.398
Car B,785,52.3333,3,18.245,1,18.245,-0.002,-0.002,5.7233,-0.1491,2.2273,1.0,0.4454,24.473,-18.398
Car A,786,52.4,3,37.04,1,26.427,13.625,-0.427,5.9831,-0.1739,3.0375,1.0,0.522,22.322,18.416
Car B,786,52.4,3,18.624,1,18.624,0.045,0.045,5.7269,0.0537,2.7177,0.2705,-1.0,11.155,-18.416
Car A,787,52.4667,3,37.415,1,26.365,14.02,-0.365,5.9771,-0.0892,3.4076,1.0,1.0,13.065,18.418
Car B,787,52.4667,3,18.997,1,18.997,0.099,0.099,5.5847,-2.1332,1.7078,1.0,-0.1472,-24.946,-18.418
Car A,788,52.5333,3,37.802,1,26.285,14.411,-0.317,5.9658,-0.1707,3.737,1.0,1.0,24.981,18.435
Car B,788,52.5333,3,19.367,1,19.367,0.147,0.147,5.6031,0.2756,0.5885,1.0,-1.0,-3.712,-18.435
Car A,789,52.6,3,38.195,1,26.187,14.797,-0.249,5.9562,-0.1439,3.9804,1.0,1.0,24.999,18.457
Car B,789,52.6,3,19.738,1,19.738,0.185,0.185,5.6021,-0.0146,-0.5184,1.0,0.8126,-24.968,-18.457
Car A,790,52.6667,3,38.556,1,26.07,15.178,-0.195,5.9475,-0.1296,4.1692,1.0,1.0,25.0,18.431
Car B,790,52.6667,3,20.125,1,20.108,0.223,0.213,5.5808,-0.3196,0.1662,1.0,1.0,20.246,-18.431
Car A,791,52.7333,3,38.951,1,25.933,15.552,-0.15,5.9399,-0.1146,4.3157,1.0,1.0,24.999,18.454
Car B,791,52.7333,3,20.498,1,20.478,0.265,0.226,5.5816,0.012,1.1395,1.0,1.0,24.991,-18.454
Car A,792,52.8,3,39.33,1,25.778,15.918,-0.091,5.9331,-0.1023,4.4318,1.0,1.0,24.999,18.461
Car B,792,52.8,3,20.868,1,20.846,0.324,0.257,5.5731,-0.128,1.8999,1.0,0.9313,25.0,-18.461
Car A,793,52.8667,3,39.726,1,25.604,16.275,-0.067,5.9269,-0.0918,4.5218,1.0,1.0,24.999,18.445
Car B,793,52.8667,3,21.281,1,21.21,0.399,0.252,5.5659,-0.107,2.5007,1.0,1.0,23.285,-18.445
Car A,794,52.9333,3,40.121,1,25.412,16.622,-0.022,5.9213,-0.0845,4.5906,1.0,1.0,24.999,18.468
Car B,794,52.9333,3,21.653,1,21.57,0.489,0.256,5.5581,-0.1169,2.999,1.0,1.0,24.997,-18.468
Car A,795,53.0,3,40.515,1,25.201,16.959,0.001,5.9162,-0.0762,4.6469,1.0,1.0,24.999,18.45
Car B,795,53.0,3,22.065,1,21.926,0.597,0.253,5.5514,-0.1005,3.3906,1.0,1.0,25.0,-18.45
Car A,796,53.0667,3,40.911,1,24.973,17.283,0.026,5.9115,-0.0705,4.6915,1.0,1.0,24.999,18.475
Car B,796,53.0667,3,22.436,1,22.276,0.722,0.235,5.5459,-0.0829,3.7008,1.0,1.0,25.0,-18.475
Car A,797,53.1333,3,41.314,1,24.728,17.594,0.052,5.9071,-0.0671,4.724,1.0,1.0,24.999,18.469
Car B,797,53.1333,3,22.845,1,22.618,0.866,0.236,5.5416,-0.0653,3.9425,1.0,1.0,25.0,-18.469
Car A,798,53.2,3,41.71,1,24.467,17.892,0.057,5.903,-0.0614,4.7533,1.0,1.0,24.999,18.496
Car B,798,53.2,3,23.214,1,22.953,1.027,0.199,5.5384,-0.0471,4.1315,1.0,1.0,24.999,-18.496
Car A,799,53.2667,3,42.105,1,24.191,18.175,0.084,5.8991,-0.0587,4.7745,1.0,1.0,24.999,18.519
Car B,799,53.2667,3,23.585,1,23.278,1.206,0.181,5.5364,-0.0306,4.2822,1.0,1.0,24.999,-18.519
Car A,800,53.3333,3,42.513,1,23.899,18.442,0.072,5.8953,-0.0567,4.7905,1.0,1.0,24.999,18.53
Car B,800,53.3333,3,23.983,1,23.593,1.403,0.152,5.5351,-0.0184,4.4003,1.0,1.0,24.999,-18.53
Car A,801,53.4,3,42.908,1,23.593,18.692,0.08,5.8917,-0.0533,4.804,1.0,1.0,24.999,18.555
Car B,801,53.4,3,24.353,1,23.897,1.617,0.118,5.5346,-0.0084,4.4945,1.0,1.0,24.999,-18.555
Car A,802,53.4667,3,43.316,1,23.275,18.926,0.07,5.8882,-0.0522,4.8144,1.0,1.0,24.999,18.576
Car B,802,53.4667,3,24.74,1,24.188,1.847,0.1,5.5346,0.0007,4.5705,1.0,1.0,24.999,-18.576
Car A,803,53.5333,3,43.711,1,22.944,19.141,0.059,5.8849,-0.0501,4.8232,1.0,1.0,24.999,18.603
Car B,803,53.5333,3,25.108,1,24.466,2.094,0.049,5.5352,0.0083,4.6311,1.0,1.0,24.999,-18.603
Car A,804,53.6,3,44.115,1,22.602,19.338,0.054,5.8816,-0.0488,4.8303,1.0,1.0,24.999,18.636
Car B,804,53.6,3,25.479,1,24.729,2.356,0.019,5.5361,0.0141,4.6804,1.0,1.0,24.999,-18.636
Car A,805,53.6667,3,44.508,1,22.25,19.516,0.024,5.8785,-0.0476,4.8351,1.0,1.0,24.999,18.659
Car B,805,53.6667,3,25.85,1,24.977,2.633,-0.021,5.5373,0.018,4.7182,1.0,1.0,24.999,-18.659
Car A,806,53.7333,3,44.902,2,21.889,19.674,0.016,5.8754,-0.0458,4.8395,1.0,1.0,24.999,18.683
Car B,806,53.7333,3,26.219,1,25.209,2.924,-0.067,5.5388,0.0223,4.75,1.0,1.0,24.999,-18.683
Car A,807,53.8,3,45.296,2,21.52,19.812,-0.025,5.8724,-0.0458,4.8421,1.0,1.0,24.999,18.706
Car B,807,53.8,3,26.59,1,25.423,3.228,-0.091,5.5405,0.0249,4.774,1.0,1.0,24.999,-18.706
Car A,808,53.8667,3,45.689,2,21.145,19.93,-0.052,5.8694,-0.0442,4.8444,1.0,0.2938,24.999,18.746
Car B,808,53.8667,3,26.943,1,25.62,3.544,-0.15,5.5423,0.0277,4.7954,1.0,1.0,24.999,-18.746
Car A,809,53.9333,3,46.071,2,20.764,20.034,-0.094,5.9165,0.7061,3.0668,1.0,0.9198,7.372,18.758
Car B,809,53.9333,3,27.313,1,25.798,3.871,-0.19,5.5442,0.0289,4.8111,1.0,1.0,24.999,-18.758
Car A,810,54.0,3,46.46,2,20.382,20.135,-0.164,5.9088,-0.1159,3.2248,1.0,0.6807,22.969,18.809
Car B,810,54.0,3,27.651,1,25.957,4.208,-0.23,5.5462,0.0301,4.8239,1.0,1.0,24.999,-18.809
Car A,811,54.0667,3,46.834,2,19.996,20.216,-0.216,5.9009,-0.1174,3.5794,1.0,0.931,17.025,18.815
Car B,811,54.0667,3,28.019,1,26.097,4.554,-0.284,5.5483,0.0307,4.8339,1.0,1.0,24.999,-18.815
Car A,812,54.1333,3,47.223,2,19.607,20.28,-0.28,5.8922,-0.1319,3.869,1.0,0.5564,23.266,18.833
Car B,812,54.1333,3,28.391,1,26.216,4.907,-0.318,5.5504,0.0313,4.841,1.0,1.0,24.999,-18.833
Car A,813,54.2,3,47.615,2,19.215,20.324,-0.324,5.8942,0.0305,4.0323,1.0,0.213,13.924,18.907
Car B,813,54.2,3,28.708,1,26.314,5.266,-0.371,5.5525,0.032,4.8488,1.0,1.0,24.999,-18.907
Car A,814,54.2667,3,48.009,2,18.821,20.358,-0.358,5.9327,0.5781,2.3724,1.0,-0.2331,5.337,18.931
Car B,814,54.2667,3,29.078,1,26.391,5.631,-0.419,5.5546,0.0314,4.8536,1.0,1.0,24.999,-18.931
Car A,815,54.3333,3,48.403,2,18.427,20.399,-0.399,5.9465,0.2062,0.7459,1.0,0.0798,-5.811,18.988
Car B,815,54.3333,3,29.415,1,26.447,6.0,-0.447,5.5567,0.0317,4.8578,1.0,1.0,24.999,-18.988
Car A,816,54.4,3,48.798,2,18.032,20.444,-0.444,5.9776,0.4675,0.7863,1.0,0.0825,1.984,19.011
Car B,816,54.4,3,29.787,1,26.482,6.372,-0.482,5.5588,0.0318,4.8614,1.0,1.0,24.999,-19.011
Car A,817,54.4667,3,49.195,2,17.635,20.484,-0.484,5.9987,0.3156,0.7913,1.0,0.0824,2.063,19.034
Car B,817,54.4667,3,30.16,1,26.494,6.745,-0.494,5.5609,0.0311,4.8636,1.0,1.0,24.999,-19.034
Car A,818,54.5333,3,49.59,2,17.24,20.521,-0.521,5.9334,-0.9788,0.8049,1.0,0.0234,2.037,19.056
Car B,818,54.5333,3,30.534,1,26.485,7.119,-0.485,5.563,0.0311,4.8654,1.0,1.0,24.999,-19.056
Car A,819,54.6,3,49.986,2,16.845,20.557,-0.557,5.9852,0.776,0.2227,1.0,0.0829,0.58,19.079
Car B,819,54.6,3,30.906,1,26.455,7.491,-0.455,5.565,0.0304,4.8672,1.0,1.0,24.999,-19.079
Car A,820,54.6667,3,50.383,2,16.447,20.592,-0.592,5.9818,-0.0511,0.817,1.0,0.0268,2.07,19.106
Car B,820,54.6667,3,31.277,1,26.402,7.862,-0.402,5.567,0.0302,4.8677,1.0,-0.056,24.999,-19.106
Car A,821,54.7333,3,50.781,2,16.049,20.624,-0.624,6.0177,0.5396,0.2916,1.0,0.0722,0.665,19.136
Car B,821,54.7333,3,31.646,1,26.338,8.231,-0.338,5.6114,0.666,3.3941,1.0,-0.2045,-1.359,-19.136
Car A,822,54.8,3,51.181,2,15.649,20.655,-0.655,6.0323,0.2178,0.7244,1.0,0.031,1.803,19.164
Car B,822,54.8,3,32.017,1,26.277,8.602,-0.277,5.6477,0.5441,1.273,1.0,-0.2337,-5.108,-19.164
Car A,823,54.8667,3,51.581,2,15.249,20.684,-0.684,6.0196,-0.1895,0.2617,1.0,0.0382,0.766,19.19
Car B,823,54.8667,3,32.391,1,26.229,8.976,-0.229,5.6593,0.174,-0.07,1.0,-0.2512,-5.842,-19.19
Car A,824,54.9333,3,51.982,2,14.848,20.713,-0.713,6.0289,0.1388,0.3999,1.0,0.0118,0.939,19.215
Car B,824,54.9333,3,32.767,1,26.192,9.352,-0.192,5.6646,0.0795,-1.0632,1.0,-0.2482,-6.278,-19.215
Car A,825,55.0,3,52.382,2,14.448,20.742,-0.742,6.0145,-0.2159,0.1475,1.0,0.0069,0.295,19.238
Car B,825,55.0,3,33.144,1,26.168,9.729,-0.168,5.6784,0.2064,-1.7907,1.0,-0.1909,-6.205,-19.238
Car A,826,55.0667,3,52.782,2,14.049,20.771,-0.771,6.0051,-0.1402,0.0594,1.0,-0.0234,0.17,19.255
Car B,826,55.0667,3,33.526,1,26.154,10.111,-0.154,5.7751,1.4511,-1.5996,0.9417,-0.1428,-4.775,-19.255
Car A,827,55.1333,3,53.181,2,13.649,20.802,-0.802,6.0176,0.1869,-0.2667,1.0,0.0877,-0.568,19.271
Car B,827,55.1333,3,33.909,1,26.143,10.494,-0.143,5.7192,-0.8379,-1.2507,0.9951,-0.0076,-3.569,-19.271
Car A,828,55.2,3,53.581,2,13.249,20.83,-0.83,6.0139,-0.0548,0.6464,1.0,-0.0901,2.188,19.288
Car B,828,55.2,3,34.293,1,26.13,10.878,-0.13,5.7688,0.7429,-0.149,1.0,0.0774,-0.196,-19.288
Car A,829,55.2667,3,53.981,2,12.849,20.856,-0.856,6.0115,-0.0371,-0.2548,1.0,0.05,-2.246,19.302
Car B,829,55.2667,3,34.679,1,26.108,11.264,-0.108,5.8257,0.8535,0.6439,1.0,0.8322,1.931,-19.302
Car A,830,55.3333,3,54.38,2,12.45,20.885,-0.885,6.0084,-0.0452,0.4251,1.0,-0.0456,1.244,19.315
Car B,830,55.3333,3,35.066,1,26.075,11.651,-0.075,5.8251,-0.0086,1.1445,1.0,0.1607,20.776,-19.315
Car A,831,55.4,3,54.78,2,12.05,20.913,-0.913,6.0022,-0.0931,-0.4186,1.0,0.173,-1.135,19.327
Car B,831,55.4,3,35.453,1,26.037,12.038,-0.037,5.8372,0.1811,1.1209,1.0,0.0837,4.041,-19.327
Car A,832,55.4667,3,55.179,2,11.651,20.941,-0.941,6.0021,-0.0015,0.5124,1.0,-0.0316,4.316,19.337
Car B,832,55.4667,3,35.842,1,25.995,12.427,0.005,5.9013,0.9627,0.7857,0.9746,-0.4256,2.095,-19.337
Car A,833,55.5333,3,55.578,2,11.252,20.966,-0.966,6.0013,-0.0123,-0.2693,1.0,0.187,-0.782,19.345
Car B,833,55.5333,3,36.233,1,25.957,12.818,0.043,5.9017,0.0059,-0.3019,1.0,1.0,-10.619,-19.345
Car A,834,55.6,3,55.978,2,10.852,20.991,-0.991,6.0006,-0.0113,0.6393,1.0,-0.0069,4.665,19.354
Car B,834,55.6,3,36.624,1,25.921,13.209,0.079,5.8889,-0.1925,0.3821,1.0,1.0,24.946,-19.354
Car A,835,55.6667,3,56.377,2,10.453,21.013,-1.013,6.0018,0.0192,-0.0839,1.0,0.2326,-0.155,19.363
Car B,835,55.6667,3,37.014,1,25.876,13.599,0.124,5.8783,-0.1591,1.429,1.0,0.7604,24.999,-19.363
Car A,836,55.7333,3,56.777,2,10.053,21.034,-1.034,6.0,-0.0273,0.7907,1.0,-0.0289,5.806,19.376
Car B,836,55.7333,3,37.401,1,25.815,13.986,0.185,5.8684,-0.149,2.1273,1.0,0.2129,19.02,-19.376
Car A,837,55.8,3,57.177,2,9.654,21.05,-1.05,6.0022,0.0329,-0.0693,1.0,0.2634,-0.711,19.371
Car B,837,55.8,3,37.806,1,25.746,14.372,0.224,5.889,0.3089,1.7782,1.0,1.0,5.343,-19.371
Car A,838,55.8667,3,57.576,2,9.254,21.068,-1.068,5.9985,-0.0561,0.7288,1.0,0.003,6.573,19.381
Car B,838,55.8667,3,38.195,1,25.666,14.756,0.274,5.8834,-0.0841,2.0791,1.0,0.8885,24.97,-19.381
Car A,839,55.9333,3,57.976,2,8.854,21.082,-1.082,6.0021,0.0547,0.012,1.0,0.2841,0.1,19.344
Car B,839,55.9333,3,38.632,1,25.571,15.137,0.299,5.8649,-0.2762,2.9171,1.0,1.0,22.216,-19.344
Car A,840,56.0,3,58.376,2,8.454,21.094,-1.094,5.9993,-0.0418,0.9471,1.0,-0.1195,7.09,19.353
Car B,840,56.0,3,39.023,1,25.458,15.512,0.321,5.8541,-0.1619,3.3429,1.0,1.0,24.995,-19.353
Car A,841,56.0667,3,58.776,2,8.055,21.101,-1.101,6.0005,0.018,0.0192,1.0,0.2736,-2.971,19.309
Car B,841,56.0667,3,39.467,1,25.329,15.881,0.339,5.8445,-0.1439,3.6708,1.0,1.0,25.0,-19.309
Car A,842,56.1333,3,59.175,2,7.655,21.112,-1.112,5.9981,-0.0364,0.6722,1.0,0.055,6.826,19.317
Car B,842,56.1333,3,39.858,1,25.181,16.242,0.337,5.8361,-0.1262,3.9346,1.0,1.0,25.0,-19.317
Car A,843,56.2,3,59.576,2,7.254,21.117,-1.117,6.0313,0.4976,0.5613,1.0,0.0961,1.381,19.272
Car B,843,56.2,3,40.303,1,25.015,16.596,0.349,5.829,-0.1065,4.1293,1.0,1.0,25.0,-19.272
Car A,844,56.2667,3,59.977,2,6.853,21.117,-1.117,6.0273,-0.0592,0.9313,1.0,-0.141,2.4,19.284
Car B,844,56.2667,3,40.693,1,24.832,16.941,0.325,5.8229,-0.0927,4.2829,1.0,1.0,24.999,-19.284
Car A,845,56.3333,3,60.379,2,6.451,21.117,-1.117,6.0282,0.0132,-0.1888,1.0,0.2409,-3.517,19.296
Car B,845,56.3333,3,41.083,1,24.631,17.275,0.322,5.8175,-0.0798,4.4057,1.0,1.0,24.999,-19.296
Car A,846,56.4,3,60.781,2,6.049,21.122,-1.122,6.026,-0.0325,0.4984,1.0,0.0532,6.007,19.259
Car B,846,56.4,3,41.522,1,24.413,17.598,0.29,5.8129,-0.0692,4.5003,1.0,1.0,24.999,-19.259
Car A,847,56.4667,3,61.182,2,5.648,21.119,-1.119,5.9846,-0.6212,0.5642,1.0,-0.0429,1.336,19.271
Car B,847,56.4667,3,41.911,1,24.177,17.908,0.267,5.809,-0.0595,4.5755,1.0,1.0,24.999,-19.271
Car A,848,56.5333,3,61.581,2,5.249,21.12,-1.12,5.9843,-0.0049,-0.4084,1.0,0.264,-1.068,19.242
Car B,848,56.5333,3,42.339,1,23.926,18.205,0.234,5.8054,-0.0536,4.6343,1.0,1.0,24.999,-19.242
Car A,849,56.6,3,61.98,2,4.85,21.121,-1.121,5.9845,0.0031,0.5423,1.0,-0.0287,6.587,19.254
Car B,849,56.6,3,42.726,1,23.659,18.488,0.192,5.8022,-0.047,4.6808,1.0,1.0,24.999,-19.254
Car A,850,56.6667,3,62.379,2,4.451,21.119,-1.119,5.9876,0.0461,-0.2506,1.0,0.2008,-0.706,19.238
Car B,850,56.6667,3,43.141,1,23.376,18.756,0.162,5.7994,-0.043,4.7168,1.0,1.0,24.999,-19.238
Car A,851,56.7333,3,62.778,2,4.052,21.117,-1.117,5.9862,-0.0211,0.6503,1.0,-0.1208,5.01,19.253
Car B,851,56.7333,3,43.525,1,23.08,19.008,0.102,5.7968,-0.0385,4.7469,1.0,1.0,24.999,-19.253
Car A,852,56.8,3,63.177,2,3.653,21.111,-1.111,5.9868,0.0091,-0.1649,1.0,0.1271,-3.008,19.265
Car B,852,56.8,3,43.912,1,22.77,19.243,0.064,5.7945,-0.0347,4.7724,1.0,1.0,24.999,-19.265
Car A,853,56.8667,3,63.576,2,3.254,21.108,-1.108,5.9871,0.0048,0.5026,1.0,-0.0891,3.167,19.272
Car B,853,56.8667,3,44.304,1,22.448,19.46,-0.0,5.7924,-0.0317,4.7904,1.0,1.0,24.999,-19.272
Car A,854,56.9333,3,63.975,2,2.855,21.102,-1.102,5.9859,-0.0182,-0.2797,1.0,0.1139,-2.219,19.287
Car B,854,56.9333,3,44.688,2,22.115,19.66,-0.057,5.7903,-0.0311,4.806,1.0,1.0,24.999,-19.287
Car A,855,57.0,3,64.374,2,2.456,21.099,-1.099,5.985,-0.0138,0.4363,1.0,-0.0913,2.839,19.315
Car B,855,57.0,3,45.059,2,21.771,19.84,-0.11,5.7884,-0.0288,4.8163,1.0,1.0,24.999,-19.315
Car A,856,57.0667,3,64.773,2,2.057,21.093,-1.093,5.9847,-0.0039,-0.3313,1.0,0.1004,-2.274,19.333
Car B,856,57.0667,3,45.44,2,21.417,20.001,-0.184,5.7866,-0.0265,4.8258,1.0,1.0,24.999,-19.333
Car A,857,57.1333,3,65.172,2,1.658,21.09,-1.09,5.9835,-0.0187,0.3968,1.0,-0.0975,2.502,19.347
Car B,857,57.1333,3,45.825,2,21.056,20.141,-0.237,5.7848,-0.0267,4.834,1.0,1.0,24.999,-19.347
Car A,858,57.2,3,65.571,2,1.259,21.084,-1.084,5.983,-0.007,-0.3648,1.0,0.094,-2.43,19.405
Car B,858,57.2,3,46.166,2,20.687,20.262,-0.315,5.7832,-0.0241,4.8395,1.0,1.0,24.999,-19.405
Car A,859,57.2667,3,65.97,2,0.861,21.081,-1.081,5.9825,-0.0075,0.3886,1.0,-0.1193,2.342,19.422
Car B,859,57.2667,3,46.548,2,20.312,20.361,-0.385,5.7816,-0.024,4.8432,1.0,1.0,24.999,-19.422
Car A,860,57.3333,3,66.368,2,0.462,21.075,-1.075,5.9815,-0.0143,-0.366,1.0,0.0823,-2.973,19.47
Car B,860,57.3333,3,46.898,2,19.932,20.44,-0.44,5.7801,-0.0234,4.8469,1.0,1.0,24.999,-19.47
Car A,861,57.4,3,66.767,2,0.063,21.072,-1.072,5.9818,0.0044,0.3627,1.0,-0.1288,2.049,19.485
Car B,861,57.4,3,47.282,2,19.548,20.497,-0.497,5.7786,-0.0221,4.8496,1.0,1.0,24.999,-19.485
Car A,862,57.4667,3,67.166,2,-0.335,21.066,-1.066,5.9798,-0.0307,-0.4035,1.0,0.0775,-3.21,19.498
Car B,862,57.4667,3,47.668,2,19.162,20.532,-0.532,5.7771,-0.0222,4.8516,1.0,1.0,24.999,-19.498
Car A,863,57.5333,3,67.564,2,-0.734,21.064,-1.064,5.9806,0.012,0.3483,1.0,-0.1331,1.93,19.509
Car B,863,57.5333,3,48.055,2,18.775,20.546,-0.546,5.7757,-0.0213,4.8532,1.0,1.0,24.999,-19.509
Car A,864,57.6,3,67.963,2,-1.133,21.059,-1.059,5.9788,-0.0273,-0.4185,1.0,0.0788,-3.32,19.52
Car B,864,57.6,3,48.442,2,18.388,20.538,-0.538,5.7742,-0.022,4.8544,1.0,1.0,24.999,-19.52
Car A,865,57.6667,3,68.361,2,-1.531,21.057,-1.057,5.9798,0.0151,0.3512,1.0,-0.1423,1.962,19.532
Car B,865,57.6667,3,48.829,2,18.001,20.509,-0.509,5.7729,-0.0203,4.8557,1.0,1.0,24.999,-19.532
Car A,866,57.7333,3,68.76,2,-1.93,21.052,-1.052,5.9777,-0.0309,-0.4096,1.0,0.0875,-3.55,19.547
Car B,866,57.7333,3,49.213,2,17.617,20.457,-0.457,5.7716,-0.0197,4.8565,1.0,-0.0929,24.999,-19.547
Car A,867,57.8,3,69.158,2,-2.328,21.051,-1.051,5.978,0.0044,0.3384,1.0,-0.177,2.179,19.563
Car B,867,57.8,3,49.595,2,17.235,20.394,-0.394,5.8105,0.5846,3.3141,1.0,-0.2708,-2.28,-19.563
Car A,868,57.8667,3,69.557,2,-2.726,21.047,-1.047,5.9758,-0.0324,-0.4164,1.0,0.0583,-4.414,19.577
Car B,868,57.8667,3,49.98,2,16.85,20.335,-0.335,5.8379,0.4104,1.1933,1.0,-0.272,-6.764,-19.577
Car A,869,57.9333,3,69.955,2,-3.125,21.046,-1.046,5.9777,0.0286,0.3429,1.0,-0.2116,1.449,19.588
Car B,869,57.9333,3,50.366,2,16.464,20.287,-0.287,5.8442,0.0941,-0.1678,1.0,-0.2722,-6.799,-19.588
Car A,870,58.0,3,70.353,2,-3.523,21.043,-1.043,5.9751,-0.039,-0.4895,1.0,0.0908,-5.279,19.599
Car B,870,58.0,3,50.754,2,16.076,20.251,-0.251,5.8437,-0.0064,-1.1447,1.0,-0.2665,-6.804,-19.599
Car A,871,58.0667,3,70.752,2,-3.922,21.043,-1.043,5.9767,0.0232,0.305,1.0,-0.1931,2.259,19.608
Car B,871,58.0667,3,51.144,2,15.686,20.229,-0.229,5.8451,0.0207,-1.9088,1.0,-0.2251,-6.663,-19.608
Car A,872,58.1333,3,71.15,2,-4.32,21.04,-1.04,5.9742,-0.0379,-0.433,1.0,0.0383,-4.816,19.614
Car B,872,58.1333,3,51.536,2,15.294,20.219,-0.219,5.9156,1.0565,-2.0189,1.0,-0.1247,-5.627,-19.614
Car A,873,58.2,3,71.548,2,-4.718,21.041,-1.041,5.9794,0.078,0.3182,1.0,-0.2625,0.947,19.616
Car B,873,58.2,3,51.932,2,14.898,20.212,-0.212,5.9695,0.8097,-1.1456,1.0,-0.1177,-3.121,-19.616
Car A,874,58.2667,3,71.947,2,-5.117,21.041,-1.041,5.978,-0.0199,-0.598,1.0,0.0619,-6.55,19.616
Car B,874,58.2667,3,52.331,2,14.5,20.207,-0.207,5.9729,0.0498,-1.1901,1.0,0.0174,-2.94,-19.616
Car A,875,58.3333,3,72.345,2,-5.515,21.045,-1.045,5.9805,0.0369,0.2191,1.0,-0.2096,1.534,19.616
Car B,875,58.3333,3,52.729,2,14.101,20.201,-0.201,5.9799,0.1059,0.0218,1.0,-0.0244,0.429,-19.616
Car A,876,58.4,3,72.744,2,-5.914,21.047,-1.047,5.9761,-0.0657,-0.5194,1.0,0.0673,-5.229,19.616
Car B,876,58.4,3,53.128,2,13.702,20.191,-0.191,5.9835,0.0534,-0.1601,1.0,0.0126,-0.584,-19.616
Car A,877,58.4667,3,73.142,2,-6.312,21.052,-1.052,5.978,0.0287,0.2812,1.0,-0.2261,1.672,19.615
Car B,877,58.4667,3,53.527,2,13.303,20.179,-0.179,5.9954,0.1785,0.1253,1.0,-0.0424,0.304,-19.615
Car A,878,58.5333,3,73.541,2,-6.71,21.054,-1.054,5.9742,-0.0572,-0.5091,1.0,0.0966,-5.64,19.614
Car B,878,58.5333,3,53.927,2,12.903,20.17,-0.17,5.9823,-0.196,-0.4493,1.0,0.0949,-1.049,-19.614
Car A,879,58.6,3,73.939,2,-7.109,21.06,-1.06,5.9755,0.0189,0.2784,1.0,-0.1986,2.403,19.613
Car B,879,58.6,3,54.326,2,12.505,20.16,-0.16,5.984,0.0258,0.5025,1.0,-0.0581,2.367,-19.613
Car A,880,58.6667,3,74.337,2,-7.507,21.063,-1.063,5.9742,-0.0191,-0.4514,1.0,0.1102,-4.953,19.613
Car B,880,58.6667,3,54.724,2,12.106,20.147,-0.147,5.984,0.0002,-0.3009,1.0,0.0161,-1.445,-19.613
Car A,881,58.7333,3,74.735,2,-7.905,21.069,-1.069,5.9739,-0.0043,0.3159,1.0,-0.2073,2.743,19.612
Car B,881,58.7333,3,55.123,2,11.707,20.137,-0.137,5.997,0.1941,0.1827,1.0,-0.06,0.394,-19.612
Car A,882,58.8,3,75.133,2,-8.303,21.072,-1.072,5.9724,-0.0227,-0.4234,1.0,0.1186,-5.171,19.61
Car B,882,58.8,3,55.523,2,11.307,20.128,-0.128,5.9963,-0.0103,-0.5466,1.0,0.0846,-1.495,-19.61
Car A,883,58.8667,3,75.531,2,-8.701,21.079,-1.079,5.9726,0.0028,0.3536,1.0,-0.2089,2.952,19.609
Car B,883,58.8667,3,55.922,2,10.908,20.119,-0.119,5.9966,0.0039,0.4256,1.0,-0.0874,2.109,-19.609
Car A,884,58.9333,3,75.929,2,-9.099,21.082,-1.082,5.9714,-0.0186,-0.4075,1.0,0.1397,-5.209,19.607
Car B,884,58.9333,3,56.322,2,10.508,20.107,-0.107,5.9946,-0.0294,-0.3566,1.0,0.0045,-2.179,-19.607
Car A,885,59.0,3,76.327,2,-9.497,21.089,-1.089,5.9718,0.0069,0.3607,1.0,-0.2021,3.48,19.606
Car B,885,59.0,3,56.722,2,10.109,20.099,-0.099,6.0025,0.1187,0.0444,1.0,-0.0509,0.104,-19.606
Car A,886,59.0667,3,76.725,2,-9.895,21.092,-1.092,5.9706,-0.0181,-0.3917,1.0,0.1456,-5.039,19.604
Car B,886,59.0667,3,57.122,2,9.709,20.094,-0.094,6.0088,0.0947,-0.5004,1.0,0.1104,-1.269,-19.604
Car A,887,59.1333,3,77.123,2,-10.293,21.099,-1.099,5.9708,0.0032,0.3627,1.0,-0.1939,3.626,19.601
Car B,887,59.1333,3,57.522,2,9.308,20.086,-0.086,6.0086,-0.0035,0.4676,1.0,-0.0916,2.754,-19.601
Car A,888,59.2,3,77.521,2,-10.691,21.103,-1.103,5.9697,-0.0165,-0.386,1.0,0.1672,-4.835,19.599
Car B,888,59.2,3,57.922,2,8.908,20.075,-0.075,6.0067,-0.0284,-0.3219,1.0,-0.0058,-2.283,-19.599
Car A,889,59.2667,3,77.919,2,-11.089,21.11,-1.11,5.9695,-0.0034,0.3784,1.0,-0.1865,4.166,19.596
Car B,889,59.2667,3,58.323,2,8.507,20.069,-0.069,6.0066,-0.0018,0.0465,1.0,-0.0535,-0.156,-19.596
Car A,890,59.3333,3,78.317,2,-11.487,21.113,-1.113,5.9693,-0.0032,-0.3768,1.0,0.1816,-4.648,19.594
Car B,890,59.3333,3,58.723,2,8.107,20.065,-0.065,6.0095,0.0444,-0.5224,1.0,0.1295,-1.335,-19.594
Car A,891,59.4,3,78.715,2,-11.885,21.12,-1.12,5.9686,-0.0097,0.3864,1.0,-0.1782,4.525,19.591
Car B,891,59.4,3,59.124,2,7.707,20.059,-0.059,6.0087,-0.0121,0.4698,1.0,-0.0811,3.229,-19.591
Car A,892,59.4667,3,79.113,2,-12.283,21.123,-1.123,5.9687,0.0009,-0.3868,1.0,0.2055,-4.44,19.589
Car B,892,59.4667,3,59.524,2,7.306,20.05,-0.05,6.0085,-0.0036,-0.3114,1.0,0.0084,-2.019,-19.589
Car A,893,59.5333,3,79.51,2,-12.68,21.13,-1.13,5.9688,0.0011,0.3643,1.0,-0.1485,5.123,19.586
Car B,893,59.5333,3,59.924,2,6.906,20.045,-0.045,6.0082,-0.0038,0.0943,1.0,-0.0527,0.198,-19.586
Car A,894,59.6,3,79.908,2,-13.078,21.133,-1.133,5.9683,-0.0066,-0.3771,1.0,0.2174,-3.699,19.584
Car B,894,59.6,3,60.325,2,6.505,20.042,-0.042,6.0134,0.078,-0.5095,1.0,0.1276,-1.314,-19.584
Car A,895,59.6667,3,80.306,2,-13.476,21.14,-1.14,5.9667,-0.025,0.3926,1.0,-0.1553,5.42,19.58
Car B,895,59.6667,3,60.726,2,6.105,20.038,-0.038,6.0139,0.0075,0.4641,1.0,-0.0775,3.183,-19.58
Car A,896,59.7333,3,80.704,2,-13.874,21.143,-1.143,5.9673,0.0094,-0.3777,1.0,0.237,-3.869,19.577
Car B,896,59.7333,3,61.126,2,5.704,20.03,-0.03,6.0111,-0.0433,-0.3265,1.0,0.0172,-1.929,-19.577
Car A,897,59.8,3,81.101,2,-14.271,21.15,-1.15,5.9662,-0.0161,0.3928,1.0,-0.1285,5.91,19.575
Car B,897,59.8,3,61.527,2,5.303,20.026,-0.026,6.0041,-0.1036,0.1749,1.0,-0.0597,0.418,-19.575
Car A,898,59.8667,3,81.499,2,-14.669,21.153,-1.153,5.9665,0.0047,-0.3798,1.0,0.2626,-3.198,19.572
Car B,898,59.8667,3,61.927,2,4.903,20.022,-0.022,5.998,-0.0915,-0.5709,1.0,0.1241,-1.488,-19.572
Car A,899,59.9333,3,81.897,2,-15.067,21.16,-1.16,5.965,-0.0225,0.3945,1.0,-0.0944,6.549,19.57
Car B,899,59.9333,3,62.327,2,4.503,20.019,-0.019,5.9984,0.0055,0.4178,1.0,-0.0684,3.096,-19.57
Car A,900,60.0,3,82.294,2,-15.464,21.163,-1.163,5.9656,0.0089,-0.3661,1.0,0.3263,-2.345,19.568
Car B,900,60.0,3,62.727,2,4.103,20.013,-0.013,5.9976,-0.0115,-0.3496,1.0,0.03,-1.702,-19.568
Car A,901,60.0667,3,82.692,2,-15.862,21.169,-1.169,5.9618,-0.058,0.4238,1.0,-0.1066,8.142,19.565
Car B,901,60.0667,3,63.127,2,3.704,20.01,-0.01,5.9982,0.0083,0.2795,1.0,-0.0729,0.745,-19.565
Car A,902,60.1333,3,83.089,2,-16.259,21.171,-1.171,5.9625,0.0111,-0.3486,1.0,0.2486,-2.647,19.563
Car B,902,60.1333,3,63.526,2,3.304,20.007,-0.007,5.9965,-0.0262,-0.5752,1.0,0.1108,-1.819,-19.563
Car A,903,60.2,3,83.487,2,-16.656,21.176,-1.176,5.9612,-0.0202,0.4124,1.0,-0.1422,6.201,19.561
Car B,903,60.2,3,63.926,2,2.904,20.005,-0.005,5.9954,-0.0161,0.3463,1.0,-0.0492,2.763,-19.561
Car A,904,60.2667,3,83.884,2,-17.054,21.178,-1.178,5.9622,0.0154,-0.3428,1.0,0.2328,-3.539,19.558
Car B,904,60.2667,3,64.326,2,2.504,20.0,-0.0,5.9957,0.0044,-0.39,1.0,0.0596,-1.225,-19.558
Car A,905,60.3333,3,84.281,2,-17.451,21.183,-1.183,5.96,-0.0333,0.4097,1.0,-0.0772,5.804,19.556
Car B,905,60.3333,3,64.725,2,2.105,19.997,0.003,5.9935,-0.0333,0.4877,1.0,-0.1006,1.486,-19.556
Car A,906,60.4,3,84.679,2,-17.848,21.185,-1.185,5.9621,0.0319,-0.3554,1.0,0.7941,-1.918,19.554
Car B,906,60.4,3,65.125,2,1.705,19.992,0.008,5.9932,-0.0038,-0.4164,1.0,0.0272,-2.507,-19.554
Car A,907,60.4667,3,85.076,2,-18.246,21.188,-1.188,5.9607,-0.0203,0.2563,1.0,0.6184,19.821,19.551
Car B,907,60.4667,3,65.524,2,1.306,19.991,0.009,5.9965,0.0501,0.2603,1.0,-0.067,0.675,-19.551
Car A,908,60.5333,3,85.473,2,-18.643,21.179,-1.179,5.9498,-0.1643,1.4602,1.0,0.5004,15.465,19.549
Car B,908,60.5333,3,65.924,2,0.906,19.989,0.011,5.994,-0.0384,-0.5975,1.0,0.1179,-1.671,-19.549
Car A,909,60.6,3,85.869,2,-19.038,21.155,-1.155,5.9418,-0.1206,2.1841,1.0,1.0,12.514,19.545
Car B,909,60.6,3,66.324,2,0.506,19.989,0.011,5.9939,-0.0009,0.3686,1.0,-0.0656,2.939,-19.545
Car A,910,60.6667,3,86.263,2,-19.433,21.116,-1.116,5.9287,-0.1952,2.7859,1.0,1.0,24.98,19.54
Car B,910,60.6667,3,66.723,2,0.107,19.985,0.015,5.9934,-0.0077,-0.3697,1.0,0.0116,-1.631,-19.54
Car A,911,60.7333,3,86.654,2,-19.824,21.059,-1.059,5.917,-0.1766,3.2491,1.0,0.8924,25.0,19.532
Car B,911,60.7333,3,67.123,2,-0.293,19.984,0.016,5.9982,0.0716,0.1158,1.0,-0.0802,0.277,-19.532
Car A,912,60.8,3,86.965,2,-20.212,20.984,-0.998,5.9078,-0.1376,3.5897,1.0,0.9789,22.313,19.442
Car B,912,60.8,3,67.523,2,-0.693,19.986,0.014,5.9928,-0.0809,-0.7329,1.0,0.0997,-2.002,-19.442
Car A,913,60.8667,3,87.355,2,-20.596,20.891,-0.935,5.8987,-0.1365,3.8659,1.0,0.2765,24.47,19.432
Car B,913,60.8667,3,67.922,2,-1.092,19.989,0.011,5.9941,0.0196,0.2888,1.0,-0.0878,2.485,-19.432
Car A,914,60.9333,3,87.743,2,-20.978,20.787,-0.862,5.9493,0.7591,2.3838,1.0,0.5099,6.939,19.421
Car B,914,60.9333,3,68.322,2,-1.492,19.989,0.011,5.9934,-0.0099,-0.4247,1.0,-0.0287,-2.188,-19.421
Car A,915,61.0,3,88.005,2,-21.359,20.677,-0.828,5.9397,-0.1438,2.8741,1.0,0.9284,12.739,19.284
Car B,915,61.0,3,68.721,2,-1.891,19.994,0.006,5.9845,-0.1339,-0.2648,1.0,-0.0368,-0.712,-19.284
Car A,916,61.0667,3,88.4,2,-21.735,20.55,-0.792,5.9287,-0.165,3.3235,1.0,0.8445,23.195,19.28
Car B,916,61.0667,3,69.12,2,-2.29,20.0,-0.0,5.9986,0.2117,-0.3508,1.0,-0.0238,-0.916,-19.28
Car A,917,61.1333,3,88.713,2,-22.103,20.406,-0.742,5.9203,-0.1258,3.6353,1.0,1.0,21.115,19.192
Car B,917,61.1333,3,69.521,2,-2.691,20.007,-0.007,6.0192,0.3094,-0.1556,1.0,-0.1016,-0.586,-19.192
Car A,918,61.2,3,89.071,2,-22.465,20.244,-0.731,5.911,-0.14,3.912,1.0,1.0,24.994,19.149
Car B,918,61.2,3,69.922,2,-3.092,20.018,-0.018,6.0131,-0.0913,-0.9101,1.0,0.0077,-2.536,-19.149
Car A,919,61.2667,3,89.466,3,-22.817,20.065,-0.7,5.9028,-0.1226,4.1215,1.0,1.0,24.999,19.143
Car B,919,61.2667,3,70.323,2,-3.493,20.031,-0.031,6.0052,-0.1191,0.0672,1.0,-0.0697,0.185,-19.143
Car A,920,61.3333,3,89.753,3,-23.16,19.868,-0.673,5.8956,-0.1089,4.278,1.0,1.0,24.999,19.031
Car B,920,61.3333,3,70.723,2,-3.893,20.043,-0.043,6.0017,-0.0531,-0.6645,0.9901,0.0742,-1.739,-19.031
Car A,921,61.4,3,90.148,3,-23.491,19.654,-0.664,5.8892,-0.0958,4.399,1.0,1.0,24.999,19.025
Car B,921,61.4,3,71.123,2,-4.293,20.056,-0.056,5.9988,-0.0427,0.3608,1.0,-0.0042,1.849,-19.025
Car A,922,61.4667,3,90.541,3,-23.811,19.423,-0.634,5.8835,-0.0846,4.4952,1.0,1.0,24.999,19.019
Car B,922,61.4667,3,71.523,2,-4.692,20.065,-0.065,5.9973,-0.0233,-0.0788,1.0,0.0521,-0.09,-19.019
Car A,923,61.5333,3,90.837,3,-24.118,19.176,-0.629,5.8784,-0.0772,4.5727,1.0,1.0,24.999,18.914
Car B,923,61.5333,3,71.923,2,-5.092,20.072,-0.072,6.0208,0.3534,0.5266,1.0,-0.0061,1.298,-18.914
Car A,924,61.6,3,91.23,3,-24.411,18.913,-0.619,5.8738,-0.0682,4.6329,1.0,1.0,24.999,18.907
Car B,924,61.6,3,72.323,2,-5.493,20.079,-0.079,5.9972,-0.3545,-0.1571,1.0,0.0465,-0.14,-18.907
Car A,925,61.6667,3,91.538,3,-24.69,18.635,-0.594,5.8696,-0.0631,4.6789,1.0,1.0,24.999,18.814
Car B,925,61.6667,3,72.723,2,-5.893,20.084,-0.084,5.9824,-0.2222,0.4825,1.0,0.0095,1.152,-18.814
Car A,926,61.7333,3,91.923,3,-24.952,18.342,-0.604,5.8658,-0.0577,4.7149,1.0,1.0,24.999,18.8
Car B,926,61.7333,3,73.123,2,-6.293,20.089,-0.089,6.0096,0.4079,0.1674,1.0,0.0224,0.239,-18.8
Car A,927,61.8,3,92.316,3,-25.199,18.035,-0.592,5.8622,-0.0535,4.7467,1.0,1.0,24.999,18.793
Car B,927,61.8,3,73.523,2,-6.693,20.093,-0.093,6.0148,0.0788,0.1646,1.0,0.0237,0.543,-18.793
Car A,928,61.8667,3,92.617,3,-25.428,17.716,-0.588,5.8588,-0.051,4.7684,1.0,1.0,24.999,18.693
Car B,928,61.8667,3,73.924,2,-7.094,20.097,-0.097,6.0109,-0.0582,0.0902,1.0,0.0315,0.575,-18.693
Car A,929,61.9333,3,93.01,3,-25.639,17.385,-0.595,5.8557,-0.0473,4.7873,1.0,1.0,24.999,18.685
Car B,929,61.9333,3,74.325,2,-7.495,20.1,-0.1,6.0208,0.1484,0.3174,1.0,0.0126,0.774,-18.685
Car A,930,62.0,3,93.402,3,-25.831,17.043,-0.58,5.8526,-0.0451,4.8025,1.0,1.0,24.999,18.677
Car B,930,62.0,3,74.725,2,-7.895,20.102,-0.102,6.0012,-0.2947,0.1204,1.0,0.0218,0.312,-18.677
Car A,931,62.0667,3,93.703,3,-26.005,16.691,-0.596,5.8498,-0.0429,4.8148,1.0,1.0,24.999,18.578
Car B,931,62.0667,3,75.125,2,-8.295,20.103,-0.103,5.9891,-0.181,0.098,1.0,0.0163,0.524,-18.578
Car A,932,62.1333,3,94.096,3,-26.159,16.33,-0.6,5.847,-0.0414,4.8228,1.0,1.0,24.999,18.571
Car B,932,62.1333,3,75.524,2,-8.694,20.104,-0.104,5.987,-0.0313,0.1133,1.0,0.0106,0.402,-18.571
Car A,933,62.2,3,94.395,3,-26.292,15.961,-0.594,5.8444,-0.0399,4.8305,1.0,1.0,24.999,18.471
Car B,933,62.2,3,75.924,2,-9.094,20.104,-0.104,5.9895,0.0367,0.0684,1.0,0.0122,0.267,-18.471
Car A,934,62.2667,3,94.786,3,-26.405,15.586,-0.617,5.8418,-0.0392,4.8364,1.0,1.0,24.999,18.463
Car B,934,62.2667,3,76.323,2,-9.493,20.104,-0.104,5.9924,0.0433,0.1207,1.0,-0.0008,0.299,-18.463
Car A,935,62.3333,3,95.178,3,-26.497,15.205,-0.617,5.8392,-0.0378,4.8397,1.0,0.8451,24.999,18.455
Car B,935,62.3333,3,76.723,2,-9.893,20.104,-0.104,5.9917,-0.0094,0.1637,1.0,-0.0037,-0.01,-18.455
Car A,936,62.4,3,95.472,3,-26.567,14.82,-0.63,5.8393,0.0013,4.8188,1.0,0.9227,21.134,18.35
Car B,936,62.4,3,77.123,2,-10.293,20.105,-0.105,6.0004,0.1305,-0.0192,1.0,0.0048,-0.091,-18.35
Car A,937,62.4667,3,95.864,3,-26.617,14.431,-0.649,5.8375,-0.0272,4.8356,1.0,0.5166,23.064,18.341
Car B,937,62.4667,3,77.523,2,-10.693,20.105,-0.105,6.0013,0.0127,-0.0227,1.0,-0.0026,0.104,-18.341
Car A,938,62.5333,3,96.245,3,-26.65,14.04,-0.651,5.8852,0.7156,4.1579,1.0,-0.2175,12.929,18.322
Car B,938,62.5333,3,77.923,2,-11.093,20.105,-0.105,6.0081,0.1026,0.038,1.0,-0.0017,-0.06,-18.322
Car A,939,62.6,3,96.599,3,-26.675,13.646,-0.675,5.9136,0.4256,2.4403,1.0,-0.2866,-5.409,18.276
Car B,939,62.6,3,78.324,2,-11.493,20.106,-0.106,6.0012,-0.104,-0.0257,1.0,-0.0037,-0.042,-18.276
Car A,940,62.6667,3,96.993,3,-26.709,13.252,-0.709,5.9283,0.2205,0.6966,1.0,0.0924,-7.163,18.269
Car B,940,62.6667,3,78.724,2,-11.893,20.106,-0.106,6.0004,-0.0117,0.0106,1.0,-0.0235,-0.087,-18.269
Car A,941,62.7333,3,97.387,3,-26.746,12.859,-0.746,5.9511,0.3419,0.857,1.0,0.0927,2.296,18.263
Car B,941,62.7333,3,79.124,2,-12.294,20.109,-0.109,5.9943,-0.0916,-0.2465,1.0,-0.0105,-0.572,-18.263
Car A,942,62.8,3,97.781,3,-26.777,12.464,-0.777,5.9176,-0.5014,0.8986,1.0,0.0645,2.301,18.258
Car B,942,62.8,3,79.523,2,-12.693,20.112,-0.112,5.9886,-0.0858,-0.0828,1.0,-0.0512,-0.265,-18.258
Car A,943,62.8667,3,98.176,3,-26.807,12.07,-0.807,5.9396,0.3289,0.75,1.0,0.0827,1.604,18.253
Car B,943,62.8667,3,79.923,2,-13.093,20.117,-0.117,5.9959,0.1088,-0.4955,1.0,0.0264,-1.28,-18.253
Car A,944,62.9333,3,98.571,3,-26.832,11.675,-0.832,5.927,-0.1887,0.839,1.0,0.0637,2.046,18.248
Car B,944,62.9333,3,80.323,2,-13.492,20.122,-0.122,5.9945,-0.0205,0.2645,1.0,-0.0746,0.656,-18.248
Car A,945,63.0,3,98.966,3,-26.856,11.279,-0.856,5.9485,0.322,0.3759,1.0,0.0929,1.571,18.244
Car B,945,63.0,3,80.722,2,-13.892,20.128,-0.128,5.9896,-0.0727,-0.6613,1.0,0.0962,-1.86,-18.244
Car A,946,63.0667,3,99.363,3,-26.876,10.882,-0.876,5.9478,-0.0098,0.9117,1.0,0.036,2.316,18.241
Car B,946,63.0667,3,81.121,2,-14.291,20.136,-0.136,5.9913,0.0253,0.3132,1.0,0.0136,2.398,-18.241
Car A,947,63.1333,3,99.76,3,-26.894,10.485,-0.894,5.9707,0.3434,0.2974,1.0,0.0916,0.891,18.239
Car B,947,63.1333,3,81.521,2,-14.691,20.138,-0.138,6.014,0.3401,0.1486,1.0,0.0055,0.344,-18.239
Car A,948,63.2,3,100.158,3,-26.911,10.088,-0.911,5.9856,0.2233,0.8776,1.0,0.0703,2.288,18.237
Car B,948,63.2,3,81.921,2,-15.091,20.141,-0.141,5.9939,-0.3009,0.0557,1.0,0.2908,0.14,-18.237
Car A,949,63.2667,3,100.555,3,-26.923,9.691,-0.923,5.946,-0.5945,0.5122,1.0,-0.0197,1.731,18.234
Car B,949,63.2667,3,82.321,2,-15.491,20.139,-0.139,5.9915,-0.0373,0.9335,1.0,0.0649,7.258,-18.234
Car A,950,63.3333,3,100.951,3,-26.937,9.294,-0.937,5.9674,0.3213,-0.1916,1.0,0.1403,-0.487,18.23
Car B,950,63.3333,3,82.721,2,-15.891,20.132,-0.132,6.017,0.3832,0.6138,1.0,-0.041,1.631,-18.23
Car A,951,63.4,3,101.349,3,-26.951,8.896,-0.951,5.9664,-0.0148,0.7405,1.0,-0.0914,3.5,18.227
Car B,951,63.4,3,83.122,2,-16.292,20.128,-0.128,6.014,-0.045,-0.3549,1.0,0.7694,-1.02,-18.227
Car A,952,63.4667,3,101.746,3,-26.96,8.499,-0.96,5.9682,0.0271,-0.107,1.0,0.1105,-2.275,18.224
Car B,952,63.4667,3,83.523,2,-16.692,20.124,-0.124,6.0151,0.0171,0.3777,1.0,0.6699,19.204,-18.224
Car A,953,63.5333,3,102.144,3,-26.973,8.101,-0.973,5.9678,-0.0061,0.535,1.0,1.0,2.754,18.221
Car B,953,63.5333,3,83.923,2,-17.093,20.107,-0.107,6.0017,-0.201,1.5903,1.0,0.9366,16.751,-18.221
Car A,954,63.6,3,102.541,3,-26.974,7.704,-0.974,5.9599,-0.1183,1.167,1.0,0.9603,24.966,18.22
Car B,954,63.6,3,84.321,2,-17.491,20.075,-0.075,5.9885,-0.1987,2.3165,1.0,0.0819,23.406,-18.22
Car A,955,63.6667,3,102.938,3,-26.961,7.307,-0.961,5.9418,-0.2708,2.1902,1.0,0.4907,24.007,18.219
Car B,955,63.6667,3,84.719,2,-17.889,20.036,-0.036,6.0009,0.1861,1.3613,0.7534,0.0562,2.08,-18.219
Car A,956,63.7333,3,103.333,3,-26.932,6.912,-0.932,5.934,-0.1178,2.7343,1.0,1.0,12.284,18.225
Car B,956,63.7333,3,85.108,2,-18.278,20.002,-0.002,5.7882,-3.1905,0.5603,1.0,-0.0556,1.406,-18.225
Car A,957,63.8,3,103.726,3,-26.886,6.519,-0.886,5.9215,-0.1879,3.2144,1.0,0.6221,24.98,18.232
Car B,957,63.8,3,85.495,2,-18.665,19.973,0.027,5.8239,0.5358,-0.4106,1.0,-0.0312,-1.386,-18.232
Car A,958,63.8667,3,104.117,3,-26.821,6.128,-0.821,5.9159,-0.0828,3.5375,1.0,0.918,15.565,18.23
Car B,958,63.8667,3,85.887,2,-19.057,19.948,0.052,5.9465,1.8385,-0.2961,1.0,1.0,-0.781,-18.23
Car A,959,63.9333,3,104.445,3,-26.739,5.742,-0.757,5.9068,-0.1368,3.838,1.0,0.6595,22.938,18.163
Car B,959,63.9333,3,86.282,2,-19.452,19.918,0.082,5.9434,-0.0465,0.4957,1.0,1.0,24.961,-18.163
Car A,960,64.0,3,104.834,3,-26.638,5.36,-0.686,5.9031,-0.0555,4.0396,1.0,0.3994,16.497,18.158
Car B,960,64.0,3,86.675,2,-19.845,19.877,0.123,5.9269,-0.2476,1.6346,1.0,0.9415,25.0,-18.158
Car A,961,64.0667,3,105.187,3,-26.522,4.981,-0.601,5.9424,0.5897,3.4993,1.0,1.0,9.993,18.107
Car B,961,64.0667,3,87.08,2,-20.236,19.819,0.162,5.9151,-0.1773,2.3357,1.0,1.0,23.541,-18.107
Car A,962,64.1333,3,105.521,3,-26.393,4.605,-0.56,5.9318,-0.16,3.7185,1.0,1.0,24.975,18.05
Car B,962,64.1333,3,87.472,2,-20.624,19.746,0.205,5.9025,-0.1885,2.8891,1.0,0.8583,24.997,-18.05
Car A,963,64.2,3,105.914,3,-26.245,4.237,-0.502,5.9221,-0.1449,4.0021,1.0,1.0,24.999,18.012
Car B,963,64.2,3,87.901,2,-21.007,19.655,0.248,5.8931,-0.141,3.3106,1.0,1.0,21.461,-18.012
Car A,964,64.2667,3,106.234,3,-26.079,3.878,-0.447,5.914,-0.1219,4.1858,1.0,1.0,25.0,17.939
Car B,964,64.2667,3,88.295,2,-21.386,19.547,0.264,5.8831,-0.15,3.6526,1.0,1.0,24.994,-17.939
Car A,965,64.3333,3,106.628,3,-25.895,3.527,-0.411,5.9069,-0.1064,4.3296,1.0,1.0,24.999,17.941
Car B,965,64.3333,3,88.687,2,-21.758,19.42,0.3,5.8742,-0.134,3.9176,1.0,1.0,25.0,-17.941
Car A,966,64.4,3,107.019,3,-25.693,3.187,-0.355,5.9006,-0.0942,4.4406,1.0,1.0,24.999,17.892
Car B,966,64.4,3,89.127,3,-22.123,19.276,0.295,5.8664,-0.1162,4.1207,1.0,1.0,25.0,-17.892
Car A,967,64.4667,3,107.359,3,-25.474,2.858,-0.327,5.895,-0.0846,4.5284,1.0,1.0,24.999,17.84
Car B,967,64.4667,3,89.519,3,-22.481,19.113,0.309,5.8597,-0.1014,4.2777,1.0,1.0,24.999,-17.84
Car A,968,64.5333,3,107.753,3,-25.238,2.542,-0.291,5.8899,-0.0762,4.5965,1.0,1.0,24.999,17.792
Car B,968,64.5333,3,89.961,3,-22.829,18.931,0.299,5.8538,-0.0871,4.3999,1.0,1.0,24.999,-17.792
Car A,969,64.6,3,108.105,3,-24.985,2.238,-0.252,5.8853,-0.0692,4.651,1.0,1.0,24.999,17.752
Car B,969,64.6,3,90.353,3,-23.166,18.732,0.292,5.8487,-0.0772,4.4963,1.0,1.0,24.999,-17.752
Car A,970,64.6667,3,108.499,3,-24.717,1.949,-0.236,5.881,-0.0638,4.6944,1.0,1.0,24.999,17.709
Car B,970,64.6667,3,90.79,3,-23.493,18.516,0.279,5.8441,-0.0688,4.5736,1.0,1.0,24.999,-17.709
Car A,971,64.7333,3,108.891,3,-24.433,1.675,-0.198,5.8771,-0.0585,4.7275,1.0,1.0,24.999,17.71
Car B,971,64.7333,3,91.181,3,-23.807,18.282,0.253,5.84,-0.0615,4.6334,1.0,1.0,24.999,-17.71
Car A,972,64.8,3,109.255,3,-24.136,1.417,-0.189,5.8734,-0.0551,4.7552,1.0,1.0,24.999,17.644
Car B,972,64.8,3,91.611,3,-24.108,18.031,0.24,5.8363,-0.0551,4.6797,1.0,1.0,24.999,-17.644
Car A,973,64.8667,3,109.648,3,-23.825,1.176,-0.171,5.87,-0.0521,4.7767,1.0,1.0,24.999,17.649
Car B,973,64.8667,3,91.999,3,-24.395,17.765,0.194,5.8329,-0.0512,4.7161,1.0,1.0,24.999,-17.649
Car A,974,64.9333,3,110.017,3,-23.501,0.952,-0.152,5.8667,-0.0494,4.7935,1.0,1.0,24.999,17.628
Car B,974,64.9333,3,92.39,3,-24.666,17.484,0.171,5.8299,-0.0452,4.7462,1.0,1.0,24.999,-17.628
Car A,975,65.0,3,110.411,3,-23.166,0.746,-0.152,5.8635,-0.0473,4.807,1.0,1.0,24.999,17.607
Car B,975,65.0,3,92.803,3,-24.922,17.188,0.119,5.827,-0.0436,4.7694,1.0,1.0,24.999,-17.607
Car A,976,65.0667,3,110.803,3,-22.82,0.56,-0.131,5.8605,-0.0455,4.8173,1.0,1.0,24.999,17.612
Car B,976,65.0667,3,93.192,3,-25.161,16.879,0.077,5.8243,-0.0399,4.7881,1.0,1.0,24.999,-17.612
Car A,977,65.1333,3,111.176,3,-22.464,0.392,-0.142,5.8576,-0.0429,4.8247,1.0,1.0,24.999,17.587
Car B,977,65.1333,3,93.589,3,-25.382,16.557,0.03,5.8218,-0.0379,4.8022,1.0,1.0,24.999,-17.587
Car A,978,65.2,3,111.569,3,-22.1,0.245,-0.14,5.8548,-0.0419,4.8311,1.0,1.0,24.999,17.594
Car B,978,65.2,3,93.974,3,-25.586,16.224,-0.03,5.8194,-0.0357,4.8144,1.0,1.0,24.999,-17.594
Car A,979,65.2667,3,111.94,3,-21.729,0.117,-0.142,5.852,-0.042,4.837,1.0,1.0,24.999,17.578
Car B,979,65.2667,3,94.362,3,-25.77,15.88,-0.069,5.8171,-0.035,4.8241,1.0,1.0,24.999,-17.578
Car A,980,65.3333,3,112.332,3,-21.351,0.011,-0.157,5.8494,-0.0402,4.841,1.0,0.565,24.999,17.598
Car B,980,65.3333,3,94.734,3,-25.935,15.526,-0.146,5.8149,-0.0326,4.8317,1.0,1.0,24.999,-17.598
Car A,981,65.4,3,112.719,3,-20.967,-0.078,-0.154,5.9006,0.7694,4.4664,1.0,0.4622,14.14,17.599
Car B,981,65.4,3,95.12,3,-26.08,15.164,-0.202,5.8128,-0.0322,4.8371,1.0,1.0,24.999,-17.599
Car A,982,65.4667,3,113.097,3,-20.577,-0.152,-0.197,5.9554,0.8208,4.0854,1.0,1.0,11.559,17.628
Car B,982,65.4667,3,95.469,3,-26.204,14.795,-0.266,5.8107,-0.031,4.8413,1.0,1.0,24.999,-17.628
Car A,983,65.5333,3,113.495,3,-20.183,-0.21,-0.224,5.9464,-0.1344,4.2078,1.0,0.6344,24.978,17.643
Car B,983,65.5333,3,95.851,3,-26.308,14.419,-0.34,5.8087,-0.0299,4.8454,1.0,1.0,24.999,-17.643
Car A,984,65.6,3,113.874,3,-19.786,-0.247,-0.247,5.9445,-0.0287,4.3234,1.0,0.6596,15.872,17.636
Car B,984,65.6,3,96.238,3,-26.391,14.038,-0.393,5.8068,-0.0294,4.8478,1.0,1.0,24.999,-17.636
Car A,985,65.6667,3,114.272,3,-19.389,-0.264,-0.264,5.9404,-0.0607,4.4164,1.0,0.4703,16.488,17.68
Car B,985,65.6667,3,96.591,3,-26.452,13.654,-0.452,5.8048,-0.0289,4.8508,1.0,1.0,24.999,-17.68
Car A,986,65.7333,3,114.671,3,-18.989,-0.264,-0.264,5.9877,0.7093,4.1309,1.0,0.2167,11.764,17.693
Car B,986,65.7333,3,96.979,3,-26.492,13.267,-0.492,5.803,-0.0281,4.8517,1.0,1.0,24.999,-17.693
Car A,987,65.8,3,115.073,3,-18.588,-0.255,-0.255,6.0238,0.5409,2.3963,1.0,-0.0976,5.426,17.705
Car B,987,65.8,3,97.368,3,-26.511,12.878,-0.511,5.8012,-0.0273,4.8531,1.0,1.0,24.999,-17.705
Car A,988,65.8667,3,115.475,3,-18.185,-0.252,-0.252,6.0371,0.2004,0.7763,1.0,0.099,-2.427,17.718
Car B,988,65.8667,3,97.757,3,-26.507,12.489,-0.507,5.7994,-0.0268,4.8543,1.0,1.0,24.999,-17.718
Car A,989,65.9333,3,115.877,3,-17.783,-0.252,-0.252,6.0156,-0.3235,1.0038,1.0,0.0925,2.467,17.732
Car B,989,65.9333,3,98.145,3,-26.482,12.1,-0.482,5.7976,-0.0268,4.8555,1.0,1.0,24.999,-17.732
Car A,990,66.0,3,116.28,3,-17.381,-0.247,-0.247,6.0583,0.6403,0.9128,1.0,0.0917,2.308,17.749
Car B,990,66.0,3,98.531,3,-26.435,11.714,-0.435,5.7959,-0.0256,4.8565,1.0,0.0387,24.999,-17.749
Car A,991,66.0667,3,116.684,3,-16.977,-0.238,-0.238,6.0644,0.0921,0.9174,1.0,0.0792,2.281,17.768
Car B,991,66.0667,3,98.916,3,-26.375,11.329,-0.375,5.8352,0.5901,3.367,1.0,-0.0969,1.004,-17.768
Car A,992,66.1333,3,117.088,3,-16.573,-0.227,-0.227,6.0504,-0.2103,0.7201,1.0,0.0658,1.975,17.785
Car B,992,66.1333,3,99.303,3,-26.321,10.942,-0.321,5.8654,0.4533,1.1693,1.0,-0.0979,-2.417,-17.785
Car A,993,66.2,3,117.491,3,-16.169,-0.214,-0.214,6.052,0.0238,0.4796,1.0,0.0671,1.615,17.799
Car B,993,66.2,3,99.692,3,-26.278,10.553,-0.278,5.874,0.1293,-0.1808,1.0,-0.0961,-2.448,-17.799
Car A,994,66.2667,3,117.894,3,-15.767,-0.198,-0.198,6.0482,-0.056,0.6742,1.0,-0.0785,1.665,17.81
Car B,994,66.2667,3,100.083,3,-26.247,10.162,-0.247,5.9027,0.4291,-0.9294,1.0,-0.0667,-2.4,-17.81
Car A,995,66.3333,3,118.297,3,-15.364,-0.185,-0.185,6.0464,-0.0277,-0.3898,1.0,0.0844,-1.956,17.818
Car B,995,66.3333,3,100.479,3,-26.218,9.767,-0.218,5.9472,0.6679,-0.5515,1.0,-0.0438,-1.64,-17.818
Car A,996,66.4,3,118.699,3,-14.961,-0.174,-0.174,6.0405,-0.0886,0.384,1.0,-0.0636,2.104,17.825
Car B,996,66.4,3,100.875,3,-26.188,9.371,-0.188,5.9649,0.2656,-0.2879,1.0,-0.0692,-1.083,-17.825
Car A,997,66.4667,3,119.101,3,-14.559,-0.161,-0.161,6.0346,-0.0877,-0.3742,1.0,0.0712,-1.584,17.83
Car B,997,66.4667,3,101.271,3,-26.162,8.974,-0.162,5.9489,-0.2393,-0.5479,0.9125,-0.0191,-1.696,-17.83
Car A,998,66.5333,3,119.503,3,-14.157,-0.15,-0.15,6.0281,-0.0988,0.4142,1.0,-0.1123,1.773,17.843
Car B,998,66.5333,3,101.661,3,-26.137,8.585,-0.137,5.7919,-2.3555,-0.1706,0.9307,-0.1264,-0.481,-17.843
Car A,999,66.6,3,119.905,3,-13.756,-0.137,-0.137,6.0235,-0.0685,-0.3966,1.0,0.0565,-2.8,17.859
Car B,999,66.6,3,102.045,3,-26.116,8.2,-0.116,5.767,-0.3739,-0.9585,0.8841,-0.0662,-3.156,-17.859
Car A,1000,66.6667,3,120.306,3,-13.354,-0.127,-0.127,6.0206,-0.044,0.3579,1.0,-0.1123,1.406,17.882
Car B,1000,66.6667,3,102.424,3,-26.1,7.821,-0.1,5.6196,-2.2109,-0.5582,1.0,0.9025,-1.657,-17.882
Car A,1001,66.7333,3,120.707,3,-12.953,-0.115,-0.115,6.017,-0.0535,-0.4575,1.0,0.0403,-2.8,17.909
Car B,1001,66.7333,3,102.798,3,-26.079,7.447,-0.079,5.6235,0.0583,0.2223,1.0,0.4867,22.527,-17.909
Car A,1002,66.8,3,121.108,3,-12.552,-0.107,-0.107,6.0142,-0.0421,0.3162,1.0,-0.1779,1.002,17.936
Car B,1002,66.8,3,103.172,3,-26.047,7.074,-0.047,5.6202,-0.0485,1.3398,1.0,1.0,12.181,-17.936
Car A,1003,66.8667,3,121.509,3,-12.152,-0.097,-0.097,6.0123,-0.0281,-0.5803,1.0,0.031,-4.438,17.965
Car B,1003,66.8667,3,103.543,3,-26.0,6.702,0.0,5.6098,-0.1558,2.0974,0.6092,-0.4384,24.98,-17.965
Car A,1004,66.9333,3,121.909,3,-11.751,-0.091,-0.091,6.0115,-0.0123,0.2175,1.0,-0.1632,0.766,17.998
Car B,1004,66.9333,3,103.912,3,-25.947,6.333,0.053,5.5841,-0.3858,1.1717,0.0354,-1.0,-10.905,-17.998
Car A,1005,67.0,3,122.31,3,-11.35,-0.084,-0.084,6.0096,-0.0278,-0.6472,1.0,0.044,-4.072,18.031
Car B,1005,67.0,3,104.279,3,-25.897,5.974,0.101,5.3603,-3.3574,0.6884,1.0,1.0,-24.979,-18.031
Car A,1006,67.0667,3,122.711,3,-10.95,-0.081,-0.081,6.0101,0.0066,0.1788,1.0,-0.086,1.092,18.076
Car B,1006,67.0667,3,104.634,3,-25.84,5.622,0.13,5.3488,-0.1725,1.4549,1.0,1.0,24.925,-18.076
Car A,1007,67.1333,3,123.111,3,-10.549,-0.076,-0.076,6.0044,-0.0856,-0.5738,1.0,0.0404,-2.146,18.121
Car B,1007,67.1333,3,104.99,3,-25.776,5.27,0.166,5.3531,0.0646,2.0681,1.0,1.0,24.993,-18.121
Car A,1008,67.2,3,123.511,3,-10.149,-0.073,-0.073,6.001,-0.0502,0.2682,1.0,-0.1277,1.005,18.135
Car B,1008,67.2,3,105.376,3,-25.693,4.923,0.194,5.3456,-0.1119,2.6086,1.0,1.0,25.0,-18.135
Car A,1009,67.2667,3,123.911,3,-9.749,-0.07,-0.07,5.9996,-0.0211,-0.5511,1.0,0.0403,-3.187,18.178
Car B,1009,67.2667,3,105.733,3,-25.594,4.58,0.211,5.3407,-0.0741,3.0616,1.0,1.0,25.0,-18.178
Car A,1010,67.3333,3,124.311,3,-9.349,-0.069,-0.069,5.9994,-0.0036,0.2414,1.0,-0.1156,1.002,18.223
Car B,1010,67.3333,3,106.088,3,-25.477,4.242,0.245,5.3368,-0.0582,3.4267,1.0,1.0,25.0,-18.223
Car A,1011,67.4,3,124.711,3,-8.949,-0.067,-0.067,5.997,-0.0361,-0.5563,1.0,0.0523,-2.884,18.226
Car B,1011,67.4,3,106.485,3,-25.344,3.91,0.245,5.3341,-0.0411,3.723,1.0,1.0,25.0,-18.226
Car A,1012,67.4667,3,125.111,3,-8.55,-0.068,-0.068,5.9965,-0.007,0.247,1.0,-0.0886,1.301,18.269
Car B,1012,67.4667,3,106.842,3,-25.192,3.587,0.261,5.3327,-0.0213,3.9522,1.0,1.0,25.0,-18.269
Car A,1013,67.5333,3,125.51,3,-8.15,-0.067,-0.067,5.9937,-0.0414,-0.4971,1.0,0.0576,-2.21,18.267
Car B,1013,67.5333,3,107.243,3,-25.023,3.271,0.273,5.3325,-0.0031,4.1354,1.0,1.0,24.999,-18.267
Car A,1014,67.6,3,125.91,3,-7.751,-0.069,-0.069,5.9922,-0.0229,0.3034,1.0,-0.1014,1.434,18.309
Car B,1014,67.6,3,107.601,3,-24.836,2.966,0.273,5.3333,0.0125,4.2818,1.0,1.0,24.999,-18.309
Car A,1015,67.6667,3,126.309,3,-7.351,-0.068,-0.068,5.9898,-0.0368,-0.4615,1.0,0.0586,-2.53,18.351
Car B,1015,67.6667,3,107.958,3,-24.632,2.671,0.293,5.335,0.0262,4.398,1.0,1.0,24.999,-18.351
Car A,1016,67.7333,3,126.708,3,-6.952,-0.071,-0.071,5.9889,-0.0131,0.311,1.0,-0.0964,1.46,18.345
Car B,1016,67.7333,3,108.363,3,-24.411,2.389,0.282,5.3375,0.0371,4.4926,1.0,1.0,24.999,-18.345
Car A,1017,67.8,3,127.107,3,-6.553,-0.071,-0.071,5.9873,-0.0243,-0.4531,1.0,0.0649,-2.403,18.386
Car B,1017,67.8,3,108.722,3,-24.174,2.12,0.287,5.3406,0.0463,4.5675,1.0,1.0,24.999,-18.386
Car A,1018,67.8667,3,127.506,3,-6.154,-0.075,-0.075,5.9861,-0.0175,0.3255,1.0,-0.0953,1.617,18.379
Car B,1018,67.8667,3,109.127,3,-23.922,1.864,0.29,5.3442,0.0537,4.6288,1.0,1.0,24.999,-18.379
Car A,1019,67.9333,3,127.905,3,-5.755,-0.075,-0.075,5.9852,-0.0139,-0.4346,1.0,0.069,-2.375,18.419
Car B,1019,67.9333,3,109.487,3,-23.654,1.624,0.281,5.3482,0.0602,4.6773,1.0,1.0,24.999,-18.419
Car A,1020,68.0,3,128.304,3,-5.356,-0.079,-0.079,5.9843,-0.0129,0.3372,1.0,-0.1211,1.718,18.458
Car B,1020,68.0,3,109.846,3,-23.373,1.4,0.293,5.3525,0.0643,4.7177,1.0,1.0,24.999,-18.458
Car A,1021,68.0667,3,128.703,3,-4.957,-0.08,-0.08,5.9826,-0.026,-0.4254,1.0,0.0721,-3.02,18.451
Car B,1021,68.0667,3,110.252,3,-23.079,1.193,0.274,5.357,0.068,4.7502,1.0,1.0,24.999,-18.451
Car A,1022,68.1333,3,129.102,3,-4.558,-0.084,-0.084,5.9831,0.008,0.3386,1.0,-0.1082,1.794,18.49
Car B,1022,68.1333,3,110.612,3,-22.772,1.003,0.273,5.3617,0.0705,4.7758,1.0,1.0,24.999,-18.49
Car A,1023,68.2,3,129.501,3,-4.16,-0.086,-0.086,5.9814,-0.0254,-0.4184,1.0,0.0749,-2.698,18.484
Car B,1023,68.2,3,111.016,3,-22.455,0.832,0.268,5.3666,0.073,4.7969,1.0,1.0,24.999,-18.484
Car A,1024,68.2667,3,129.899,3,-3.761,-0.09,-0.09,5.9809,-0.0074,0.3434,1.0,-0.1043,1.866,18.522
Car B,1024,68.2667,3,111.377,3,-22.127,0.68,0.253,5.3715,0.0735,4.8137,1.0,1.0,24.999,-18.522
Car A,1025,68.3333,3,130.298,3,-3.362,-0.092,-0.092,5.98,-0.0134,-0.4075,1.0,0.0739,-2.599,18.56
Car B,1025,68.3333,3,111.738,3,-21.791,0.548,0.259,5.3764,0.0743,4.8277,1.0,1.0,24.999,-18.56
Car A,1026,68.4,3,130.697,3,-2.964,-0.097,-0.097,5.98,-0.0005,0.3516,1.0,-0.1046,1.841,18.557
Car B,1026,68.4,3,112.14,3,-21.447,0.436,0.233,5.3814,0.0747,4.8382,1.0,1.0,24.999,-18.557
Car A,1027,68.4667,3,131.095,3,-2.565,-0.099,-0.099,5.9789,-0.0169,-0.4065,1.0,0.076,-2.607,18.593
Car B,1027,68.4667,3,112.502,3,-21.097,0.344,0.226,5.3864,0.0741,4.8472,1.0,1.0,24.999,-18.593
Car A,1028,68.5333,3,131.494,3,-2.167,-0.104,-0.104,5.9785,-0.0052,0.3516,1.0,-0.1054,1.894,18.594
Car B,1028,68.5333,3,112.9,3,-20.741,0.274,0.215,5.3913,0.0739,4.8543,1.0,1.0,24.999,-18.594
Car A,1029,68.6,3,131.892,3,-1.768,-0.107,-0.107,5.9778,-0.0102,-0.4036,1.0,0.0771,-2.627,18.63
Car B,1029,68.6,3,113.262,3,-20.382,0.225,0.194,5.3962,0.0737,4.8593,1.0,1.0,24.999,-18.63
Car A,1030,68.6667,3,132.291,3,-1.37,-0.112,-0.112,5.9775,-0.0057,0.3561,1.0,-0.1237,1.921,18.666
Car B,1030,68.6667,3,113.625,3,-20.02,0.198,0.195,5.401,0.0717,4.8639,1.0,0.8799,24.999,-18.666
Car A,1031,68.7333,3,132.689,3,-0.971,-0.115,-0.115,5.9766,-0.0128,-0.413,1.0,0.0752,-3.084,18.685
Car B,1031,68.7333,3,114.004,3,-19.656,0.192,0.192,5.4094,0.1269,4.8437,1.0,0.8881,22.001,-18.685
Car A,1032,68.8,3,133.087,3,-0.573,-0.121,-0.121,5.9766,0.0002,0.3468,1.0,-0.1362,1.873,18.72
Car B,1032,68.8,3,114.367,3,-19.293,0.208,0.208,5.4164,0.1052,4.8453,1.0,-0.2641,22.201,-18.72
Car A,1033,68.8667,3,133.486,3,-0.175,-0.124,-0.124,5.9756,-0.0153,-0.4172,1.0,0.0627,-3.396,18.754
Car B,1033,68.8667,3,114.731,3,-18.929,0.235,0.235,5.4633,0.7035,3.3722,1.0,-0.3703,-6.559,-18.754
Car A,1034,68.9333,4,0.224,1,0.224,-0.131,-0.131,5.9769,0.019,0.342,1.0,-0.1701,1.558,18.787
Car B,1034,68.9333,3,115.097,3,-18.563,0.258,0.258,5.5032,0.598,1.2798,1.0,-1.0,-9.252,-18.787
Car A,1035,69.0,4,0.622,1,0.622,-0.135,-0.135,5.9747,-0.0328,-0.4588,1.0,0.0537,-4.244,18.818
Car B,1035,69.0,3,115.464,3,-18.196,0.27,0.27,5.508,0.0725,-0.0953,1.0,-0.8898,-24.975,-18.818
Car A,1036,69.0667,4,1.02,1,1.02,-0.143,-0.143,5.9767,0.0307,0.3117,1.0,-0.1637,1.333,18.849
Car B,1036,69.0667,3,115.831,3,-17.829,0.268,0.268,5.5063,-0.0269,-1.056,1.0,-0.4332,-22.249,-18.849
Car A,1037,69.1333,4,1.418,1,1.418,-0.149,-0.149,5.9746,-0.0325,-0.5127,1.0,0.0627,-4.085,18.88
Car B,1037,69.1333,3,116.198,3,-17.462,0.253,0.253,5.5057,-0.0082,-1.8247,0.9516,-0.2001,-10.847,-18.88
Car A,1038,69.2,4,1.817,1,1.817,-0.158,-0.158,5.9763,0.0263,0.2748,1.0,-0.1587,1.56,18.91
Car B,1038,69.2,3,116.567,3,-17.094,0.228,0.228,5.5671,0.9212,-1.5651,0.9215,-0.1838,-5.012,-18.91
Car A,1039,69.2667,4,2.215,1,2.215,-0.165,-0.165,5.9737,-0.039,-0.4778,1.0,0.0498,-3.96,18.938
Car B,1039,69.2667,3,116.938,3,-16.723,0.199,0.199,5.5991,0.4798,-1.5184,0.9095,-0.1485,-4.595,-18.938
Car A,1040,69.3333,4,2.613,1,2.613,-0.175,-0.175,5.9761,0.0356,0.2952,1.0,-0.1536,1.236,18.965
Car B,1040,69.3333,3,117.308,3,-16.352,0.165,0.165,5.5701,-0.4348,-1.2004,0.8986,0.071,-3.706,-18.965
Car A,1041,69.4,4,3.011,1,3.011,-0.183,-0.183,5.9745,-0.023,-0.5071,1.0,0.067,-3.831,18.993
Car B,1041,69.4,3,117.678,3,-15.982,0.134,0.134,5.5675,-0.0393,-0.0883,0.9625,0.2237,1.766,-18.993
Car A,1042,69.4667,4,3.409,1,3.409,-0.195,-0.195,5.975,0.0064,0.2763,1.0,-0.1421,1.666,19.02
Car B,1042,69.4667,3,118.049,3,-15.611,0.114,0.114,5.5724,0.0734,0.9072,0.9567,0.1399,5.587,-19.02
Car A,1043,69.5333,4,3.808,1,3.808,-0.204,-0.204,5.9736,-0.0199,-0.4553,1.0,0.057,-3.543,19.045
Car B,1043,69.5333,3,118.423,3,-15.238,0.104,0.104,5.6164,0.6606,1.2724,0.9703,-0.0911,3.498,-19.045
Car A,1044,69.6,4,4.206,1,4.206,-0.216,-0.216,5.9754,0.0259,0.3131,1.0,-0.1547,1.416,19.068
Car B,1044,69.6,3,118.797,3,-14.863,0.094,0.094,5.6278,0.1702,0.0538,0.9279,0.0118,-2.267,-19.068
Car A,1045,69.6667,4,4.604,1,4.604,-0.226,-0.226,5.9735,-0.0283,-0.5019,1.0,0.0696,-3.858,19.093
Car B,1045,69.6667,3,119.171,3,-14.489,0.078,0.078,5.5897,-0.5714,0.1505,0.9321,0.0342,0.277,-19.093
Car A,1046,69.7333,4,5.002,1,5.002,-0.24,-0.24,5.9746,0.0172,0.2827,1.0,-0.1372,1.732,19.118
Car B,1046,69.7333,3,119.544,3,-14.116,0.064,0.064,5.5956,0.0887,0.305,0.9441,0.0325,0.858,-19.118
Car A,1047,69.8,4,5.4,1,5.4,-0.251,-0.251,5.9728,-0.028,-0.4505,1.0,0.0601,-3.422,19.141
Car B,1047,69.8,3,119.919,3,-13.741,0.052,0.052,5.6442,0.7295,0.1529,0.9449,0.0311,0.794,-19.141
Car A,1048,69.8667,4,5.798,1,5.798,-0.265,-0.265,5.9741,0.0207,0.3186,1.0,-0.1538,1.495,19.162
Car B,1048,69.8667,3,120.296,3,-13.365,0.04,0.04,5.6553,0.1668,0.1402,0.9487,0.0328,0.759,-19.162
Car A,1049,69.9333,4,6.196,1,6.196,-0.276,-0.276,5.9724,-0.0256,-0.467,1.0,0.0629,-3.837,19.183
Car B,1049,69.9333,3,120.673,3,-12.987,0.03,0.03,5.6669,0.1735,0.2231,0.9618,0.0279,0.79,-19.183
Car A,1050,70.0,4,6.594,1,6.594,-0.292,-0.292,5.9742,0.0258,0.3068,1.0,-0.1657,1.563,19.2
Car B,1050,70.0,3,121.054,3,-12.606,0.02,0.02,5.7453,1.1753,0.1899,0.9739,0.0225,0.678,-19.2
Car A,1051,70.0667,4,6.991,1,6.992,-0.304,-0.304,5.9717,-0.0366,-0.4621,1.0,0.0446,-4.134,19.211
Car B,1051,70.0667,3,121.441,3,-12.22,0.01,0.01,5.8253,1.1999,0.0814,0.982,0.0235,0.549,-19.211
Car A,1052,70.1333,4,7.389,1,7.389,-0.32,-0.32,5.9744,0.0406,0.3056,1.0,-0.1866,1.108,19.218
Car B,1052,70.1333,3,121.831,3,-11.829,0.001,0.001,5.8751,0.7478,0.1376,1.0,0.0211,0.568,-19.218
Car A,1053,70.2,4,7.787,1,7.787,-0.335,-0.335,5.9736,-0.012,-0.5634,1.0,0.051,-4.657,19.221
Car B,1053,70.2,3,122.227,3,-11.433,-0.008,-0.008,5.9823,1.6078,0.2898,1.0,0.0141,0.528,-19.221
Car A,1054,70.2667,4,8.185,1,8.185,-0.354,-0.354,5.9757,0.0308,0.2314,1.0,-0.189,1.266,19.219
Car B,1054,70.2667,3,122.626,3,-11.034,-0.016,-0.016,5.9873,0.0754,0.0706,1.0,0.0221,0.352,-19.219
Car A,1055,70.3333,4,8.583,1,8.583,-0.37,-0.37,5.9729,-0.0418,-0.5283,1.0,0.0567,-4.716,19.218
Car B,1055,70.3333,3,123.025,3,-10.635,-0.023,-0.023,5.9845,-0.0424,0.1365,1.0,0.0179,0.527,-19.218
Car A,1056,70.4,4,8.981,1,8.981,-0.39,-0.39,5.975,0.0315,0.2597,1.0,-0.1894,1.407,19.217
Car B,1056,70.4,3,123.424,3,-10.236,-0.029,-0.029,5.9885,0.0605,0.119,1.0,0.0182,0.438,-19.217
Car A,1057,70.4667,4,9.379,1,9.379,-0.407,-0.407,5.9723,-0.041,-0.5289,1.0,0.0608,-4.726,19.215
Car B,1057,70.4667,3,123.824,3,-9.837,-0.036,-0.036,5.9931,0.0691,0.0898,1.0,0.0204,0.444,-19.215
Car A,1058,70.5333,4,9.776,1,9.776,-0.429,-0.429,5.974,0.0261,0.2588,1.0,-0.1832,1.511,19.213
Car B,1058,70.5333,3,124.223,3,-9.437,-0.042,-0.042,5.9955,0.036,0.0845,1.0,0.0222,0.496,-19.213
Car A,1059,70.6,4,10.174,1,10.174,-0.447,-0.447,5.9717,-0.0339,-0.4909,1.0,0.0566,-4.57,19.211
Car B,1059,70.6,3,124.623,3,-9.037,-0.048,-0.048,5.9946,-0.0146,0.0975,1.0,0.0227,0.541,-19.211
Car A,1060,70.6667,4,10.571,1,10.571,-0.469,-0.469,5.9735,0.0266,0.2956,1.0,-0.1872,1.406,19.209
Car B,1060,70.6667,3,125.023,3,-8.638,-0.054,-0.054,5.9925,-0.0316,0.1073,1.0,0.022,0.552,-19.209
Car A,1061,70.7333,4,10.969,1,10.969,-0.489,-0.489,5.9714,-0.0319,-0.4906,1.0,0.0517,-4.67,19.207
Car B,1061,70.7333,3,125.422,3,-8.238,-0.059,-0.059,5.9907,-0.0258,0.1113,1.0,0.0206,0.538,-19.207
Car A,1062,70.8,4,11.366,1,11.366,-0.513,-0.513,5.9736,0.0337,0.2889,1.0,-0.1716,1.282,19.206
Car B,1062,70.8,3,125.821,3,-7.839,-0.063,-0.063,5.9902,-0.0078,0.1077,1.0,0.0187,0.503,-19.206
Car A,1063,70.8667,4,11.764,1,11.764,-0.534,-0.534,5.9713,-0.0352,-0.5083,1.0,0.0426,-4.28,19.204
Car B,1063,70.8667,3,126.221,3,-7.44,-0.067,-0.067,5.9898,-0.0066,0.1129,1.0,0.0156,0.457,-19.204
Car A,1064,70.9333,4,12.161,1,12.161,-0.559,-0.559,5.9746,0.0498,0.2794,1.0,-0.1515,1.056,19.202
Car B,1064,70.9333,3,126.62,3,-7.04,-0.07,-0.07,5.9899,0.0015,0.1097,1.0,0.0116,0.382,-19.202
Car A,1065,71.0,4,12.559,1,12.559,-0.582,-0.582,5.9734,-0.018,-0.571,1.0,0.0322,-3.78,19.2
Car B,1065,71.0,3,127.019,3,-6.641,-0.072,-0.072,6.0027,0.1929,0.0594,1.0,0.0083,0.287,-19.2
Car A,1066,71.0667,4,12.956,1,12.956,-0.609,-0.609,5.977,0.0543,0.2204,1.0,-0.1136,0.799,19.197
Car B,1066,71.0667,3,127.42,3,-6.24,-0.074,-0.074,6.001,-0.0267,0.0322,1.0,0.0029,0.205,-19.197
Car A,1067,71.1333,4,13.354,1,13.354,-0.635,-0.635,5.9761,-0.0139,-0.6258,1.0,0.0201,-2.833,19.195
Car B,1067,71.1333,3,127.82,3,-5.841,-0.077,-0.077,5.9961,-0.0722,0.0268,1.0,-0.0065,0.078,-19.195
Car A,1068,71.2,4,13.751,1,13.751,-0.665,-0.665,5.9821,0.0897,0.1691,1.0,-0.0858,0.496,19.192
Car B,1068,71.2,3,128.22,3,-5.44,-0.079,-0.079,5.9988,0.0397,0.0601,1.0,-0.0204,-0.149,-19.192
Car A,1069,71.2667,4,14.149,1,14.149,-0.694,-0.694,5.9806,-0.0223,-0.694,1.0,0.0118,-2.141,19.189
Car B,1069,71.2667,3,128.62,3,-5.04,-0.084,-0.084,5.9944,-0.066,-0.1984,1.0,0.0062,-0.499,-19.189
Car A,1070,71.3333,4,14.546,1,14.547,-0.726,-0.726,5.9929,0.1846,0.1192,1.0,-0.0715,0.288,19.187
Car B,1070,71.3333,3,129.02,3,-4.64,-0.087,-0.087,5.9998,0.0811,0.059,1.0,-0.0434,0.147,-19.187
Car A,1071,71.4,4,14.945,1,14.945,-0.758,-0.758,5.9876,-0.0792,-0.6624,1.0,0.0145,-1.783,19.185
Car B,1071,71.4,3,129.42,3,-4.24,-0.093,-0.093,5.9837,-0.2412,-0.4572,0.9976,0.0602,-1.08,-19.185
Car A,1072,71.4667,4,15.343,1,15.343,-0.791,-0.791,5.9967,0.1359,0.1469,1.0,-0.0794,0.348,19.184
Car B,1072,71.4667,3,129.819,3,-3.841,-0.097,-0.097,5.9829,-0.0114,0.5513,1.0,-0.0698,1.501,-19.184
Car A,1073,71.5333,4,15.741,1,15.741,-0.826,-0.826,5.9928,-0.0585,-0.7064,1.0,0.1657,-1.981,19.183
Car B,1073,71.5333,3,130.218,3,-3.442,-0.099,-0.099,5.9837,0.011,-0.392,1.0,0.0725,-1.74,-19.183
Car A,1074,71.6,4,16.139,1,16.139,-0.862,-0.862,5.9934,0.0092,0.3097,1.0,-0.0106,4.133,19.183
Car B,1074,71.6,3,130.617,3,-3.044,-0.104,-0.104,5.9823,-0.0214,0.3897,1.0,0.0785,1.806,-19.183
Car A,1075,71.6667,4,16.537,1,16.537,-0.893,-0.893,6.0029,0.1428,-0.1326,1.0,0.1979,-0.253,19.182
Car B,1075,71.6667,3,131.016,3,-2.645,-0.1,-0.1,5.9725,-0.1457,0.7749,1.0,-0.0338,1.96,-19.182
Car A,1076,71.7333,4,16.936,1,16.936,-0.922,-0.922,6.0007,-0.0328,0.8656,1.0,0.1937,4.938,19.183
Car B,1076,71.7333,3,131.414,3,-2.246,-0.097,-0.097,5.9768,0.0637,-0.2318,1.0,0.0975,-0.841,-19.183
Car A,1077,71.8,4,17.336,1,17.336,-0.937,-0.937,5.996,-0.0711,1.6818,1.0,-0.1913,4.843,19.184
Car B,1077,71.8,3,131.812,3,-1.848,-0.095,-0.095,5.9766,-0.0031,0.5825,1.0,-0.0273,2.431,-19.184
Car A,1078,71.8667,4,17.736,1,17.736,-0.948,-0.948,5.9986,0.0397,0.4881,1.0,-0.1,-4.766,19.185
Car B,1078,71.8667,3,132.211,3,-1.449,-0.09,-0.09,5.9801,0.0523,-0.2249,1.0,0.0551,-0.678,-19.185
Car A,1079,71.9333,4,18.135,1,18.135,-0.971,-0.971,5.998,-0.0093,-0.6821,1.0,1.0,-2.504,19.186
Car B,1079,71.9333,3,132.61,3,-1.051,-0.086,-0.086,5.9834,0.0505,0.5217,1.0,-0.0689,1.373,-19.186
Car A,1080,72.0,4,18.534,1,18.534,-0.994,-0.994,5.9948,-0.0477,0.1446,1.0,1.0,24.959,19.186
Car B,1080,72.0,3,133.009,3,-0.652,-0.082,-0.082,5.9844,0.0146,-0.4189,1.0,0.1057,-1.717,-19.186
Car A,1081,72.0667,4,18.933,1,18.933,-1.007,-1.007,5.9794,-0.2319,1.346,1.0,1.0,25.0,19.186
Car B,1081,72.0667,3,133.407,3,-0.253,-0.08,-0.08,5.9823,-0.0322,0.3927,1.0,-0.0234,2.636,-19.186
Car A,1082,72.1333,4,19.331,1,19.331,-1.004,-1.004,5.9655,-0.2082,2.1277,1.0,1.0,25.0,19.185
Car B,1082,72.1333,4,0.146,1,0.146,-0.075,-0.075,5.99,0.1168,-0.2321,1.0,0.039,-0.576,-19.185
Car A,1083,72.2,4,19.728,1,19.728,-0.985,-0.985,5.9518,-0.2045,2.7365,1.0,1.0,25.0,19.183
Car B,1083,72.2,4,0.545,1,0.546,-0.07,-0.07,6.0012,0.1678,0.3837,1.0,-0.1173,0.973,-19.183
Car A,1084,72.2667,4,20.049,1,20.124,-0.949,-0.955,5.9394,-0.1866,3.2076,1.0,1.0,25.0,19.103
Car B,1084,72.2667,4,0.946,1,0.946,-0.066,-0.066,6.0019,0.0097,-0.5239,1.0,-0.0182,-2.925,-19.103
Car A,1085,72.3333,4,20.445,1,20.517,-0.894,-0.932,5.9281,-0.169,3.574,1.0,1.0,25.0,19.099
Car B,1085,72.3333,4,1.346,1,1.346,-0.067,-0.067,6.0245,0.3397,-0.4038,1.0,-0.0169,-0.457,-19.099
Car A,1086,72.4,4,20.839,1,20.906,-0.821,-0.89,5.9182,-0.1483,3.8572,1.0,1.0,25.0,19.092
Car B,1086,72.4,4,1.747,1,1.747,-0.067,-0.067,6.0108,-0.2061,-0.0886,1.0,-0.0891,-0.412,-19.092
Car A,1087,72.4667,4,21.097,1,21.291,-0.729,-0.863,5.9096,-0.1298,4.0743,1.0,1.0,25.0,18.949
Car B,1087,72.4667,4,2.148,1,2.148,-0.07,-0.07,6.0059,-0.0736,-0.8234,1.0,0.0029,-2.224,-18.949
Car A,1088,72.5333,4,21.492,1,21.671,-0.618,-0.844,5.9021,-0.1128,4.2425,1.0,1.0,25.0,18.944
Car B,1088,72.5333,4,2.548,1,2.548,-0.075,-0.075,6.0016,-0.064,0.0348,1.0,-0.0739,0.056,-18.944
Car A,1089,72.6,4,21.883,1,22.044,-0.488,-0.804,5.8954,-0.1,4.371,1.0,1.0,24.999,18.935
Car B,1089,72.6,4,2.948,1,2.948,-0.082,-0.082,6.0077,0.0905,-0.7076,1.0,0.0017,-1.844,-18.935
Car A,1090,72.6667,4,22.154,1,22.409,-0.338,-0.796,5.8895,-0.0884,4.4744,1.0,1.0,24.999,18.806
Car B,1090,72.6667,4,3.348,1,3.348,-0.09,-0.09,6.0021,-0.0834,0.0186,1.0,-0.0612,0.034,-18.806
Car A,1091,72.7333,4,22.548,1,22.766,-0.17,-0.777,5.8842,-0.0796,4.5545,1.0,1.0,24.999,18.799
Car B,1091,72.7333,4,3.748,1,3.748,-0.099,-0.099,6.0142,0.1816,-0.5998,1.0,0.0842,-1.527,-18.799
Car A,1092,72.8,4,22.824,1,23.113,0.017,-0.746,5.8795,-0.0712,4.6168,1.0,1.0,24.999,18.675
Car B,1092,72.8,4,4.149,1,4.149,-0.108,-0.108,6.0141,-0.0008,0.3796,1.0,-0.0014,2.099,-18.675
Car A,1093,72.8667,4,23.217,1,23.449,0.223,-0.747,5.8751,-0.0648,4.6677,1.0,1.0,24.999,18.667
Car B,1093,72.8667,4,4.55,1,4.55,-0.112,-0.112,6.0016,-0.1876,-0.0581,1.0,0.0384,-0.021,-18.667
Car A,1094,72.9333,4,23.611,1,23.773,0.446,-0.726,5.8711,-0.06,4.7081,1.0,1.0,24.999,18.66
Car B,1094,72.9333,4,4.95,1,4.95,-0.116,-0.116,6.0242,0.3378,0.4052,1.0,-0.0091,0.95,-18.66
Car A,1095,73.0,4,23.892,1,24.085,0.686,-0.712,5.8674,-0.0559,4.7396,1.0,1.0,24.999,18.54
Car B,1095,73.0,4,5.352,1,5.352,-0.12,-0.12,6.008,-0.2427,-0.0399,1.0,0.0327,-0.222,-18.54
Car A,1096,73.0667,4,24.285,1,24.383,0.943,-0.711,5.8639,-0.0523,4.7629,1.0,1.0,24.999,18.534
Car B,1096,73.0667,4,5.752,1,5.752,-0.123,-0.123,5.9851,-0.343,0.2051,1.0,0.0151,0.802,-18.534
Car A,1097,73.1333,4,24.678,1,24.667,1.215,-0.688,5.8607,-0.0485,4.7839,1.0,1.0,24.999,18.527
Car B,1097,73.1333,4,6.151,1,6.151,-0.125,-0.125,6.0,0.2228,0.1501,1.0,0.0211,0.372,-18.527
Car A,1098,73.2,4,24.963,1,24.934,1.502,-0.692,5.8575,-0.0471,4.7991,1.0,1.0,24.999,18.412
Car B,1098,73.2,4,6.551,1,6.551,-0.126,-0.126,6.0043,0.0659,0.2196,1.0,0.0122,0.522,-18.412
Car A,1099,73.2667,4,25.356,1,25.186,1.804,-0.687,5.8546,-0.0445,4.8115,1.0,1.0,24.999,18.405
Car B,1099,73.2667,4,6.951,1,6.951,-0.127,-0.127,5.9894,-0.2244,0.0736,1.0,0.0168,0.304,-18.405
Car A,1100,73.3333,4,25.649,1,25.421,2.119,-0.668,5.8517,-0.0426,4.8212,1.0,1.0,24.999,18.299
Car B,1100,73.3333,4,7.35,1,7.35,-0.127,-0.127,5.9949,0.0824,0.0087,1.0,0.0248,0.399,-18.299
Car A,1101,73.4,4,26.035,1,25.637,2.446,-0.682,5.849,-0.0416,4.8282,1.0,1.0,24.999,18.286
Car B,1101,73.4,4,7.749,1,7.749,-0.127,-0.127,5.9841,-0.1623,0.1642,1.0,0.0041,0.597,-18.286
Car A,1102,73.4667,4,26.427,1,25.836,2.784,-0.674,5.8463,-0.0399,4.8342,1.0,1.0,24.999,18.278
Car B,1102,73.4667,4,8.149,1,8.149,-0.126,-0.126,5.9915,0.1118,0.0817,1.0,0.0089,0.108,-18.278
Car A,1103,73.5333,4,26.714,1,26.015,3.133,-0.673,5.8437,-0.0389,4.8393,1.0,1.0,24.999,18.166
Car B,1103,73.5333,4,8.548,1,8.548,-0.126,-0.126,6.0019,0.1554,0.0281,1.0,0.0141,0.213,-18.166
Car A,1104,73.6,4,27.106,1,26.174,3.491,-0.683,5.8412,-0.038,4.8427,1.0,1.0,24.999,18.158
Car B,1104,73.6,4,8.948,1,8.948,-0.126,-0.126,6.0005,-0.0207,-0.0172,1.0,0.0102,0.339,-18.158
Car A,1105,73.6667,4,27.498,1,26.314,3.857,-0.672,5.8387,-0.0372,4.8449,1.0,1.0,24.999,18.149
Car B,1105,73.6667,4,9.348,1,9.348,-0.124,-0.124,6.001,0.0075,0.1493,1.0,-0.0002,0.254,-18.149
Car A,1106,73.7333,4,27.783,1,26.433,4.23,-0.687,5.8363,-0.0361,4.848,1.0,1.0,24.999,18.035
Car B,1106,73.7333,4,9.748,1,9.748,-0.123,-0.123,6.0101,0.136,0.0902,1.0,-0.0045,0.001,-18.035
Car A,1107,73.8,4,28.175,1,26.531,4.609,-0.693,5.8339,-0.0357,4.8497,1.0,0.9201,24.999,18.026
Car B,1107,73.8,4,10.149,1,10.149,-0.122,-0.122,6.0065,-0.0537,0.0778,1.0,-0.0097,-0.104,-18.026
Car A,1108,73.8667,4,28.474,1,26.607,4.993,-0.685,5.8324,-0.0223,4.8431,1.0,0.3212,23.006,17.925
Car B,1108,73.8667,4,10.549,1,10.549,-0.122,-0.122,5.9971,-0.1407,-0.0466,1.0,0.0041,-0.236,-17.925
Car A,1109,73.9333,4,28.849,1,26.671,5.38,-0.718,5.8794,0.7053,3.0613,1.0,0.0462,8.052,17.9
Car B,1109,73.9333,4,10.949,1,10.949,-0.121,-0.121,6.0046,0.1129,0.0081,1.0,-0.0101,0.095,-17.9
Car A,1110,74.0,4,29.241,1,26.739,5.767,-0.755,5.9067,0.4087,1.3519,1.0,0.113,1.165,17.892
Car B,1110,74.0,4,11.349,1,11.349,-0.122,-0.122,6.0065,0.0285,-0.0368,1.0,-0.0244,-0.248,-17.892
Car A,1111,74.0667,4,29.571,1,26.812,6.156,-0.812,5.9513,0.6699,1.0568,1.0,0.1727,2.822,17.821
Car B,1111,74.0667,4,11.749,1,11.749,-0.124,-0.124,6.0044,-0.0319,-0.2419,1.0,-0.0301,-0.599,-17.821
Car A,1112,74.1333,4,29.962,1,26.877,6.547,-0.877,5.9616,0.154,1.5831,1.0,0.1357,4.315,17.813
Car B,1112,74.1333,4,12.149,1,12.149,-0.129,-0.129,6.0166,0.1829,-0.3176,1.0,-0.0409,-0.74,-17.813
Car A,1113,74.2,4,30.356,1,26.936,6.941,-0.936,5.9709,0.1391,1.3559,1.0,0.1334,3.394,17.807
Car B,1113,74.2,4,12.549,1,12.549,-0.136,-0.136,6.0021,-0.2179,-0.3841,1.0,0.0512,-1.02,-17.807
Car A,1114,74.2667,4,30.752,1,26.99,7.337,-0.99,6.0111,0.6032,1.2672,1.0,0.1412,3.336,17.803
Car B,1114,74.2667,4,12.949,1,12.949,-0.139,-0.139,6.0006,-0.0223,0.4701,1.0,0.0283,1.275,-17.803
Car A,1115,74.3333,4,31.15,1,27.038,7.735,-1.038,6.0223,0.1682,1.3471,1.0,0.1337,3.529,17.8
Car B,1115,74.3333,4,13.349,1,13.349,-0.139,-0.139,5.9949,-0.0855,0.282,1.0,0.0804,0.703,-17.8
Car A,1116,74.4,4,31.548,1,27.081,8.133,-1.081,6.0153,-0.1046,1.2741,1.0,0.1314,3.342,17.799
Car B,1116,74.4,4,13.749,1,13.749,-0.135,-0.135,6.0032,0.1246,0.7753,1.0,-0.0542,2.007,-17.799
Car A,1117,74.4667,4,31.948,1,27.118,8.533,-1.118,6.0103,-0.0752,1.2928,1.0,0.124,3.285,17.799
Car B,1117,74.4667,4,14.149,1,14.149,-0.131,-0.131,6.0034,0.0022,-0.2371,1.0,0.0976,-1.349,-17.799
Car A,1118,74.5333,4,32.348,1,27.15,8.933,-1.15,6.0442,0.5081,1.2111,1.0,0.1323,3.1,17.799
Car B,1118,74.5333,4,14.549,1,14.549,-0.13,-0.13,5.9999,-0.0526,0.4921,1.0,-0.0028,2.434,-17.799
Car A,1119,74.6,4,32.749,1,27.177,9.334,-1.177,6.0409,-0.0489,1.2831,1.0,0.1369,3.307,17.8
Car B,1119,74.6,4,14.949,1,14.949,-0.125,-0.125,5.9997,-0.0017,-0.0314,1.0,0.0553,-0.059,-17.8
Car A,1120,74.6667,4,33.151,1,27.197,9.736,-1.197,6.0238,-0.2569,1.3632,1.0,0.1124,3.422,17.802
Car B,1120,74.6667,4,15.349,1,15.349,-0.118,-0.118,5.9784,-0.3208,0.5684,1.0,0.0768,1.377,-17.802
Car A,1121,74.7333,4,33.555,1,27.213,10.14,-1.213,6.078,0.8134,1.1283,1.0,0.2401,2.804,17.808
Car B,1121,74.7333,4,15.747,1,15.747,-0.106,-0.106,5.9483,-0.4512,0.6245,1.0,-0.0461,1.897,-17.808
Car A,1122,74.8,4,33.96,1,27.222,10.545,-1.222,6.0676,-0.1558,1.7621,1.0,0.0626,5.997,17.817
Car B,1122,74.8,4,16.143,1,16.143,-0.096,-0.096,5.9514,0.0473,-0.2734,1.0,0.6785,-1.148,-17.817
Car A,1123,74.8667,4,34.364,1,27.224,10.949,-1.224,6.056,-0.1745,0.6333,1.0,0.3443,1.571,17.824
Car B,1123,74.8667,4,16.54,1,16.54,-0.086,-0.086,5.954,0.0388,0.3028,1.0,0.4903,16.936,-17.824
Car A,1124,74.9333,4,34.768,1,27.226,11.353,-1.226,6.0503,-0.0857,1.3946,1.0,0.0472,8.596,17.832
Car B,1124,74.9333,4,16.936,1,16.936,-0.063,-0.063,5.9428,-0.1683,1.5383,1.0,0.8013,12.264,-17.832
Car A,1125,75.0,4,35.171,1,27.222,11.756,-1.222,6.038,-0.1846,0.4593,1.0,0.2535,1.191,17.841
Car B,1125,75.0,4,17.33,1,17.33,-0.026,-0.026,5.9321,-0.1611,2.2708,0.6954,-0.4706,20.02,-17.841
Car A,1126,75.0667,4,35.574,1,27.216,12.159,-1.216,6.0323,-0.0849,1.2437,1.0,0.7754,6.329,17.852
Car B,1126,75.0667,4,17.722,1,17.722,0.017,0.017,5.911,-0.3154,1.283,0.5146,-0.857,-11.718,-17.852
Car A,1127,75.1333,4,35.975,1,27.196,12.56,-1.196,6.0194,-0.1944,2.0608,1.0,0.735,19.365,17.865
Car B,1127,75.1333,4,18.11,1,18.11,0.052,0.052,5.8094,-1.5243,-0.2296,1.0,-0.0666,-21.411,-17.865
Car A,1128,75.2,4,36.375,1,27.161,12.96,-1.161,6.0089,-0.1576,2.6769,1.0,1.0,18.375,17.878
Car B,1128,75.2,4,18.497,1,18.497,0.082,0.082,5.8319,0.3376,0.0961,0.9528,-0.2762,-1.696,-17.878
Car A,1129,75.2667,4,36.772,1,27.108,13.357,-1.108,5.9959,-0.1948,3.1683,1.0,0.891,24.989,17.888
Car B,1129,75.2667,4,18.884,1,18.884,0.105,0.105,5.8143,-0.2636,-1.1577,1.0,1.0,-6.896,-17.888
Car A,1130,75.3333,4,37.167,1,27.038,13.751,-1.038,5.9857,-0.1529,3.5395,1.0,0.7748,22.279,17.896
Car B,1130,75.3333,4,19.271,1,19.271,0.125,0.125,5.8051,-0.138,-0.2373,1.0,1.0,24.952,-17.896
Car A,1131,75.4,4,37.482,1,26.949,14.142,-0.957,5.9778,-0.1188,3.8135,1.0,0.6888,19.374,17.825
Car B,1131,75.4,4,19.656,1,19.657,0.154,0.154,5.7976,-0.1132,0.9764,1.0,1.0,24.999,-17.825
Car A,1132,75.4667,4,37.874,1,26.842,14.527,-0.881,5.9716,-0.0917,4.0259,1.0,0.5242,17.223,17.818
Car B,1132,75.4667,4,20.056,1,20.04,0.199,0.195,5.7866,-0.1644,1.8258,1.0,1.0,25.0,-17.818
Car A,1133,75.5333,4,38.262,1,26.716,14.906,-0.785,5.9715,-0.0028,4.1585,1.0,0.6977,13.111,17.822
Car B,1133,75.5333,4,20.44,1,20.421,0.258,0.224,5.7754,-0.1688,2.4791,1.0,0.9631,25.0,-17.822
Car A,1134,75.6,4,38.537,1,26.572,15.279,-0.707,5.9664,-0.0761,4.2981,1.0,0.609,17.435,17.714
Car B,1134,75.6,4,20.823,1,20.799,0.334,0.27,5.7653,-0.1517,2.9917,1.0,0.9163,24.078,-17.714
Car A,1135,75.6667,4,38.929,1,26.409,15.644,-0.634,5.964,-0.0355,4.3862,1.0,0.4159,15.227,17.677
Car B,1135,75.6667,4,21.252,1,21.173,0.427,0.289,5.7568,-0.1276,3.3924,1.0,1.0,22.909,-17.677
Car A,1136,75.7333,4,39.298,1,26.232,16.003,-0.546,6.0063,0.6348,3.77,1.0,1.0,10.403,17.662
Car B,1136,75.7333,4,21.636,1,21.542,0.538,0.311,5.7486,-0.1218,3.7133,1.0,1.0,24.996,-17.662
Car A,1137,75.8,4,39.634,1,26.041,16.356,-0.501,5.9954,-0.1644,3.926,1.0,1.0,24.976,17.562
Car B,1137,75.8,4,22.072,1,21.904,0.667,0.326,5.7417,-0.1035,3.9581,1.0,1.0,25.0,-17.562
Car A,1138,75.8667,4,40.03,1,25.833,16.698,-0.44,5.9857,-0.1447,4.1606,1.0,1.0,24.999,17.574
Car B,1138,75.8667,4,22.456,1,22.259,0.815,0.327,5.736,-0.0856,4.1493,1.0,1.0,25.0,-17.574
Car A,1139,75.9333,4,40.364,1,25.608,17.03,-0.383,5.9774,-0.1247,4.3099,1.0,1.0,25.0,17.47
Car B,1139,75.9333,4,22.894,1,22.605,0.981,0.34,5.7313,-0.0716,4.2979,1.0,1.0,24.999,-17.47
Car A,1140,76.0,4,40.762,1,25.366,17.349,-0.344,5.97,-0.1113,4.4265,1.0,1.0,24.999,17.484
Car B,1140,76.0,4,23.277,1,22.942,1.164,0.321,5.7273,-0.0591,4.4153,1.0,1.0,24.999,-17.484
Car A,1141,76.0667,4,41.157,1,25.109,17.655,-0.284,5.9633,-0.1001,4.5148,1.0,1.0,24.999,17.496
Car B,1141,76.0667,4,23.661,1,23.269,1.366,0.322,5.7241,-0.0482,4.5078,1.0,1.0,24.999,-17.496
Car A,1142,76.1333,4,41.512,1,24.836,17.946,-0.259,5.9572,-0.0918,4.5888,1.0,1.0,24.999,17.417
Car B,1142,76.1333,4,24.095,1,23.584,1.585,0.297,5.7214,-0.0405,4.5807,1.0,1.0,24.999,-17.417
Car A,1143,76.2,4,41.909,1,24.549,18.223,-0.22,5.9515,-0.0852,4.6461,1.0,1.0,24.999,17.431
Car B,1143,76.2,4,24.478,1,23.887,1.821,0.28,5.7191,-0.0339,4.6381,1.0,1.0,24.999,-17.431
Car A,1144,76.2667,4,42.276,1,24.247,18.484,-0.186,5.9462,-0.0793,4.6866,1.0,1.0,24.999,17.371
Car B,1144,76.2667,4,24.904,1,24.176,2.074,0.256,5.7173,-0.0275,4.6844,1.0,1.0,24.999,-17.371
Car A,1145,76.3333,4,42.674,1,23.932,18.728,-0.167,5.9413,-0.074,4.7224,1.0,1.0,24.999,17.387
Car B,1145,76.3333,4,25.286,1,24.45,2.342,0.222,5.7158,-0.0228,4.7214,1.0,1.0,24.999,-17.387
Car A,1146,76.4,4,43.064,1,23.605,18.955,-0.127,5.9366,-0.0703,4.7505,1.0,1.0,24.999,17.362
Car B,1146,76.4,4,25.702,1,24.709,2.624,0.203,5.7145,-0.0188,4.7518,1.0,1.0,24.999,-17.362
Car A,1147,76.4667,4,43.448,1,23.266,19.163,-0.127,5.9322,-0.0661,4.7724,1.0,1.0,24.999,17.366
Car B,1147,76.4667,4,26.082,1,24.952,2.921,0.151,5.7135,-0.0158,4.7758,1.0,1.0,24.999,-17.366
Car A,1148,76.5333,4,43.845,1,22.917,19.353,-0.107,5.9279,-0.0645,4.7899,1.0,1.0,24.999,17.381
Car B,1148,76.5333,4,26.464,1,25.177,3.231,0.12,5.7126,-0.0139,4.7938,1.0,1.0,24.999,-17.381
Car A,1149,76.6,4,44.227,1,22.558,19.523,-0.1,5.9239,-0.0608,4.8035,1.0,1.0,24.999,17.365
Car B,1149,76.6,4,26.862,1,25.385,3.553,0.07,5.7118,-0.0116,4.8081,1.0,1.0,24.999,-17.365
Car A,1150,76.6667,4,44.624,2,22.191,19.674,-0.099,5.9199,-0.0595,4.8128,1.0,1.0,24.999,17.382
Car B,1150,76.6667,4,27.242,1,25.575,3.886,0.022,5.7111,-0.01,4.8207,1.0,1.0,24.999,-17.382
Car A,1151,76.7333,4,45.007,2,21.816,19.804,-0.086,5.916,-0.0585,4.8227,1.0,1.0,24.999,17.384
Car B,1151,76.7333,4,27.623,1,25.745,4.23,-0.018,5.7105,-0.0088,4.8293,1.0,1.0,24.999,-17.384
Car A,1152,76.8,4,45.403,2,21.435,19.914,-0.104,5.9122,-0.0561,4.8276,1.0,0.5996,24.999,17.403
Car B,1152,76.8,4,28.0,1,25.896,4.582,-0.082,5.71,-0.0075,4.8375,1.0,1.0,24.999,-17.403
Car A,1153,76.8667,4,45.8,2,21.048,20.003,-0.101,5.9334,0.3173,4.7097,1.0,0.3984,15.004,17.419
Car B,1153,76.8667,4,28.381,1,26.026,4.943,-0.125,5.7095,-0.0073,4.842,1.0,1.0,24.999,-17.419
Car A,1154,76.9333,4,46.182,2,20.656,20.08,-0.131,5.9974,0.9598,3.6367,1.0,0.8999,9.967,17.445
Car B,1154,76.9333,4,28.737,1,26.136,5.31,-0.19,5.7091,-0.0063,4.8474,1.0,1.0,24.999,-17.445
Car A,1155,77.0,4,46.582,2,20.261,20.144,-0.164,5.9868,-0.1583,3.8385,1.0,0.6973,22.476,17.466
Car B,1155,77.0,4,29.116,1,26.225,5.682,-0.249,5.7087,-0.0058,4.8513,1.0,1.0,24.999,-17.466
Car A,1156,77.0667,4,46.967,2,19.863,20.189,-0.189,5.9808,-0.0911,4.0616,1.0,0.7999,17.44,17.493
Car B,1156,77.0667,4,29.475,1,26.292,6.059,-0.292,5.7084,-0.0055,4.853,1.0,1.0,24.999,-17.493
Car A,1157,77.1333,4,47.367,2,19.463,20.214,-0.214,5.9739,-0.1026,4.2294,1.0,0.5429,19.994,17.512
Car B,1157,77.1333,4,29.855,1,26.339,6.44,-0.339,5.708,-0.0051,4.8568,1.0,1.0,24.999,-17.512
Car A,1158,77.2,4,47.767,2,19.063,20.219,-0.219,5.9762,0.0342,4.31,1.0,0.2825,13.581,17.53
Car B,1158,77.2,4,30.237,1,26.363,6.822,-0.363,5.7077,-0.0051,4.8576,1.0,1.0,24.999,-17.53
Car A,1159,77.2667,4,48.168,2,18.662,20.213,-0.213,6.0289,0.7904,2.6611,1.0,-0.0946,7.07,17.547
Car B,1159,77.2667,4,30.62,1,26.366,7.205,-0.366,5.7074,-0.0048,4.859,1.0,1.0,24.999,-17.547
Car A,1160,77.3333,4,48.57,2,18.26,20.21,-0.21,6.0406,0.1759,1.1524,1.0,0.0957,-2.35,17.567
Car B,1160,77.3333,4,31.003,1,26.347,7.588,-0.347,5.7071,-0.0042,4.8598,1.0,1.0,24.999,-17.567
Car A,1161,77.4,4,48.973,2,17.857,20.21,-0.21,6.0629,0.3346,0.9749,1.0,0.0942,2.383,17.589
Car B,1161,77.4,4,31.384,1,26.306,7.969,-0.306,5.7068,-0.0046,4.8611,1.0,-0.0282,24.999,-17.589
Car A,1162,77.4667,4,49.375,2,17.455,20.207,-0.207,6.0295,-0.5012,0.9107,1.0,0.0881,2.355,17.612
Car B,1162,77.4667,4,31.764,1,26.253,8.349,-0.253,5.7479,0.6162,3.3648,1.0,-0.1532,-0.667,-17.612
Car A,1163,77.5333,4,49.777,2,17.053,20.2,-0.2,6.0115,-0.2708,0.8567,1.0,0.0676,2.201,17.631
Car B,1163,77.5333,4,32.146,1,26.205,8.731,-0.205,5.7802,0.485,1.1905,1.0,-0.1968,-3.825,-17.631
Car A,1164,77.6,4,50.177,2,16.653,20.191,-0.191,6.0221,0.1597,0.6579,1.0,0.0669,1.691,17.647
Car B,1164,77.6,4,32.53,1,26.168,9.115,-0.168,5.7895,0.1398,-0.1515,1.0,-0.1841,-4.918,-17.647
Car A,1165,77.6667,4,50.576,2,16.254,20.179,-0.179,5.9568,-0.98,0.6759,1.0,-0.0874,1.661,17.66
Car B,1165,77.6667,4,32.915,1,26.144,9.5,-0.144,5.7942,0.0704,-1.1235,1.0,-0.1111,-4.601,-17.66
Car A,1166,77.7333,4,50.973,2,15.857,20.171,-0.171,5.9587,0.028,-0.371,1.0,0.0863,-2.18,17.669
Car B,1166,77.7333,4,33.304,1,26.127,9.889,-0.127,5.8593,0.9767,-1.0703,1.0,-0.072,-2.762,-17.669
Car A,1167,77.8,4,51.37,2,15.46,20.165,-0.165,5.96,0.0205,0.3777,1.0,-0.0424,2.151,17.674
Car B,1167,77.8,4,33.696,1,26.111,10.281,-0.111,5.9167,0.8601,-0.718,1.0,-0.0439,-1.782,-17.674
Car A,1168,77.8667,4,51.768,2,15.063,20.157,-0.157,5.9668,0.102,-0.3605,1.0,0.0795,-1.055,17.675
Car B,1168,77.8667,4,34.092,1,26.095,10.677,-0.095,5.9609,0.6629,-0.3034,1.0,-0.0814,-1.081,-17.675
Car A,1169,77.9333,4,52.165,2,14.665,20.149,-0.149,5.969,0.0325,0.536,1.0,-0.2254,1.981,17.676
Car B,1169,77.9333,4,34.489,1,26.081,11.074,-0.081,5.9778,0.2536,-0.7726,0.8522,-0.0032,-2.033,-17.676
Car A,1170,78.0,4,52.563,2,14.267,20.139,-0.139,5.9667,-0.0347,-0.3573,1.0,0.0714,-5.623,17.681
Car B,1170,78.0,4,34.882,1,26.069,11.467,-0.069,5.8312,-2.1985,-0.0724,0.8861,-0.0925,-0.083,-17.681
Car A,1171,78.0667,4,52.961,2,13.869,20.133,-0.133,5.9686,0.0286,0.3702,1.0,-0.0652,1.773,17.695
Car B,1171,78.0667,4,35.266,1,26.058,11.851,-0.058,5.7317,-1.4925,-0.6971,1.0,1.0,-2.309,-17.695
Car A,1172,78.1333,4,53.358,2,13.472,20.123,-0.123,5.9696,0.0151,-0.3914,1.0,0.0667,-1.624,17.711
Car B,1172,78.1333,4,35.648,1,26.047,12.233,-0.047,5.7329,0.0178,0.1354,1.0,0.7782,24.959,-17.711
Car A,1173,78.2,4,53.756,2,13.074,20.116,-0.116,5.9694,-0.0029,0.4291,1.0,-0.1764,1.663,17.727
Car B,1173,78.2,4,36.029,1,26.025,12.614,-0.025,5.7277,-0.0781,1.2311,0.9748,-0.0135,19.463,-17.727
Car A,1174,78.2667,4,54.154,2,12.676,20.107,-0.107,5.9683,-0.0161,-0.418,1.0,0.0459,-4.4,17.744
Car B,1174,78.2667,4,36.41,1,25.997,12.995,0.003,5.7339,0.0935,0.6173,1.0,0.9773,-0.307,-17.744
Car A,1175,78.3333,4,54.552,2,12.278,20.102,-0.102,5.9715,0.0477,0.3219,1.0,-0.1739,1.138,17.762
Car B,1175,78.3333,4,36.79,1,25.968,13.375,0.032,5.7185,-0.2316,0.8602,1.0,0.4827,24.395,-17.762
Car A,1176,78.4,4,54.95,2,11.88,20.095,-0.095,5.9709,-0.0087,-0.5221,1.0,0.0471,-4.34,17.781
Car B,1176,78.4,4,37.169,1,25.926,13.754,0.074,5.7088,-0.1455,1.8741,1.0,0.9605,12.085,-17.781
Car A,1177,78.4667,4,55.348,2,11.482,20.091,-0.091,5.9733,0.0365,0.2603,1.0,-0.1546,1.168,17.793
Car B,1177,78.4667,4,37.555,1,25.869,14.131,0.12,5.6992,-0.1429,2.5286,1.0,1.0,23.995,-17.793
Car A,1178,78.5333,4,55.746,2,11.084,20.086,-0.086,5.9716,-0.0259,-0.5623,1.0,0.0504,-3.857,17.813
Car B,1178,78.5333,4,37.933,1,25.795,14.504,0.164,5.6901,-0.1375,3.0182,1.0,0.9122,24.998,-17.813
Car A,1179,78.6,4,56.144,2,10.686,20.085,-0.085,5.9738,0.033,0.2314,1.0,-0.1466,1.252,17.836
Car B,1179,78.6,4,38.309,1,25.704,14.873,0.226,5.6831,-0.1039,3.4029,1.0,0.8743,22.807,-17.836
Car A,1180,78.6667,4,56.543,2,10.288,20.081,-0.081,5.9717,-0.0312,-0.5238,1.0,0.051,-3.656,17.818
Car B,1180,78.6667,4,38.724,1,25.595,15.237,0.252,5.6774,-0.0866,3.7097,1.0,1.0,21.857,-17.818
Car A,1181,78.7333,4,56.941,2,9.889,20.08,-0.08,5.9741,0.035,0.2701,1.0,-0.1488,1.268,17.839
Car B,1181,78.7333,4,39.102,1,25.468,15.595,0.292,5.6715,-0.0881,3.9574,1.0,1.0,24.995,-17.839
Car A,1182,78.8,4,57.339,2,9.491,20.078,-0.078,5.9717,-0.036,-0.5366,1.0,0.0595,-3.711,17.809
Car B,1182,78.8,4,39.53,1,25.323,15.946,0.319,5.6668,-0.071,4.1518,1.0,1.0,24.999,-17.809
Car A,1183,78.8667,4,57.737,2,9.093,20.079,-0.079,5.9737,0.0309,0.2482,1.0,-0.0984,1.479,17.828
Car B,1183,78.8667,4,39.909,1,25.159,16.289,0.339,5.663,-0.0566,4.296,1.0,1.0,24.999,-17.828
Car A,1184,78.9333,4,58.135,2,8.695,20.077,-0.077,5.973,-0.0104,-0.4618,1.0,0.0622,-2.453,17.79
Car B,1184,78.9333,4,40.345,1,24.977,16.622,0.368,5.66,-0.0448,4.4121,1.0,1.0,24.999,-17.79
Car A,1185,79.0,4,58.533,2,8.297,20.079,-0.079,5.9735,0.0067,0.3098,1.0,-0.0981,1.547,17.809
Car B,1185,79.0,4,40.725,1,24.777,16.944,0.37,5.6577,-0.0343,4.5067,1.0,1.0,24.999,-17.809
Car A,1186,79.0667,4,58.931,2,7.899,20.078,-0.078,5.9725,-0.0146,-0.4405,1.0,0.0646,-2.447,17.828
Car B,1186,79.0667,4,41.104,1,24.56,17.256,0.392,5.656,-0.0254,4.5789,1.0,1.0,24.999,-17.828
Car A,1187,79.1333,4,59.33,2,7.501,20.08,-0.08,5.9739,0.0211,0.3228,1.0,-0.0724,1.609,17.785
Car B,1187,79.1333,4,41.545,1,24.326,17.554,0.384,5.6547,-0.0193,4.6387,1.0,1.0,24.999,-17.785
Car A,1188,79.2,4,59.728,2,7.102,20.08,-0.08,5.9733,-0.009,-0.4138,1.0,0.0691,-1.804,17.803
Car B,1188,79.2,4,41.924,1,24.076,17.839,0.389,5.6539,-0.0127,4.6836,1.0,1.0,24.999,-17.803
Car A,1189,79.2667,4,60.126,2,6.704,20.082,-0.082,5.9728,-0.0077,0.3813,1.0,-0.0791,1.722,17.76
Car B,1189,79.2667,4,42.366,1,23.81,18.11,0.382,5.6533,-0.0086,4.7214,1.0,1.0,24.999,-17.76
Car A,1190,79.3333,4,60.524,2,6.306,20.081,-0.081,5.9728,0.0005,-0.4053,1.0,0.0717,-1.971,17.779
Car B,1190,79.3333,4,42.745,1,23.529,18.365,0.371,5.653,-0.0042,4.7528,1.0,1.0,24.999,-17.779
Car A,1191,79.4,4,60.922,2,5.908,20.083,-0.083,5.9731,0.0045,0.3719,1.0,-0.0528,1.787,17.739
Car B,1191,79.4,4,43.183,1,23.234,18.604,0.366,5.6529,-0.0017,4.776,1.0,1.0,24.999,-17.739
Car A,1192,79.4667,4,61.32,2,5.51,20.082,-0.082,5.9743,0.018,-0.389,1.0,0.0742,-1.314,17.759
Car B,1192,79.4667,4,43.561,1,22.926,18.826,0.338,5.653,0.0004,4.7937,1.0,1.0,24.999,-17.759
Car A,1193,79.5333,4,61.719,2,5.112,20.083,-0.083,5.9746,0.0045,0.4491,1.0,-0.1003,1.85,17.778
Car B,1193,79.5333,4,43.941,1,22.606,19.03,0.331,5.6531,0.0023,4.8101,1.0,1.0,24.999,-17.778
Car A,1194,79.6,4,62.117,2,4.713,20.082,-0.082,5.9739,-0.0111,-0.3651,1.0,0.0717,-2.5,17.746
Car B,1194,79.6,4,44.37,1,22.275,19.215,0.293,5.6534,0.0038,4.8225,1.0,1.0,24.999,-17.746
Car A,1195,79.6667,4,62.515,2,4.315,20.084,-0.084,5.974,0.0023,0.3805,1.0,-0.0459,1.786,17.766
Car B,1195,79.6667,4,44.749,2,21.934,19.381,0.27,5.6537,0.0056,4.8311,1.0,1.0,24.999,-17.766
Car A,1196,79.7333,4,62.913,2,3.917,20.083,-0.083,5.9771,0.0453,-0.3883,1.0,0.0759,-1.142,17.745
Car B,1196,79.7333,4,45.169,2,21.583,19.528,0.237,5.6541,0.0058,4.8393,1.0,1.0,24.999,-17.745
Car A,1197,79.8,4,63.312,2,3.518,20.082,-0.082,5.9777,0.0098,0.5237,1.0,-0.1113,1.892,17.766
Car B,1197,79.8,4,45.546,2,21.226,19.654,0.197,5.6545,0.0064,4.8439,1.0,1.0,24.999,-17.766
Car A,1198,79.8667,4,63.71,2,3.12,20.08,-0.08,5.9763,-0.022,-0.3454,1.0,0.0683,-2.776,17.757
Car B,1198,79.8667,4,45.953,2,20.861,19.76,0.172,5.6549,0.0056,4.8497,1.0,1.0,24.999,-17.757
Car A,1199,79.9333,4,64.109,2,2.721,20.081,-0.081,5.9768,0.0089,0.3836,1.0,-0.0445,1.7,17.78
Car B,1199,79.9333,4,46.329,2,20.491,19.845,0.116,5.6555,0.0081,4.8532,1.0,1.0,24.999,-17.78
Car A,1200,80.0,4,64.507,2,2.323,20.079,-0.079,5.9786,0.0269,-0.3926,1.0,0.073,-1.107,17.8
Car B,1200,80.0,4,46.707,2,20.116,19.908,0.083,5.656,0.0079,4.8573,1.0,1.0,24.999,-17.8
Car A,1201,80.0667,4,64.906,2,1.924,20.078,-0.078,5.9794,0.0113,0.4897,1.0,-0.1044,1.819,17.815
Car B,1201,80.0667,4,47.091,2,19.739,19.95,0.05,5.6564,0.0062,4.8599,1.0,1.0,24.999,-17.815
Car A,1202,80.1333,4,65.304,2,1.526,20.075,-0.075,5.9782,-0.0181,-0.3609,1.0,0.063,-2.604,17.834
Car B,1202,80.1333,4,47.47,2,19.36,19.97,0.03,5.657,0.0084,4.8604,1.0,1.0,24.999,-17.834
Car A,1203,80.2,4,65.703,2,1.127,20.076,-0.076,5.979,0.0117,0.378,1.0,-0.0745,1.569,17.853
Car B,1203,80.2,4,47.85,2,18.98,19.969,0.031,5.6575,0.0076,4.8617,1.0,0.0472,24.999,-17.853
Car A,1204,80.2667,4,66.101,2,0.729,20.074,-0.074,5.9791,0.0019,-0.401,1.0,0.0635,-1.856,17.871
Car B,1204,80.2667,4,48.23,2,18.6,19.954,0.046,5.7001,0.6393,3.4074,1.0,-0.1605,1.215,-17.871
Car A,1205,80.3333,4,66.5,2,0.33,20.074,-0.074,5.9777,-0.0203,0.3634,1.0,-0.1107,1.582,17.887
Car B,1205,80.3333,4,48.613,2,18.218,19.945,0.055,5.7346,0.5176,1.2313,1.0,-0.1439,-4.006,-17.887
Car A,1206,80.4,4,66.898,2,-0.068,20.073,-0.073,5.9769,-0.0124,-0.4305,1.0,0.0638,-2.76,17.903
Car B,1206,80.4,4,48.995,2,17.835,19.948,0.052,5.7461,0.1719,-0.0974,1.0,-0.0529,-3.597,-17.903
Car A,1207,80.4667,4,67.297,2,-0.467,20.074,-0.074,5.977,0.001,0.3428,1.0,-0.1435,1.588,17.915
Car B,1207,80.4667,4,49.382,2,17.449,19.959,0.041,5.8461,1.501,-0.4772,1.0,-0.0101,-1.325,-17.915
Car A,1208,80.5333,4,67.695,2,-0.865,20.074,-0.074,5.9756,-0.0204,-0.4765,1.0,0.0644,-3.579,17.921
Car B,1208,80.5333,4,49.774,2,17.056,19.97,0.03,5.942,1.4382,-0.0839,1.0,-0.0067,-0.255,-17.921
Car A,1209,80.6,4,68.093,2,-1.263,20.076,-0.076,5.9777,0.0305,0.3082,1.0,-0.1581,1.602,17.92
Car B,1209,80.6,4,50.173,2,16.657,19.981,0.019,5.993,0.7643,-0.0244,1.0,0.0058,-0.166,-17.92
Car A,1210,80.6667,4,68.492,2,-1.662,20.077,-0.077,5.9742,-0.0511,-0.4671,1.0,0.0699,-3.944,17.919
Car B,1210,80.6667,4,50.573,2,16.257,19.99,0.01,6.0022,0.1385,0.0181,1.0,0.0134,0.138,-17.919
Car A,1211,80.7333,4,68.89,2,-2.06,20.08,-0.08,5.9764,0.0319,0.3047,1.0,-0.1073,1.738,17.917
Car B,1211,80.7333,4,50.973,2,15.858,19.999,0.001,6.0,-0.0329,-0.0716,1.0,0.021,0.322,-17.917
Car A,1212,80.8,4,69.288,2,-2.458,20.081,-0.081,5.9757,-0.0099,-0.4402,1.0,0.0758,-2.676,17.916
Car B,1212,80.8,4,51.372,2,15.458,20.007,-0.007,6.0049,0.0732,0.2258,1.0,0.0102,0.518,-17.916
Car A,1213,80.8667,4,69.687,2,-2.856,20.085,-0.085,5.9752,-0.0069,0.3344,1.0,-0.0874,1.889,17.914
Car B,1213,80.8667,4,51.773,2,15.058,20.014,-0.014,6.0045,-0.0058,0.0982,1.0,0.0161,0.252,-17.914
Car A,1214,80.9333,4,70.085,2,-3.255,20.086,-0.086,5.9752,-0.0013,-0.4092,1.0,0.0792,-2.178,17.913
Car B,1214,80.9333,4,52.172,2,14.658,20.021,-0.021,5.9974,-0.106,-0.0219,1.0,0.0213,0.388,-17.913
Car A,1215,81.0,4,70.483,2,-3.653,20.09,-0.09,5.9749,-0.0038,0.3536,1.0,-0.0614,1.973,17.911
Car B,1215,81.0,4,52.572,2,14.258,20.026,-0.026,5.9867,-0.1609,0.1759,1.0,0.0111,0.526,-17.911
Car A,1216,81.0667,4,70.881,2,-4.051,20.091,-0.091,5.9752,0.0041,-0.3868,1.0,0.081,-1.529,17.91
Car B,1216,81.0667,4,52.971,2,13.859,20.031,-0.031,5.9991,0.1864,0.1085,1.0,0.0144,0.276,-17.91
Car A,1217,81.1333,4,71.28,2,-4.449,20.094,-0.094,5.9744,-0.0119,0.4206,1.0,-0.0981,2.019,17.909
Car B,1217,81.1333,4,53.371,2,13.459,20.037,-0.037,6.0038,0.0697,0.0459,1.0,0.0207,0.345,-17.909
Car A,1218,81.2,4,71.678,2,-4.848,20.095,-0.095,5.9738,-0.0082,-0.3595,1.0,0.0796,-2.447,17.906
Car B,1218,81.2,4,53.772,2,13.059,20.041,-0.041,6.0147,0.164,0.1546,1.0,0.0175,0.502,-17.906
Car A,1219,81.2667,4,72.076,2,-5.246,20.098,-0.098,5.974,0.0025,0.3697,1.0,-0.0542,1.983,17.904
Car B,1219,81.2667,4,54.172,2,12.658,20.044,-0.044,5.9948,-0.298,0.1208,1.0,0.0133,0.429,-17.904
Car A,1220,81.3333,4,72.474,2,-5.644,20.099,-0.099,5.9754,0.0206,-0.3714,1.0,0.0826,-1.35,17.903
Car B,1220,81.3333,4,54.571,2,12.259,20.047,-0.047,5.9982,0.0512,0.1779,1.0,0.0096,0.327,-17.903
Car A,1221,81.4,4,72.873,2,-6.042,20.101,-0.101,5.975,-0.0052,0.4663,1.0,-0.1135,2.06,17.902
Car B,1221,81.4,4,54.971,2,11.859,20.049,-0.049,6.0024,0.0621,0.0471,1.0,0.0127,0.236,-17.902
Car A,1222,81.4667,4,73.271,2,-6.441,20.101,-0.101,5.9743,-0.0114,-0.34,1.0,0.0795,-2.831,17.9
Car B,1222,81.4667,4,55.371,2,11.459,20.053,-0.053,6.0031,0.0104,0.0314,1.0,0.015,0.306,-17.9
Car A,1223,81.5333,4,73.669,2,-6.839,20.103,-0.103,5.9749,0.009,0.3813,1.0,-0.0663,1.98,17.898
Car B,1223,81.5333,4,55.772,2,11.059,20.056,-0.056,6.0049,0.0268,0.0439,1.0,0.0164,0.362,-17.898
Car A,1224,81.6,4,74.067,2,-7.237,20.103,-0.103,5.9752,0.0054,-0.3715,1.0,0.082,-1.652,17.895
Car B,1224,81.6,4,56.172,2,10.658,20.058,-0.058,6.0067,0.0275,0.0551,1.0,0.017,0.397,-17.895
Car A,1225,81.6667,4,74.466,2,-7.636,20.105,-0.105,5.9745,-0.0112,0.4288,1.0,-0.0933,2.044,17.893
Car B,1225,81.6667,4,56.572,2,10.258,20.061,-0.061,6.0081,0.0206,0.0634,1.0,0.0172,0.414,-17.893
Car A,1226,81.7333,4,74.864,2,-8.034,20.105,-0.105,5.9744,-0.0013,-0.3584,1.0,0.0808,-2.325,17.891
Car B,1226,81.7333,4,56.973,2,9.857,20.063,-0.063,6.0085,0.0066,0.0729,1.0,0.0164,0.418,-17.891
Car A,1227,81.8,4,75.262,2,-8.432,20.107,-0.107,5.9743,-0.0013,0.3824,1.0,-0.0662,2.014,17.888
Car B,1227,81.8,4,57.374,2,9.456,20.064,-0.064,6.0095,0.0156,0.0772,1.0,0.0154,0.399,-17.888
Car A,1228,81.8667,4,75.66,2,-8.83,20.106,-0.106,5.9745,0.0024,-0.3816,1.0,0.0825,-1.65,17.886
Car B,1228,81.8667,4,57.774,2,9.056,20.065,-0.065,6.0094,-0.0019,0.0718,1.0,0.0141,0.375,-17.886
Car A,1229,81.9333,4,76.059,2,-9.228,20.108,-0.108,5.9741,-0.006,0.4027,1.0,-0.077,2.056,17.883
Car B,1229,81.9333,4,58.175,2,8.655,20.066,-0.066,6.0087,-0.0105,0.0732,1.0,0.0123,0.345,-17.883
Car A,1230,82.0,4,76.457,2,-9.627,20.107,-0.107,5.9741,0.0008,-0.3666,1.0,0.0815,-1.919,17.881
Car B,1230,82.0,4,58.576,2,8.254,20.066,-0.066,6.0095,0.011,0.0749,1.0,0.0104,0.302,-17.881
Car A,1231,82.0667,4,76.855,2,-10.025,20.109,-0.109,5.9729,-0.0191,0.3947,1.0,-0.0757,2.03,17.879
Car B,1231,82.0667,4,58.976,2,7.854,20.066,-0.066,6.0085,-0.0138,0.0516,1.0,0.0091,0.255,-17.879
Car A,1232,82.1333,4,77.253,2,-10.423,20.108,-0.108,5.9738,0.0134,-0.3773,1.0,0.082,-1.887,17.876
Car B,1232,82.1333,4,59.377,2,7.453,20.066,-0.066,6.0073,-0.0184,0.063,1.0,0.0067,0.223,-17.876
Car A,1233,82.2,4,77.651,2,-10.821,20.11,-0.11,5.9729,-0.0124,0.3957,1.0,-0.0717,2.043,17.874
Car B,1233,82.2,4,59.777,2,7.053,20.065,-0.065,6.0006,-0.1008,0.0274,1.0,0.0045,0.165,-17.874
Car A,1234,82.2667,4,78.049,2,-11.219,20.109,-0.109,5.9733,0.0063,-0.3659,1.0,0.0816,-1.787,17.872
Car B,1234,82.2667,4,60.177,2,6.653,20.065,-0.065,6.0017,0.0172,0.0233,1.0,0.0028,0.11,-17.872
Car A,1235,82.3333,4,78.448,2,-11.617,20.111,-0.111,5.9734,0.0001,0.3942,1.0,-0.0731,2.033,17.87
Car B,1235,82.3333,4,60.577,2,6.253,20.064,-0.064,6.0011,-0.0089,0.0151,1.0,0.0016,0.07,-17.87
Car A,1236,82.4,4,78.846,2,-12.016,20.109,-0.109,5.9731,-0.0043,-0.3621,1.0,0.0811,-1.821,17.868
Car B,1236,82.4,4,60.978,2,5.853,20.063,-0.063,5.9993,-0.0272,0.0058,1.0,0.0003,0.041,-17.868
Car A,1237,82.4667,4,79.244,2,-12.414,20.111,-0.111,5.9731,0.0005,0.3996,1.0,-0.0787,2.021,17.866
Car B,1237,82.4667,4,61.377,2,5.453,20.062,-0.062,5.999,-0.0048,0.0258,1.0,-0.0014,0.009,-17.866
Car A,1238,82.5333,4,79.642,2,-12.812,20.109,-0.109,5.9732,0.0018,-0.3725,1.0,0.0812,-1.961,17.865
Car B,1238,82.5333,4,61.777,2,5.053,20.061,-0.061,5.9992,0.0032,0.0194,1.0,-0.0025,-0.032,-17.865
Car A,1239,82.6,4,80.04,2,-13.21,20.111,-0.111,5.973,-0.0039,0.3884,1.0,-0.0751,2.023,17.863
Car B,1239,82.6,4,62.177,2,4.653,20.06,-0.06,6.0005,0.019,0.0056,1.0,-0.0027,-0.06,-17.863
Car A,1240,82.6667,4,80.438,2,-13.608,20.109,-0.109,5.9732,0.0039,-0.3834,1.0,0.0814,-1.872,17.861
Car B,1240,82.6667,4,62.578,2,4.253,20.059,-0.059,6.0017,0.0179,-0.0117,1.0,-0.0023,-0.064,-17.861
Car A,1241,82.7333,4,80.836,2,-14.006,20.111,-0.111,5.973,-0.0032,0.3775,1.0,-0.0715,2.029,17.859
Car B,1241,82.7333,4,62.978,2,3.852,20.059,-0.059,6.0015,-0.0026,-0.0233,1.0,-0.002,-0.057,-17.859
Car A,1242,82.8,4,81.235,2,-14.404,20.109,-0.109,5.9732,0.0022,-0.3667,1.0,0.0804,-1.781,17.857
Car B,1242,82.8,4,63.378,2,3.452,20.058,-0.058,6.0013,-0.0031,-0.0078,1.0,-0.0025,-0.048,-17.857
Car A,1243,82.8667,4,81.633,2,-14.803,20.11,-0.11,5.9735,0.0047,0.3951,1.0,-0.0842,2.004,17.855
Car B,1243,82.8667,4,63.778,2,3.052,20.057,-0.057,6.0014,0.0021,-0.0164,1.0,-0.0025,-0.059,-17.855
Car A,1244,82.9333,4,82.031,2,-15.201,20.109,-0.109,5.9733,-0.0024,-0.3881,1.0,0.0731,-2.099,17.853
Car B,1244,82.9333,4,64.178,2,2.652,20.057,-0.057,6.0017,0.0046,-0.0218,1.0,-0.0022,-0.062,-17.853
Car A,1245,83.0,4,82.429,2,-15.599,20.11,-0.11,5.9731,-0.0027,0.3749,1.0,-0.1462,1.821,17.851
Car B,1245,83.0,4,64.578,2,2.252,20.056,-0.056,6.001,-0.0115,-0.0328,1.0,-0.0018,-0.055,-17.851
Car A,1246,83.0667,4,82.827,2,-15.997,20.109,-0.109,5.9714,-0.026,-0.4042,1.0,0.002,-3.647,17.849
Car B,1246,83.0667,4,64.978,2,1.852,20.056,-0.056,6.0012,0.0036,-0.0087,1.0,-0.0022,-0.045,-17.849
Car A,1247,83.1333,4,83.226,2,-16.395,20.112,-0.112,5.9936,0.3332,0.0406,1.0,-0.0857,0.04,17.847
Car B,1247,83.1333,4,65.378,2,1.452,20.055,-0.055,6.0013,0.0014,-0.0046,1.0,-0.004,-0.054,-17.847
Car A,1248,83.2,4,83.625,2,-16.795,20.116,-0.116,5.9911,-0.0372,-0.7448,1.0,0.0816,-2.139,17.847
Car B,1248,83.2,4,65.778,2,1.052,20.055,-0.055,6.0005,-0.0128,0.0026,1.0,-0.0047,-0.095,-17.847
Car A,1249,83.2667,4,84.024,2,-17.194,20.122,-0.122,5.9915,0.0052,0.2347,1.0,-0.21,2.033,17.846
Car B,1249,83.2667,4,66.179,2,0.652,20.054,-0.054,6.0019,0.0217,-0.0074,1.0,-0.0042,-0.114,-17.846
Car A,1250,83.3333,4,84.424,2,-17.594,20.125,-0.125,5.9882,-0.0498,-0.4731,1.0,-0.0754,-5.238,17.845
Car B,1250,83.3333,4,66.579,2,0.251,20.054,-0.054,5.9993,-0.0395,-0.0253,1.0,-0.0032,-0.102,-17.845
Car A,1251,83.4,4,84.823,2,-17.992,20.137,-0.137,5.9814,-0.1015,-0.6959,1.0,0.5536,-1.891,17.844
Car B,1251,83.4,4,66.979,2,-0.149,20.054,-0.054,6.0013,0.03,-0.0091,1.0,-0.0016,-0.078,-17.844
Car A,1252,83.4667,4,85.221,2,-18.391,20.146,-0.146,5.981,-0.0051,0.3599,1.0,0.5352,13.816,17.842
Car B,1252,83.4667,4,67.379,2,-0.549,20.054,-0.054,6.0017,0.007,-0.027,1.0,0.0004,-0.039,-17.842
Car A,1253,83.5333,4,85.62,2,-18.79,20.142,-0.142,5.9752,-0.0875,1.3511,1.0,1.0,13.381,17.841
Car B,1253,83.5333,4,67.779,2,-0.949,20.054,-0.054,5.9988,-0.0443,-0.0193,1.0,0.0011,0.008,-17.841
Car A,1254,83.6,4,86.017,2,-19.187,20.124,-0.124,5.961,-0.2134,2.1566,1.0,1.0,24.982,17.839
Car B,1254,83.6,4,68.179,2,-1.349,20.054,-0.054,6.0004,0.0236,-0.0054,1.0,0.0017,0.025,-17.839
Car A,1255,83.6667,4,86.413,2,-19.583,20.09,-0.09,5.9478,-0.1975,2.7549,1.0,1.0,25.0,17.835
Car B,1255,83.6667,4,68.579,2,-1.749,20.055,-0.055,6.0006,0.0036,0.0335,1.0,0.0006,0.041,-17.835
Car A,1256,83.7333,4,86.807,2,-19.977,20.039,-0.039,5.9356,-0.1829,3.2186,1.0,1.0,25.0,17.828
Car B,1256,83.7333,4,68.979,2,-2.149,20.054,-0.054,6.0013,0.0108,0.0013,1.0,0.0,0.014,-17.828
Car A,1257,83.8,4,87.199,2,-20.367,19.969,0.002,5.9244,-0.1684,3.5775,1.0,1.0,25.0,17.819
Car B,1257,83.8,4,69.379,2,-2.549,20.054,-0.054,6.0001,-0.0184,-0.0009,1.0,-0.0011,0.001,-17.819
Car A,1258,83.8667,4,87.59,2,-20.753,19.881,0.059,5.9146,-0.1475,3.8658,1.0,1.0,25.0,17.811
Car B,1258,83.8667,4,69.779,2,-2.949,20.054,-0.054,6.0033,0.048,0.0199,1.0,-0.0024,-0.025,-17.811
Car A,1259,83.9333,4,87.997,2,-21.134,19.775,0.102,5.9061,-0.1276,4.0777,1.0,1.0,25.0,17.818
Car B,1259,83.9333,4,70.179,2,-3.349,20.054,-0.054,6.0019,-0.0204,-0.0137,1.0,-0.0034,-0.057,-17.818
Car A,1260,84.0,4,88.391,2,-21.509,19.649,0.136,5.8986,-0.1125,4.2458,1.0,1.0,24.999,17.811
Car B,1260,84.0,4,70.58,2,-3.75,20.054,-0.054,6.0009,-0.0148,-0.0191,1.0,-0.0043,-0.081,-17.811
Car A,1261,84.0667,4,88.811,2,-21.876,19.505,0.178,5.8921,-0.0976,4.3724,1.0,1.0,24.999,17.831
Car B,1261,84.0667,4,70.98,2,-4.15,20.054,-0.054,6.0005,-0.0065,0.001,1.0,-0.0065,-0.104,-17.831
Car A,1262,84.1333,4,89.205,3,-22.235,19.341,0.192,5.8862,-0.0879,4.4774,1.0,1.0,24.999,17.825
Car B,1262,84.1333,4,71.38,2,-4.55,20.054,-0.054,6.0014,0.0127,-0.0287,1.0,-0.006,-0.158,-17.825
Car A,1263,84.2,4,89.598,3,-22.585,19.159,0.226,5.8809,-0.079,4.5562,1.0,1.0,24.999,17.818
Car B,1263,84.2,4,71.78,2,-4.95,20.054,-0.054,5.9989,-0.037,-0.0144,1.0,-0.0065,-0.146,-17.818
Car A,1264,84.2667,4,90.028,3,-22.925,18.959,0.226,5.8763,-0.0701,4.6201,1.0,1.0,24.999,17.848
Car B,1264,84.2667,4,72.18,2,-5.35,20.055,-0.055,5.9988,-0.0017,-0.0323,1.0,-0.0058,-0.159,-17.848
Car A,1265,84.3333,4,90.422,3,-23.252,18.741,0.24,5.8719,-0.0654,4.6686,1.0,1.0,24.999,17.842
Car B,1265,84.3333,4,72.58,2,-5.75,20.055,-0.055,5.9973,-0.0224,-0.0382,1.0,-0.0048,-0.142,-17.842
Car A,1266,84.4,4,90.854,3,-23.568,18.505,0.239,5.868,-0.0584,4.7074,1.0,1.0,24.999,17.874
Car B,1266,84.4,4,72.98,2,-6.15,20.056,-0.056,5.9979,0.0088,-0.0125,1.0,-0.0045,-0.119,-17.874
Car A,1267,84.4667,4,91.247,3,-23.87,18.253,0.234,5.8643,-0.0554,4.7394,1.0,1.0,24.999,17.868
Car B,1267,84.4667,4,73.38,2,-6.55,20.057,-0.057,5.9987,0.0123,0.0444,1.0,-0.0042,-0.113,-17.868
Car A,1268,84.5333,4,91.678,3,-24.157,17.985,0.232,5.8609,-0.0508,4.7652,1.0,1.0,24.999,17.898
Car B,1268,84.5333,4,73.78,2,-6.95,20.058,-0.058,5.9984,-0.0047,-0.0499,1.0,-0.0009,-0.105,-17.898
Car A,1269,84.6,4,92.07,3,-24.43,17.702,0.209,5.8577,-0.0485,4.7832,1.0,1.0,24.999,17.891
Car B,1269,84.6,4,74.179,2,-7.349,20.06,-0.06,6.0001,0.0258,-0.0034,1.0,0.0025,-0.024,-17.891
Car A,1270,84.6667,4,92.496,3,-24.686,17.405,0.207,5.8546,-0.0459,4.8002,1.0,1.0,24.999,17.916
Car B,1270,84.6667,4,74.58,2,-7.749,20.061,-0.061,6.0008,0.0109,0.0192,1.0,0.002,0.06,-17.916
Car A,1271,84.7333,4,92.886,3,-24.926,17.094,0.165,5.8517,-0.0443,4.8118,1.0,1.0,24.999,17.906
Car B,1271,84.7333,4,74.98,2,-8.149,20.062,-0.062,5.9997,-0.0166,0.0018,1.0,0.0049,0.05,-17.906
Car A,1272,84.8,4,93.278,3,-25.148,16.77,0.145,5.8489,-0.0421,4.8208,1.0,1.0,24.999,17.898
Car B,1272,84.8,4,75.38,2,-8.549,20.062,-0.062,5.9997,-0.001,-0.0081,1.0,0.0063,0.12,-17.898
Car A,1273,84.8667,4,93.69,3,-25.352,16.435,0.105,5.8462,-0.0401,4.8277,1.0,1.0,24.999,17.91
Car B,1273,84.8667,4,75.78,2,-8.95,20.063,-0.063,6.0003,0.0097,0.0124,1.0,0.0077,0.152,-17.91
Car A,1274,84.9333,4,94.08,3,-25.536,16.089,0.067,5.8436,-0.0398,4.8346,1.0,1.0,24.999,17.9
Car B,1274,84.9333,4,76.18,2,-9.35,20.064,-0.064,5.9998,-0.0079,0.0282,1.0,0.0095,0.187,-17.9
Car A,1275,85.0,4,94.478,3,-25.702,15.734,0.032,5.841,-0.0384,4.8391,1.0,1.0,24.999,17.898
Car B,1275,85.0,4,76.58,2,-9.75,20.065,-0.065,5.9996,-0.0024,0.0254,1.0,0.0113,0.229,-17.898
Car A,1276,85.0667,4,94.866,3,-25.847,15.37,-0.024,5.8385,-0.037,4.8433,1.0,1.0,24.999,17.886
Car B,1276,85.0667,4,76.98,2,-10.15,20.066,-0.066,5.9993,-0.0044,0.024,1.0,0.014,0.275,-17.886
Car A,1277,85.1333,4,95.255,3,-25.972,14.999,-0.059,5.8361,-0.0363,4.846,1.0,1.0,24.999,17.876
Car B,1277,85.1333,4,77.38,2,-10.55,20.066,-0.066,5.9995,0.0019,0.0537,1.0,0.0145,0.34,-17.876
Car A,1278,85.2,4,95.631,3,-26.076,14.622,-0.125,5.8337,-0.0357,4.8476,1.0,1.0,24.999,17.851
Car B,1278,85.2,4,77.78,2,-10.95,20.066,-0.066,5.9958,-0.0547,0.0741,1.0,0.0147,0.353,-17.851
Car A,1279,85.2667,4,96.019,3,-26.159,14.24,-0.178,5.8314,-0.0353,4.85,1.0,1.0,24.999,17.839
Car B,1279,85.2667,4,78.179,2,-11.349,20.066,-0.066,5.9955,-0.0052,0.0649,1.0,0.0146,0.357,-17.839
Car A,1280,85.3333,4,96.392,3,-26.221,13.853,-0.221,5.8291,-0.0339,4.8518,1.0,1.0,24.999,17.813
Car B,1280,85.3333,4,78.579,2,-11.749,20.065,-0.065,5.9953,-0.0017,0.0758,1.0,0.0132,0.357,-17.813
Car A,1281,85.4,4,96.781,3,-26.261,13.465,-0.261,5.8269,-0.0338,4.8517,1.0,0.4303,24.999,17.802
Car B,1281,85.4,4,78.979,2,-12.149,20.064,-0.064,5.993,-0.0353,0.0831,1.0,0.0096,0.323,-17.802
Car A,1282,85.4667,4,97.172,3,-26.287,13.073,-0.287,5.8808,0.809,3.7754,1.0,0.4333,10.778,17.793
Car B,1282,85.4667,4,79.378,2,-12.548,20.062,-0.062,6.0029,0.1479,0.0593,1.0,0.0063,0.236,-17.793
Car A,1283,85.5333,4,97.566,3,-26.3,12.679,-0.3,5.9157,0.5238,3.7873,1.0,0.2238,10.832,17.787
Car B,1283,85.5333,4,79.779,2,-12.949,20.059,-0.059,6.0081,0.0783,0.0332,1.0,0.0028,0.155,-17.787
Car A,1284,85.6,4,97.963,3,-26.304,12.282,-0.304,5.9612,0.6824,2.1758,1.0,-0.1203,5.601,17.783
Car B,1284,85.6,4,80.18,2,-13.349,20.057,-0.057,6.0033,-0.0712,0.0216,1.0,-0.0032,0.069,-17.783
Car A,1285,85.6667,4,98.361,3,-26.314,11.884,-0.314,5.9724,0.1681,0.7482,1.0,0.107,-2.993,17.781
Car B,1285,85.6667,4,80.58,2,-13.75,20.055,-0.055,5.999,-0.065,-0.0017,1.0,-0.0061,-0.072,-17.781
Car A,1286,85.7333,4,98.759,3,-26.326,11.486,-0.326,5.9811,0.13,1.0083,1.0,0.0989,2.666,17.78
Car B,1286,85.7333,4,80.98,2,-14.149,20.052,-0.052,5.9995,0.0075,0.0049,1.0,-0.0095,-0.145,-17.78
Car A,1287,85.8,4,99.159,3,-26.333,11.087,-0.333,6.0022,0.3163,0.9424,1.0,0.097,2.472,17.779
Car B,1287,85.8,4,81.379,2,-14.549,20.051,-0.051,5.998,-0.022,-0.0529,1.0,-0.0092,-0.232,-17.779
Car A,1288,85.8667,4,99.559,3,-26.335,10.686,-0.335,6.0296,0.4109,0.9505,1.0,0.0851,2.425,17.78
Car B,1288,85.8667,4,81.779,2,-14.949,20.049,-0.049,5.9966,-0.0216,-0.0313,1.0,-0.0112,-0.224,-17.78
Car A,1289,85.9333,4,99.96,3,-26.335,10.285,-0.335,6.0231,-0.0967,0.8233,1.0,0.0762,2.129,17.781
Car B,1289,85.9333,4,82.179,2,-15.349,20.048,-0.048,5.9989,0.0353,-0.0307,1.0,0.0023,-0.272,-17.781
Car A,1290,86.0,4,100.362,3,-26.331,9.884,-0.331,5.9802,-0.6441,0.7824,1.0,-0.1033,1.903,17.782
Car B,1290,86.0,4,82.579,2,-15.749,20.046,-0.046,6.0056,0.0997,-0.0112,1.0,0.0033,0.051,-17.782
Car A,1291,86.0667,4,100.76,3,-26.331,9.485,-0.331,5.9831,0.044,-0.3434,1.0,0.1059,-2.576,17.781
Car B,1291,86.0667,4,82.98,2,-16.15,20.045,-0.045,6.0023,-0.0499,0.0039,0.9217,0.0575,0.08,-17.781
Car A,1292,86.1333,4,101.159,3,-26.334,9.086,-0.334,5.9822,-0.0142,0.4082,1.0,0.079,2.639,17.785
Car B,1292,86.1333,4,83.374,2,-16.544,20.04,-0.04,5.8677,-2.0179,0.5108,0.9671,-0.0064,1.434,-17.785
Car A,1293,86.2,4,101.558,3,-26.327,8.687,-0.327,5.9718,-0.1552,0.7911,1.0,-0.1026,1.974,17.794
Car B,1293,86.2,4,83.764,2,-16.934,20.035,-0.035,5.8176,-0.7519,-0.0712,0.9691,0.2314,-0.152,-17.794
Car A,1294,86.2667,4,101.957,3,-26.323,8.288,-0.323,5.9751,0.0488,-0.3175,1.0,0.1127,-2.557,17.805
Car B,1294,86.2667,4,84.152,2,-17.322,20.027,-0.027,5.8148,-0.0419,0.852,0.9264,-0.0894,5.774,-17.805
Car A,1295,86.3333,4,102.355,3,-26.322,7.89,-0.322,5.9747,-0.0046,0.4121,1.0,0.5716,2.809,17.816
Car B,1295,86.3333,4,84.539,2,-17.709,20.015,-0.015,5.8064,-0.1258,-0.0127,0.9167,-0.1166,-2.223,-17.816
Car A,1296,86.4,4,102.753,3,-26.309,7.492,-0.309,5.9672,-0.1131,1.3958,1.0,-0.0932,14.272,17.828
Car B,1296,86.4,4,84.925,2,-18.095,20.014,-0.014,5.7587,-0.7156,-0.944,1.0,1.0,-2.913,-17.828
Car A,1297,86.4667,4,103.15,3,-26.29,7.095,-0.29,5.9714,0.0627,0.3839,1.0,1.0,-2.304,17.842
Car B,1297,86.4667,4,85.309,2,-18.478,20.013,-0.013,5.7604,0.0251,0.0125,1.0,1.0,24.958,-17.842
Car A,1298,86.5333,4,103.547,3,-26.272,6.698,-0.272,5.9586,-0.1911,0.8087,1.0,1.0,24.959,17.855
Car B,1298,86.5333,4,85.692,2,-18.862,20.002,-0.002,5.7502,-0.1529,1.2064,1.0,1.0,25.0,-17.855
Car A,1299,86.6,4,103.943,3,-26.242,6.302,-0.242,5.9425,-0.2421,1.8702,1.0,0.5195,25.0,17.868
Car B,1299,86.6,4,86.074,2,-19.244,19.976,0.024,5.7399,-0.1545,1.989,1.0,1.0,25.0,-17.868
Car A,1300,86.6667,4,104.321,3,-26.196,5.909,-0.203,5.933,-0.1424,2.4687,1.0,1.0,13.006,17.866
Car B,1300,86.6667,4,86.455,2,-19.625,19.934,0.066,5.7295,-0.1564,2.6085,1.0,0.7096,25.0,-17.866
Car A,1301,86.7333,4,104.715,3,-26.134,5.518,-0.172,5.9202,-0.1921,3.0146,1.0,1.0,24.981,17.873
Car B,1301,86.7333,4,86.843,2,-20.003,19.874,0.125,5.7233,-0.0929,3.0564,1.0,1.0,17.75,-17.873
Car A,1302,86.8,4,105.107,3,-26.055,5.131,-0.123,5.909,-0.1685,3.4161,1.0,1.0,25.0,17.885
Car B,1302,86.8,4,87.222,2,-20.377,19.798,0.172,5.7146,-0.1308,3.4632,1.0,0.9103,24.988,-17.885
Car A,1303,86.8667,4,105.484,3,-25.957,4.748,-0.103,5.8988,-0.1519,3.7315,1.0,1.0,25.0,17.885
Car B,1303,86.8667,4,87.599,2,-20.748,19.703,0.237,5.7088,-0.0856,3.7523,1.0,0.8109,22.76,-17.885
Car A,1304,86.9333,4,105.878,3,-25.841,4.371,-0.078,5.89,-0.1331,3.9812,1.0,1.0,25.0,17.858
Car B,1304,86.9333,4,88.019,2,-21.113,19.59,0.286,5.7054,-0.0516,3.9731,1.0,1.0,20.275,-17.858
Car A,1305,87.0,4,106.262,3,-25.706,4.001,-0.055,5.8823,-0.1155,4.1696,1.0,1.0,25.0,17.863
Car B,1305,87.0,4,88.399,2,-21.472,19.459,0.33,5.7003,-0.0762,4.1689,1.0,0.8275,24.992,-17.863
Car A,1306,87.0667,4,106.656,3,-25.553,3.638,-0.052,5.8755,-0.1008,4.3173,1.0,1.0,24.999,17.82
Car B,1306,87.0667,4,88.836,2,-21.823,19.309,0.379,5.6992,-0.0166,4.2982,1.0,1.0,20.692,-17.82
Car A,1307,87.1333,4,107.049,3,-25.381,3.284,-0.029,5.8697,-0.0882,4.429,1.0,1.0,24.999,17.831
Car B,1307,87.1333,4,89.217,3,-22.165,19.14,0.404,5.6956,-0.0535,4.422,1.0,1.0,24.993,-17.831
Car A,1308,87.2,4,107.437,3,-25.191,2.94,-0.043,5.8644,-0.0788,4.52,1.0,1.0,24.999,17.841
Car B,1308,87.2,4,89.597,3,-22.498,18.953,0.449,5.693,-0.0395,4.511,1.0,0.9972,24.999,-17.841
Car A,1309,87.2667,4,107.83,3,-24.983,2.607,-0.04,5.8597,-0.0703,4.5904,1.0,1.0,24.999,17.781
Car B,1309,87.2667,4,90.049,3,-22.82,18.748,0.459,5.6908,-0.033,4.5832,1.0,1.0,24.93,-17.781
Car A,1310,87.3333,4,108.217,3,-24.757,2.286,-0.048,5.8555,-0.0629,4.6457,1.0,1.0,24.999,17.787
Car B,1310,87.3333,4,90.43,3,-23.131,18.526,0.487,5.6891,-0.0264,4.6405,1.0,1.0,24.999,-17.787
Car A,1311,87.4,4,108.609,3,-24.515,1.977,-0.064,5.8517,-0.0577,4.6898,1.0,1.0,24.999,17.719
Car B,1311,87.4,4,90.89,3,-23.428,18.287,0.495,5.6877,-0.021,4.6863,1.0,1.0,24.999,-17.719
Car A,1312,87.4667,4,108.992,3,-24.256,1.682,-0.066,5.8482,-0.0525,4.7247,1.0,1.0,24.999,17.72
Car B,1312,87.4667,4,91.271,3,-23.712,18.031,0.506,5.6866,-0.0154,4.7241,1.0,1.0,24.999,-17.72
Car A,1313,87.5333,4,109.382,3,-23.982,1.402,-0.101,5.8449,-0.0492,4.7538,1.0,1.0,24.999,17.648
Car B,1313,87.5333,4,91.734,3,-23.981,17.76,0.512,5.6858,-0.0124,4.7539,1.0,1.0,24.999,-17.648
Car A,1314,87.6,4,109.774,3,-23.692,1.137,-0.114,5.8419,-0.0455,4.7752,1.0,1.0,24.999,17.658
Car B,1314,87.6,4,92.116,3,-24.234,17.475,0.505,5.6852,-0.0094,4.7763,1.0,1.0,24.999,-17.658
Car A,1315,87.6667,4,110.145,3,-23.389,0.889,-0.147,5.839,-0.043,4.7925,1.0,1.0,24.999,17.567
Car B,1315,87.6667,4,92.578,3,-24.47,17.176,0.511,5.6847,-0.0068,4.7949,1.0,1.0,24.999,-17.567
Car A,1316,87.7333,4,110.536,3,-23.073,0.658,-0.179,5.8363,-0.0407,4.8061,1.0,1.0,24.999,17.577
Car B,1316,87.7333,4,92.959,3,-24.69,16.863,0.487,5.6844,-0.0051,4.8101,1.0,1.0,24.999,-17.577
Car A,1317,87.8,4,110.896,3,-22.745,0.445,-0.201,5.8337,-0.0391,4.8171,1.0,1.0,24.999,17.556
Car B,1317,87.8,4,93.34,3,-24.891,16.539,0.485,5.6841,-0.0035,4.8228,1.0,1.0,24.999,-17.556
Car A,1318,87.8667,4,111.284,3,-22.406,0.25,-0.251,5.8312,-0.0374,4.8255,1.0,1.0,24.999,17.488
Car B,1318,87.8667,4,93.797,3,-25.074,16.204,0.451,5.684,-0.0024,4.8307,1.0,1.0,24.999,-17.488
Car A,1319,87.9333,4,111.674,3,-22.056,0.075,-0.28,5.8288,-0.0359,4.833,1.0,0.9401,24.999,17.497
Car B,1319,87.9333,4,94.178,3,-25.237,15.859,0.432,5.6838,-0.002,4.837,1.0,1.0,24.999,-17.497
Car A,1320,88.0,4,112.017,3,-21.698,-0.081,-0.328,5.8271,-0.0257,4.8319,1.0,1.0,23.504,17.392
Car B,1320,88.0,4,94.625,3,-25.38,15.506,0.398,5.6838,-0.0003,4.8439,1.0,1.0,24.999,-17.392
Car A,1321,88.0667,4,112.405,3,-21.331,-0.217,-0.374,5.8248,-0.0348,4.8446,1.0,0.9725,24.997,17.4
Car B,1321,88.0667,4,95.005,3,-25.503,15.145,0.363,5.6838,-0.0008,4.8485,1.0,1.0,24.999,-17.4
Car A,1322,88.1333,4,112.731,3,-20.958,-0.332,-0.406,5.8228,-0.029,4.842,1.0,1.0,24.314,17.292
Car B,1322,88.1333,4,95.439,3,-25.606,14.777,0.332,5.6838,0.0008,4.8523,1.0,1.0,24.999,-17.292
Car A,1323,88.2,4,113.117,3,-20.579,-0.426,-0.47,5.8206,-0.0328,4.8484,1.0,0.6849,24.998,17.299
Car B,1323,88.2,4,95.817,3,-25.687,14.405,0.28,5.6838,0.0003,4.8551,1.0,1.0,24.999,-17.299
Car A,1324,88.2667,4,113.505,3,-20.195,-0.499,-0.513,5.8263,0.0847,4.7973,1.0,0.6168,17.134,17.307
Car B,1324,88.2667,4,96.198,3,-25.747,14.028,0.25,5.6839,0.0006,4.858,1.0,1.0,24.999,-17.307
Car A,1325,88.3333,4,113.853,3,-19.808,-0.551,-0.551,5.8332,0.1029,4.758,1.0,0.6729,15.422,17.256
Car B,1325,88.3333,4,96.597,3,-25.786,13.648,0.214,5.6839,0.0007,4.8587,1.0,1.0,24.999,-17.256
Car A,1326,88.4,4,114.243,3,-19.418,-0.583,-0.583,5.8362,0.0451,4.7513,1.0,0.5008,16.819,17.264
Car B,1326,88.4,4,96.978,3,-25.802,13.267,0.198,5.684,0.0009,4.8596,1.0,0.8691,24.999,-17.264
Car A,1327,88.4667,4,114.636,3,-19.025,-0.597,-0.597,5.8897,0.8026,4.2628,1.0,0.4018,12.526,17.276
Car B,1327,88.4667,4,97.36,3,-25.797,12.885,0.203,5.6867,0.0404,4.8396,1.0,-0.4196,21.733,-17.276
Car A,1328,88.5333,4,115.032,3,-18.629,-0.599,-0.599,5.9509,0.9189,3.6,1.0,0.2142,10.048,17.29
Car B,1328,88.5333,4,97.742,3,-25.781,12.504,0.219,5.7242,0.5636,3.2275,1.0,-0.6852,-10.441,-17.29
Car A,1329,88.6,4,115.431,3,-18.23,-0.595,-0.595,6.0002,0.7383,2.0245,1.0,0.1201,5.362,17.306
Car B,1329,88.6,4,98.125,3,-25.768,12.12,0.232,5.7493,0.3758,1.1906,1.0,-0.8318,-17.121,-17.306
Car A,1330,88.6667,4,115.832,3,-17.829,-0.595,-0.595,6.0241,0.3596,1.156,1.0,0.111,3.007,17.323
Car B,1330,88.6667,4,98.508,3,-25.768,11.737,0.232,5.7509,0.0241,-0.1738,1.0,-0.517,-20.788,-17.323
Car A,1331,88.7333,4,116.234,3,-17.426,-0.594,-0.594,6.044,0.2983,1.0937,1.0,0.1076,2.776,17.343
Car B,1331,88.7333,4,98.891,3,-25.78,11.354,0.22,5.7486,-0.0352,-1.1303,0.9623,-0.2299,-12.935,-17.343
Car A,1332,88.8,4,116.635,3,-17.025,-0.588,-0.588,6.0243,-0.2954,1.0338,1.0,0.1025,2.69,17.362
Car B,1332,88.8,4,99.274,3,-25.805,10.972,0.195,5.7435,-0.0752,-1.8372,1.0,0.0754,-5.757,-17.362
Car A,1333,88.8667,4,117.038,3,-16.623,-0.578,-0.578,6.0251,0.0122,0.9935,1.0,0.0993,2.564,17.382
Car B,1333,88.8667,4,99.656,3,-25.835,10.589,0.165,5.758,0.2163,-0.6706,1.0,0.2447,1.872,-17.382
Car A,1334,88.9333,4,117.439,3,-16.222,-0.564,-0.564,6.0043,-0.3123,0.9632,1.0,0.095,2.483,17.399
Car B,1334,88.9333,4,100.04,3,-25.854,10.206,0.146,5.7646,0.1,0.5182,1.0,0.0263,6.11,-17.399
Car A,1335,89.0,4,117.839,3,-15.821,-0.546,-0.546,5.992,-0.1848,0.9617,1.0,0.083,2.374,17.414
Car B,1335,89.0,4,100.425,3,-25.868,9.82,0.132,5.831,0.996,0.2022,1.0,0.7681,0.665,-17.414
Car A,1336,89.0667,4,118.239,3,-15.421,-0.525,-0.525,6.0163,0.3649,0.802,1.0,0.0848,2.076,17.425
Car B,1336,89.0667,4,100.814,3,-25.878,9.431,0.122,5.8319,0.0129,0.7335,1.0,0.5073,19.174,-17.425
Car A,1337,89.1333,4,118.636,3,-15.025,-0.501,-0.501,5.9338,-1.2372,0.8487,1.0,-0.0637,2.1,17.434
Car B,1337,89.1333,4,101.202,3,-25.875,9.043,0.125,5.8208,-0.1657,1.8614,1.0,0.7222,12.693,-17.434
Car A,1338,89.2,4,119.031,3,-14.629,-0.479,-0.479,5.9385,0.0701,-0.2089,1.0,0.0913,-1.586,17.441
Car B,1338,89.2,4,101.59,3,-25.856,8.655,0.144,5.8125,-0.1247,2.5113,0.3958,-0.8346,18.047,-17.441
Car A,1339,89.2667,4,119.426,3,-14.234,-0.459,-0.459,5.9421,0.0535,0.4767,1.0,0.0398,2.275,17.453
Car B,1339,89.2667,4,101.974,3,-25.83,8.272,0.17,5.7225,-1.3503,1.344,0.4128,-1.0,-20.807,-17.453
Car A,1340,89.3333,4,119.823,3,-13.837,-0.434,-0.434,5.9872,0.6767,0.3838,1.0,0.0725,0.996,17.474
Car B,1340,89.3333,4,102.35,3,-25.81,7.895,0.19,5.6063,-1.7433,0.2336,1.0,-0.0098,-24.993,-17.474
Car A,1341,89.4,4,120.222,3,-13.439,-0.405,-0.405,6.0014,0.2135,0.6969,1.0,-0.0752,1.811,17.498
Car B,1341,89.4,4,102.724,3,-25.791,7.521,0.209,5.6287,0.3353,0.5538,1.0,-0.4956,-0.281,-17.498
Car A,1342,89.4667,4,120.621,3,-13.04,-0.377,-0.377,6.002,0.0086,-0.3034,1.0,0.084,-1.874,17.521
Car B,1342,89.4667,4,103.099,3,-25.778,7.146,0.222,5.6363,0.1148,-0.7583,1.0,1.0,-12.37,-17.521
Car A,1343,89.5333,4,121.02,3,-12.64,-0.353,-0.353,5.9997,-0.035,0.4236,1.0,-0.0751,2.092,17.546
Car B,1343,89.5333,4,103.474,3,-25.766,6.771,0.234,5.6271,-0.138,0.0343,1.0,1.0,24.944,-17.546
Car A,1344,89.6,4,121.419,3,-12.242,-0.325,-0.325,5.9971,-0.0387,-0.3554,1.0,0.0685,-1.87,17.57
Car B,1344,89.6,4,103.849,3,-25.748,6.396,0.252,5.6232,-0.0584,1.1017,1.0,0.9858,24.999,-17.57
Car A,1345,89.6667,4,121.818,3,-11.843,-0.301,-0.301,5.9949,-0.0331,0.3915,1.0,-0.1967,1.707,17.596
Car B,1345,89.6667,4,104.222,3,-25.714,6.023,0.286,5.6151,-0.1216,1.9003,1.0,0.9127,24.646,-17.596
Car A,1346,89.7333,4,122.216,3,-11.444,-0.274,-0.274,5.9921,-0.0418,-0.4335,1.0,0.0397,-4.906,17.598
Car B,1346,89.7333,4,104.619,3,-25.664,5.652,0.308,5.608,-0.1069,2.507,1.0,0.9231,22.819,-17.598
Car A,1347,89.8,4,122.615,3,-11.045,-0.251,-0.251,5.9937,0.0242,0.3247,1.0,-0.2826,0.983,17.624
Car B,1347,89.8,4,104.991,3,-25.597,5.283,0.345,5.6005,-0.1122,2.9972,1.0,0.9443,23.077,-17.624
Car A,1348,89.8667,4,123.014,3,-10.646,-0.227,-0.227,5.9927,-0.015,-0.5988,1.0,0.0284,-7.053,17.592
Car B,1348,89.8667,4,105.422,3,-25.513,4.919,0.368,5.5938,-0.1002,3.3999,1.0,1.0,23.607,-17.592
Car A,1349,89.9333,4,123.413,3,-10.247,-0.207,-0.207,5.9957,0.0448,0.2152,1.0,-0.2794,0.699,17.617
Car B,1349,89.9333,4,105.796,3,-25.412,4.558,0.383,5.5879,-0.0895,3.7036,1.0,1.0,24.997,-17.617
Car A,1350,90.0,4,123.812,3,-9.848,-0.187,-0.187,5.9932,-0.0369,-0.6903,1.0,0.0196,-6.974,17.579
Car B,1350,90.0,4,106.233,3,-25.291,4.204,0.406,5.583,-0.0724,3.9495,1.0,1.0,25.0,-17.579
Car A,1351,90.0667,4,124.211,3,-9.449,-0.17,-0.17,5.9959,0.0399,0.1352,1.0,-0.2444,0.479,17.604
Car B,1351,90.0667,4,106.607,3,-25.153,3.857,0.401,5.5794,-0.0544,4.1383,1.0,1.0,24.999,-17.604
Car A,1352,90.1333,4,124.611,3,-9.05,-0.153,-0.153,5.994,-0.0286,-0.7486,1.0,0.0155,-6.099,17.63
Car B,1352,90.1333,4,106.981,3,-24.996,3.517,0.416,5.5768,-0.0391,4.2861,1.0,1.0,24.999,-17.63
Car A,1353,90.2,4,125.01,3,-8.65,-0.14,-0.14,5.9967,0.0401,0.0993,1.0,-0.1964,0.378,17.59
Car B,1353,90.2,4,107.42,3,-24.821,3.187,0.401,5.575,-0.0272,4.4064,1.0,1.0,24.999,-17.59
Car A,1354,90.2667,4,125.41,3,-8.251,-0.127,-0.127,5.9946,-0.0305,-0.7694,1.0,0.025,-4.9,17.615
Car B,1354,90.2667,4,107.794,3,-24.627,2.867,0.399,5.5739,-0.0161,4.4983,1.0,1.0,24.999,-17.615
Car A,1355,90.3333,4,125.809,3,-7.851,-0.118,-0.118,5.9967,0.0315,0.0767,1.0,-0.142,0.616,17.578
Car B,1355,90.3333,4,108.231,3,-24.416,2.558,0.388,5.5734,-0.0078,4.5742,1.0,1.0,24.999,-17.578
Car A,1356,90.4,4,126.209,3,-7.452,-0.107,-0.107,5.9934,-0.0497,-0.7052,1.0,0.029,-3.542,17.604
Car B,1356,90.4,4,108.605,3,-24.189,2.261,0.368,5.5733,-0.0007,4.6346,1.0,1.0,24.999,-17.604
Car A,1357,90.4667,4,126.608,3,-7.052,-0.1,-0.1,5.996,0.0392,0.1356,1.0,-0.1291,0.719,17.572
Car B,1357,90.4667,4,109.037,3,-23.944,1.978,0.361,5.5737,0.0054,4.6807,1.0,1.0,24.999,-17.572
Car A,1358,90.5333,4,127.008,3,-6.653,-0.092,-0.092,5.9921,-0.0593,-0.6405,1.0,0.0332,-3.221,17.599
Car B,1358,90.5333,4,109.409,3,-23.684,1.709,0.326,5.5744,0.01,4.7201,1.0,1.0,24.999,-17.599
Car A,1359,90.6,4,127.407,3,-6.253,-0.087,-0.087,5.9937,0.024,0.1805,1.0,-0.1226,0.822,17.624
Car B,1359,90.6,4,109.783,3,-23.409,1.455,0.312,5.5753,0.0133,4.7512,1.0,1.0,24.999,-17.624
Car A,1360,90.6667,4,127.806,3,-5.854,-0.081,-0.081,5.9904,-0.0492,-0.6328,1.0,0.0452,-3.059,17.602
Car B,1360,90.6667,4,110.204,3,-23.12,1.217,0.274,5.5764,0.0169,4.7749,1.0,1.0,24.999,-17.602
Car A,1361,90.7333,4,128.206,3,-5.455,-0.079,-0.079,5.9911,0.0102,0.1855,1.0,-0.0849,1.123,17.628
Car B,1361,90.7333,4,110.577,3,-22.817,0.997,0.243,5.5776,0.0184,4.7951,1.0,1.0,24.999,-17.628
Car A,1362,90.8,4,128.605,3,-5.055,-0.074,-0.074,5.9881,-0.044,-0.5346,1.0,0.0472,-2.117,17.618
Car B,1362,90.8,4,110.987,3,-22.502,0.794,0.214,5.579,0.0209,4.8109,1.0,1.0,24.999,-17.618
Car A,1363,90.8667,4,129.004,3,-4.656,-0.072,-0.072,5.9871,-0.0163,0.2876,1.0,-0.1002,1.175,17.645
Car B,1363,90.8667,4,111.359,3,-22.176,0.609,0.168,5.5804,0.0213,4.8231,1.0,1.0,24.999,-17.645
Car A,1364,90.9333,4,129.403,3,-4.257,-0.068,-0.068,5.9859,-0.0173,-0.5077,1.0,0.0487,-2.498,17.67
Car B,1364,90.9333,4,111.733,3,-21.84,0.443,0.144,5.5819,0.0226,4.8328,1.0,1.0,24.999,-17.67
Car A,1365,91.0,4,129.802,3,-3.858,-0.068,-0.068,5.9858,-0.0019,0.2859,1.0,-0.0803,1.212,17.676
Car B,1365,91.0,4,112.126,3,-21.494,0.298,0.088,5.5835,0.0232,4.8413,1.0,1.0,24.999,-17.676
Car A,1366,91.0667,4,130.201,3,-3.459,-0.065,-0.065,5.9843,-0.0222,-0.4974,1.0,0.0565,-2.001,17.702
Car B,1366,91.0667,4,112.499,3,-21.141,0.172,0.048,5.585,0.0232,4.8478,1.0,1.0,24.999,-17.702
Car A,1367,91.1333,4,130.6,3,-3.06,-0.065,-0.065,5.9832,-0.016,0.3205,1.0,-0.0755,1.408,17.723
Car B,1367,91.1333,4,112.877,3,-20.781,0.067,0.005,5.5867,0.0245,4.8523,1.0,1.0,24.999,-17.723
Car A,1368,91.2,4,130.999,3,-2.662,-0.062,-0.062,5.9821,-0.0174,-0.4496,1.0,0.0566,-1.882,17.751
Car B,1368,91.2,4,113.248,3,-20.415,-0.017,-0.05,5.5882,0.0237,4.8564,1.0,1.0,24.999,-17.751
Car A,1369,91.2667,4,131.397,3,-2.263,-0.063,-0.063,5.9816,-0.0064,0.3431,1.0,-0.0758,1.411,17.776
Car B,1369,91.2667,4,113.622,3,-20.045,-0.08,-0.083,5.5898,0.0232,4.8595,1.0,1.0,24.999,-17.776
Car A,1370,91.3333,4,131.796,3,-1.864,-0.061,-0.061,5.9806,-0.0158,-0.4428,1.0,0.0582,-1.891,17.808
Car B,1370,91.3333,4,113.988,3,-19.672,-0.121,-0.121,5.5914,0.0235,4.8614,1.0,1.0,24.999,-17.808
Car A,1371,91.4,4,132.195,3,-1.466,-0.061,-0.061,5.9802,-0.0063,0.3482,1.0,-0.0722,1.45,17.831
Car B,1371,91.4,4,114.364,3,-19.297,-0.141,-0.141,5.593,0.024,4.8632,1.0,1.0,24.999,-17.831
Car A,1372,91.4667,4,132.593,3,-1.067,-0.06,-0.06,5.9793,-0.0128,-0.4322,1.0,0.0594,-1.799,17.854
Car B,1372,91.4667,4,114.739,3,-18.921,-0.139,-0.139,5.5944,0.0222,4.865,1.0,1.0,24.999,-17.854
Car A,1373,91.5333,4,132.992,3,-0.668,-0.061,-0.061,5.9787,-0.0088,0.3609,1.0,-0.0766,1.48,17.878
Car B,1373,91.5333,4,115.114,3,-18.546,-0.115,-0.115,5.596,0.0231,4.8661,1.0,-0.0452,24.999,-17.878
Car A,1374,91.6,4,133.39,3,-0.27,-0.06,-0.06,5.9782,-0.0078,-0.4262,1.0,0.0583,-1.91,17.901
Car B,1374,91.6,4,115.489,3,-18.171,-0.079,-0.079,5.6397,0.6554,3.3873,1.0,-0.213,-1.09,-17.901
Car A,1375,91.6667,5,0.129,1,0.129,-0.061,-0.061,5.9775,-0.0106,0.3542,1.0,-0.0967,1.452,17.923
Car B,1375,91.6667,4,115.866,3,-17.794,-0.047,-0.047,5.675,0.5302,1.2555,1.0,-0.2492,-5.318,-17.923
Car A,1376,91.7333,5,0.527,1,0.527,-0.061,-0.061,5.9772,-0.0046,-0.4409,1.0,0.061,-2.41,17.943
Car B,1376,91.7333,4,116.244,3,-17.416,-0.027,-0.027,5.6854,0.1563,-0.0847,1.0,-0.2373,-6.228,-17.943
Car A,1377,91.8,5,0.925,1,0.925,-0.063,-0.063,5.9772,-0.0,0.3288,1.0,-0.0786,1.519,17.962
Car B,1377,91.8,4,116.623,3,-17.037,-0.02,-0.02,5.6912,0.0861,-1.0689,1.0,-0.1374,-5.932,-17.962
Car A,1378,91.8667,5,1.324,1,1.324,-0.063,-0.063,5.9772,0.0002,-0.4376,1.0,0.0645,-1.96,17.978
Car B,1378,91.8667,4,117.006,3,-16.654,-0.021,-0.021,5.7783,1.3071,-1.1862,1.0,-0.0559,-3.439,-17.978
Car A,1379,91.9333,5,1.722,1,1.722,-0.066,-0.066,5.9765,-0.0113,0.3509,1.0,-0.1376,1.606,17.989
Car B,1379,91.9333,4,117.393,3,-16.267,-0.024,-0.024,5.8476,1.0396,-0.5079,1.0,-0.049,-1.4,-17.989
Car A,1380,92.0,5,2.121,1,2.121,-0.066,-0.066,5.9751,-0.021,-0.435,1.0,0.0626,-3.432,17.993
Car B,1380,92.0,4,117.788,3,-15.873,-0.025,-0.025,5.9443,1.4496,-0.4882,1.0,-0.0272,-1.201,-17.993
Car A,1381,92.0667,5,2.519,1,2.519,-0.07,-0.07,5.9763,0.0184,0.3309,1.0,-0.1825,1.557,17.992
Car B,1381,92.0667,4,118.187,3,-15.473,-0.027,-0.027,6.0156,1.0699,-0.2026,1.0,-0.0179,-0.671,-17.992
Car A,1382,92.1333,5,2.917,1,2.917,-0.072,-0.072,5.9739,-0.0364,-0.4839,1.0,0.0725,-4.553,17.989
Car B,1382,92.1333,4,118.588,3,-15.072,-0.028,-0.028,6.0176,0.0303,-0.12,1.0,-0.0147,-0.443,-17.989
Car A,1383,92.2,5,3.315,1,3.315,-0.077,-0.077,5.9754,0.0234,0.2957,1.0,-0.0971,1.801,17.987
Car B,1383,92.2,4,118.989,3,-14.671,-0.03,-0.03,6.0131,-0.0682,-0.0965,1.0,-0.0117,-0.361,-17.987
Car A,1384,92.2667,5,3.714,1,3.714,-0.079,-0.079,5.9747,-0.0104,-0.4339,1.0,0.0782,-2.42,17.984
Car B,1384,92.2667,4,119.39,3,-14.27,-0.032,-0.032,6.011,-0.0305,-0.0732,1.0,-0.0088,-0.287,-17.984
Car A,1385,92.3333,5,4.112,1,4.112,-0.084,-0.084,5.9743,-0.0072,0.3393,1.0,-0.0797,1.948,17.981
Car B,1385,92.3333,4,119.791,3,-13.869,-0.034,-0.034,6.0097,-0.0198,-0.0605,1.0,-0.0055,-0.216,-17.981
Car A,1386,92.4,5,4.51,1,4.51,-0.086,-0.086,5.9748,0.0083,-0.402,1.0,0.0815,-1.985,17.979
Car B,1386,92.4,4,120.191,3,-13.469,-0.036,-0.036,6.0014,-0.1239,-0.0274,1.0,-0.0042,-0.134,-17.979
Car A,1387,92.4667,5,4.908,1,4.908,-0.091,-0.091,5.974,-0.0115,0.371,1.0,-0.067,2.032,17.977
Car B,1387,92.4667,4,120.591,3,-13.069,-0.039,-0.039,6.0015,0.0002,-0.0245,1.0,-0.0016,-0.104,-17.977
Car A,1388,92.5333,5,5.307,1,5.307,-0.093,-0.093,5.9748,0.0117,-0.3775,1.0,0.0829,-1.668,17.975
Car B,1388,92.5333,4,120.992,3,-12.668,-0.041,-0.041,6.005,0.0526,-0.0283,1.0,0.0023,-0.041,-17.975
Car A,1389,92.6,5,5.705,1,5.705,-0.098,-0.098,5.9743,-0.0084,0.4036,1.0,-0.0713,2.067,17.973
Car B,1389,92.6,4,121.392,3,-12.268,-0.044,-0.044,6.0028,-0.0319,0.0179,1.0,0.0024,0.054,-17.973
Car A,1390,92.6667,5,6.103,1,6.103,-0.099,-0.099,5.9745,0.0042,-0.3625,1.0,0.0836,-1.777,17.971
Car B,1390,92.6667,4,121.792,3,-11.868,-0.046,-0.046,6.0008,-0.0305,-0.0095,1.0,0.0043,0.059,-17.971
Car A,1391,92.7333,5,6.501,1,6.501,-0.104,-0.104,5.9731,-0.0212,0.3991,1.0,-0.062,2.083,17.969
Car B,1391,92.7333,4,122.192,3,-11.468,-0.048,-0.048,6.0016,0.0126,0.0093,1.0,0.006,0.103,-17.969
Car A,1392,92.8,5,6.899,1,6.9,-0.105,-0.105,5.9744,0.0194,-0.3625,1.0,0.0845,-1.545,17.967
Car B,1392,92.8,4,122.593,3,-11.068,-0.051,-0.051,6.0011,-0.0076,0.0163,1.0,0.0073,0.145,-17.967
Car A,1393,92.8667,5,7.298,1,7.298,-0.109,-0.109,5.9735,-0.0139,0.424,1.0,-0.0701,2.106,17.965
Car B,1393,92.8667,4,122.993,3,-10.668,-0.053,-0.053,5.9999,-0.0185,0.0253,1.0,0.0081,0.176,-17.965
Car A,1394,92.9333,5,7.696,1,7.696,-0.11,-0.11,5.974,0.0078,-0.3517,1.0,0.0843,-1.746,17.964
Car B,1394,92.9333,4,123.393,3,-10.268,-0.055,-0.055,5.9991,-0.0122,0.0295,1.0,0.0085,0.197,-17.964
Car A,1395,93.0,5,8.094,1,8.094,-0.113,-0.113,5.9732,-0.0121,0.4054,1.0,-0.0588,2.101,17.962
Car B,1395,93.0,4,123.793,3,-9.868,-0.057,-0.057,5.9983,-0.0123,0.0386,1.0,0.0086,0.208,-17.962
Car A,1396,93.0667,5,8.492,1,8.492,-0.114,-0.114,5.9746,0.0212,-0.3611,1.0,0.085,-1.464,17.96
Car B,1396,93.0667,4,124.192,3,-9.468,-0.059,-0.059,5.9976,-0.01,0.0421,1.0,0.0083,0.21,-17.96
Car A,1397,93.1333,5,8.89,1,8.891,-0.116,-0.116,5.9739,-0.0103,0.4612,1.0,-0.0908,2.12,17.959
Car B,1397,93.1333,4,124.592,3,-9.068,-0.06,-0.06,5.9974,-0.0027,0.0459,1.0,0.0079,0.201,-17.959
Car A,1398,93.2,5,9.289,1,9.289,-0.116,-0.116,5.9738,-0.002,-0.3412,1.0,0.0834,-2.263,17.957
Car B,1398,93.2,4,124.992,3,-8.668,-0.061,-0.061,5.9975,0.0017,0.0423,1.0,0.0077,0.194,-17.957
Car A,1399,93.2667,5,9.687,1,9.687,-0.119,-0.119,5.9737,-0.002,0.3936,1.0,-0.0589,2.078,17.955
Car B,1399,93.2667,4,125.392,3,-8.268,-0.062,-0.062,5.9976,0.0004,0.0421,1.0,0.0074,0.187,-17.955
Car A,1400,93.3333,5,10.085,1,10.085,-0.119,-0.119,5.9747,0.0154,-0.3646,1.0,0.0847,-1.467,17.954
Car B,1400,93.3333,4,125.792,3,-7.868,-0.063,-0.063,5.9976,0.0007,0.042,1.0,0.0068,0.18,-17.954
Car A,1401,93.4,5,10.483,1,10.483,-0.121,-0.121,5.9742,-0.0079,0.4317,1.0,-0.0827,2.111,17.952
Car B,1401,93.4,4,126.192,3,-7.469,-0.064,-0.064,5.998,0.0055,0.0379,1.0,0.0064,0.166,-17.952
Car A,1402,93.4667,5,10.881,1,10.882,-0.12,-0.12,5.974,-0.0021,-0.3523,1.0,0.0833,-2.06,17.95
Car B,1402,93.4667,4,126.592,3,-7.069,-0.064,-0.064,5.9973,-0.0098,0.0071,1.0,0.0065,0.157,-17.95
Car A,1403,93.5333,5,11.28,1,11.28,-0.122,-0.122,5.9734,-0.0093,0.3896,1.0,-0.0652,2.077,17.949
Car B,1403,93.5333,4,126.992,3,-6.669,-0.065,-0.065,5.9982,0.0131,0.0199,1.0,0.006,0.159,-17.949
Car A,1404,93.6,5,11.678,1,11.678,-0.121,-0.121,5.9745,0.0172,-0.3672,1.0,0.084,-1.624,17.947
Car B,1404,93.6,4,127.391,3,-6.269,-0.065,-0.065,5.9983,0.0021,0.0444,1.0,0.0043,0.146,-17.947
Car A,1405,93.6667,5,12.076,1,12.076,-0.123,-0.123,5.9734,-0.0178,0.4113,1.0,-0.0825,2.094,17.945
Car B,1405,93.6667,4,127.791,3,-5.869,-0.065,-0.065,6.0025,0.0632,0.048,1.0,0.0038,0.106,-17.945
Car A,1406,93.7333,5,12.474,1,12.474,-0.122,-0.122,5.9738,0.0072,-0.3628,1.0,0.083,-2.055,17.943
Car B,1406,93.7333,4,128.192,3,-5.469,-0.065,-0.065,6.0035,0.0142,0.0538,1.0,0.0031,0.093,-17.943
Car A,1407,93.8,5,12.872,1,12.873,-0.124,-0.124,5.973,-0.0124,0.3851,1.0,-0.071,2.069,17.941
Car B,1407,93.8,4,128.592,3,-5.068,-0.064,-0.064,6.003,-0.007,0.024,1.0,0.0033,0.077,-17.941
Car A,1408,93.8667,5,13.271,1,13.271,-0.123,-0.123,5.974,0.0156,-0.371,1.0,0.0835,-1.768,17.939
Car B,1408,93.8667,4,128.992,3,-4.668,-0.064,-0.064,6.0024,-0.009,0.0129,1.0,0.003,0.08,-17.939
Car A,1409,93.9333,5,13.669,1,13.669,-0.124,-0.124,5.9737,-0.0052,0.3922,1.0,-0.0745,2.081,17.937
Car B,1409,93.9333,4,129.392,3,-4.268,-0.064,-0.064,6.0019,-0.0082,0.2153,1.0,-0.0035,0.073,-17.937
Car A,1410,94.0,5,14.067,1,14.067,-0.123,-0.123,5.9735,-0.0032,-0.3657,1.0,0.0828,-1.855,17.935
Car B,1410,94.0,4,129.792,3,-3.868,-0.064,-0.064,6.0027,0.012,-0.0112,1.0,0.0027,-0.083,-17.935
Car A,1411,94.0667,5,14.465,1,14.465,-0.124,-0.124,5.9729,-0.0084,0.3932,1.0,-0.0755,2.065,17.933
Car B,1411,94.0667,4,130.193,3,-3.468,-0.063,-0.063,5.994,-0.1307,-0.1499,1.0,0.0049,0.057,-17.933
Car A,1412,94.1333,5,14.863,1,14.863,-0.123,-0.123,5.9733,0.0054,-0.3682,1.0,0.0827,-1.88,17.931
Car B,1412,94.1333,4,130.592,3,-3.068,-0.063,-0.063,5.9997,0.0861,-0.001,1.0,0.0023,0.116,-17.931
Car A,1413,94.2,5,15.261,1,15.262,-0.124,-0.124,5.973,-0.0047,0.3866,1.0,-0.1457,2.061,17.929
Car B,1413,94.2,4,130.993,3,-2.668,-0.063,-0.063,6.0031,0.051,0.0233,1.0,0.0008,0.058,-17.929
Car A,1414,94.2667,5,15.66,1,15.66,-0.123,-0.123,5.9717,-0.019,-0.3891,1.0,0.0775,-3.634,17.927
Car B,1414,94.2667,4,131.393,3,-2.267,-0.062,-0.062,6.0028,-0.0043,0.0136,1.0,-0.0002,0.02,-17.927
Car A,1415,94.3333,5,16.058,1,16.058,-0.124,-0.124,5.9729,0.0177,0.3652,1.0,-0.3001,1.929,17.925
Car B,1415,94.3333,4,131.793,3,-1.867,-0.061,-0.061,6.0035,0.0105,0.0211,1.0,-0.0007,-0.004,-17.925
Car A,1416,94.4,5,16.456,1,16.456,-0.124,-0.124,5.9697,-0.048,-0.4616,1.0,0.0467,-7.488,17.923
Car B,1416,94.4,4,132.193,3,-1.467,-0.061,-0.061,6.001,-0.0379,-0.0038,1.0,-0.0006,-0.016,-17.923
Car A,1417,94.4667,5,16.854,1,16.854,-0.127,-0.127,5.9715,0.0264,0.3081,1.0,-0.2334,1.153,17.921
Car B,1417,94.4667,4,132.593,3,-1.067,-0.06,-0.06,6.0005,-0.0074,-0.006,1.0,-0.0008,-0.016,-17.921
Car A,1418,94.5333,5,17.252,1,17.252,-0.129,-0.129,5.9705,-0.0139,-0.5355,1.0,-0.0995,-5.823,17.919
Car B,1418,94.5333,4,132.993,3,-0.667,-0.06,-0.06,6.0006,0.0017,-0.0074,1.0,-0.0009,-0.02,-17.919
Car A,1419,94.6,5,17.65,1,17.65,-0.14,-0.14,5.9933,0.3413,-0.9314,1.0,0.0688,-2.493,17.917
Car B,1419,94.6,4,133.394,3,-0.267,-0.059,-0.059,6.0006,0.0001,-0.0078,1.0,-0.0023,-0.021,-17.917
Car A,1420,94.6667,5,18.049,1,18.05,-0.151,-0.151,5.9943,0.0158,0.1017,1.0,0.5601,1.712,17.916
Car B,1420,94.6667,5,0.133,1,0.133,-0.058,-0.058,6.0001,-0.0077,0.0101,1.0,-0.0033,-0.054,-17.916
Car A,1421,94.7333,5,18.449,1,18.449,-0.151,-0.151,5.9869,-0.1115,1.1232,1.0,0.4492,13.984,17.915
Car B,1421,94.7333,5,0.533,1,0.533,-0.058,-0.058,6.0009,0.0125,0.0006,1.0,-0.0029,-0.08,-17.915
Car A,1422,94.8,5,18.848,1,18.848,-0.137,-0.137,5.9794,-0.1129,1.9258,1.0,1.0,11.235,17.914
Car B,1422,94.8,5,0.933,1,0.933,-0.057,-0.057,6.0018,0.013,-0.0254,1.0,-0.0018,-0.072,-17.914
Car A,1423,94.8667,5,19.245,1,19.245,-0.107,-0.107,5.9654,-0.2096,2.5867,1.0,1.0,24.978,17.911
Car B,1423,94.8667,5,1.334,1,1.334,-0.057,-0.057,6.0008,-0.0144,-0.0063,1.0,-0.0021,-0.045,-17.911
Car A,1424,94.9333,5,19.64,1,19.64,-0.061,-0.061,5.9528,-0.1883,3.0927,1.0,1.0,25.0,17.907
Car B,1424,94.9333,5,1.734,1,1.734,-0.057,-0.057,6.0014,0.0085,0.0007,1.0,-0.0029,-0.051,-17.907
Car A,1425,95.0,5,20.033,1,20.033,0.004,0.001,5.9411,-0.1758,3.4848,1.0,1.0,25.0,17.899
Car B,1425,95.0,5,2.134,1,2.134,-0.056,-0.056,6.0011,-0.0041,-0.0033,1.0,-0.0045,-0.069,-17.899
Car A,1426,95.0667,5,20.426,1,20.421,0.086,0.053,5.9308,-0.1549,3.7892,1.0,1.0,25.0,17.892
Car B,1426,95.0667,5,2.534,1,2.534,-0.056,-0.056,6.0008,-0.0045,0.0,1.0,-0.0064,-0.108,-17.892
Car A,1427,95.1333,5,20.816,1,20.804,0.188,0.124,5.9217,-0.1358,4.0237,1.0,0.9187,25.0,17.882
Car B,1427,95.1333,5,2.934,1,2.934,-0.055,-0.055,6.0013,0.0063,-0.0057,1.0,-0.0087,-0.154,-17.882
Car A,1428,95.2,5,21.232,1,21.182,0.308,0.171,5.9152,-0.0976,4.191,1.0,1.0,22.969,17.898
Car B,1428,95.2,5,3.334,1,3.334,-0.055,-0.055,6.0018,0.0088,-0.0122,1.0,-0.0106,-0.209,-17.898
Car A,1429,95.2667,5,21.625,1,21.552,0.447,0.22,5.9083,-0.1046,4.3386,1.0,1.0,24.996,17.891
Car B,1429,95.2667,5,3.734,1,3.734,-0.054,-0.054,6.0031,0.0187,-0.0248,1.0,-0.0114,-0.256,-17.891
Car A,1430,95.3333,5,22.058,1,21.915,0.605,0.265,5.902,-0.0943,4.4452,1.0,1.0,24.999,17.924
Car B,1430,95.3333,5,4.135,1,4.135,-0.054,-0.054,6.0049,0.0273,-0.0427,1.0,-0.0122,-0.277,-17.924
Car A,1431,95.4,5,22.453,1,22.268,0.782,0.293,5.8964,-0.0844,4.5315,1.0,0.7203,24.999,17.918
Car B,1431,95.4,5,4.535,1,4.535,-0.054,-0.054,6.0053,0.0066,-0.0444,1.0,-0.0118,-0.295,-17.918
Car A,1432,95.4667,5,22.898,1,22.612,0.978,0.335,5.8955,-0.0123,4.5797,1.0,1.0,18.017,17.963
Car B,1432,95.4667,5,4.935,1,4.936,-0.055,-0.055,6.0065,0.0175,-0.052,1.0,-0.0127,-0.287,-17.963
Car A,1433,95.5333,5,23.293,1,22.945,1.19,0.342,5.8904,-0.0766,4.6521,1.0,1.0,24.989,17.957
Car B,1433,95.5333,5,5.336,1,5.336,-0.055,-0.055,6.0049,-0.0249,-0.0378,1.0,-0.0124,-0.309,-17.957
Car A,1434,95.6,5,23.687,1,23.265,1.421,0.371,5.8864,-0.0611,4.6869,1.0,0.9829,24.999,17.95
Car B,1434,95.6,5,5.736,1,5.736,-0.056,-0.056,6.0067,0.0283,-0.0539,1.0,-0.0108,-0.301,-17.95
Car A,1435,95.6667,5,24.14,1,23.572,1.668,0.367,5.8825,-0.0585,4.7203,1.0,1.0,24.573,18.003
Car B,1435,95.6667,5,6.137,1,6.137,-0.057,-0.057,6.0077,0.0142,-0.0622,1.0,-0.0092,-0.265,-18.003
Car A,1436,95.7333,5,24.534,1,23.866,1.932,0.377,5.8786,-0.0574,4.75,1.0,1.0,24.999,17.997
Car B,1436,95.7333,5,6.537,1,6.538,-0.059,-0.059,6.0074,-0.0045,-0.0569,1.0,-0.0072,-0.226,-17.997
Car A,1437,95.8,5,24.988,1,24.144,2.211,0.369,5.8751,-0.053,4.7728,1.0,1.0,24.999,18.05
Car B,1437,95.8,5,6.938,1,6.938,-0.061,-0.061,6.0069,-0.0068,-0.0557,1.0,-0.0059,-0.178,-18.05
Car A,1438,95.8667,5,25.382,1,24.407,2.504,0.36,5.8717,-0.0508,4.7905,1.0,1.0,24.999,18.043
Car B,1438,95.8667,5,7.338,1,7.339,-0.063,-0.063,6.0056,-0.0203,-0.0407,1.0,-0.0036,-0.144,-18.043
Car A,1439,95.9333,5,25.832,1,24.653,2.811,0.348,5.8684,-0.0492,4.8036,1.0,1.0,24.999,18.093
Car B,1439,95.9333,5,7.739,1,7.739,-0.065,-0.065,6.0011,-0.0677,-0.0112,1.0,-0.0038,-0.09,-18.093
Car A,1440,96.0,5,26.225,1,24.882,3.131,0.321,5.8653,-0.0467,4.815,1.0,1.0,24.999,18.086
Car B,1440,96.0,5,8.139,1,8.139,-0.067,-0.067,5.9995,-0.0243,-0.0237,1.0,-0.0007,-0.092,-18.086
Car A,1441,96.0667,5,26.667,1,25.092,3.464,0.306,5.8623,-0.0451,4.8222,1.0,1.0,24.999,18.128
Car B,1441,96.0667,5,8.539,1,8.539,-0.07,-0.07,6.0018,0.0356,0.0032,1.0,0.0012,-0.02,-18.128
Car A,1442,96.1333,5,27.057,1,25.284,3.807,0.26,5.8594,-0.0433,4.8304,1.0,1.0,24.999,18.118
Car B,1442,96.1333,5,8.939,1,8.939,-0.072,-0.072,5.9993,-0.0385,-0.0116,1.0,0.0061,0.026,-18.118
Car A,1443,96.2,5,27.449,1,25.457,4.159,0.236,5.8566,-0.0421,4.8368,1.0,1.0,24.999,18.11
Car B,1443,96.2,5,9.339,1,9.339,-0.075,-0.075,5.9987,-0.0084,-0.0292,1.0,0.0096,0.143,-18.11
Car A,1444,96.2667,5,27.874,1,25.61,4.521,0.182,5.8539,-0.0412,4.8406,1.0,1.0,24.999,18.136
Car B,1444,96.2667,5,9.739,1,9.739,-0.077,-0.077,5.9975,-0.0189,0.0553,1.0,0.0092,0.233,-18.136
Car A,1445,96.3333,5,28.265,1,25.742,4.891,0.139,5.8512,-0.0406,4.8429,1.0,1.0,24.999,18.126
Car B,1445,96.3333,5,10.138,1,10.139,-0.078,-0.078,5.997,-0.007,0.0476,1.0,0.0119,0.226,-18.126
Car A,1446,96.4,5,28.673,1,25.854,5.267,0.088,5.8486,-0.0391,4.8462,1.0,1.0,24.999,18.134
Car B,1446,96.4,5,10.539,1,10.539,-0.08,-0.08,5.9996,0.0394,0.033,1.0,0.0164,0.288,-18.134
Car A,1447,96.4667,5,29.06,1,25.945,5.648,0.027,5.846,-0.0388,4.8477,1.0,1.0,24.999,18.122
Car B,1447,96.4667,5,10.938,1,10.938,-0.081,-0.081,5.9884,-0.1677,0.2057,1.0,0.0091,0.399,-18.122
Car A,1448,96.5333,5,29.449,1,26.015,6.034,-0.015,5.8435,-0.0375,4.8498,1.0,1.0,24.999,18.111
Car B,1448,96.5333,5,11.338,1,11.338,-0.081,-0.081,5.9912,0.0417,0.0291,1.0,0.0155,0.229,-18.111
Car A,1449,96.6,5,29.838,1,26.063,6.423,-0.063,5.841,-0.0372,4.8504,1.0,0.6513,24.999,18.101
Car B,1449,96.6,5,11.737,1,11.737,-0.08,-0.08,5.996,0.0724,0.016,1.0,0.0166,0.375,-18.101
Car A,1450,96.6667,5,30.229,1,26.09,6.814,-0.09,5.8498,0.1313,4.789,1.0,0.0639,16.294,18.092
Car B,1450,96.6667,5,12.137,1,12.137,-0.08,-0.08,5.996,-0.0008,0.074,1.0,0.014,0.404,-18.092
Car A,1451,96.7333,5,30.622,1,26.104,7.207,-0.104,5.8923,0.6382,3.002,1.0,-0.1507,1.619,18.085
Car B,1451,96.7333,5,12.537,1,12.537,-0.079,-0.079,5.9918,-0.0622,0.0948,1.0,0.0069,0.344,-18.085
Car A,1452,96.8,5,31.016,1,26.125,7.601,-0.125,5.916,0.3549,1.1216,1.0,0.0343,-3.76,18.079
Car B,1452,96.8,5,12.936,1,12.936,-0.077,-0.077,5.9995,0.1146,0.0747,1.0,0.005,0.17,-18.079
Car A,1453,96.8667,5,31.41,1,26.155,7.995,-0.155,5.956,0.6,0.3464,1.0,0.1045,0.839,18.074
Car B,1453,96.8667,5,13.336,1,13.337,-0.076,-0.076,6.0007,0.0179,0.0164,1.0,0.0032,0.124,-18.074
Car A,1454,96.9333,5,31.807,1,26.181,8.392,-0.181,5.9727,0.2508,0.9655,1.0,0.0923,2.61,18.07
Car B,1454,96.9333,5,13.736,1,13.736,-0.074,-0.074,6.0001,-0.0079,0.0056,1.0,0.0013,0.08,-18.07
Car A,1455,97.0,5,32.205,1,26.201,8.79,-0.201,6.0009,0.4233,0.8952,1.0,0.0966,2.308,18.068
Car B,1455,97.0,5,14.137,1,14.137,-0.073,-0.073,6.0021,0.0291,0.0019,1.0,-0.0015,0.033,-18.068
Car A,1456,97.0667,5,32.602,1,26.217,9.187,-0.217,5.9476,-0.7999,0.9562,1.0,-0.0374,2.41,18.066
Car B,1456,97.0667,5,14.537,1,14.537,-0.071,-0.071,6.0032,0.0164,0.0002,1.0,0.0024,-0.037,-18.066
Car A,1457,97.1333,5,32.999,1,26.234,9.584,-0.234,5.9539,0.0949,-0.1051,1.0,0.1021,-0.93,18.062
Car B,1457,97.1333,5,14.937,1,14.937,-0.07,-0.07,6.0039,0.0114,-0.001,1.0,0.0025,0.056,-18.062
Car A,1458,97.2,5,33.395,1,26.253,9.98,-0.253,5.9546,0.0098,0.5981,1.0,0.0117,2.546,18.058
Car B,1458,97.2,5,15.337,1,15.337,-0.068,-0.068,6.0001,-0.0574,0.0102,1.0,0.0181,0.06,-18.058
Car A,1459,97.2667,5,33.792,1,26.269,10.377,-0.269,5.9913,0.551,0.1275,1.0,0.1183,0.295,18.055
Car B,1459,97.2667,5,15.737,1,15.737,-0.066,-0.066,5.996,-0.0611,0.0251,1.0,0.0102,0.441,-18.055
Car A,1460,97.3333,5,34.192,1,26.281,10.776,-0.281,5.989,-0.0343,0.9066,1.0,-0.071,2.953,18.055
Car B,1460,97.3333,5,16.137,1,16.137,-0.063,-0.063,5.9993,0.0495,0.1013,0.9404,0.0651,0.255,-18.055
Car A,1461,97.4,5,34.591,1,26.291,11.176,-0.291,5.9892,0.0031,-0.0431,1.0,0.1985,-1.767,18.059
Car B,1461,97.4,5,16.531,1,16.531,-0.056,-0.056,5.8662,-1.9967,0.5895,0.9885,0.0104,1.625,-18.059
Car A,1462,97.4667,5,34.989,1,26.304,11.574,-0.304,5.9867,-0.0381,0.5878,1.0,0.1611,4.951,18.065
Car B,1462,97.4667,5,16.924,1,16.924,-0.048,-0.048,5.9276,0.9207,0.1083,0.8854,0.0929,0.26,-18.065
Car A,1463,97.5333,5,35.389,1,26.304,11.973,-0.304,5.9854,-0.0196,1.4434,1.0,0.9294,4.029,18.074
Car B,1463,97.5333,5,17.314,1,17.314,-0.038,-0.038,5.8118,-1.7377,0.7479,0.9173,-0.087,2.319,-18.074
Car A,1464,97.6,5,35.787,1,26.292,12.372,-0.292,5.9799,-0.0824,1.796,1.0,0.212,23.206,18.086
Car B,1464,97.6,5,17.701,1,17.701,-0.026,-0.026,5.7903,-0.3214,-0.213,0.9196,-0.0588,-2.167,-18.086
Car A,1465,97.6667,5,36.185,1,26.273,12.77,-0.273,5.9744,-0.0825,1.6253,1.0,0.9922,5.325,18.103
Car B,1465,97.6667,5,18.082,1,18.082,-0.024,-0.024,5.647,-2.1502,-0.5032,1.0,1.0,-1.472,-18.103
Car A,1466,97.7333,5,36.582,1,26.243,13.167,-0.243,5.9678,-0.0993,1.9995,1.0,0.5964,24.776,18.124
Car B,1466,97.7333,5,18.458,1,18.458,-0.017,-0.017,5.6484,0.0209,0.3053,1.0,1.0,24.96,-18.124
Car A,1467,97.8,5,36.977,1,26.196,13.562,-0.196,5.9503,-0.2622,2.8302,1.0,0.9082,14.924,18.143
Car B,1467,97.8,5,18.834,1,18.834,0.0,0.0,5.6385,-0.1476,1.424,1.0,1.0,25.0,-18.143
Car A,1468,97.8667,5,37.369,1,26.133,13.954,-0.133,5.939,-0.1689,3.3025,1.0,1.0,22.693,18.16
Car B,1468,97.8667,5,19.209,1,19.209,0.034,0.034,5.6297,-0.1325,2.1526,1.0,1.0,25.0,-18.16
Car A,1469,97.9333,5,37.752,1,26.052,14.342,-0.079,5.9286,-0.1568,3.6411,1.0,1.0,24.996,18.171
Car B,1469,97.9333,5,19.581,1,19.581,0.083,0.083,5.6209,-0.1322,2.726,0.6729,-0.1305,25.0,-18.171
Car A,1470,98.0,5,38.142,1,25.952,14.726,-0.009,5.919,-0.1435,3.9142,1.0,0.9753,25.0,18.192
Car B,1470,98.0,5,19.951,1,19.951,0.14,0.14,5.6087,-0.1825,1.7567,0.7142,-0.1045,-3.22,-18.192
Car A,1471,98.0667,5,38.538,1,25.834,15.103,0.051,5.9109,-0.1221,4.115,1.0,1.0,24.382,18.206
Car B,1471,98.0667,5,20.333,1,20.319,0.188,0.162,5.5517,-0.8558,0.0611,1.0,1.0,-2.612,-18.206
Car A,1472,98.1333,5,38.931,1,25.696,15.474,0.098,5.9035,-0.11,4.2756,1.0,1.0,24.999,18.229
Car B,1472,98.1333,5,20.702,1,20.686,0.235,0.18,5.5468,-0.0732,0.5932,1.0,1.0,24.958,-18.229
Car A,1473,98.2,5,39.346,1,25.54,15.837,0.16,5.897,-0.0977,4.3979,1.0,1.0,24.999,18.245
Car B,1473,98.2,5,21.102,1,21.051,0.292,0.186,5.5387,-0.1217,1.6193,1.0,1.0,25.0,-18.245
Car A,1474,98.2667,5,39.74,1,25.365,16.192,0.186,5.8912,-0.0868,4.4948,1.0,1.0,24.999,18.269
Car B,1474,98.2667,5,21.471,1,21.413,0.366,0.173,5.5312,-0.112,2.2979,1.0,1.0,25.0,-18.269
Car A,1475,98.3333,5,40.132,1,25.172,16.536,0.233,5.886,-0.0783,4.5704,1.0,1.0,24.999,18.292
Car B,1475,98.3333,5,21.84,1,21.771,0.455,0.177,5.5236,-0.1134,2.8319,1.0,1.0,25.0,-18.292
Car A,1476,98.4,5,40.564,1,24.961,16.869,0.253,5.8813,-0.0703,4.6287,1.0,1.0,24.999,18.329
Car B,1476,98.4,5,22.236,1,22.125,0.562,0.144,5.5169,-0.1014,3.2561,1.0,1.0,25.0,-18.329
Car A,1477,98.4667,5,40.957,1,24.733,17.19,0.28,5.877,-0.0643,4.6773,1.0,1.0,24.999,18.353
Car B,1477,98.4667,5,22.604,1,22.472,0.686,0.125,5.5113,-0.0839,3.5904,1.0,1.0,25.0,-18.353
Car A,1478,98.5333,5,41.398,1,24.487,17.498,0.298,5.8731,-0.0593,4.7152,1.0,1.0,24.999,18.407
Car B,1478,98.5333,5,22.991,1,22.813,0.827,0.101,5.507,-0.064,3.8559,1.0,1.0,25.0,-18.407
Car A,1479,98.6,5,41.791,1,24.226,17.792,0.306,5.8693,-0.0559,4.7448,1.0,1.0,24.999,18.433
Car B,1479,98.6,5,23.358,1,23.146,0.986,0.063,5.504,-0.0457,4.0653,1.0,1.0,24.999,-18.433
Car A,1480,98.6667,5,42.235,1,23.948,18.072,0.321,5.866,-0.0509,4.7692,1.0,1.0,24.999,18.509
Car B,1480,98.6667,5,23.727,1,23.47,1.163,0.044,5.502,-0.0296,4.2274,1.0,1.0,24.999,-18.509
Car A,1481,98.7333,5,42.628,1,23.657,18.335,0.31,5.8626,-0.0499,4.7872,1.0,1.0,24.999,18.529
Car B,1481,98.7333,5,24.099,1,23.784,1.358,-0.006,5.5009,-0.0162,4.3566,1.0,1.0,24.999,-18.529
Car A,1482,98.8,5,43.021,1,23.351,18.582,0.321,5.8595,-0.0465,4.8013,1.0,0.9418,24.999,18.555
Car B,1482,98.8,5,24.466,1,24.086,1.569,-0.041,5.5006,-0.0042,4.4591,1.0,1.0,24.999,-18.555
Car A,1483,98.8667,5,43.464,1,23.032,18.812,0.294,5.8571,-0.0361,4.8084,1.0,1.0,23.547,18.639
Car B,1483,98.8667,5,24.825,1,24.376,1.798,-0.075,5.501,0.0048,4.5428,1.0,1.0,24.999,-18.639
Car A,1484,98.9333,5,43.856,1,22.702,19.024,0.286,5.8542,-0.044,4.8247,1.0,1.0,24.997,18.666
Car B,1484,98.9333,5,25.191,1,24.653,2.043,-0.127,5.5019,0.0134,4.6091,1.0,1.0,24.999,-18.666
Car A,1485,99.0,5,44.292,1,22.36,19.217,0.258,5.8515,-0.0409,4.8292,1.0,1.0,24.999,18.734
Car B,1485,99.0,5,25.559,1,24.915,2.303,-0.157,5.5031,0.0189,4.6607,1.0,1.0,24.999,-18.734
Car A,1486,99.0667,5,44.684,2,22.009,19.391,0.232,5.8488,-0.04,4.8349,1.0,1.0,24.999,18.785
Car B,1486,99.0667,5,25.899,1,25.162,2.578,-0.208,5.5048,0.0245,4.7042,1.0,1.0,24.999,-18.785
Car A,1487,99.1333,5,45.11,2,21.648,19.546,0.204,5.8462,-0.0396,4.8402,1.0,1.0,24.999,18.844
Car B,1487,99.1333,5,26.266,1,25.393,2.866,-0.254,5.5067,0.0287,4.7387,1.0,1.0,24.999,-18.844
Car A,1488,99.2,5,45.5,2,21.28,19.68,0.16,5.8436,-0.0388,4.8424,1.0,1.0,24.999,18.909
Car B,1488,99.2,5,26.591,1,25.607,3.168,-0.283,5.5088,0.0317,4.7649,1.0,1.0,24.999,-18.909
Car A,1489,99.2667,5,45.912,2,20.904,19.793,0.135,5.841,-0.038,4.8461,1.0,1.0,24.999,18.956
Car B,1489,99.2667,5,26.956,1,25.803,3.482,-0.344,5.511,0.0341,4.7874,1.0,1.0,24.999,-18.956
Car A,1490,99.3333,5,46.299,2,20.524,19.886,0.073,5.8386,-0.0358,4.8483,1.0,0.6662,24.999,18.975
Car B,1490,99.3333,5,27.324,1,25.981,3.807,-0.383,5.5134,0.0359,4.8054,1.0,1.0,24.999,-18.975
Car A,1491,99.4,5,46.689,2,20.139,19.957,0.032,5.8453,0.099,4.7912,1.0,-0.1704,16.666,19.059
Car B,1491,99.4,5,27.629,1,26.14,4.142,-0.422,5.516,0.0377,4.8213,1.0,1.0,24.999,-19.059
Car A,1492,99.4667,5,47.08,2,19.75,20.016,-0.016,5.8813,0.5413,3.3438,1.0,0.6613,-4.229,19.084
Car B,1492,99.4667,5,27.996,1,26.278,4.486,-0.477,5.5185,0.0375,4.8315,1.0,1.0,24.999,-19.084
Car A,1493,99.5333,5,47.468,2,19.362,20.073,-0.073,5.8875,0.0926,2.6567,1.0,0.0405,16.501,19.103
Car B,1493,99.5333,5,28.365,1,26.397,4.837,-0.51,5.521,0.0382,4.8398,1.0,1.0,24.999,-19.103
Car A,1494,99.6,5,47.858,2,18.972,20.122,-0.122,5.8996,0.1808,1.5826,1.0,0.0303,1.036,19.207
Car B,1494,99.6,5,28.651,1,26.495,5.195,-0.556,5.5236,0.0388,4.8475,1.0,1.0,24.999,-19.207
Car A,1495,99.6667,5,48.249,2,18.581,20.181,-0.181,5.9482,0.7298,0.2863,1.0,0.1101,0.759,19.229
Car B,1495,99.6667,5,29.019,1,26.572,5.558,-0.604,5.5262,0.0386,4.8526,1.0,1.0,24.999,-19.229
Car A,1496,99.7333,5,48.641,2,18.189,20.237,-0.237,5.9594,0.1685,1.0192,1.0,0.0855,2.75,19.252
Car B,1496,99.7333,5,29.39,1,26.627,5.925,-0.631,5.5288,0.0389,4.857,1.0,1.0,24.999,-19.252
Car A,1497,99.8,5,49.034,2,17.796,20.289,-0.289,5.9317,-0.4166,0.6852,1.0,0.0679,2.113,19.324
Car B,1497,99.8,5,29.71,1,26.661,6.295,-0.661,5.5313,0.0383,4.861,1.0,1.0,24.999,-19.324
Car A,1498,99.8667,5,49.427,2,17.403,20.339,-0.339,5.9435,0.1773,0.4571,1.0,0.0715,1.672,19.345
Car B,1498,99.8667,5,30.082,1,26.673,6.667,-0.673,5.5339,0.0381,4.8636,1.0,1.0,24.999,-19.345
Car A,1499,99.9333,5,49.82,2,17.01,20.385,-0.385,5.9382,-0.0798,0.6868,1.0,0.0333,1.764,19.367
Car B,1499,99.9333,5,30.454,1,26.664,7.038,-0.664,5.5364,0.0379,4.8656,1.0,1.0,24.999,-19.367
Car A,1500,100.0,5,50.214,2,16.616,20.432,-0.432,5.9681,0.4493,0.2565,1.0,0.0648,0.822,19.39
Car B,1500,100.0,5,30.824,1,26.633,7.409,-0.633,5.5389,0.0371,4.8669,1.0,1.0,24.999,-19.39
Car A,1501,100.0667,5,50.61,2,16.22,20.477,-0.477,5.9857,0.2635,0.617,1.0,0.0306,1.619,19.417
Car B,1501,100.0667,5,31.193,1,26.58,7.778,-0.58,5.5413,0.0367,4.8696,1.0,0.0355,24.999,-19.417
Car A,1502,100.1333,5,51.007,2,15.823,20.521,-0.521,6.0074,0.3261,0.3212,1.0,0.0449,0.767,19.447
Car B,1502,100.1333,5,31.56,1,26.514,8.145,-0.514,5.5866,0.6801,3.4396,1.0,-0.072,0.923,-19.447
Car A,1503,100.2,5,51.405,2,15.425,20.563,-0.563,5.984,-0.3511,0.4507,1.0,-0.0238,1.114,19.475
Car B,1503,100.2,5,31.93,1,26.454,8.515,-0.454,5.6268,0.6023,1.2911,1.0,-0.0886,-1.795,-19.475
Car A,1504,100.2667,5,51.802,2,15.028,20.607,-0.607,5.9924,0.1251,-0.2241,1.0,0.0537,-0.585,19.499
Car B,1504,100.2667,5,32.303,1,26.405,8.888,-0.405,5.6456,0.2822,-0.0545,1.0,-0.0864,-2.214,-19.499
Car A,1505,100.3333,5,52.199,2,14.631,20.651,-0.651,5.9948,0.037,0.5085,1.0,-0.0734,1.34,19.52
Car B,1505,100.3333,5,32.679,1,26.366,9.264,-0.366,5.7189,1.0994,-0.7567,1.0,-0.0573,-2.16,-19.52
Car A,1506,100.4,5,52.596,2,14.234,20.694,-0.694,5.9946,-0.003,-0.4596,1.0,0.0507,-1.829,19.532
Car B,1506,100.4,5,33.064,1,26.329,9.649,-0.329,5.8473,1.9259,-0.5291,1.0,-0.0627,-1.433,-19.532
Car A,1507,100.4667,5,52.993,2,13.837,20.74,-0.74,5.9932,-0.0218,0.3498,1.0,-0.0817,1.261,19.537
Car B,1507,100.4667,5,33.456,1,26.294,10.041,-0.294,5.9408,1.4025,-0.608,1.0,-0.0245,-1.56,-19.537
Car A,1508,100.5333,5,53.39,2,13.44,20.785,-0.785,5.9908,-0.0358,-0.4731,1.0,0.082,-2.037,19.537
Car B,1508,100.5333,5,33.853,1,26.258,10.438,-0.258,5.9866,0.6867,-0.2503,1.0,-0.0912,-0.603,-19.537
Car A,1509,100.6,5,53.787,2,13.044,20.832,-0.832,5.99,-0.012,0.3354,1.0,-0.0091,2.044,19.536
Car B,1509,100.6,5,34.251,1,26.225,10.836,-0.225,5.9826,-0.0596,-0.8627,1.0,-0.1384,-2.277,-19.536
Car A,1510,100.6667,5,54.184,2,12.647,20.875,-0.875,6.0022,0.1829,-0.1028,1.0,0.1521,-0.216,19.535
Car B,1510,100.6667,5,34.649,1,26.203,11.234,-0.203,5.9769,-0.0862,-1.3266,1.0,0.4295,-3.459,-19.535
Car A,1511,100.7333,5,54.582,2,12.249,20.915,-0.915,5.9997,-0.0376,0.8497,1.0,-0.0914,3.796,19.535
Car B,1511,100.7333,5,35.047,1,26.18,11.632,-0.18,5.9804,0.0535,-0.0726,1.0,0.5539,10.716,-19.535
Car A,1512,100.8,5,54.98,2,11.85,20.952,-0.952,5.9997,0.0,-0.0401,1.0,0.2307,-2.277,19.536
Car B,1512,100.8,5,35.444,1,26.146,12.029,-0.146,5.9764,-0.061,1.0088,1.0,0.8466,13.843,-19.536
Car A,1513,100.8667,5,55.378,2,11.452,20.991,-0.991,5.9967,-0.0446,0.6014,1.0,0.1274,5.754,19.538
Car B,1513,100.8667,5,35.839,1,26.098,12.424,-0.098,5.9656,-0.1618,1.8679,0.6147,-0.2557,21.153,-19.538
Car A,1514,100.9333,5,55.777,2,11.053,21.019,-1.019,6.008,0.1694,1.2094,1.0,-0.1726,3.187,19.546
Car B,1514,100.9333,5,36.231,1,26.044,12.816,-0.044,5.9183,-0.7086,0.7318,1.0,1.0,-6.348,-19.546
Car A,1515,101.0,5,56.177,2,10.654,21.046,-1.046,6.0108,0.0419,0.0521,1.0,0.3264,-4.304,19.555
Car B,1515,101.0,5,36.621,1,25.989,13.206,0.011,5.9077,-0.1593,1.1713,1.0,0.8925,24.953,-19.555
Car A,1516,101.0667,5,56.576,2,10.254,21.077,-1.077,6.0072,-0.0542,0.6767,1.0,0.2266,8.141,19.566
Car B,1516,101.0667,5,37.01,1,25.923,13.595,0.077,5.8971,-0.1597,2.0627,1.0,-0.433,22.316,-19.566
Car A,1517,101.1333,5,56.976,2,9.854,21.095,-1.095,6.0014,-0.0862,1.5605,1.0,-0.2716,5.668,19.58
Car B,1517,101.1333,5,37.396,1,25.851,13.981,0.149,5.9018,0.0713,0.9521,1.0,-0.279,-10.776,-19.58
Car A,1518,101.2,5,57.376,2,9.454,21.107,-1.107,6.0032,0.0262,0.4747,1.0,0.2178,-6.77,19.576
Car B,1518,101.2,5,37.8,1,25.786,14.369,0.184,5.9067,0.074,-0.4228,1.0,1.0,-6.98,-19.576
Car A,1519,101.2667,5,57.776,2,9.055,21.123,-1.123,6.0008,-0.0352,0.9687,1.0,-0.0993,5.425,19.584
Car B,1519,101.2667,5,38.192,1,25.725,14.757,0.214,5.895,-0.1758,0.2121,1.0,1.0,24.952,-19.584
Car A,1520,101.3333,5,58.176,2,8.655,21.133,-1.133,6.0022,0.0207,0.0441,1.0,0.3448,-2.469,19.556
Car B,1520,101.3333,5,38.619,1,25.655,15.144,0.216,5.8837,-0.1694,1.3429,1.0,1.0,24.999,-19.556
Car A,1521,101.4,5,58.575,2,8.255,21.147,-1.147,5.9973,-0.0743,0.6848,1.0,0.1123,8.602,19.564
Car B,1521,101.4,5,39.011,1,25.569,15.527,0.21,5.8714,-0.1848,2.111,1.0,1.0,25.0,-19.564
Car A,1522,101.4667,5,58.975,2,7.855,21.152,-1.152,6.0046,0.1104,1.0487,1.0,-0.1687,2.816,19.539
Car B,1522,101.4667,5,39.436,1,25.468,15.905,0.201,5.8592,-0.1838,2.7166,1.0,1.0,25.0,-19.539
Car A,1523,101.5333,5,59.375,2,7.455,21.156,-1.156,6.0058,0.0176,-0.0536,1.0,0.3402,-4.207,19.55
Car B,1523,101.5333,5,39.826,1,25.35,16.278,0.167,5.848,-0.168,3.1847,1.0,1.0,25.0,-19.55
Car A,1524,101.6,5,59.775,2,7.055,21.164,-1.164,6.002,-0.0576,0.5921,1.0,0.1203,8.485,19.56
Car B,1524,101.6,5,40.216,1,25.215,16.644,0.151,5.8378,-0.1529,3.5542,1.0,1.0,25.0,-19.56
Car A,1525,101.6667,5,60.175,2,6.655,21.161,-1.161,6.0007,-0.0182,1.1199,1.0,-0.2469,3.015,19.55
Car B,1525,101.6667,5,40.626,1,25.063,17.004,0.095,5.8291,-0.13,3.8388,1.0,1.0,25.0,-19.55
Car A,1526,101.7333,5,60.576,2,6.255,21.158,-1.158,6.0033,0.0388,-0.0301,1.0,0.2739,-6.159,19.562
Car B,1526,101.7333,5,41.014,1,24.893,17.355,0.056,5.8216,-0.1118,4.0555,1.0,1.0,25.0,-19.562
Car A,1527,101.8,5,60.976,2,5.854,21.159,-1.159,6.0008,-0.0382,0.6048,1.0,-0.0391,6.826,19.569
Car B,1527,101.8,5,41.406,1,24.706,17.696,0.003,5.8152,-0.096,4.2252,1.0,1.0,24.999,-19.569
Car A,1528,101.8667,5,61.376,2,5.454,21.155,-1.155,6.0008,-0.0004,-0.2018,1.0,0.2833,-0.965,19.585
Car B,1528,101.8667,5,41.791,1,24.501,18.027,-0.057,5.8098,-0.0819,4.3596,1.0,1.0,24.999,-19.585
Car A,1529,101.9333,5,61.776,2,5.054,21.153,-1.153,5.9989,-0.0273,0.6123,1.0,-0.0998,7.071,19.613
Car B,1529,101.9333,5,42.163,1,24.279,18.347,-0.103,5.805,-0.0715,4.4645,1.0,1.0,24.999,-19.613
Car A,1530,102.0,5,62.176,2,4.655,21.148,-1.148,6.0002,0.0186,-0.2146,1.0,0.2508,-2.479,19.632
Car B,1530,102.0,5,42.544,1,24.04,18.654,-0.182,5.8009,-0.0616,4.5466,1.0,1.0,24.999,-19.632
Car A,1531,102.0667,5,62.575,2,4.255,21.145,-1.145,5.9967,-0.0519,0.5,1.0,-0.0789,6.257,19.647
Car B,1531,102.0667,5,42.928,1,23.786,18.948,-0.24,5.7973,-0.0542,4.6114,1.0,1.0,24.999,-19.647
Car A,1532,102.1333,5,62.975,2,3.855,21.139,-1.139,5.9963,-0.006,-0.303,1.0,0.2484,-1.959,19.706
Car B,1532,102.1333,5,43.269,1,23.516,19.228,-0.313,5.7942,-0.0468,4.6641,1.0,1.0,24.999,-19.706
Car A,1533,102.2,5,63.374,2,3.456,21.136,-1.136,5.9921,-0.0626,0.4767,1.0,-0.114,6.198,19.725
Car B,1533,102.2,5,43.65,1,23.231,19.492,-0.389,5.7914,-0.0423,4.7043,1.0,1.0,24.999,-19.725
Car A,1534,102.2667,5,63.774,2,3.056,21.129,-1.129,5.9916,-0.0079,-0.3346,1.0,0.2308,-2.836,19.768
Car B,1534,102.2667,5,44.006,1,22.932,19.74,-0.445,5.7888,-0.0384,4.7361,1.0,1.0,24.999,-19.768
Car A,1535,102.3333,5,64.173,2,2.657,21.125,-1.125,5.9893,-0.0354,0.4224,1.0,-0.1261,5.756,19.832
Car B,1535,102.3333,5,44.341,1,22.62,19.971,-0.537,5.7865,-0.034,4.7615,1.0,1.0,24.999,-19.832
Car A,1536,102.4,5,64.572,2,2.258,21.118,-1.118,5.9888,-0.0066,-0.3426,1.0,0.2094,-3.139,19.85
Car B,1536,102.4,5,44.722,2,22.296,20.184,-0.61,5.7844,-0.0317,4.7843,1.0,1.0,24.999,-19.85
Car A,1537,102.4667,5,64.971,2,1.859,21.114,-1.114,5.9881,-0.0109,0.406,1.0,-0.1496,5.221,19.97
Car B,1537,102.4667,5,45.001,2,21.96,20.379,-0.679,5.7825,-0.0286,4.7994,1.0,1.0,24.999,-19.97
Car A,1538,102.5333,5,65.37,2,1.46,21.107,-1.107,5.9873,-0.0124,-0.3562,1.0,0.1959,-3.725,19.992
Car B,1538,102.5333,5,45.378,2,21.614,20.555,-0.769,5.7807,-0.0272,4.8124,1.0,1.0,24.999,-19.992
Car A,1539,102.6,5,65.769,2,1.061,21.103,-1.103,5.9861,-0.0179,0.4011,1.0,-0.1657,4.885,20.01
Car B,1539,102.6,5,45.76,2,21.26,20.711,-0.838,5.7789,-0.0262,4.822,1.0,1.0,24.999,-20.01
Car A,1540,102.6667,5,66.168,2,0.662,21.096,-1.096,5.9854,-0.0106,-0.3621,1.0,0.1729,-4.128,20.166
Car B,1540,102.6667,5,46.003,2,20.897,20.847,-0.915,5.7773,-0.0243,4.8302,1.0,1.0,24.999,-20.166
Car A,1541,102.7333,5,66.567,2,0.263,21.092,-1.092,5.9846,-0.0118,0.3904,1.0,-0.1709,4.31,20.187
Car B,1541,102.7333,5,46.381,2,20.527,20.963,-1.002,5.7758,-0.0236,4.8376,1.0,1.0,24.999,-20.187
Car A,1542,102.8,5,66.966,2,-0.136,21.084,-1.084,5.984,-0.0092,-0.3775,1.0,0.1515,-4.258,20.204
Car B,1542,102.8,5,46.763,2,20.151,21.058,-1.067,5.7743,-0.0214,4.842,1.0,1.0,24.999,-20.204
Car A,1543,102.8667,5,67.365,2,-0.535,21.08,-1.08,5.9841,0.0022,0.3814,1.0,-0.1707,3.774,20.306
Car B,1543,102.8667,5,47.059,2,19.771,21.132,-1.132,5.7729,-0.0216,4.8456,1.0,1.0,24.999,-20.306
Car A,1544,102.9333,5,67.764,2,-0.934,21.072,-1.072,5.9831,-0.0149,-0.3693,1.0,0.1175,-4.255,20.321
Car B,1544,102.9333,5,47.443,2,19.387,21.184,-1.184,5.7715,-0.0213,4.8484,1.0,1.0,24.999,-20.321
Car A,1545,103.0,5,68.162,2,-1.332,21.068,-1.068,5.9837,0.0082,0.3761,1.0,-0.178,2.925,20.333
Car B,1545,103.0,5,47.829,2,19.001,21.215,-1.215,5.7701,-0.0211,4.8517,1.0,1.0,24.999,-20.333
Car A,1546,103.0667,5,68.561,2,-1.731,21.061,-1.061,5.9811,-0.0386,-0.3806,1.0,0.0988,-4.439,20.345
Car B,1546,103.0667,5,48.216,2,18.614,21.224,-1.224,5.7687,-0.02,4.8538,1.0,1.0,24.999,-20.345
Car A,1547,103.1333,5,68.96,2,-2.13,21.057,-1.057,5.9819,0.0122,0.3767,1.0,-0.1929,2.458,20.357
Car B,1547,103.1333,5,48.603,2,18.227,21.211,-1.211,5.7675,-0.0191,4.855,1.0,1.0,24.999,-20.357
Car A,1548,103.2,5,69.358,2,-2.528,21.049,-1.049,5.9796,-0.0337,-0.3967,1.0,0.084,-4.81,20.37
Car B,1548,103.2,5,48.988,2,17.842,21.176,-1.176,5.7662,-0.0184,4.8565,1.0,1.0,24.999,-20.37
Car A,1549,103.2667,5,69.757,2,-2.927,21.046,-1.046,5.98,0.0047,0.3722,1.0,-0.2102,2.089,20.386
Car B,1549,103.2667,5,49.371,2,17.459,21.12,-1.12,5.765,-0.0183,4.8571,1.0,1.0,24.999,-20.386
Car A,1550,103.3333,5,70.155,2,-3.325,21.039,-1.039,5.9774,-0.0383,-0.4162,1.0,0.0724,-5.245,20.405
Car B,1550,103.3333,5,49.75,2,17.08,21.043,-1.043,5.7637,-0.0192,4.8573,1.0,0.5172,24.999,-20.405
Car A,1551,103.4,5,70.554,2,-3.724,21.036,-1.036,5.9786,0.0175,0.3545,1.0,-0.2535,1.799,20.427
Car B,1551,103.4,5,50.127,2,16.703,20.95,-0.95,5.8058,0.6312,4.0835,1.0,-0.0601,12.948,-20.427
Car A,1552,103.4667,5,70.952,2,-4.122,21.03,-1.03,5.9751,-0.0516,-0.4521,1.0,-0.0167,-6.324,20.449
Car B,1552,103.4667,5,50.503,2,16.327,20.849,-0.849,5.8385,0.491,2.4401,1.0,-0.1225,-1.481,-20.449
Car A,1553,103.5333,5,71.351,2,-4.521,21.029,-1.029,6.0035,0.4253,-0.1694,1.0,-0.1326,-0.43,20.469
Car B,1553,103.5333,5,50.882,2,15.948,20.756,-0.756,5.8571,0.2784,0.6992,1.0,-0.1445,-3.059,-20.469
Car A,1554,103.6,5,71.751,2,-4.921,21.032,-1.032,6.0,-0.0523,-0.971,1.0,0.2751,-3.31,20.488
Car B,1554,103.6,5,51.264,2,15.566,20.674,-0.674,5.8629,0.0871,-0.5149,1.0,-0.1402,-3.612,-20.488
Car A,1555,103.6667,5,72.151,2,-5.321,21.038,-1.038,5.9987,-0.0202,0.0524,1.0,-0.1683,6.861,20.502
Car B,1555,103.6667,5,51.649,2,15.181,20.603,-0.603,5.8845,0.3241,-1.2662,1.0,-0.1176,-3.504,-20.502
Car A,1556,103.7333,5,72.551,2,-5.721,21.04,-1.04,5.9973,-0.0209,-0.5966,1.0,0.1432,-4.191,20.513
Car B,1556,103.7333,5,52.038,2,14.792,20.538,-0.538,5.9255,0.6151,-1.1771,1.0,-0.1283,-2.936,-20.513
Car A,1557,103.8,5,72.951,2,-6.121,21.046,-1.046,5.9966,-0.0093,0.2291,1.0,-0.2392,3.568,20.52
Car B,1557,103.8,5,52.431,2,14.399,20.478,-0.478,5.9441,0.278,-1.2398,1.0,-0.133,-3.205,-20.52
Car A,1558,103.8667,5,73.35,2,-6.52,21.049,-1.049,5.9947,-0.0285,-0.4737,1.0,0.0722,-5.966,20.525
Car B,1558,103.8667,5,52.825,2,14.005,20.424,-0.424,5.9628,0.2809,-1.2884,1.0,-0.142,-3.323,-20.525
Car A,1559,103.9333,5,73.75,2,-6.92,21.055,-1.055,5.9946,-0.0015,0.306,1.0,-0.2595,1.794,20.529
Car B,1559,103.9333,5,53.221,2,13.609,20.377,-0.377,5.9747,0.1794,-1.3973,1.0,-0.1548,-3.548,-20.529
Car A,1560,104.0,5,74.149,2,-7.319,21.059,-1.059,5.9906,-0.0609,-0.479,1.0,0.0173,-6.474,20.53
Car B,1560,104.0,5,53.62,2,13.211,20.336,-0.336,6.0409,0.9925,-1.4944,1.0,-0.1739,-3.868,-20.53
Car A,1561,104.0667,5,74.549,2,-7.719,21.066,-1.066,5.9987,0.1219,0.1827,1.0,-0.2665,0.418,20.526
Car B,1561,104.0667,5,54.022,2,12.808,20.303,-0.303,6.0775,0.5495,-1.6963,1.0,-0.1661,-4.345,-20.526
Car A,1562,104.1333,5,74.948,2,-8.118,21.074,-1.074,5.9971,-0.0241,-0.7111,1.0,0.1887,-6.651,20.521
Car B,1562,104.1333,5,54.427,2,12.403,20.277,-0.277,6.0935,0.2398,-1.6346,1.0,-0.1794,-4.15,-20.521
Car A,1563,104.2,5,75.348,2,-8.518,21.086,-1.086,5.9971,0.0005,0.1422,1.0,-0.2179,4.699,20.516
Car B,1563,104.2,5,54.832,2,11.998,20.26,-0.26,6.0886,-0.0744,-1.7649,1.0,-0.1241,-4.482,-20.516
Car A,1564,104.2667,5,75.748,2,-8.918,21.094,-1.094,5.9953,-0.0268,-0.5305,1.0,0.1706,-5.433,20.51
Car B,1564,104.2667,5,55.238,2,11.592,20.247,-0.247,6.0865,-0.0315,-1.2318,1.0,-0.114,-3.099,-20.51
Car A,1565,104.3333,5,76.147,2,-9.317,21.106,-1.106,5.9958,0.0068,0.2796,1.0,-0.1788,4.25,20.505
Car B,1565,104.3333,5,55.642,2,11.188,20.237,-0.237,6.0355,-0.7641,-1.1196,1.0,0.062,-2.849,-20.505
Car A,1566,104.4,5,76.547,2,-9.716,21.115,-1.115,5.9937,-0.0312,-0.4339,1.0,0.2196,-4.456,20.502
Car B,1566,104.4,5,56.044,2,10.786,20.225,-0.225,6.0365,0.0147,0.0045,1.0,0.0751,1.543,-20.502
Car A,1567,104.4667,5,76.946,2,-10.116,21.127,-1.127,5.9931,-0.01,0.3527,1.0,-0.1387,5.474,20.5
Car B,1567,104.4667,5,56.446,2,10.385,20.203,-0.203,6.0059,-0.4596,0.7623,1.0,-0.1029,1.878,-20.5
Car A,1568,104.5333,5,77.345,2,-10.515,21.135,-1.135,5.9917,-0.0204,-0.4185,1.0,0.2713,-3.454,20.5
Car B,1568,104.5333,5,56.846,2,9.985,20.182,-0.182,6.0072,0.0193,-0.3293,1.0,-0.0184,-2.566,-20.5
Car A,1569,104.6,5,77.744,2,-10.914,21.147,-1.147,5.989,-0.0397,0.3814,1.0,-0.0928,6.766,20.499
Car B,1569,104.6,5,57.246,2,9.585,20.167,-0.167,5.9873,-0.2983,-0.248,1.0,0.0186,-0.462,-20.499
Car A,1570,104.6667,5,78.144,2,-11.313,21.155,-1.155,5.9894,0.0055,-0.3955,1.0,0.2839,-2.305,20.499
Car B,1570,104.6667,5,57.645,2,9.185,20.148,-0.148,6.0123,0.3749,0.221,1.0,-0.1127,0.45,-20.499
Car A,1571,104.7333,5,78.542,2,-11.712,21.167,-1.167,5.9854,-0.0596,0.413,1.0,-0.1018,7.083,20.497
Car B,1571,104.7333,5,58.045,2,8.785,20.133,-0.133,6.0083,-0.0594,-0.7711,1.0,0.0881,-2.811,-20.497
Car A,1572,104.8,5,78.941,2,-12.111,21.174,-1.174,5.986,0.0081,-0.3587,1.0,0.2879,-2.529,20.496
Car B,1572,104.8,5,58.445,2,8.385,20.122,-0.122,6.0072,-0.0172,0.129,1.0,-0.034,2.194,-20.496
Car A,1573,104.8667,5,79.34,2,-12.51,21.185,-1.185,5.9819,-0.0616,0.4528,1.0,-0.0925,7.182,20.494
Car B,1573,104.8667,5,58.846,2,7.985,20.107,-0.107,6.0042,-0.0449,-0.3376,1.0,0.0241,-0.846,-20.494
Car A,1574,104.9333,5,79.739,2,-12.909,21.192,-1.192,5.9828,0.0138,-0.3363,1.0,0.3004,-2.298,20.493
Car B,1574,104.9333,5,59.246,2,7.585,20.092,-0.092,5.9919,-0.1839,0.2337,1.0,-0.1059,0.588,-20.493
Car A,1575,105.0,5,80.137,2,-13.307,21.202,-1.202,5.978,-0.0721,0.4351,1.0,-0.049,7.494,20.492
Car B,1575,105.0,5,59.645,2,7.185,20.08,-0.08,5.9909,-0.0147,-0.7018,1.0,0.0807,-2.643,-20.492
Car A,1576,105.0667,5,80.536,2,-13.706,21.208,-1.208,5.9807,0.0412,-0.3281,1.0,0.3086,-1.212,20.492
Car B,1576,105.0667,5,60.044,2,6.786,20.071,-0.071,5.9902,-0.011,0.1754,1.0,-0.0482,2.009,-20.492
Car A,1577,105.1333,5,80.934,2,-14.104,21.215,-1.215,5.9793,-0.0208,0.5562,1.0,-0.097,7.701,20.491
Car B,1577,105.1333,5,60.443,2,6.387,20.059,-0.059,5.9903,0.0021,-0.4386,1.0,0.0386,-1.199,-20.491
Car A,1578,105.2,5,81.333,2,-14.503,21.219,-1.219,5.9798,0.0071,-0.2472,1.0,0.2688,-2.409,20.491
Car B,1578,105.2,5,60.842,2,5.988,20.047,-0.047,5.9916,0.0184,0.3651,1.0,-0.1182,0.962,-20.491
Car A,1579,105.2667,5,81.731,2,-14.901,21.226,-1.226,5.9776,-0.0331,0.4683,1.0,-0.0566,6.707,20.49
Car B,1579,105.2667,5,61.242,2,5.588,20.036,-0.036,5.9913,-0.004,-0.5632,1.0,0.0173,-2.949,-20.49
Car A,1580,105.3333,5,82.13,2,-15.3,21.229,-1.229,5.9784,0.012,-0.3017,1.0,0.2458,-1.403,20.489
Car B,1580,105.3333,5,61.641,2,5.189,20.028,-0.028,5.9965,0.0782,0.1588,1.0,-0.0751,0.426,-20.489
Car A,1581,105.4,5,82.528,2,-15.698,21.234,-1.234,5.9756,-0.0419,0.5016,1.0,-0.0914,6.134,20.487
Car B,1581,105.4,5,62.041,2,4.789,20.021,-0.021,5.9938,-0.0399,-0.6529,1.0,0.0948,-1.872,-20.487
Car A,1582,105.4667,5,82.926,2,-16.096,21.236,-1.236,5.9768,0.0184,-0.279,1.0,0.1631,-2.271,20.486
Car B,1582,105.4667,5,62.44,2,4.39,20.014,-0.014,5.9938,-0.0005,0.3194,1.0,-0.0686,2.362,-20.486
Car A,1583,105.5333,5,83.325,2,-16.495,21.241,-1.241,5.9747,-0.0326,0.4492,1.0,-0.0896,4.067,20.485
Car B,1583,105.5333,5,62.84,2,3.99,20.004,-0.004,5.9937,-0.0012,-0.4015,1.0,0.0122,-1.709,-20.485
Car A,1584,105.6,5,83.723,2,-16.893,21.242,-1.242,5.9758,0.0176,-0.3235,1.0,0.1979,-2.231,20.484
Car B,1584,105.6,5,63.239,2,3.591,19.998,0.002,5.9986,0.0737,0.1345,1.0,-0.0655,0.289,-20.484
Car A,1585,105.6667,5,84.121,2,-17.291,21.247,-1.247,5.9741,-0.0263,0.4153,1.0,0.065,4.936,20.482
Car B,1585,105.6667,5,63.639,2,3.191,19.994,0.006,5.9948,-0.0574,-0.622,1.0,0.1184,-1.633,-20.482
Car A,1586,105.7333,5,84.52,2,-17.69,21.244,-1.244,5.9896,0.2323,0.613,1.0,-0.0421,1.631,20.481
Car B,1586,105.7333,5,64.039,2,2.791,19.989,0.011,5.9956,0.0122,0.3793,1.0,-0.0595,2.953,-20.481
Car A,1587,105.8,5,84.919,2,-18.089,21.243,-1.243,5.9891,-0.0063,-0.3341,1.0,0.6698,-1.048,20.481
Car B,1587,105.8,5,64.438,2,2.392,19.981,0.019,5.9956,-0.0004,-0.3775,1.0,0.0194,-1.479,-20.481
Car A,1588,105.8667,5,85.319,2,-18.488,21.242,-1.242,5.9933,0.0623,0.2865,1.0,0.5314,16.718,20.481
Car B,1588,105.8667,5,64.838,2,1.992,19.976,0.024,6.0002,0.0692,0.2057,1.0,-0.0705,0.479,-20.481
Car A,1589,105.9333,5,85.717,2,-18.887,21.228,-1.228,5.9805,-0.192,1.5394,1.0,1.0,13.291,20.48
Car B,1589,105.9333,5,65.238,2,1.592,19.972,0.028,5.995,-0.0788,-0.6586,1.0,0.1051,-1.758,-20.48
Car A,1590,106.0,5,86.115,2,-19.285,21.2,-1.2,5.9669,-0.2046,2.288,1.0,1.0,24.982,20.477
Car B,1590,106.0,5,65.637,2,1.193,19.97,0.03,5.9957,0.0103,0.3425,1.0,-0.0656,2.62,-20.477
Car A,1591,106.0667,5,86.51,2,-19.68,21.156,-1.156,5.9539,-0.1944,2.8599,1.0,1.0,25.0,20.473
Car B,1591,106.0667,5,66.037,2,0.793,19.964,0.036,5.9948,-0.013,-0.3942,1.0,-0.0025,-1.634,-20.473
Car A,1592,106.1333,5,86.83,2,-20.073,21.094,-1.096,5.9417,-0.1835,3.3037,1.0,1.0,25.0,20.393
Car B,1592,106.1333,5,66.437,2,0.393,19.962,0.038,6.0007,0.0881,-0.019,1.0,-0.0678,-0.071,-20.393
Car A,1593,106.2,5,87.211,2,-20.461,21.014,-1.047,5.9307,-0.1653,3.6508,1.0,0.445,25.0,20.374
Car B,1593,106.2,5,66.837,2,-0.007,19.963,0.037,6.0115,0.1629,-0.6546,1.0,0.0994,-1.691,-20.374
Car A,1594,106.2667,5,87.604,2,-20.848,20.918,-0.982,5.9771,0.6962,3.4623,1.0,0.6982,11.143,20.366
Car B,1594,106.2667,5,67.238,2,-0.407,19.963,0.037,6.011,-0.0074,0.3676,1.0,-0.0823,2.478,-20.366
Car A,1595,106.3333,5,87.851,2,-21.232,20.807,-0.925,5.9683,-0.1316,3.7686,1.0,1.0,17.445,20.213
Car B,1595,106.3333,5,67.638,2,-0.808,19.96,0.04,6.0095,-0.0231,-0.3855,1.0,-0.0388,-2.051,-20.213
Car A,1596,106.4,5,88.248,2,-21.609,20.677,-0.887,5.9586,-0.1452,4.022,1.0,1.0,24.988,20.209
Car B,1596,106.4,5,68.039,2,-1.209,19.964,0.036,6.0255,0.2403,-0.3079,1.0,-0.0086,-0.959,-20.209
Car A,1597,106.4667,5,88.643,2,-21.979,20.528,-0.829,5.9504,-0.1238,4.1977,1.0,1.0,24.999,20.202
Car B,1597,106.4667,5,68.44,2,-1.61,19.965,0.035,6.017,-0.1276,-0.1857,1.0,-0.0427,-0.22,-20.202
Car A,1598,106.5333,5,88.912,2,-22.341,20.362,-0.791,5.9428,-0.1132,4.3382,1.0,1.0,24.999,20.071
Car B,1598,106.5333,5,68.841,2,-2.011,19.97,0.03,6.0153,-0.0253,-0.4212,1.0,0.0009,-1.064,-20.071
Car A,1599,106.6,5,89.308,3,-22.693,20.176,-0.755,5.9361,-0.1014,4.4485,1.0,1.0,24.999,20.066
Car B,1599,106.6,5,69.242,2,-2.412,19.974,0.026,6.0109,-0.0668,-0.1235,1.0,-0.0514,0.015,-20.066
Car A,1600,106.6667,5,89.655,3,-23.034,19.973,-0.7,5.93,-0.0914,4.5358,1.0,1.0,24.999,20.012
Car B,1600,106.6667,5,69.642,2,-2.812,19.98,0.02,5.9852,-0.385,-0.5103,1.0,-0.0303,-1.278,-20.012
Car A,1601,106.7333,5,89.989,3,-23.365,19.753,-0.681,5.9244,-0.0834,4.6017,1.0,1.0,24.999,19.947
Car B,1601,106.7333,5,70.041,2,-3.211,19.989,0.011,6.0054,0.3026,-0.2972,1.0,-0.0514,-0.755,-19.947
Car A,1602,106.8,5,90.384,3,-23.682,19.515,-0.645,5.9193,-0.0768,4.6544,1.0,1.0,24.999,19.942
Car B,1602,106.8,5,70.442,2,-3.612,20.0,0.0,6.0288,0.3519,-0.5068,1.0,-0.0588,-1.277,-19.942
Car A,1603,106.8667,5,90.682,3,-23.987,19.261,-0.608,5.9146,-0.0706,4.6974,1.0,1.0,24.999,19.838
Car B,1603,106.8667,5,70.844,2,-4.014,20.015,-0.015,6.0387,0.1486,-0.5952,0.9736,0.035,-1.46,-19.838
Car A,1604,106.9333,5,91.078,3,-24.277,18.99,-0.591,5.9102,-0.0659,4.7298,1.0,1.0,24.999,19.833
Car B,1604,106.9333,5,71.245,2,-4.415,20.027,-0.027,5.9872,-0.7731,0.313,1.0,-0.0133,0.872,-19.833
Car A,1605,107.0,5,91.472,3,-24.552,18.705,-0.553,5.9059,-0.064,4.7566,1.0,1.0,24.999,19.828
Car B,1605,107.0,5,71.644,2,-4.814,20.037,-0.037,6.0061,0.2838,-0.1476,0.9561,0.0562,-0.323,-19.828
Car A,1606,107.0667,5,91.782,3,-24.811,18.406,-0.538,5.902,-0.0587,4.7767,1.0,1.0,24.999,19.742
Car B,1606,107.0667,5,72.041,2,-5.211,20.045,-0.045,5.8985,-1.6139,0.5311,0.9889,0.0276,1.403,-19.742
Car A,1607,107.1333,5,92.178,3,-25.053,18.093,-0.519,5.8983,-0.0557,4.7944,1.0,1.0,24.999,19.743
Car B,1607,107.1333,5,72.435,2,-5.605,20.05,-0.05,5.9137,0.2271,0.2115,0.9803,0.0321,0.681,-19.743
Car A,1608,107.2,5,92.495,3,-25.277,17.767,-0.487,5.8947,-0.054,4.807,1.0,1.0,24.999,19.668
Car B,1608,107.2,5,72.827,2,-5.997,20.055,-0.055,5.889,-0.3693,0.3085,1.0,0.0218,0.796,-19.668
Car A,1609,107.2667,5,92.89,3,-25.483,17.43,-0.486,5.8912,-0.0532,4.816,1.0,1.0,24.999,19.666
Car B,1609,107.2667,5,73.224,2,-6.394,20.059,-0.059,5.9802,1.3667,0.1518,1.0,0.0182,0.533,-19.666
Car A,1610,107.3333,5,93.284,3,-25.671,17.083,-0.465,5.8878,-0.0508,4.8252,1.0,1.0,24.999,19.662
Car B,1610,107.3333,5,73.623,2,-6.793,20.063,-0.063,5.9875,0.11,0.1194,1.0,0.0175,0.447,-19.662
Car A,1611,107.4,5,93.608,3,-25.839,16.726,-0.456,5.8845,-0.0491,4.8306,1.0,1.0,24.999,19.586
Car B,1611,107.4,5,74.022,2,-7.192,20.067,-0.067,5.9922,0.0699,0.0881,1.0,0.0176,0.426,-19.586
Car A,1612,107.4667,5,94.002,3,-25.987,16.36,-0.453,5.8813,-0.0474,4.836,1.0,1.0,24.999,19.58
Car B,1612,107.4667,5,74.422,2,-7.592,20.071,-0.071,5.9937,0.023,0.1006,1.0,0.0165,0.428,-19.58
Car A,1613,107.5333,5,94.362,3,-26.115,15.987,-0.429,5.8782,-0.0477,4.8415,1.0,0.842,24.999,19.541
Car B,1613,107.5333,5,74.821,2,-7.991,20.074,-0.074,5.9927,-0.0152,0.0934,1.0,0.0157,0.403,-19.541
Car A,1614,107.6,5,94.722,3,-26.222,15.607,-0.443,5.8776,-0.0083,4.8184,1.0,1.0,21.055,19.501
Car B,1614,107.6,5,75.221,2,-8.391,20.077,-0.077,5.993,0.0042,0.0797,1.0,0.0152,0.384,-19.501
Car A,1615,107.6667,5,95.116,3,-26.308,15.223,-0.437,5.8743,-0.0489,4.8517,1.0,0.7439,24.993,19.496
Car B,1615,107.6667,5,75.62,2,-8.79,20.079,-0.079,5.9941,0.0174,0.0772,1.0,0.0142,0.371,-19.496
Car A,1616,107.7333,5,95.443,3,-26.372,14.834,-0.437,5.8757,0.0198,4.8042,1.0,0.9742,18.606,19.423
Car B,1616,107.7333,5,76.02,2,-9.19,20.082,-0.082,5.9939,-0.0028,0.0855,1.0,0.0128,0.347,-19.423
Car A,1617,107.8,5,95.836,3,-26.416,14.443,-0.45,5.8726,-0.0465,4.8514,1.0,0.0223,24.345,19.417
Car B,1617,107.8,5,76.42,2,-9.589,20.083,-0.083,5.9938,-0.0022,0.0696,1.0,0.0117,0.314,-19.417
Car A,1618,107.8667,5,96.231,3,-26.447,14.05,-0.45,5.9098,0.5586,3.3254,1.0,-0.4021,0.593,19.412
Car B,1618,107.8667,5,76.819,2,-9.989,20.085,-0.085,5.9951,0.0205,0.0748,1.0,0.0121,0.286,-19.412
Car A,1619,107.9333,5,96.59,3,-26.484,13.656,-0.484,5.9344,0.3689,1.1388,1.0,-0.3507,-10.036,19.37
Car B,1619,107.9333,5,77.219,2,-10.389,20.086,-0.086,5.9966,0.0211,0.0527,1.0,0.0133,0.295,-19.37
Car A,1620,108.0,5,96.982,3,-26.531,13.263,-0.531,5.9372,0.0418,-0.2178,1.0,-0.0604,-8.769,19.363
Car B,1620,108.0,5,77.619,2,-10.789,20.087,-0.087,5.9971,0.0079,0.0373,1.0,0.0121,0.323,-19.363
Car A,1621,108.0667,5,97.375,3,-26.587,12.87,-0.587,5.9641,0.4033,-0.5394,1.0,-0.0036,-1.52,19.356
Car B,1621,108.0667,5,78.019,2,-11.189,20.088,-0.088,5.9958,-0.0193,0.056,1.0,0.007,0.296,-19.356
Car A,1622,108.1333,5,97.77,3,-26.642,12.476,-0.642,5.9951,0.4659,0.0049,1.0,-0.0453,-0.095,19.351
Car B,1622,108.1333,5,78.419,2,-11.589,20.089,-0.089,6.0043,0.1284,0.1457,1.0,-0.01,0.174,-19.351
Car A,1623,108.2,5,98.166,3,-26.699,12.08,-0.699,6.0183,0.3478,-0.4527,1.0,0.082,-1.128,19.347
Car B,1623,108.2,5,78.819,2,-11.989,20.09,-0.09,6.0019,-0.0366,-0.0028,1.0,-0.0274,-0.241,-19.347
Car A,1624,108.2667,5,98.563,3,-26.755,11.682,-0.755,6.0169,-0.0208,0.5057,1.0,-0.0561,2.045,19.344
Car B,1624,108.2667,5,79.22,2,-12.389,20.093,-0.093,5.9938,-0.1218,-0.2769,1.0,-0.0098,-0.669,-19.344
Car A,1625,108.3333,5,98.96,3,-26.807,11.285,-0.807,6.0128,-0.0615,-0.323,1.0,0.1593,-1.398,19.341
Car B,1625,108.3333,5,79.62,2,-12.79,20.097,-0.097,6.0029,0.1369,-0.0865,1.0,-0.0072,-0.241,-19.341
Car A,1626,108.4,5,99.357,3,-26.862,10.888,-0.862,6.0087,-0.0622,0.4749,1.0,0.1482,3.974,19.338
Car B,1626,108.4,5,80.02,2,-13.189,20.101,-0.101,6.0021,-0.0117,-0.0347,1.0,0.1058,-0.178,-19.338
Car A,1627,108.4667,5,99.756,3,-26.904,10.49,-0.904,6.0039,-0.0716,1.3635,1.0,-0.2426,3.705,19.336
Car B,1627,108.4667,5,80.42,2,-13.59,20.1,-0.1,5.9996,-0.0377,0.8179,1.0,0.0132,2.64,-19.336
Car A,1628,108.5333,5,100.154,3,-26.944,10.091,-0.944,6.0075,0.0541,0.1442,1.0,0.2664,-6.05,19.335
Car B,1628,108.5333,5,80.82,2,-13.989,20.095,-0.095,5.9989,-0.0113,0.1308,1.0,0.0856,0.332,-19.335
Car A,1629,108.6,5,100.552,3,-26.987,9.693,-0.987,6.0044,-0.0462,0.7769,1.0,0.143,6.639,19.333
Car B,1629,108.6,5,81.219,2,-14.389,20.089,-0.089,5.9973,-0.0233,0.8235,1.0,-0.0748,2.136,-19.333
Car A,1630,108.6667,5,100.951,3,-27.018,9.294,-1.018,6.0072,0.0422,1.3644,1.0,-0.3044,3.578,19.332
Car B,1630,108.6667,5,81.619,2,-14.789,20.082,-0.082,5.9989,0.0241,-0.2369,1.0,0.0789,-1.862,-19.332
Car A,1631,108.7333,5,101.351,3,-27.048,8.894,-1.048,6.0118,0.0683,0.1244,1.0,0.6718,-7.594,19.332
Car B,1631,108.7333,5,82.019,2,-15.189,20.078,-0.078,5.9969,-0.0306,0.453,1.0,0.1798,1.966,-19.332
Car A,1632,108.8,5,101.75,3,-27.081,8.495,-1.081,6.008,-0.0565,0.51,1.0,0.6539,16.758,19.332
Car B,1632,108.8,5,82.418,2,-15.588,20.063,-0.063,5.9908,-0.0917,1.3698,1.0,-0.1634,4.49,-19.332
Car A,1633,108.8667,5,102.15,3,-27.102,8.096,-1.102,5.9964,-0.174,1.6551,1.0,1.0,16.348,19.332
Car B,1633,108.8667,5,82.817,2,-15.987,20.043,-0.043,5.9924,0.0241,0.2983,1.0,0.1757,-4.071,-19.332
Car A,1634,108.9333,5,102.549,3,-27.108,7.696,-1.108,5.9829,-0.2027,2.3863,1.0,1.0,24.986,19.333
Car B,1634,108.9333,5,83.216,2,-16.386,20.025,-0.025,5.9901,-0.0346,0.844,0.9698,-0.0752,4.378,-19.333
Car A,1635,109.0,5,102.948,3,-27.096,7.297,-1.096,5.9696,-0.2001,2.9417,1.0,1.0,25.0,19.333
Car B,1635,109.0,5,83.615,2,-16.784,20.004,-0.004,5.9834,-0.1,-0.0263,0.9615,-0.0942,-1.871,-19.333
Car A,1636,109.0667,5,103.345,3,-27.067,6.9,-1.067,5.9572,-0.1854,3.3635,1.0,1.0,25.0,19.334
Car B,1636,109.0667,5,84.012,2,-17.182,19.994,0.006,5.9175,-0.989,-0.8635,1.0,0.9266,-2.354,-19.334
Car A,1637,109.1333,5,103.74,3,-27.02,6.505,-1.02,5.9462,-0.1647,3.694,1.0,0.9864,25.0,19.335
Car B,1637,109.1333,5,84.406,2,-17.576,19.983,0.017,5.9193,0.0273,0.0414,1.0,0.8573,23.126,-19.335
Car A,1638,109.2,5,104.132,3,-26.954,6.113,-0.954,5.9367,-0.1429,3.9491,1.0,0.6756,24.661,19.333
Car B,1638,109.2,5,84.8,2,-17.969,19.962,0.038,5.9089,-0.1557,1.2603,1.0,0.3721,21.435,-19.333
Car A,1639,109.2667,5,104.451,3,-26.868,5.725,-0.887,5.9325,-0.0626,4.1224,1.0,0.6899,16.901,19.26
Car B,1639,109.2667,5,85.192,2,-18.361,19.925,0.075,5.8985,-0.1565,2.0169,1.0,-0.0781,9.321,-19.26
Car A,1640,109.3333,5,104.841,3,-26.763,5.342,-0.813,5.9277,-0.0731,4.2694,1.0,0.1154,17.246,19.258
Car B,1640,109.3333,5,85.583,2,-18.753,19.882,0.118,5.9099,0.171,0.8305,0.8962,-0.9997,-1.936,-19.258
Car A,1641,109.4,5,105.187,3,-26.647,4.962,-0.728,5.9627,0.5249,2.5784,1.0,0.3199,2.907,19.212
Car B,1641,109.4,5,85.975,2,-19.145,19.85,0.15,5.8968,-0.1963,-0.151,1.0,1.0,-24.959,-19.212
Car A,1642,109.4667,5,105.513,3,-26.53,4.581,-0.7,5.9655,0.0428,2.5513,1.0,0.9732,7.989,19.149
Car B,1642,109.4667,5,86.364,2,-19.534,19.816,0.184,5.8643,-0.4874,0.6028,1.0,0.9357,24.925,-19.149
Car A,1643,109.5333,5,105.909,3,-26.399,4.205,-0.66,5.9606,-0.074,2.7846,1.0,1.0,24.305,19.155
Car B,1643,109.5333,5,86.754,2,-19.924,19.778,0.222,5.866,0.0261,1.465,1.0,0.8569,23.388,-19.155
Car A,1644,109.6,5,106.206,3,-26.251,3.837,-0.621,5.9401,-0.3072,3.4468,1.0,1.0,24.998,19.044
Car B,1644,109.6,5,87.162,2,-20.311,19.721,0.253,5.8539,-0.1817,2.1533,1.0,0.9999,21.424,-19.044
Car A,1645,109.6667,5,106.602,3,-26.085,3.476,-0.606,5.9296,-0.1571,3.7581,1.0,1.0,25.0,19.052
Car B,1645,109.6667,5,87.55,2,-20.694,19.65,0.295,5.8421,-0.1772,2.7552,1.0,0.9165,24.992,-19.052
Car A,1646,109.7333,5,106.997,3,-25.903,3.124,-0.572,5.9204,-0.1379,3.9998,1.0,1.0,25.0,19.008
Car B,1646,109.7333,5,87.989,2,-21.074,19.561,0.323,5.8327,-0.1407,3.1983,1.0,1.0,22.914,-19.008
Car A,1647,109.8,5,107.304,3,-25.703,2.782,-0.562,5.9124,-0.1206,4.1838,1.0,1.0,25.0,18.926
Car B,1647,109.8,5,88.378,2,-21.449,19.455,0.339,5.8231,-0.1443,3.5633,1.0,1.0,24.996,-18.926
Car A,1648,109.8667,5,107.7,3,-25.486,2.451,-0.55,5.9054,-0.1058,4.325,1.0,1.0,24.999,18.876
Car B,1648,109.8667,5,88.824,2,-21.818,19.331,0.361,5.8147,-0.1266,3.848,1.0,1.0,25.0,-18.876
Car A,1649,109.9333,5,108.012,3,-25.253,2.132,-0.525,5.8991,-0.0938,4.4369,1.0,1.0,24.999,18.799
Car B,1649,109.9333,5,89.213,3,-22.18,19.188,0.354,5.8074,-0.1089,4.0657,1.0,1.0,25.0,-18.799
Car A,1650,110.0,5,108.407,3,-25.003,1.826,-0.534,5.8934,-0.0849,4.5267,1.0,1.0,24.999,18.806
Car B,1650,110.0,5,89.601,3,-22.534,19.028,0.367,5.8013,-0.0923,4.2339,1.0,1.0,24.999,-18.806
Car A,1651,110.0667,5,108.802,3,-24.738,1.533,-0.522,5.8884,-0.0759,4.5959,1.0,1.0,24.999,18.755
Car B,1651,110.0667,5,90.047,3,-22.879,18.849,0.343,5.796,-0.0789,4.366,1.0,1.0,24.999,-18.755
Car A,1652,110.1333,5,109.115,3,-24.457,1.256,-0.521,5.8838,-0.0688,4.6489,1.0,1.0,24.999,18.68
Car B,1652,110.1333,5,90.435,3,-23.214,18.652,0.335,5.7915,-0.0677,4.4684,1.0,1.0,24.999,-18.68
Car A,1653,110.2,5,109.509,3,-24.163,0.994,-0.529,5.8796,-0.0636,4.6936,1.0,1.0,24.999,18.635
Car B,1653,110.2,5,90.875,3,-23.538,18.438,0.309,5.7876,-0.0584,4.5498,1.0,1.0,24.999,-18.635
Car A,1654,110.2667,5,109.894,3,-23.854,0.748,-0.515,5.8756,-0.0594,4.7285,1.0,1.0,24.999,18.633
Car B,1654,110.2667,5,91.262,3,-23.849,18.207,0.283,5.7842,-0.0504,4.615,1.0,1.0,24.999,-18.633
Car A,1655,110.3333,5,110.216,3,-23.533,0.52,-0.537,5.872,-0.0538,4.7536,1.0,1.0,24.999,18.524
Car B,1655,110.3333,5,91.692,3,-24.147,17.959,0.257,5.7813,-0.0446,4.6646,1.0,1.0,24.999,-18.524
Car A,1656,110.4,5,110.609,3,-23.201,0.31,-0.542,5.8685,-0.052,4.7761,1.0,1.0,24.999,18.533
Car B,1656,110.4,5,92.077,3,-24.431,17.695,0.212,5.7787,-0.0386,4.7056,1.0,1.0,24.999,-18.533
Car A,1657,110.4667,5,110.918,3,-22.857,0.118,-0.546,5.8653,-0.0493,4.7931,1.0,1.0,24.999,18.454
Car B,1657,110.4667,5,92.463,3,-24.701,17.416,0.188,5.7764,-0.035,4.7372,1.0,1.0,24.999,-18.454
Car A,1658,110.5333,5,111.31,3,-22.504,-0.054,-0.57,5.8622,-0.0465,4.8064,1.0,1.0,24.999,18.435
Car B,1658,110.5333,5,92.875,3,-24.954,17.123,0.126,5.7743,-0.0313,4.7659,1.0,1.0,24.999,-18.435
Car A,1659,110.6,5,111.703,3,-22.141,-0.207,-0.572,5.8592,-0.0447,4.8171,1.0,1.0,24.999,18.443
Car B,1659,110.6,5,93.261,3,-25.19,16.816,0.085,5.7724,-0.0285,4.7846,1.0,1.0,24.999,-18.443
Car A,1660,110.6667,5,112.005,3,-21.772,-0.339,-0.596,5.8562,-0.044,4.8259,1.0,1.0,24.999,18.351
Car B,1660,110.6667,5,93.655,3,-25.409,16.497,0.029,5.7706,-0.0265,4.8,1.0,1.0,24.999,-18.351
Car A,1661,110.7333,5,112.398,3,-21.395,-0.451,-0.617,5.8534,-0.0421,4.8321,1.0,0.9488,24.999,18.36
Car B,1661,110.7333,5,94.037,3,-25.61,16.166,-0.03,5.769,-0.0238,4.8128,1.0,1.0,24.999,-18.36
Car A,1662,110.8,5,112.719,3,-21.013,-0.542,-0.62,5.8513,-0.0321,4.8323,1.0,0.3698,23.722,18.308
Car B,1662,110.8,5,94.411,3,-25.792,15.824,-0.076,5.7674,-0.0235,4.8228,1.0,1.0,24.999,-18.308
Car A,1663,110.8667,5,113.083,3,-20.628,-0.62,-0.667,5.9173,0.9894,3.3146,1.0,0.1139,9.266,18.293
Car B,1663,110.8667,5,94.79,3,-25.954,15.473,-0.152,5.766,-0.0216,4.8317,1.0,1.0,24.999,-18.293
Car A,1664,110.9333,5,113.477,3,-20.239,-0.698,-0.714,5.9426,0.3799,1.7308,1.0,0.0578,2.858,18.303
Car B,1664,110.9333,5,95.173,3,-26.097,15.114,-0.207,5.7646,-0.0205,4.8377,1.0,1.0,24.999,-18.303
Car A,1665,111.0,5,113.808,3,-19.852,-0.785,-0.785,5.9549,0.1849,0.5687,1.0,0.6852,1.427,18.29
Car B,1665,111.0,5,95.518,3,-26.219,14.747,-0.277,5.7633,-0.0201,4.8426,1.0,1.0,24.999,-18.29
Car A,1666,111.0667,5,114.197,3,-19.464,-0.868,-0.868,5.9495,-0.0808,1.3496,1.0,0.4032,17.104,18.299
Car B,1666,111.0667,5,95.898,3,-26.321,14.374,-0.349,5.7621,-0.0186,4.8471,1.0,1.0,24.999,-18.299
Car A,1667,111.1333,5,114.587,3,-19.073,-0.937,-0.937,5.9429,-0.0993,2.0881,1.0,0.1064,10.091,18.337
Car B,1667,111.1333,5,96.25,3,-26.401,13.995,-0.401,5.7608,-0.0188,4.8499,1.0,1.0,24.999,-18.337
Car A,1668,111.2,5,114.979,3,-18.681,-0.999,-0.999,5.9625,0.2936,1.0086,1.0,0.502,2.672,18.347
Car B,1668,111.2,5,96.632,3,-26.46,13.613,-0.46,5.7596,-0.0175,4.8523,1.0,1.0,24.999,-18.347
Car A,1669,111.2667,5,115.372,3,-18.288,-1.059,-1.059,5.9568,-0.085,1.724,1.0,0.2419,12.535,18.356
Car B,1669,111.2667,5,97.016,3,-26.497,13.229,-0.497,5.7585,-0.0171,4.8544,1.0,1.0,24.999,-18.356
Car A,1670,111.3333,5,115.768,3,-17.892,-1.105,-1.105,5.9824,0.3844,2.1289,1.0,0.0753,6.056,18.365
Car B,1670,111.3333,5,97.403,3,-26.513,12.843,-0.513,5.7574,-0.0171,4.8561,1.0,1.0,24.999,-18.365
Car A,1671,111.4,5,116.165,3,-17.495,-1.147,-1.147,5.9977,0.2293,0.8131,1.0,0.5387,1.888,18.376
Car B,1671,111.4,5,97.789,3,-26.507,12.456,-0.507,5.7563,-0.0164,4.8573,1.0,1.0,24.999,-18.376
Car A,1672,111.4667,5,116.563,3,-17.097,-1.188,-1.188,5.993,-0.0713,1.5307,1.0,0.2431,13.45,18.389
Car B,1672,111.4667,5,98.174,3,-26.479,12.071,-0.479,5.7552,-0.0164,4.8576,1.0,1.0,24.999,-18.389
Car A,1673,111.5333,5,116.962,3,-16.698,-1.215,-1.215,6.0034,0.1572,2.0866,1.0,0.005,6.087,18.405
Car B,1673,111.5333,5,98.557,3,-26.43,11.688,-0.43,5.7541,-0.0156,4.8591,1.0,-0.2322,24.999,-18.405
Car A,1674,111.6,5,117.362,3,-16.298,-1.238,-1.238,6.013,0.1431,0.8098,1.0,0.3533,0.133,18.424
Car B,1674,111.6,5,98.939,3,-26.368,11.306,-0.368,5.7924,0.5737,3.2478,1.0,-0.2744,-5.757,-18.424
Car A,1675,111.6667,5,117.762,3,-15.898,-1.262,-1.262,6.0059,-0.1058,1.269,1.0,0.1403,8.818,18.44
Car B,1675,111.6667,5,99.322,3,-26.311,10.923,-0.311,5.8198,0.4107,1.1684,1.0,-0.2723,-6.859,-18.44
Car A,1676,111.7333,5,118.162,3,-15.499,-1.277,-1.277,5.9983,-0.1143,1.3072,1.0,0.0774,3.514,18.454
Car B,1676,111.7333,5,99.708,3,-26.266,10.537,-0.266,5.8277,0.1186,-0.1683,1.0,-0.2678,-6.806,-18.454
Car A,1677,111.8,5,118.562,3,-15.098,-1.29,-1.29,6.0198,0.3219,0.7492,1.0,0.2284,1.937,18.467
Car B,1677,111.8,5,100.095,3,-26.232,10.15,-0.232,5.8273,-0.0055,-1.1579,1.0,-0.2363,-6.695,-18.467
Car A,1678,111.8667,5,118.963,3,-14.697,-1.298,-1.298,6.0127,-0.1054,1.4797,1.0,-0.0289,5.705,18.479
Car B,1678,111.8667,5,100.484,3,-26.212,9.762,-0.212,5.8358,0.1271,-1.8789,1.0,0.4198,-5.909,-18.479
Car A,1679,111.9333,5,119.364,3,-14.296,-1.3,-1.3,6.0165,0.0559,0.4293,1.0,0.2162,-0.714,18.491
Car B,1679,111.9333,5,100.873,3,-26.197,9.373,-0.197,5.8428,0.1049,-0.6669,1.0,0.3525,10.469,-18.491
Car A,1680,112.0,5,119.765,3,-13.895,-1.305,-1.305,6.0123,-0.0618,0.9342,1.0,0.0363,5.395,18.504
Car B,1680,112.0,5,101.261,3,-26.17,8.984,-0.17,5.8448,0.0301,0.5393,1.0,0.7996,8.816,-18.504
Car A,1681,112.0667,5,120.166,3,-13.495,-1.305,-1.305,6.0205,0.1219,0.3529,1.0,0.1861,0.909,18.517
Car B,1681,112.0667,5,101.649,3,-26.131,8.596,-0.131,5.8381,-0.1005,1.5034,0.9749,-0.0298,19.974,-18.517
Car A,1682,112.1333,5,120.567,3,-13.093,-1.302,-1.302,6.0148,-0.0858,1.1599,1.0,-0.054,4.647,18.531
Car B,1682,112.1333,5,102.036,3,-26.086,8.21,-0.086,5.8436,0.0832,0.7927,0.8584,-0.3179,-0.713,-18.531
Car A,1683,112.2,5,120.968,3,-12.692,-1.295,-1.295,6.0157,0.0137,0.1824,1.0,0.1641,-1.34,18.546
Car B,1683,112.2,5,102.422,3,-26.052,7.824,-0.052,5.805,-0.5792,-0.6561,1.0,0.2576,-7.937,-18.546
Car A,1684,112.2667,5,121.369,3,-12.292,-1.29,-1.29,6.0127,-0.0443,0.7661,1.0,-0.0141,4.095,18.561
Car B,1684,112.2667,5,102.807,3,-26.022,7.438,-0.022,5.8079,0.043,0.2028,1.0,0.0899,6.416,-18.561
Car A,1685,112.3333,5,121.769,3,-11.891,-1.281,-1.281,6.0115,-0.0186,-0.0941,1.0,0.1366,-0.346,18.575
Car B,1685,112.3333,5,103.195,3,-25.98,7.051,0.02,5.874,0.9917,0.8056,1.0,1.0,2.254,-18.575
Car A,1686,112.4,5,122.17,3,-11.49,-1.273,-1.273,6.0093,-0.0321,0.7402,1.0,-0.0635,3.408,18.588
Car B,1686,112.4,5,103.582,3,-25.929,6.663,0.071,5.8697,-0.0635,1.3064,1.0,0.9568,24.966,-18.588
Car A,1687,112.4667,5,122.57,3,-11.09,-1.261,-1.261,6.0092,-0.0019,-0.1114,1.0,0.0936,-1.581,18.602
Car B,1687,112.4667,5,103.968,3,-25.865,6.277,0.135,5.8534,-0.2454,2.2795,1.0,0.1172,23.922,-18.602
Car A,1688,112.5333,5,122.971,3,-10.69,-1.252,-1.252,6.0058,-0.0504,0.5428,1.0,-0.0565,2.334,18.603
Car B,1688,112.5333,5,104.368,3,-25.793,5.893,0.198,5.8683,0.2239,1.3624,1.0,1.0,2.961,-18.603
Car A,1689,112.6,5,123.371,3,-10.289,-1.24,-1.24,6.0033,-0.0376,-0.2742,1.0,0.0945,-1.406,18.615
Car B,1689,112.6,5,104.756,3,-25.715,5.51,0.245,5.8613,-0.1059,1.6634,1.0,0.5362,24.967,-18.615
Car A,1690,112.6667,5,123.771,3,-9.89,-1.231,-1.231,6.0002,-0.0473,0.4729,1.0,-0.05,2.357,18.629
Car B,1690,112.6667,5,105.142,3,-25.624,5.13,0.307,5.8484,-0.1933,2.5237,1.0,-0.0054,13.421,-18.629
Car A,1691,112.7333,5,124.17,3,-9.49,-1.218,-1.218,5.9987,-0.0226,-0.3096,1.0,0.0602,-1.244,18.589
Car B,1691,112.7333,5,105.581,3,-25.525,4.752,0.318,5.8659,0.2627,1.2358,1.0,1.0,-0.114,-18.589
Car A,1692,112.8,5,124.57,3,-9.09,-1.208,-1.208,5.996,-0.0408,0.469,1.0,-0.0751,1.501,18.599
Car B,1692,112.8,5,105.972,3,-25.425,4.375,0.327,5.855,-0.163,1.4361,1.0,1.0,24.962,-18.599
Car A,1693,112.8667,5,124.97,3,-8.691,-1.196,-1.196,5.9946,-0.0207,-0.4053,1.0,0.0658,-1.873,18.557
Car B,1693,112.8667,5,106.413,3,-25.313,4.001,0.308,5.8383,-0.2515,2.3667,1.0,1.0,25.0,-18.557
Car A,1694,112.9333,5,125.369,3,-8.291,-1.186,-1.186,5.9922,-0.035,0.3719,1.0,-0.0748,1.639,18.567
Car B,1694,112.9333,5,106.801,3,-25.185,3.633,0.286,5.8269,-0.1711,2.9025,1.0,1.0,25.0,-18.567
Car A,1695,113.0,5,125.768,3,-7.892,-1.175,-1.175,5.9904,-0.028,-0.4048,1.0,0.0577,-1.864,18.535
Car B,1695,113.0,5,107.233,3,-25.04,3.272,0.259,5.8163,-0.1578,3.3295,1.0,1.0,25.0,-18.535
Car A,1696,113.0667,5,126.167,3,-7.493,-1.166,-1.166,5.9887,-0.0257,0.3686,1.0,-0.0753,1.437,18.548
Car B,1696,113.0667,5,107.619,3,-24.878,2.919,0.212,5.8071,-0.139,3.6693,1.0,1.0,25.0,-18.548
Car A,1697,113.1333,5,126.566,3,-7.094,-1.154,-1.154,5.9873,-0.0203,-0.4316,1.0,0.0652,-1.878,18.531
Car B,1697,113.1333,5,108.035,3,-24.699,2.574,0.183,5.7992,-0.1175,3.9247,1.0,1.0,25.0,-18.531
Car A,1698,113.2,5,126.965,3,-6.695,-1.146,-1.146,5.9862,-0.016,0.3579,1.0,-0.0657,1.623,18.548
Car B,1698,113.2,5,108.417,3,-24.503,2.239,0.115,5.7925,-0.1003,4.1239,1.0,1.0,25.0,-18.548
Car A,1699,113.2667,5,127.364,3,-6.296,-1.135,-1.135,5.9849,-0.0199,-0.4048,1.0,0.0614,-1.638,18.562
Car B,1699,113.2667,5,108.802,3,-24.291,1.915,0.066,5.7869,-0.0849,4.2764,1.0,1.0,24.999,-18.562
Car A,1700,113.3333,5,127.763,3,-5.898,-1.126,-1.126,5.9839,-0.0157,0.3909,1.0,-0.0576,1.53,18.571
Car B,1700,113.3333,5,109.192,3,-24.061,1.602,-0.0,5.782,-0.0726,4.3996,1.0,1.0,24.999,-18.571
Car A,1701,113.4,5,128.162,3,-5.499,-1.115,-1.115,5.983,-0.0126,-0.4021,1.0,0.069,-1.436,18.589
Car B,1701,113.4,5,109.573,3,-23.815,1.303,-0.068,5.7779,-0.062,4.496,1.0,1.0,24.999,-18.589
Car A,1702,113.4667,5,128.56,3,-5.1,-1.106,-1.106,5.9823,-0.0108,0.4248,1.0,-0.0518,1.72,18.622
Car B,1702,113.4667,5,109.938,3,-23.554,1.017,-0.124,5.7744,-0.053,4.5702,1.0,1.0,24.999,-18.622
Car A,1703,113.5333,5,128.959,3,-4.701,-1.095,-1.095,5.9821,-0.0036,-0.3694,1.0,0.0664,-1.29,18.643
Car B,1703,113.5333,5,110.316,3,-23.278,0.746,-0.211,5.7713,-0.0458,4.6306,1.0,1.0,24.999,-18.643
Car A,1704,113.6,5,129.357,3,-4.303,-1.085,-1.085,5.982,-0.0008,0.4534,1.0,-0.0325,1.656,18.661
Car B,1704,113.6,5,110.697,3,-22.987,0.49,-0.277,5.7686,-0.0403,4.6793,1.0,1.0,24.999,-18.661
Car A,1705,113.6667,5,129.756,3,-3.904,-1.073,-1.073,5.9838,0.027,-0.308,1.0,0.0578,-0.809,18.728
Car B,1705,113.6667,5,111.028,3,-22.683,0.251,-0.356,5.7663,-0.0352,4.7175,1.0,1.0,24.999,-18.728
Car A,1706,113.7333,5,130.155,3,-3.505,-1.061,-1.061,5.9875,0.0555,0.5264,1.0,-0.0292,1.442,18.75
Car B,1706,113.7333,5,111.405,3,-22.366,0.029,-0.44,5.7643,-0.0306,4.7465,1.0,1.0,24.999,-18.75
Car A,1707,113.8,5,130.554,3,-3.106,-1.048,-1.048,5.99,0.0371,-0.2875,1.0,0.0685,-0.724,18.777
Car B,1707,113.8,5,111.777,3,-22.038,-0.174,-0.503,5.7624,-0.0281,4.7712,1.0,1.0,24.999,-18.777
Car A,1708,113.8667,5,130.953,3,-2.707,-1.034,-1.034,5.9905,0.0073,0.5982,1.0,-0.0566,1.709,18.872
Car B,1708,113.8667,5,112.081,3,-21.698,-0.36,-0.599,5.7607,-0.0253,4.7906,1.0,1.0,24.999,-18.872
Car A,1709,113.9333,5,131.352,3,-2.308,-1.02,-1.02,5.99,-0.0069,-0.3446,1.0,0.069,-1.41,18.893
Car B,1709,113.9333,5,112.459,3,-21.349,-0.526,-0.679,5.7592,-0.0231,4.8053,1.0,1.0,24.999,-18.893
Car A,1710,114.0,5,131.751,3,-1.909,-1.007,-1.007,5.9887,-0.0196,0.4401,1.0,-0.0652,1.719,19.027
Car B,1710,114.0,5,112.724,3,-20.992,-0.672,-0.747,5.7577,-0.0211,4.8172,1.0,1.0,24.999,-19.027
Car A,1711,114.0667,5,132.15,3,-1.51,-0.992,-0.992,5.9868,-0.0291,-0.3731,1.0,0.0567,-1.624,19.052
Car B,1711,114.0667,5,113.098,3,-20.626,-0.798,-0.844,5.7564,-0.0199,4.8267,1.0,1.0,24.999,-19.052
Car A,1712,114.1333,5,132.549,3,-1.111,-0.98,-0.98,5.9861,-0.0092,0.3961,1.0,-0.0433,1.413,19.072
Car B,1712,114.1333,5,113.477,3,-20.255,-0.903,-0.92,5.7551,-0.0191,4.8338,1.0,1.0,24.999,-19.072
Car A,1713,114.2,5,132.948,3,-0.713,-0.965,-0.965,5.9864,0.0031,-0.3919,1.0,0.0525,-1.077,19.165
Car B,1713,114.2,5,113.782,3,-19.878,-0.987,-0.987,5.754,-0.0173,4.8396,1.0,1.0,24.999,-19.165
Car A,1714,114.2667,5,133.347,3,-0.314,-0.952,-0.952,5.9882,0.028,0.4794,1.0,-0.1106,1.309,19.183
Car B,1714,114.2667,5,114.163,3,-19.497,-1.05,-1.05,5.7528,-0.0175,4.8444,1.0,1.0,24.999,-19.183
Car A,1715,114.3333,6,0.085,1,0.085,-0.937,-0.937,5.988,-0.0039,-0.4769,1.0,0.0661,-2.757,19.198
Car B,1715,114.3333,5,114.547,3,-19.113,-1.091,-1.091,5.7517,-0.0171,4.8486,1.0,1.0,24.999,-19.198
Car A,1716,114.4,6,0.484,1,0.484,-0.927,-0.927,5.9877,-0.0035,0.3074,1.0,-0.0443,1.646,19.212
Car B,1716,114.4,5,114.932,3,-18.728,-1.111,-1.111,5.7507,-0.0149,4.8511,1.0,1.0,24.999,-19.212
Car A,1717,114.4667,6,0.883,1,0.883,-0.913,-0.913,5.9891,0.0209,-0.3975,1.0,0.0623,-1.103,19.225
Car B,1717,114.4667,5,115.318,3,-18.342,-1.109,-1.109,5.7496,-0.0162,4.8534,1.0,1.0,24.999,-19.225
Car A,1718,114.5333,6,1.282,1,1.282,-0.899,-0.899,5.9884,-0.0103,0.5053,1.0,-0.1476,1.554,19.239
Car B,1718,114.5333,5,115.703,3,-17.957,-1.085,-1.085,5.7486,-0.0151,4.8548,1.0,1.0,24.999,-19.239
Car A,1719,114.6,6,1.681,1,1.681,-0.885,-0.885,5.9881,-0.0055,-0.4142,1.0,0.0564,-3.682,19.255
Car B,1719,114.6,5,116.086,3,-17.574,-1.04,-1.04,5.7477,-0.0134,4.8564,1.0,1.0,24.999,-19.255
Car A,1720,114.6667,6,2.08,1,2.08,-0.874,-0.874,5.9879,-0.0026,0.3429,1.0,-0.1199,1.401,19.274
Car B,1720,114.6667,5,116.466,3,-17.194,-0.973,-0.973,5.7468,-0.0141,4.8575,1.0,0.9804,24.999,-19.274
Car A,1721,114.7333,6,2.479,1,2.479,-0.86,-0.86,5.9866,-0.0194,-0.4656,1.0,0.0414,-2.991,19.298
Car B,1721,114.7333,5,116.842,3,-16.819,-0.885,-0.885,5.746,-0.0113,4.8559,1.0,-0.0262,24.511,-19.298
Car A,1722,114.8,6,2.878,1,2.878,-0.85,-0.85,5.9875,0.0134,0.3042,1.0,-0.1947,1.029,19.324
Car B,1722,114.8,5,117.215,3,-16.446,-0.785,-0.785,5.7861,0.601,3.3577,1.0,-0.1766,-0.616,-19.324
Car A,1723,114.8667,6,3.277,1,3.277,-0.839,-0.839,5.9865,-0.0149,-0.5537,1.0,0.0093,-4.858,19.347
Car B,1723,114.8667,5,117.59,3,-16.07,-0.689,-0.689,5.8169,0.4626,1.1795,1.0,-0.1895,-4.41,-19.347
Car A,1724,114.9333,6,3.676,1,3.676,-0.832,-0.832,5.9969,0.1564,0.104,1.0,-0.1593,0.216,19.367
Car B,1724,114.9333,5,117.969,3,-15.691,-0.605,-0.605,5.8247,0.1167,-0.1629,1.0,-0.2022,-4.737,-19.367
Car A,1725,115.0,6,4.076,1,4.076,-0.824,-0.824,5.9957,-0.0185,-0.7365,1.0,0.0067,-3.975,19.385
Car B,1725,115.0,5,118.351,3,-15.31,-0.532,-0.532,5.8273,0.0384,-1.1511,1.0,-0.1931,-5.054,-19.385
Car A,1726,115.0667,6,4.476,1,4.476,-0.821,-0.821,5.9997,0.0597,0.0667,1.0,-0.1817,0.158,19.4
Car B,1726,115.0667,5,118.736,3,-14.925,-0.472,-0.472,5.8606,0.4993,-1.6866,1.0,-0.1628,-4.829,-19.4
Car A,1727,115.1333,6,4.875,1,4.875,-0.818,-0.818,5.9978,-0.0288,-0.7788,1.0,-0.0218,-4.535,19.412
Car B,1727,115.1333,5,119.124,3,-14.537,-0.419,-0.419,5.894,0.501,-1.4592,1.0,-0.153,-4.07,-19.412
Car A,1728,115.2,6,5.275,1,5.275,-0.82,-0.82,5.9983,0.0076,-0.203,1.0,-0.1246,-0.547,19.42
Car B,1728,115.2,5,119.515,3,-14.145,-0.371,-0.371,5.9304,0.5464,-1.4893,1.0,-0.1333,-3.822,-19.42
Car A,1729,115.2667,6,5.675,1,5.675,-0.823,-0.823,5.9953,-0.045,-0.9817,1.0,-0.0373,-3.111,19.424
Car B,1729,115.2667,5,119.911,3,-13.749,-0.326,-0.326,5.9774,0.705,-1.3287,1.0,-0.1293,-3.33,-19.424
Car A,1730,115.3333,6,6.075,1,6.075,-0.831,-0.831,6.0012,0.0886,-0.3592,1.0,-0.0988,-0.937,19.426
Car B,1730,115.3333,5,120.309,3,-13.351,-0.287,-0.287,5.9777,0.0045,-1.2731,1.0,-0.1279,-3.232,-19.426
Car A,1731,115.4,6,6.475,1,6.475,-0.842,-0.842,5.9895,-0.1744,-0.9589,1.0,-0.0559,-2.467,19.428
Car B,1731,115.4,5,120.707,3,-12.953,-0.253,-0.253,6.013,0.5293,-1.2157,1.0,-0.1328,-3.198,-19.428
Car A,1732,115.4667,6,6.874,1,6.875,-0.856,-0.856,5.9988,0.1382,-0.547,1.0,-0.0824,-1.4,19.429
Car B,1732,115.4667,5,121.106,3,-12.554,-0.225,-0.225,6.0172,0.0633,-1.2653,1.0,-0.1339,-3.319,-19.429
Car A,1733,115.5333,6,7.273,1,7.274,-0.873,-0.873,6.001,0.0334,-0.7933,1.0,-0.0422,-2.06,19.428
Car B,1733,115.5333,5,121.506,3,-12.154,-0.203,-0.203,6.0068,-0.1555,-1.2883,1.0,-0.1447,-3.347,-19.428
Car A,1734,115.6,6,7.674,1,7.674,-0.891,-0.891,6.0284,0.4108,-0.323,1.0,-0.0718,-1.04,19.428
Car B,1734,115.6,5,121.906,3,-11.754,-0.187,-0.187,6.0136,0.1011,-1.391,1.0,-0.1194,-3.616,-19.428
Car A,1735,115.6667,6,8.075,1,8.075,-0.911,-0.911,6.0151,-0.1988,-0.714,1.0,-0.0033,-1.794,19.427
Car B,1735,115.6667,5,122.309,3,-11.351,-0.176,-0.176,6.0259,0.1855,-1.1803,1.0,-0.147,-2.986,-19.427
Car A,1736,115.7333,6,8.476,1,8.476,-0.931,-0.931,6.0104,-0.0709,-0.1196,1.0,-0.0512,-0.088,19.426
Car B,1736,115.7333,5,122.71,3,-10.95,-0.171,-0.171,5.9979,-0.4201,-1.474,1.0,-0.0528,-3.672,-19.426
Car A,1737,115.8,6,8.876,1,8.876,-0.953,-0.953,6.0108,0.0068,-0.5035,1.0,0.0488,-1.278,19.426
Car B,1737,115.8,5,123.11,3,-10.55,-0.168,-0.168,5.9994,0.0222,-0.5161,1.0,-0.1129,-1.324,-19.426
Car A,1738,115.8667,6,9.276,1,9.276,-0.973,-0.973,6.0088,-0.031,0.4167,1.0,-0.1058,1.216,19.426
Car B,1738,115.8667,5,123.51,3,-10.15,-0.167,-0.167,6.0034,0.0597,-1.0763,1.0,0.0875,-2.821,-19.426
Car A,1739,115.9333,6,9.676,1,9.676,-0.992,-0.992,6.0071,-0.0249,-0.4799,1.0,0.1074,-2.64,19.426
Car B,1739,115.9333,5,123.91,3,-9.75,-0.168,-0.168,6.0041,0.0112,0.0107,1.0,0.1015,2.179,-19.426
Car A,1740,116.0,6,10.075,1,10.076,-1.015,-1.015,6.0045,-0.04,0.3146,1.0,-0.0275,2.677,19.426
Car B,1740,116.0,5,124.31,3,-9.35,-0.156,-0.156,6.0021,-0.031,0.9515,1.0,-0.0966,2.536,-19.426
Car A,1741,116.0667,6,10.475,1,10.475,-1.034,-1.034,6.0017,-0.0418,-0.2712,1.0,0.1429,-0.68,19.426
Car B,1741,116.0667,5,124.71,3,-8.95,-0.144,-0.144,6.0034,0.0205,-0.1281,1.0,-0.0064,-2.407,-19.426
Car A,1742,116.1333,6,10.875,1,10.875,-1.052,-1.052,6.001,-0.0096,0.6057,1.0,-0.1108,3.567,19.425
Car B,1742,116.1333,5,125.11,3,-8.55,-0.137,-0.137,6.0117,0.1247,-0.1488,1.0,0.0392,-0.176,-19.425
Car A,1743,116.2,6,11.275,1,11.275,-1.067,-1.067,6.0002,-0.0129,-0.211,1.0,0.1547,-2.76,19.424
Car B,1743,116.2,5,125.511,3,-8.149,-0.127,-0.127,6.0176,0.0874,0.403,1.0,-0.09,0.974,-19.424
Car A,1744,116.2667,6,11.674,1,11.674,-1.085,-1.085,5.9987,-0.0214,0.4782,1.0,-0.029,3.857,19.423
Car B,1744,116.2667,5,125.912,3,-7.748,-0.118,-0.118,6.0142,-0.0499,-0.5683,1.0,0.1102,-2.244,-19.423
Car A,1745,116.3333,6,12.074,1,12.074,-1.1,-1.1,5.9978,-0.0134,-0.2714,1.0,0.2211,-0.718,19.422
Car B,1745,116.3333,5,126.313,3,-7.348,-0.113,-0.113,6.0113,-0.0445,0.2867,1.0,-0.0145,2.747,-19.422
Car A,1746,116.4,6,12.473,1,12.473,-1.115,-1.115,5.9971,-0.0105,0.6299,1.0,-0.0847,5.517,19.421
Car B,1746,116.4,5,126.713,3,-6.947,-0.103,-0.103,6.0129,0.0241,-0.1608,1.0,0.0424,-0.348,-19.421
Car A,1747,116.4667,6,12.873,1,12.873,-1.126,-1.126,5.9978,0.0098,-0.1881,1.0,0.2162,-2.106,19.42
Car B,1747,116.4667,5,127.114,3,-6.547,-0.092,-0.092,6.0199,0.1058,0.4276,1.0,-0.1227,1.054,-19.42
Car A,1748,116.5333,6,13.272,1,13.272,-1.141,-1.141,5.9941,-0.055,0.5026,1.0,-0.0065,5.392,19.418
Car B,1748,116.5333,5,127.515,3,-6.145,-0.083,-0.083,6.0182,-0.0258,-0.5497,1.0,0.0518,-3.062,-19.418
Car A,1749,116.6,6,13.672,1,13.672,-1.151,-1.151,5.9991,0.0752,-0.0743,1.0,0.2177,-0.142,19.416
Car B,1749,116.6,5,127.916,3,-5.744,-0.077,-0.077,6.0156,-0.0391,0.2589,1.0,-0.0664,1.288,-19.416
Car A,1750,116.6667,6,14.072,1,14.072,-1.16,-1.16,5.9967,-0.0359,0.8253,1.0,-0.1908,5.433,19.415
Car B,1750,116.6667,5,128.317,3,-5.344,-0.069,-0.069,6.0101,-0.0822,-0.5103,1.0,0.0861,-1.655,-19.415
Car A,1751,116.7333,6,14.472,1,14.472,-1.164,-1.164,5.9973,0.0083,-0.066,1.0,0.1984,-4.754,19.415
Car B,1751,116.7333,5,128.717,3,-4.943,-0.064,-0.064,6.0079,-0.033,0.3772,1.0,-0.0824,2.145,-19.415
Car A,1752,116.8,6,14.871,1,14.871,-1.173,-1.173,5.9963,-0.0144,0.5862,1.0,-0.074,4.946,19.414
Car B,1752,116.8,5,129.118,3,-4.543,-0.054,-0.054,6.0054,-0.038,-0.3786,1.0,0.022,-2.053,-19.414
Car A,1753,116.8667,6,15.271,1,15.271,-1.177,-1.177,5.996,-0.0053,-0.2297,1.0,0.3216,-1.839,19.413
Car B,1753,116.8667,5,129.518,3,-4.143,-0.049,-0.049,6.0024,-0.0452,0.2212,1.0,-0.0741,0.544,-19.413
Car A,1754,116.9333,6,15.67,1,15.67,-1.184,-1.184,5.991,-0.075,0.5213,1.0,-0.0247,8.026,19.413
Car B,1754,116.9333,5,129.918,3,-3.742,-0.044,-0.044,6.0003,-0.031,-0.6123,1.0,0.1182,-1.849,-19.413
Car A,1755,117.0,6,16.07,1,16.07,-1.187,-1.187,5.9949,0.0586,-0.2438,1.0,0.277,-0.602,19.412
Car B,1755,117.0,5,130.318,3,-3.343,-0.04,-0.04,5.9988,-0.023,0.3381,1.0,-0.0556,2.947,-19.412
Car A,1756,117.0667,6,16.469,1,16.469,-1.191,-1.191,5.9939,-0.0142,0.6892,1.0,-0.2292,6.913,19.412
Car B,1756,117.0667,5,130.718,3,-2.943,-0.033,-0.033,5.999,0.0029,-0.3899,1.0,0.05,-1.384,-19.412
Car A,1757,117.1333,6,16.869,1,16.869,-1.19,-1.19,5.994,0.0003,-0.1663,1.0,0.2429,-5.711,19.412
Car B,1757,117.1333,5,131.117,3,-2.543,-0.028,-0.028,5.9959,-0.0456,0.4385,1.0,-0.1038,1.245,-19.412
Car A,1758,117.2,6,17.268,1,17.268,-1.194,-1.194,5.9924,-0.0234,0.5004,1.0,-0.101,6.054,19.412
Car B,1758,117.2,5,131.517,3,-2.143,-0.021,-0.021,5.9956,-0.0048,-0.4664,1.0,0.0381,-2.59,-19.412
Car A,1759,117.2667,6,17.668,1,17.668,-1.193,-1.193,5.9928,0.0055,-0.2905,1.0,0.2452,-2.513,19.411
Car B,1759,117.2667,5,131.917,3,-1.744,-0.018,-0.018,5.9956,-0.0004,0.3006,1.0,-0.0752,0.948,-19.411
Car A,1760,117.3333,6,18.067,1,18.067,-1.196,-1.196,5.9896,-0.0482,0.4457,1.0,0.5865,6.117,19.411
Car B,1760,117.3333,5,132.316,3,-1.344,-0.015,-0.015,5.994,-0.0237,-0.5667,1.0,0.1021,-1.876,-19.411
Car A,1761,117.4,6,18.466,1,18.466,-1.186,-1.186,5.9825,-0.1061,1.4191,1.0,0.4523,14.649,19.411
Car B,1761,117.4,5,132.716,3,-0.944,-0.013,-0.013,5.9922,-0.0265,0.3385,1.0,-0.0587,2.546,-19.411
Car A,1762,117.4667,6,18.864,1,18.864,-1.162,-1.162,5.9748,-0.1159,2.1579,1.0,1.0,11.312,19.409
Car B,1762,117.4667,5,133.115,3,-0.545,-0.007,-0.007,5.992,-0.0034,-0.3863,1.0,0.0301,-1.46,-19.409
Car A,1763,117.5333,6,19.26,1,19.261,-1.122,-1.122,5.9612,-0.2037,2.7665,1.0,1.0,24.978,19.406
Car B,1763,117.5333,5,133.515,3,-0.146,-0.005,-0.005,5.9918,-0.0035,0.2939,1.0,-0.099,0.747,-19.406
Car A,1764,117.6,6,19.654,1,19.654,-1.065,-1.065,5.9491,-0.1818,3.2339,1.0,0.7686,25.0,19.4
Car B,1764,117.6,6,0.254,1,0.254,-0.002,-0.002,5.991,-0.012,-0.6108,1.0,0.0453,-2.47,-19.4
Car A,1765,117.6667,6,20.0,1,20.044,-0.99,-0.991,5.9407,-0.1259,3.5728,1.0,0.4822,19.223,19.347
Car B,1765,117.6667,6,0.653,1,0.653,-0.003,-0.003,5.9899,-0.016,0.2243,1.0,-0.0996,1.126,-19.347
Car A,1766,117.7333,6,20.359,1,20.431,-0.897,-0.928,5.9435,0.0425,3.7921,1.0,0.5309,12.066,19.307
Car B,1766,117.7333,6,1.052,1,1.052,-0.002,-0.002,5.9877,-0.033,-0.5308,1.0,-0.0137,-2.483,-19.307
Car A,1767,117.8,6,20.748,1,20.813,-0.785,-0.847,5.94,-0.0518,3.9889,1.0,0.9113,13.269,19.297
Car B,1767,117.8,6,1.452,1,1.452,-0.005,-0.005,5.9989,0.1679,-0.0342,1.0,-0.1047,-0.352,-19.297
Car A,1768,117.8667,6,21.014,1,21.188,-0.656,-0.768,5.9327,-0.1101,4.1744,1.0,1.0,22.768,19.162
Car B,1768,117.8667,6,1.851,1,1.851,-0.011,-0.011,5.993,-0.0884,-0.9509,1.0,-0.0389,-2.613,-19.162
Car A,1769,117.9333,6,21.407,1,21.557,-0.508,-0.71,5.9256,-0.1072,4.3198,1.0,1.0,24.996,19.156
Car B,1769,117.9333,6,2.251,1,2.251,-0.021,-0.021,5.9836,-0.1409,-0.3946,1.0,-0.1028,-0.972,-19.156
Car A,1770,118.0,6,21.795,1,21.916,-0.341,-0.631,5.919,-0.0985,4.4312,1.0,1.0,24.999,19.146
Car B,1770,118.0,6,2.65,1,2.65,-0.034,-0.034,5.9781,-0.0827,-0.9852,0.9473,0.0587,-2.567,-19.146
Car A,1771,118.0667,6,22.092,1,22.267,-0.155,-0.572,5.913,-0.0891,4.521,1.0,1.0,24.999,19.045
Car B,1771,118.0667,6,3.047,1,3.047,-0.048,-0.048,5.9599,-0.2736,0.1167,1.0,0.0322,1.462,-19.045
Car A,1772,118.1333,6,22.484,1,22.606,0.048,-0.514,5.9077,-0.0809,4.5911,1.0,1.0,24.999,19.039
Car B,1772,118.1333,6,3.445,1,3.445,-0.055,-0.055,5.9762,0.2451,0.2256,1.0,0.0268,0.794,-19.039
Car A,1773,118.2,6,22.824,1,22.935,0.27,-0.438,5.9027,-0.0737,4.6466,1.0,1.0,24.999,18.981
Car B,1773,118.2,6,3.844,1,3.844,-0.06,-0.06,5.981,0.0713,0.1786,1.0,0.0317,0.658,-18.981
Car A,1774,118.2667,6,23.197,1,23.25,0.508,-0.399,5.8982,-0.0681,4.6911,1.0,1.0,24.999,18.955
Car B,1774,118.2667,6,4.242,1,4.242,-0.065,-0.065,6.002,0.3155,0.2945,1.0,0.0242,0.786,-18.955
Car A,1775,118.3333,6,23.588,1,23.552,0.763,-0.34,5.894,-0.063,4.7249,1.0,1.0,24.999,18.945
Car B,1775,118.3333,6,4.643,1,4.643,-0.068,-0.068,5.9861,-0.2385,0.3001,1.0,0.0164,0.592,-18.945
Car A,1776,118.4,6,23.931,1,23.84,1.034,-0.289,5.8901,-0.0589,4.754,1.0,1.0,24.999,18.889
Car B,1776,118.4,6,5.042,1,5.042,-0.072,-0.072,5.9869,0.0128,0.1048,1.0,0.021,0.405,-18.889
Car A,1777,118.4667,6,24.324,1,24.112,1.319,-0.248,5.8863,-0.0561,4.7745,1.0,1.0,24.999,18.883
Car B,1777,118.4667,6,5.441,1,5.441,-0.074,-0.074,5.9865,-0.0067,0.1159,1.0,0.0149,0.5,-18.883
Car A,1778,118.5333,6,24.707,1,24.369,1.619,-0.187,5.8828,-0.0538,4.7913,1.0,0.4578,24.999,18.867
Car B,1778,118.5333,6,5.84,1,5.84,-0.077,-0.077,5.9876,0.0165,0.1088,1.0,0.0092,0.369,-18.867
Car A,1779,118.6,6,25.08,1,24.614,1.929,-0.171,5.9159,0.4975,3.9178,1.0,1.0,11.464,18.84
Car B,1779,118.6,6,6.239,1,6.24,-0.078,-0.078,5.9991,0.1725,0.0946,1.0,0.0072,0.226,-18.84
Car A,1780,118.6667,6,25.474,1,24.847,2.249,-0.141,5.9066,-0.1392,4.0738,1.0,0.9115,24.978,18.834
Car B,1780,118.6667,6,6.64,1,6.64,-0.08,-0.08,6.0062,0.1068,0.0439,1.0,0.0079,0.177,-18.834
Car A,1781,118.7333,6,25.849,1,25.064,2.58,-0.123,5.9006,-0.0913,4.2474,1.0,1.0,22.789,18.809
Car B,1781,118.7333,6,7.04,1,7.04,-0.082,-0.082,6.0036,-0.0393,0.0247,1.0,0.0084,0.193,-18.809
Car A,1782,118.8,6,26.244,1,25.263,2.921,-0.114,5.8939,-0.0998,4.3808,1.0,1.0,24.996,18.804
Car B,1782,118.8,6,7.44,1,7.441,-0.084,-0.084,6.0041,0.0069,0.0299,1.0,0.0085,0.204,-18.804
Car A,1783,118.8667,6,26.624,1,25.443,3.272,-0.091,5.8881,-0.0871,4.4809,1.0,1.0,24.999,18.783
Car B,1783,118.8667,6,7.841,1,7.841,-0.086,-0.086,6.0046,0.0088,0.0328,1.0,0.0079,0.206,-18.783
Car A,1784,118.9333,6,27.018,1,25.605,3.632,-0.103,5.8829,-0.0784,4.559,1.0,1.0,24.999,18.777
Car B,1784,118.9333,6,8.241,1,8.241,-0.087,-0.087,6.0049,0.0044,0.0399,1.0,0.0085,0.192,-18.777
Car A,1785,119.0,6,27.412,1,25.747,3.999,-0.094,5.8781,-0.0712,4.6234,1.0,0.9911,24.999,18.771
Car B,1785,119.0,6,8.641,1,8.642,-0.089,-0.089,6.0039,-0.0153,0.0279,1.0,0.0086,0.206,-18.771
Car A,1786,119.0667,6,27.792,1,25.869,4.374,-0.105,5.8739,-0.0631,4.6717,1.0,0.977,24.777,18.75
Car B,1786,119.0667,6,9.042,1,9.042,-0.09,-0.09,6.0047,0.0113,0.0343,1.0,0.0099,0.21,-18.75
Car A,1787,119.1333,6,28.185,1,25.971,4.754,-0.115,5.8702,-0.0561,4.7084,1.0,0.0934,24.425,18.743
Car B,1787,119.1333,6,9.442,1,9.442,-0.091,-0.091,6.0045,-0.0024,0.0317,1.0,0.0112,0.24,-18.743
Car A,1788,119.2,6,28.56,1,26.061,5.138,-0.128,5.9066,0.5465,3.2792,1.0,0.645,2.367,18.718
Car B,1788,119.2,6,9.842,1,9.842,-0.092,-0.092,6.0047,0.0034,0.038,1.0,0.0099,0.27,-18.718
Car A,1789,119.2667,6,28.951,1,26.148,5.523,-0.185,5.9068,0.0025,2.8864,1.0,0.315,16.102,18.708
Car B,1789,119.2667,6,10.242,1,10.243,-0.093,-0.093,5.9985,-0.0937,0.0,1.0,0.012,0.241,-18.708
Car A,1790,119.3333,6,29.345,1,26.224,5.912,-0.231,5.9502,0.6517,2.6693,1.0,0.0257,7.887,18.702
Car B,1790,119.3333,6,10.642,1,10.643,-0.094,-0.094,5.9991,0.0099,0.0386,1.0,0.0106,0.291,-18.702
Car A,1791,119.4,6,29.718,1,26.296,6.303,-0.296,5.9677,0.2626,1.2651,1.0,0.2487,0.654,18.676
Car B,1791,119.4,6,11.042,1,11.042,-0.094,-0.094,5.9948,-0.0652,0.064,1.0,0.0102,0.259,-18.676
Car A,1792,119.4667,6,30.109,1,26.369,6.694,-0.369,5.9647,-0.0453,1.5888,1.0,0.1622,6.208,18.667
Car B,1792,119.4667,6,11.442,1,11.442,-0.093,-0.093,5.9959,0.0165,0.0531,1.0,0.0126,0.248,-18.667
Car A,1793,119.5333,6,30.503,1,26.433,7.088,-0.433,6.0138,0.7371,1.5306,1.0,0.1367,4.058,18.661
Car B,1793,119.5333,6,11.842,1,11.842,-0.094,-0.094,5.9991,0.0479,0.0405,1.0,0.0125,0.305,-18.661
Car A,1794,119.6,6,30.9,1,26.492,7.485,-0.492,6.0275,0.2045,1.3066,1.0,0.1162,3.419,18.658
Car B,1794,119.6,6,12.242,1,12.242,-0.093,-0.093,5.9961,-0.0452,0.0588,1.0,0.0088,0.306,-18.658
Car A,1795,119.6667,6,31.297,1,26.548,7.882,-0.548,5.9957,-0.4766,1.1319,1.0,0.089,2.905,18.656
Car B,1795,119.6667,6,12.642,1,12.642,-0.092,-0.092,6.0026,0.0975,0.0522,1.0,0.0024,0.215,-18.656
Car A,1796,119.7333,6,31.693,1,26.601,8.278,-0.601,5.9711,-0.3688,0.9048,1.0,0.068,2.224,18.651
Car B,1796,119.7333,6,13.042,1,13.042,-0.09,-0.09,6.0101,0.1132,0.0475,1.0,-0.0093,0.062,-18.651
Car A,1797,119.8,6,32.091,1,26.653,8.676,-0.653,6.0068,0.5353,0.6602,1.0,0.0912,1.7,18.648
Car B,1797,119.8,6,13.443,1,13.443,-0.09,-0.09,6.0084,-0.0264,-0.0767,1.0,-0.0145,-0.225,-18.648
Car A,1798,119.8667,6,32.488,1,26.701,9.073,-0.701,5.998,-0.1321,0.8759,1.0,0.0382,2.28,18.644
Car B,1798,119.8667,6,13.843,1,13.843,-0.091,-0.091,6.0151,0.1017,-0.1732,1.0,-0.0291,-0.339,-18.644
Car A,1799,119.9333,6,32.884,1,26.748,9.469,-0.748,5.9757,-0.3342,0.3083,1.0,0.0687,0.946,18.641
Car B,1799,119.9333,6,14.243,1,14.243,-0.094,-0.094,5.9897,-0.3816,-0.2762,1.0,-0.0455,-0.718,-18.641
Car A,1800,120.0,6,33.28,1,26.793,9.865,-0.793,5.9888,0.196,0.652,1.0,0.0222,1.716,18.638
Car B,1800,120.0,6,14.642,1,14.642,-0.1,-0.1,5.9931,0.0504,-0.4793,1.0,0.0028,-1.137,-18.638
Car A,1801,120.0667,6,33.677,1,26.837,10.262,-0.837,6.0155,0.4014,0.2386,1.0,0.224,0.552,18.636
Car B,1801,120.0667,6,15.042,1,15.042,-0.105,-0.105,5.9914,-0.0257,0.1452,1.0,0.1659,0.055,-18.636
Car A,1802,120.1333,6,34.076,1,26.878,10.661,-0.878,6.0131,-0.0372,0.9856,1.0,-0.0732,5.593,18.635
Car B,1802,120.1333,6,15.441,1,15.441,-0.104,-0.104,5.989,-0.0348,0.8448,1.0,0.0789,4.14,-18.635
Car A,1803,120.2,6,34.475,1,26.915,11.06,-0.915,6.0145,0.0221,0.0439,1.0,0.8247,-1.819,18.634
Car B,1803,120.2,6,15.841,1,15.841,-0.096,-0.096,6.0109,0.3284,0.757,1.0,-0.0428,1.975,-18.634
Car A,1804,120.2667,6,34.874,1,26.953,11.459,-0.953,6.0069,-0.1149,0.5242,1.0,0.7125,20.585,18.632
Car B,1804,120.2667,6,16.242,1,16.242,-0.091,-0.091,6.0101,-0.0119,-0.2839,1.0,0.7715,-1.064,-18.632
Car A,1805,120.3333,6,35.273,1,26.979,11.858,-0.979,5.9937,-0.1976,1.6772,1.0,1.0,17.816,18.631
Car B,1805,120.3333,6,16.642,1,16.642,-0.086,-0.086,6.0116,0.0224,0.3823,1.0,0.6566,19.257,-18.631
Car A,1806,120.4,6,35.672,1,26.99,12.257,-0.99,5.9802,-0.2024,2.4021,1.0,1.0,24.989,18.63
Car B,1806,120.4,6,17.042,1,17.042,-0.069,-0.069,5.9979,-0.2052,1.598,1.0,0.9136,16.42,-18.63
Car A,1807,120.4667,6,36.071,1,26.983,12.656,-0.983,5.967,-0.1976,2.942,1.0,0.9001,25.0,18.631
Car B,1807,120.4667,6,17.44,1,17.44,-0.036,-0.036,5.9851,-0.1924,2.3278,0.8826,-0.1645,22.831,-18.631
Car A,1808,120.5333,6,36.469,1,26.96,13.054,-0.96,5.9564,-0.1592,3.3547,1.0,0.9959,22.507,18.632
Car B,1808,120.5333,6,17.837,1,17.837,0.003,0.003,5.9856,0.0071,1.3259,0.7751,-0.0417,-4.071,-18.632
Car A,1809,120.6,6,36.864,1,26.917,13.449,-0.917,5.9457,-0.161,3.6894,1.0,0.71,24.893,18.633
Car B,1809,120.6,6,18.231,1,18.231,0.034,0.034,5.8735,-1.681,-0.1191,1.0,0.0061,-1.047,-18.633
Car A,1810,120.6667,6,37.257,1,26.856,13.842,-0.856,5.9398,-0.0889,3.9316,1.0,0.8725,17.759,18.633
Car B,1810,120.6667,6,18.625,1,18.625,0.06,0.06,5.9636,1.3515,0.0604,1.0,-0.1456,0.152,-18.633
Car A,1811,120.7333,6,37.585,1,26.776,14.231,-0.791,5.9324,-0.1107,4.1382,1.0,0.732,21.807,18.563
Car B,1811,120.7333,6,19.022,1,19.022,0.084,0.084,5.9625,-0.0171,-0.7974,1.0,1.0,-3.633,-18.563
Car A,1812,120.8,6,37.976,1,26.676,14.616,-0.722,5.9283,-0.0606,4.2712,1.0,0.5248,18.304,18.558
Car B,1812,120.8,6,19.418,1,19.418,0.106,0.106,5.9555,-0.1055,0.0303,1.0,1.0,24.957,-18.558
Car A,1813,120.8667,6,38.357,1,26.557,14.995,-0.633,5.9389,0.1591,4.318,1.0,1.0,13.127,18.543
Car B,1813,120.8667,6,19.813,1,19.813,0.138,0.138,5.9419,-0.2041,1.2435,1.0,1.0,25.0,-18.543
Car A,1814,120.9333,6,38.659,1,26.42,15.368,-0.58,5.9318,-0.1068,4.4259,1.0,1.0,24.981,18.439
Car B,1814,120.9333,6,20.22,1,20.206,0.185,0.169,5.9286,-0.1992,2.0531,1.0,1.0,25.0,-18.439
Car A,1815,121.0,6,39.05,1,26.263,15.733,-0.513,5.9258,-0.0904,4.5068,1.0,1.0,24.999,18.436
Car B,1815,121.0,6,20.614,1,20.596,0.248,0.201,5.9155,-0.1954,2.6692,1.0,0.951,25.0,-18.436
Car A,1816,121.0667,6,39.369,1,26.088,16.089,-0.442,5.9201,-0.0856,4.5787,1.0,1.0,24.999,18.325
Car B,1816,121.0667,6,21.044,1,20.983,0.328,0.237,5.9039,-0.1749,3.1497,1.0,1.0,23.776,-18.325
Car A,1817,121.1333,6,39.763,1,25.894,16.435,-0.395,5.9149,-0.0778,4.6372,1.0,1.0,24.999,18.325
Car B,1817,121.1333,6,21.438,1,21.365,0.426,0.243,5.8932,-0.1611,3.528,1.0,1.0,24.998,-18.325
Car A,1818,121.2,6,40.153,1,25.681,16.77,-0.327,5.9101,-0.0714,4.6841,1.0,1.0,24.999,18.322
Car B,1818,121.2,6,21.831,1,21.742,0.541,0.267,5.8836,-0.1437,3.8201,1.0,1.0,25.0,-18.322
Car A,1819,121.2667,6,40.498,1,25.452,17.092,-0.283,5.9058,-0.0653,4.7204,1.0,1.0,24.999,18.231
Car B,1819,121.2667,6,22.267,1,22.112,0.675,0.254,5.8753,-0.124,4.046,1.0,1.0,25.0,-18.231
Car A,1820,121.3333,6,40.891,1,25.205,17.402,-0.234,5.9016,-0.0628,4.7493,1.0,1.0,24.999,18.231
Car B,1820,121.3333,6,22.66,1,22.474,0.827,0.256,5.8681,-0.1079,4.2202,1.0,1.0,25.0,-18.231
Car A,1821,121.4,6,41.254,1,24.942,17.697,-0.178,5.8977,-0.0584,4.7701,1.0,1.0,24.999,18.161
Car B,1821,121.4,6,23.093,1,22.828,0.998,0.239,5.8619,-0.0938,4.3546,1.0,1.0,24.999,-18.161
Car A,1822,121.4667,6,41.648,1,24.664,17.978,-0.149,5.8939,-0.0569,4.7876,1.0,1.0,24.999,18.163
Car B,1822,121.4667,6,23.485,1,23.172,1.187,0.22,5.8563,-0.0832,4.4589,1.0,1.0,24.999,-18.163
Car A,1823,121.5333,6,42.04,1,24.371,18.243,-0.098,5.8903,-0.0537,4.8019,1.0,1.0,24.999,18.129
Car B,1823,121.5333,6,23.911,1,23.506,1.393,0.202,5.8514,-0.0731,4.5435,1.0,1.0,24.999,-18.129
Car A,1824,121.6,6,42.42,1,24.064,18.491,-0.073,5.8869,-0.0521,4.8133,1.0,1.0,24.999,18.119
Car B,1824,121.6,6,24.301,1,23.828,1.617,0.163,5.8471,-0.0654,4.6095,1.0,1.0,24.999,-18.119
Car A,1825,121.6667,6,42.813,1,23.744,18.723,-0.041,5.8836,-0.0494,4.8208,1.0,1.0,24.999,18.121
Car B,1825,121.6667,6,24.692,1,24.137,1.858,0.146,5.8432,-0.059,4.6598,1.0,1.0,24.999,-18.121
Car A,1826,121.7333,6,43.204,1,23.412,18.936,-0.01,5.8803,-0.0489,4.8285,1.0,1.0,24.999,18.102
Car B,1826,121.7333,6,25.103,1,24.432,2.115,0.089,5.8396,-0.053,4.7022,1.0,1.0,24.999,-18.102
Car A,1827,121.8,6,43.598,1,23.069,19.13,0.004,5.8772,-0.0462,4.8344,1.0,0.9336,24.999,18.106
Car B,1827,121.8,6,25.493,1,24.713,2.388,0.052,5.8363,-0.0495,4.7344,1.0,1.0,24.999,-18.106
Car A,1828,121.8667,6,43.991,1,22.716,19.305,0.039,5.8748,-0.0368,4.8313,1.0,0.6091,23.342,18.104
Car B,1828,121.8667,6,25.887,1,24.978,2.676,-0.0,5.8333,-0.0451,4.7608,1.0,1.0,24.999,-18.104
Car A,1829,121.9333,6,44.392,1,22.354,19.461,0.035,5.8899,0.2276,4.7503,1.0,1.0,15.238,18.118
Car B,1829,121.9333,6,26.274,1,25.227,2.977,-0.055,5.8305,-0.0423,4.7818,1.0,1.0,24.999,-18.118
Car A,1830,122.0,6,44.786,2,21.984,19.599,0.05,5.8858,-0.0622,4.8139,1.0,0.7178,24.984,18.137
Car B,1830,122.0,6,26.649,1,25.459,3.292,-0.099,5.8278,-0.0403,4.7964,1.0,1.0,24.999,-18.137
Car A,1831,122.0667,6,45.19,2,21.607,19.716,0.049,5.887,0.0188,4.7453,1.0,1.0,17.955,18.157
Car B,1831,122.0667,6,27.033,1,25.674,3.619,-0.171,5.8253,-0.0378,4.8101,1.0,1.0,24.999,-18.157
Car A,1832,122.1333,6,45.584,2,21.224,19.812,0.044,5.883,-0.0611,4.8055,1.0,0.5243,24.989,18.164
Car B,1832,122.1333,6,27.42,1,25.869,3.957,-0.223,5.8229,-0.036,4.8205,1.0,1.0,24.999,-18.164
Car A,1833,122.2,6,45.988,2,20.836,19.892,0.042,5.9339,0.7646,4.1458,1.0,1.0,13.126,18.222
Car B,1833,122.2,6,27.766,1,26.046,4.305,-0.293,5.8206,-0.0346,4.8272,1.0,1.0,24.999,-18.222
Car A,1834,122.2667,6,46.384,2,20.444,19.956,0.009,5.925,-0.1333,4.2869,1.0,0.8485,24.981,18.233
Car B,1834,122.2667,6,28.15,1,26.203,4.663,-0.362,5.8184,-0.0331,4.8354,1.0,1.0,24.999,-18.233
Car A,1835,122.3333,6,46.78,2,20.05,19.999,-0.003,5.9206,-0.0665,4.3984,1.0,-0.0778,21.216,18.307
Car B,1835,122.3333,6,28.474,1,26.34,5.028,-0.415,5.8162,-0.0326,4.8406,1.0,1.0,24.999,-18.307
Car A,1836,122.4,6,47.176,2,19.654,20.031,-0.031,5.9517,0.4661,2.9876,1.0,0.1112,-1.911,18.323
Car B,1836,122.4,6,28.853,1,26.456,5.4,-0.502,5.8141,-0.0315,4.8439,1.0,1.0,24.999,-18.323
Car A,1837,122.4667,6,47.572,2,19.258,20.069,-0.069,6.0097,0.8698,1.092,1.0,0.1464,2.776,18.335
Car B,1837,122.4667,6,29.238,1,26.551,5.779,-0.567,5.812,-0.0309,4.8472,1.0,1.0,24.999,-18.335
Car A,1838,122.5333,6,47.972,2,18.858,20.106,-0.106,6.0381,0.4266,1.4335,1.0,0.1377,3.656,18.395
Car B,1838,122.5333,6,29.576,1,26.626,6.161,-0.626,5.81,-0.0301,4.8486,1.0,1.0,24.999,-18.395
Car A,1839,122.6,6,48.373,2,18.457,20.136,-0.136,6.0601,0.3296,1.347,1.0,0.1261,3.443,18.411
Car B,1839,122.6,6,29.962,1,26.678,6.547,-0.678,5.8081,-0.0293,4.8513,1.0,1.0,24.999,-18.411
Car A,1840,122.6667,6,48.776,2,18.054,20.161,-0.161,6.0567,-0.0508,1.2393,1.0,0.1146,3.152,18.425
Car B,1840,122.6667,6,30.351,1,26.709,6.936,-0.709,5.8062,-0.0289,4.8521,1.0,1.0,24.999,-18.425
Car A,1841,122.7333,6,49.179,2,17.651,20.182,-0.182,6.0517,-0.0746,1.1144,1.0,0.1065,2.865,18.439
Car B,1841,122.7333,6,30.74,1,26.719,7.325,-0.719,5.8043,-0.028,4.8533,1.0,1.0,24.999,-18.439
Car A,1842,122.8,6,49.581,2,17.249,20.199,-0.199,6.0256,-0.3925,1.0351,1.0,0.097,2.664,18.452
Car B,1842,122.8,6,31.129,1,26.707,7.714,-0.707,5.8024,-0.0277,4.8544,1.0,1.0,24.999,-18.452
Car A,1843,122.8667,6,49.983,2,16.847,20.212,-0.212,6.0135,-0.181,0.957,1.0,0.0869,2.426,18.466
Car B,1843,122.8667,6,31.517,1,26.673,8.102,-0.673,5.8006,-0.0271,4.8563,1.0,1.0,24.999,-18.466
Car A,1844,122.9333,6,50.385,2,16.445,20.222,-0.222,6.008,-0.0824,0.8598,1.0,0.0758,2.172,18.483
Car B,1844,122.9333,6,31.902,1,26.617,8.487,-0.617,5.7988,-0.027,4.8558,1.0,0.3973,24.999,-18.483
Car A,1845,123.0,6,50.787,2,16.043,20.23,-0.23,6.0541,0.6921,0.7642,1.0,0.0836,1.885,18.501
Car B,1845,123.0,6,32.286,1,26.548,8.871,-0.548,5.8675,1.0307,3.5111,1.0,-0.0754,9.955,-18.501
Car A,1846,123.0667,6,51.191,2,15.639,20.233,-0.233,6.0571,0.0451,0.8401,1.0,0.0427,2.082,18.518
Car B,1846,123.0667,6,32.672,1,26.476,9.257,-0.476,5.8912,0.3541,1.8764,1.0,-0.1025,-1.867,-18.518
Car A,1847,123.1333,6,51.594,2,15.237,20.236,-0.236,6.0368,-0.3051,0.3104,1.0,0.0825,1.052,18.533
Car B,1847,123.1333,6,33.061,1,26.413,9.646,-0.413,5.9034,0.1833,0.2708,1.0,-0.1295,-2.562,-18.533
Car A,1848,123.2,6,51.996,2,14.834,20.237,-0.237,6.0402,0.0512,0.8174,1.0,-0.0847,2.059,18.545
Car B,1848,123.2,6,33.451,1,26.363,10.036,-0.363,5.9071,0.0567,-0.8149,1.0,-0.0746,-3.236,-18.545
Car A,1849,123.2667,6,52.399,2,14.431,20.238,-0.238,6.0392,-0.0147,-0.2394,1.0,0.0915,-2.111,18.555
Car B,1849,123.2667,6,33.843,1,26.318,10.428,-0.318,5.9357,0.4284,-0.4769,1.0,-0.0913,-1.847,-18.555
Car A,1850,123.3333,6,52.801,2,14.029,20.242,-0.242,6.0351,-0.0624,0.4597,1.0,-0.0119,2.28,18.563
Car B,1850,123.3333,6,34.238,1,26.277,10.823,-0.277,5.941,0.0788,-0.9095,1.0,-0.0818,-2.273,-18.563
Car A,1851,123.4,6,53.203,2,13.627,20.242,-0.242,6.0122,-0.3433,-0.1359,1.0,0.0778,-0.292,18.57
Car B,1851,123.4,6,34.633,1,26.24,11.218,-0.24,5.9508,0.1474,-0.8163,1.0,-0.0423,-2.038,-18.57
Car A,1852,123.4667,6,53.604,2,13.226,20.241,-0.241,6.0085,-0.0556,0.6853,1.0,-0.1666,1.94,18.575
Car B,1852,123.4667,6,35.029,1,26.204,11.614,-0.204,5.9756,0.3725,-0.4084,1.0,-0.1506,-1.054,-18.575
Car A,1853,123.5333,6,54.004,2,12.826,20.24,-0.24,6.0084,-0.0011,-0.3229,1.0,0.0773,-4.155,18.578
Car B,1853,123.5333,6,35.426,1,26.172,12.011,-0.172,5.9724,-0.0487,-1.1812,0.8908,-0.0658,-3.759,-18.578
Car A,1854,123.6,6,54.405,2,12.425,20.241,-0.241,6.0075,-0.0129,0.4155,1.0,-0.0954,1.922,18.586
Car B,1854,123.6,6,35.818,1,26.145,12.403,-0.145,5.838,-2.0157,-0.6222,0.9367,-0.0543,-1.648,-18.586
Car A,1855,123.6667,6,54.805,2,12.025,20.24,-0.24,6.0042,-0.0496,-0.3828,1.0,0.0886,-2.379,18.605
Car B,1855,123.6667,6,36.2,1,26.119,12.785,-0.119,5.6772,-2.4119,-0.4761,1.0,1.0,-1.352,-18.605
Car A,1856,123.7333,6,55.205,2,11.625,20.242,-0.242,6.0021,-0.0328,0.366,1.0,-0.0557,2.207,18.628
Car B,1856,123.7333,6,36.577,1,26.089,13.162,-0.089,5.6782,0.0146,0.3431,1.0,0.9686,24.96,-18.628
Car A,1857,123.8,6,55.605,2,11.225,20.241,-0.241,6.0002,-0.0285,-0.3689,1.0,0.0844,-1.386,18.652
Car B,1857,123.8,6,36.953,1,26.048,13.538,-0.048,5.6691,-0.1356,1.4281,1.0,0.5356,24.216,-18.652
Car A,1858,123.8667,6,56.005,2,10.825,20.241,-0.241,5.998,-0.0321,0.4488,1.0,-0.1336,2.103,18.678
Car B,1858,123.8667,6,37.327,1,25.991,13.912,0.009,5.6631,-0.0911,2.124,1.0,0.9116,13.405,-18.678
Car A,1859,123.9333,6,56.405,2,10.425,20.239,-0.239,5.9955,-0.0374,-0.3619,1.0,0.0724,-3.332,18.701
Car B,1859,123.9333,6,37.704,1,25.919,14.283,0.059,5.6546,-0.1272,2.7291,1.0,0.9711,22.776,-18.701
Car A,1860,124.0,6,56.804,2,10.026,20.241,-0.241,5.9949,-0.0093,0.3867,1.0,-0.1486,1.801,18.728
Car B,1860,124.0,6,38.076,1,25.83,14.65,0.119,5.6465,-0.1213,3.1753,1.0,0.942,24.275,-18.728
Car A,1861,124.0667,6,57.204,2,9.626,20.239,-0.239,5.9921,-0.042,-0.417,1.0,0.0658,-3.707,18.729
Car B,1861,124.0667,6,38.475,1,25.723,15.012,0.18,5.6398,-0.1011,3.5223,1.0,1.0,23.55,-18.729
Car A,1862,124.1333,6,57.603,2,9.227,20.241,-0.241,5.9918,-0.0046,0.3532,1.0,-0.1558,1.636,18.753
Car B,1862,124.1333,6,38.851,1,25.599,15.368,0.218,5.6336,-0.0922,3.8109,1.0,1.0,24.997,-18.753
Car A,1863,124.2,6,58.003,2,8.827,20.241,-0.241,5.9891,-0.0401,-0.4542,1.0,0.0564,-3.887,18.779
Car B,1863,124.2,6,39.224,1,25.457,15.718,0.275,5.6287,-0.0742,4.0358,1.0,1.0,25.0,-18.779
Car A,1864,124.2667,6,58.402,2,8.428,20.244,-0.244,5.9902,0.0166,0.3114,1.0,-0.1522,1.401,18.758
Car B,1864,124.2667,6,39.644,1,25.296,16.059,0.301,5.6249,-0.0571,4.2033,1.0,1.0,24.999,-18.758
Car A,1865,124.3333,6,58.801,2,8.029,20.245,-0.245,5.9873,-0.0438,-0.4861,1.0,0.0614,-3.797,18.782
Car B,1865,124.3333,6,40.019,1,25.117,16.391,0.339,5.6219,-0.0442,4.34,1.0,1.0,24.999,-18.782
Car A,1866,124.4,6,59.2,2,7.63,20.25,-0.25,5.9882,0.0138,0.2944,1.0,-0.146,1.526,18.748
Car B,1866,124.4,6,40.452,1,24.921,16.713,0.368,5.6197,-0.0325,4.4474,1.0,1.0,24.999,-18.748
Car A,1867,124.4667,6,59.599,2,7.231,20.252,-0.252,5.9849,-0.0493,-0.4747,1.0,0.0636,-3.641,18.771
Car B,1867,124.4667,6,40.828,1,24.707,17.023,0.389,5.6183,-0.0222,4.5336,1.0,1.0,24.999,-18.771
Car A,1868,124.5333,6,59.998,2,6.832,20.257,-0.257,5.986,0.0163,0.302,1.0,-0.1407,1.581,18.728
Car B,1868,124.5333,6,41.27,1,24.476,17.321,0.421,5.6173,-0.014,4.6015,1.0,1.0,24.999,-18.728
Car A,1869,124.6,6,60.397,2,6.433,20.26,-0.26,5.9833,-0.0408,-0.4616,1.0,0.0681,-3.51,18.75
Car B,1869,124.6,6,41.647,1,24.229,17.606,0.424,5.6168,-0.0086,4.6547,1.0,1.0,24.999,-18.75
Car A,1870,124.6667,6,60.796,2,6.034,20.266,-0.266,5.9835,0.0022,0.3217,1.0,-0.1499,1.695,18.773
Car B,1870,124.6667,6,42.023,1,23.966,17.876,0.448,5.6166,-0.0022,4.7006,1.0,1.0,24.999,-18.773
Car A,1871,124.7333,6,61.195,2,5.635,20.269,-0.269,5.9817,-0.0263,-0.4384,1.0,0.0724,-3.739,18.723
Car B,1871,124.7333,6,42.471,1,23.689,18.131,0.444,5.6167,0.0018,4.7346,1.0,1.0,24.999,-18.723
Car A,1872,124.8,6,61.593,2,5.237,20.276,-0.276,5.9825,0.0122,0.3236,1.0,-0.1359,1.801,18.745
Car B,1872,124.8,6,42.848,1,23.397,18.37,0.452,5.617,0.0042,4.7616,1.0,1.0,24.999,-18.745
Car A,1873,124.8667,6,61.992,2,4.838,20.279,-0.279,5.9797,-0.0422,-0.4254,1.0,0.0772,-3.39,18.694
Car B,1873,124.8667,6,43.298,1,23.092,18.592,0.45,5.6176,0.0084,4.7827,1.0,1.0,24.999,-18.694
Car A,1874,124.9333,6,62.391,2,4.44,20.287,-0.287,5.9812,0.0224,0.335,1.0,-0.1194,1.922,18.716
Car B,1874,124.9333,6,43.675,1,22.775,18.797,0.442,5.6182,0.0094,4.8019,1.0,1.0,24.999,-18.716
Car A,1875,125.0,6,62.789,2,4.041,20.291,-0.291,5.9796,-0.0241,-0.4184,1.0,0.082,-2.976,18.667
Car B,1875,125.0,6,44.122,1,22.447,18.982,0.442,5.619,0.0115,4.8153,1.0,1.0,24.999,-18.667
Car A,1876,125.0667,6,63.188,2,3.642,20.298,-0.298,5.9802,0.0093,0.3447,1.0,-0.0972,2.043,18.689
Car B,1876,125.0667,6,44.499,1,22.108,19.149,0.418,5.6198,0.0129,4.8272,1.0,1.0,24.999,-18.689
Car A,1877,125.1333,6,63.586,2,3.244,20.303,-0.303,5.9791,-0.0166,-0.3985,1.0,0.0809,-2.424,18.71
Car B,1877,125.1333,6,44.876,2,21.761,19.296,0.415,5.6207,0.0128,4.8353,1.0,1.0,24.999,-18.71
Car A,1878,125.2,6,63.985,2,2.845,20.31,-0.31,5.9787,-0.006,0.3649,1.0,-0.0787,2.015,18.667
Car B,1878,125.2,6,45.317,2,21.405,19.423,0.38,5.6217,0.015,4.844,1.0,1.0,24.999,-18.667
Car A,1879,125.2667,6,64.383,2,2.447,20.315,-0.315,5.9779,-0.0116,-0.3809,1.0,0.0843,-1.961,18.689
Car B,1879,125.2667,6,45.694,2,21.043,19.529,0.361,5.6226,0.0138,4.8488,1.0,1.0,24.999,-18.689
Car A,1880,125.3333,6,64.782,2,2.049,20.322,-0.322,5.9771,-0.0126,0.3916,1.0,-0.0663,2.102,18.655
Car B,1880,125.3333,6,46.127,2,20.675,19.615,0.331,5.6235,0.0144,4.8523,1.0,1.0,24.999,-18.655
Car A,1881,125.4,6,65.18,2,1.65,20.326,-0.326,5.9781,0.0157,-0.3659,1.0,0.0866,-1.651,18.677
Car B,1881,125.4,6,46.503,2,20.303,19.679,0.296,5.6245,0.0148,4.856,1.0,1.0,24.999,-18.677
Car A,1882,125.4667,6,65.578,2,1.252,20.333,-0.333,5.9774,-0.0107,0.4291,1.0,-0.075,2.16,18.676
Car B,1882,125.4667,6,46.902,2,19.928,19.722,0.278,5.6256,0.0158,4.8581,1.0,1.0,24.999,-18.676
Car A,1883,125.5333,6,65.977,2,0.853,20.336,-0.336,5.9771,-0.0044,-0.3403,1.0,0.0855,-1.869,18.697
Car B,1883,125.5333,6,47.279,2,19.551,19.742,0.258,5.6265,0.0144,4.8606,1.0,0.9151,24.999,-18.697
Car A,1884,125.6,6,66.375,2,0.455,20.343,-0.343,5.9766,-0.0077,0.3878,1.0,-0.0735,2.132,18.718
Car B,1884,125.6,6,47.657,2,19.173,19.742,0.258,5.6287,0.0317,4.8524,1.0,-0.1673,22.881,-18.718
Car A,1885,125.6667,6,66.773,2,0.057,20.346,-0.346,5.9763,-0.0054,-0.3615,1.0,0.0822,-1.83,18.738
Car B,1885,125.6667,6,48.036,2,18.794,19.729,0.271,5.6707,0.631,3.3512,1.0,-0.5473,-4.141,-18.738
Car A,1886,125.7333,6,67.172,2,-0.342,20.353,-0.353,5.9753,-0.0151,0.3951,1.0,-0.12,2.048,18.756
Car B,1886,125.7333,6,48.416,2,18.415,19.72,0.28,5.7001,0.4411,1.2801,1.0,-0.92,-13.667,-18.756
Car A,1887,125.8,6,67.57,2,-0.74,20.356,-0.356,5.9747,-0.0082,-0.3805,1.0,0.0787,-2.993,18.774
Car B,1887,125.8,6,48.796,2,18.034,19.722,0.278,5.7022,0.0304,-0.1116,1.0,-0.5982,-22.987,-18.774
Car A,1888,125.8667,6,67.968,2,-1.138,20.363,-0.363,5.9751,0.0063,0.36,1.0,-0.1131,1.96,18.793
Car B,1888,125.8667,6,49.176,2,17.655,19.738,0.262,5.7003,-0.0276,-1.0758,0.9568,-0.2405,-14.967,-18.793
Car A,1889,125.9333,6,68.366,2,-1.536,20.367,-0.367,5.975,-0.0016,-0.4044,1.0,0.0812,-2.819,18.812
Car B,1889,125.9333,6,49.554,2,17.276,19.766,0.234,5.6921,-0.1228,-1.7789,0.9403,-0.1054,-6.026,-18.812
Car A,1890,126.0,6,68.765,2,-1.934,20.374,-0.374,5.9746,-0.0061,0.3679,1.0,-0.1121,2.021,18.832
Car B,1890,126.0,6,49.932,2,16.898,19.8,0.2,5.7031,0.1643,-0.9086,1.0,0.0757,-2.64,-18.832
Car A,1891,126.0667,6,69.163,2,-2.333,20.378,-0.378,5.9742,-0.0057,-0.3972,1.0,0.0798,-2.796,18.851
Car B,1891,126.0667,6,50.312,2,16.518,19.828,0.172,5.7188,0.235,0.0969,1.0,0.136,1.885,-18.851
Car A,1892,126.1333,6,69.561,2,-2.731,20.386,-0.386,5.9739,-0.0045,0.3543,1.0,-0.1182,1.988,18.867
Car B,1892,126.1333,6,50.694,2,16.136,19.845,0.155,5.7416,0.3431,1.0288,0.9709,-0.0779,3.396,-18.867
Car A,1893,126.2,6,69.959,2,-3.129,20.39,-0.39,5.9732,-0.0107,-0.401,1.0,0.0782,-2.948,18.882
Car B,1893,126.2,6,51.077,2,15.753,19.858,0.142,5.7458,0.0632,0.0498,0.9552,-0.1049,-1.94,-18.882
Car A,1894,126.2667,6,70.357,2,-3.527,20.398,-0.398,5.9738,0.0084,0.372,1.0,-0.1204,1.948,18.899
Car B,1894,126.2667,6,51.459,2,15.371,19.884,0.116,5.7409,-0.0738,-0.8902,0.9899,0.0699,-2.621,-18.899
Car A,1895,126.3333,6,70.755,2,-3.925,20.403,-0.403,5.9732,-0.0088,-0.4159,1.0,0.0798,-3.003,18.914
Car B,1895,126.3333,6,51.841,2,14.989,19.911,0.089,5.7521,0.1677,0.1184,1.0,0.1621,1.741,-18.914
Car A,1896,126.4,6,71.153,2,-4.323,20.411,-0.411,5.9737,0.0072,0.3633,1.0,-0.1212,1.987,18.929
Car B,1896,126.4,6,52.225,2,14.605,19.925,0.075,5.7646,0.1877,1.0861,0.999,-0.0659,4.049,-18.929
Car A,1897,126.4667,6,71.552,2,-4.721,20.416,-0.416,5.9729,-0.0113,-0.4185,1.0,0.0785,-3.021,18.942
Car B,1897,126.4667,6,52.609,2,14.221,19.936,0.064,5.7792,0.2194,0.152,0.9515,-0.055,-1.638,-18.942
Car A,1898,126.5333,6,71.95,2,-5.119,20.425,-0.425,5.9733,0.0056,0.3325,1.0,-0.1019,1.955,18.957
Car B,1898,126.5333,6,52.993,2,13.837,19.957,0.043,5.7496,-0.4449,-0.5006,0.9312,0.1335,-1.363,-18.957
Car A,1899,126.6,6,72.348,2,-5.518,20.43,-0.43,5.9726,-0.0096,-0.4021,1.0,0.0798,-2.54,18.972
Car B,1899,126.6,6,53.376,2,13.454,19.977,0.023,5.745,-0.0692,0.4378,0.9577,0.1342,3.329,-18.972
Car A,1900,126.6667,6,72.746,2,-5.916,20.439,-0.439,5.974,0.0199,0.3636,1.0,-0.109,1.987,18.987
Car B,1900,126.6667,6,53.759,2,13.072,19.984,0.016,5.7436,-0.0209,1.172,1.0,-0.0553,3.354,-18.987
Car A,1901,126.7333,6,73.144,2,-6.314,20.445,-0.445,5.9726,-0.021,-0.41,1.0,0.0784,-2.719,19.002
Car B,1901,126.7333,6,54.142,2,12.688,19.99,0.01,5.7598,0.2427,0.0709,0.9533,0.0199,-1.374,-19.002
Car A,1902,126.8,6,73.542,2,-6.712,20.454,-0.454,5.973,0.0064,0.3529,1.0,-0.1088,1.951,19.017
Car B,1902,126.8,6,54.525,2,12.305,20.001,-0.001,5.7431,-0.2504,0.2711,0.9647,0.0203,0.478,-19.017
Car A,1903,126.8667,6,73.94,2,-7.11,20.46,-0.46,5.9724,-0.0083,-0.4121,1.0,0.0763,-2.711,19.03
Car B,1903,126.8667,6,54.91,2,11.92,20.01,-0.01,5.7783,0.5283,0.0837,0.9567,0.0326,0.495,-19.03
Car A,1904,126.9333,6,74.338,2,-7.508,20.469,-0.469,5.9732,0.0116,0.3487,1.0,-0.1023,1.899,19.045
Car B,1904,126.9333,6,55.293,2,11.537,20.018,-0.018,5.7276,-0.7602,0.2138,0.9677,0.03,0.798,-19.045
Car A,1905,127.0,6,74.736,2,-7.906,20.476,-0.476,5.9717,-0.0225,-0.3943,1.0,0.0723,-2.549,19.058
Car B,1905,127.0,6,55.678,2,11.152,20.026,-0.026,5.7867,0.887,0.1618,0.9753,0.0254,0.731,-19.058
Car A,1906,127.0667,6,75.134,2,-8.304,20.485,-0.485,5.9734,0.026,0.3573,1.0,-0.1519,1.801,19.068
Car B,1906,127.0667,6,56.066,2,10.764,20.033,-0.033,5.8346,0.7183,0.1389,0.9869,0.0229,0.621,-19.068
Car A,1907,127.1333,6,75.532,2,-8.702,20.492,-0.492,5.9713,-0.0321,-0.4215,1.0,0.063,-3.788,19.074
Car B,1907,127.1333,6,56.458,2,10.372,20.039,-0.039,5.901,0.995,0.1692,1.0,0.0178,0.555,-19.074
Car A,1908,127.2,6,75.93,2,-9.1,20.503,-0.503,5.9732,0.0291,0.3512,1.0,-0.2068,1.568,19.075
Car B,1908,127.2,6,56.855,2,9.975,20.045,-0.045,5.9864,1.2817,0.1663,1.0,0.0156,0.433,-19.075
Car A,1909,127.2667,6,76.328,2,-9.498,20.511,-0.511,5.9712,-0.0309,-0.4873,1.0,0.0613,-5.16,19.073
Car B,1909,127.2667,6,57.255,2,9.575,20.051,-0.051,5.991,0.0694,0.0884,1.0,0.0191,0.381,-19.073
Car A,1910,127.3333,6,76.726,2,-9.896,20.523,-0.523,5.9726,0.0206,0.292,1.0,-0.1805,1.523,19.072
Car B,1910,127.3333,6,57.654,2,9.176,20.055,-0.055,5.9896,-0.021,0.0802,1.0,0.0176,0.454,-19.072
Car A,1911,127.4,6,77.124,2,-10.294,20.532,-0.532,5.9698,-0.0411,-0.4665,1.0,0.059,-4.504,19.07
Car B,1911,127.4,6,58.053,2,8.777,20.06,-0.06,5.9926,0.0449,0.0813,1.0,0.0176,0.43,-19.07
Car A,1912,127.4667,6,77.521,2,-10.691,20.545,-0.545,5.9721,0.0349,0.305,1.0,-0.1769,1.466,19.068
Car B,1912,127.4667,6,58.453,2,8.377,20.065,-0.065,5.9939,0.0187,0.0917,1.0,0.0167,0.429,-19.068
Car A,1913,127.5333,6,77.919,2,-11.089,20.556,-0.556,5.9693,-0.0433,-0.4856,1.0,0.0591,-4.413,19.067
Car B,1913,127.5333,6,58.853,2,7.978,20.069,-0.069,5.9926,-0.0192,0.0898,1.0,0.0156,0.408,-19.067
Car A,1914,127.6,6,78.317,2,-11.487,20.57,-0.57,5.9715,0.0332,0.2908,1.0,-0.1582,1.469,19.065
Car B,1914,127.6,6,59.252,2,7.578,20.072,-0.072,5.9929,0.0042,0.0841,1.0,0.0142,0.38,-19.065
Car A,1915,127.6667,6,78.715,2,-11.885,20.581,-0.581,5.9692,-0.0334,-0.4758,1.0,0.0548,-3.947,19.063
Car B,1915,127.6667,6,59.652,2,7.179,20.076,-0.076,5.993,0.0022,0.0908,1.0,0.0117,0.347,-19.063
Car A,1916,127.7333,6,79.113,2,-12.282,20.596,-0.596,5.9716,0.0361,0.2907,1.0,-0.1439,1.361,19.062
Car B,1916,127.7333,6,60.051,2,6.779,20.078,-0.078,5.9925,-0.0083,0.0749,1.0,0.0093,0.288,-19.062
Car A,1917,127.8,6,79.51,2,-12.68,20.609,-0.609,5.9698,-0.0283,-0.486,1.0,0.0501,-3.589,19.06
Car B,1917,127.8,6,60.451,2,6.38,20.081,-0.081,5.9933,0.0116,0.0458,1.0,0.0072,0.228,-19.06
Car A,1918,127.8667,6,79.908,2,-13.078,20.625,-0.625,5.9722,0.0372,0.2885,1.0,-0.1296,1.246,19.058
Car B,1918,127.8667,6,60.85,2,5.98,20.083,-0.083,5.9948,0.0225,0.0404,1.0,0.0033,0.178,-19.058
Car A,1919,127.9333,6,80.306,2,-13.476,20.639,-0.639,5.9708,-0.0214,-0.5384,1.0,0.0465,-3.232,19.056
Car B,1919,127.9333,6,61.25,2,5.58,20.084,-0.084,5.9943,-0.0066,0.0608,1.0,-0.0046,0.085,-19.056
Car A,1920,128.0,6,80.704,2,-13.873,20.657,-0.657,5.9734,0.039,0.2655,1.0,-0.1049,1.157,19.054
Car B,1920,128.0,6,61.65,2,5.181,20.086,-0.086,5.9958,0.0216,-0.0806,1.0,0.0006,-0.114,-19.054
Car A,1921,128.0667,6,81.101,2,-14.271,20.673,-0.673,5.9721,-0.0198,-0.5573,1.0,0.0375,-2.618,19.052
Car B,1921,128.0667,6,62.05,2,4.781,20.088,-0.088,6.0027,0.104,0.0219,1.0,-0.0103,0.013,-19.052
Car A,1922,128.1333,6,81.499,2,-14.669,20.693,-0.693,5.9742,0.0311,0.2473,1.0,-0.0919,0.933,19.049
Car B,1922,128.1333,6,62.45,2,4.38,20.09,-0.09,6.0005,-0.0333,-0.0159,1.0,-0.0165,-0.245,-19.049
Car A,1923,128.2,6,81.897,2,-15.067,20.71,-0.71,5.9743,0.0019,-0.5611,1.0,-0.0035,-2.292,19.047
Car B,1923,128.2,6,62.85,2,3.98,20.094,-0.094,6.015,0.2174,-0.1805,1.0,0.0046,-0.394,-19.047
Car A,1924,128.2667,6,82.295,2,-15.465,20.732,-0.732,5.9962,0.3287,-0.0226,1.0,-0.0496,-0.096,19.044
Car B,1924,128.2667,6,63.251,2,3.579,20.097,-0.097,6.0064,-0.1291,-0.1015,1.0,-0.007,0.101,-19.044
Car A,1925,128.3333,6,82.694,2,-15.864,20.755,-0.755,6.0113,0.2262,-0.5001,1.0,0.0269,-1.24,19.043
Car B,1925,128.3333,6,63.651,2,3.179,20.1,-0.1,5.9983,-0.1207,0.0949,1.0,-0.034,-0.163,-19.043
Car A,1926,128.4,6,83.094,2,-16.264,20.777,-0.777,6.0046,-0.0997,0.2745,1.0,-0.177,0.671,19.043
Car B,1926,128.4,6,64.051,2,2.779,20.106,-0.106,5.9883,-0.1498,-0.3353,1.0,0.0552,-0.835,-19.043
Car A,1927,128.4667,6,83.494,2,-16.664,20.8,-0.8,6.0034,-0.0182,-0.6633,1.0,0.1282,-4.417,19.043
Car B,1927,128.4667,6,64.45,2,2.38,20.109,-0.109,5.9927,0.0657,0.5143,1.0,-0.0734,1.375,-19.043
Car A,1928,128.5333,6,83.893,2,-17.063,20.826,-0.826,6.0037,0.0034,0.1704,1.0,-0.0895,3.192,19.043
Car B,1928,128.5333,6,64.85,2,1.98,20.111,-0.111,5.9926,-0.0022,-0.41,1.0,0.0621,-1.829,-19.043
Car A,1929,128.6,6,84.293,2,-17.463,20.849,-0.849,6.0016,-0.0304,-0.5043,1.0,0.2216,-2.229,19.043
Car B,1929,128.6,6,65.249,2,1.581,20.116,-0.116,5.9906,-0.0293,0.3603,1.0,0.0136,1.547,-19.043
Car A,1930,128.6667,6,84.692,2,-17.862,20.875,-0.875,5.9981,-0.0532,0.3474,1.0,1.0,5.529,19.043
Car B,1930,128.6667,6,65.649,2,1.181,20.117,-0.117,6.0033,0.1899,0.0821,1.0,0.0362,0.344,-19.043
Car A,1931,128.7333,6,85.091,2,-18.261,20.889,-0.889,5.9927,-0.0814,1.0509,1.0,1.0,24.971,19.042
Car B,1931,128.7333,6,66.049,2,0.781,20.116,-0.116,5.9892,-0.2114,0.373,1.0,-0.0115,0.895,-19.042
Car A,1932,128.8,6,85.49,2,-18.66,20.888,-0.888,5.9719,-0.3121,2.1414,1.0,0.8518,25.0,19.041
Car B,1932,128.8,6,66.449,2,0.381,20.116,-0.116,5.9988,0.1445,0.0407,1.0,-0.0007,-0.271,-19.041
Car A,1933,128.8667,6,85.887,2,-19.057,20.871,-0.871,5.9606,-0.1694,2.7271,1.0,0.9391,21.3,19.039
Car B,1933,128.8667,6,66.849,2,-0.019,20.118,-0.118,6.0057,0.1032,-0.0216,1.0,-0.0254,-0.023,-19.039
Car A,1934,128.9333,6,86.284,2,-19.454,20.837,-0.837,5.9488,-0.176,3.2053,1.0,0.7109,23.473,19.034
Car B,1934,128.9333,6,67.249,2,-0.419,20.121,-0.121,6.0139,0.1236,-0.256,1.0,0.0047,-0.621,-19.034
Car A,1935,129.0,6,86.678,2,-19.848,20.784,-0.784,5.9411,-0.1162,3.5541,1.0,1.0,17.781,19.028
Car B,1935,129.0,6,67.65,2,-0.82,20.124,-0.124,6.0037,-0.1539,-0.0182,1.0,0.0041,0.108,-19.028
Car A,1936,129.0667,6,87.012,2,-20.238,20.714,-0.73,5.931,-0.1508,3.8445,1.0,1.0,24.988,18.962
Car B,1936,129.0667,6,68.05,2,-1.22,20.126,-0.126,5.9997,-0.059,0.0453,1.0,0.0187,0.098,-18.962
Car A,1937,129.1333,6,87.404,2,-20.625,20.624,-0.671,5.9225,-0.1285,4.07,1.0,0.9487,24.999,18.954
Car B,1937,129.1333,6,68.45,2,-1.62,20.127,-0.127,5.9957,-0.0604,-0.0172,1.0,0.0283,0.453,-18.954
Car A,1938,129.2,6,87.772,2,-21.006,20.515,-0.593,5.9152,-0.1089,4.235,1.0,1.0,23.719,18.923
Car B,1938,129.2,6,68.849,2,-2.019,20.126,-0.126,5.981,-0.2207,0.1897,1.0,0.0195,0.7,-18.923
Car A,1939,129.2667,6,88.094,2,-21.38,20.387,-0.551,5.9084,-0.1024,4.3701,1.0,1.0,24.998,18.846
Car B,1939,129.2667,6,69.248,2,-2.418,20.124,-0.124,5.9841,0.047,0.124,1.0,0.0199,0.483,-18.846
Car A,1940,129.3333,6,88.485,2,-21.747,20.24,-0.494,5.9024,-0.0901,4.4726,1.0,1.0,24.999,18.838
Car B,1940,129.3333,6,69.647,2,-2.817,20.123,-0.123,5.992,0.1189,0.0859,1.0,0.0215,0.486,-18.838
Car A,1941,129.4,6,88.806,2,-22.106,20.073,-0.435,5.8968,-0.0831,4.5519,1.0,1.0,24.999,18.759
Car B,1941,129.4,6,70.047,2,-3.217,20.121,-0.121,5.9937,0.0249,0.0969,1.0,0.0203,0.523,-18.759
Car A,1942,129.4667,6,89.199,3,-22.455,19.888,-0.398,5.8919,-0.074,4.6159,1.0,1.0,24.999,18.753
Car B,1942,129.4667,6,70.446,2,-3.616,20.119,-0.119,5.9909,-0.0418,0.1082,1.0,0.0144,0.497,-18.753
Car A,1943,129.5333,6,89.589,3,-22.793,19.685,-0.34,5.8874,-0.0679,4.6658,1.0,1.0,24.999,18.744
Car B,1943,129.5333,6,70.845,2,-4.015,20.116,-0.116,5.9882,-0.0408,0.0884,1.0,0.0076,0.359,-18.744
Car A,1944,129.6,6,89.931,3,-23.12,19.464,-0.307,5.8831,-0.0632,4.7044,1.0,1.0,24.999,18.686
Car B,1944,129.6,6,71.245,2,-4.415,20.112,-0.112,5.9991,0.1627,0.0875,1.0,0.0055,0.189,-18.686
Car A,1945,129.6667,6,90.323,3,-23.434,19.225,-0.268,5.8793,-0.0583,4.7398,1.0,1.0,24.999,18.678
Car B,1945,129.6667,6,71.645,2,-4.815,20.109,-0.109,6.0006,0.0235,0.0271,1.0,0.0033,0.135,-18.678
Car A,1946,129.7333,6,90.679,3,-23.735,18.97,-0.224,5.8756,-0.0548,4.7629,1.0,1.0,24.999,18.634
Car B,1946,129.7333,6,72.045,2,-5.215,20.105,-0.105,5.9981,-0.0376,0.0335,1.0,-0.0011,0.082,-18.634
Car A,1947,129.8,6,91.072,3,-24.021,18.7,-0.203,5.8722,-0.0516,4.7822,1.0,1.0,24.999,18.627
Car B,1947,129.8,6,72.445,2,-5.615,20.101,-0.101,5.999,0.0127,0.0187,1.0,-0.0035,-0.024,-18.627
Car A,1948,129.8667,6,91.464,3,-24.291,18.414,-0.162,5.8688,-0.0504,4.7984,1.0,1.0,24.999,18.619
Car B,1948,129.8667,6,72.845,2,-6.015,20.098,-0.098,5.9991,0.0027,0.0132,1.0,-0.0072,-0.082,-18.619
Car A,1949,129.9333,6,91.833,3,-24.546,18.114,-0.147,5.8657,-0.0469,4.8109,1.0,1.0,24.999,18.588
Car B,1949,129.9333,6,73.245,2,-6.415,20.094,-0.094,5.9994,0.0046,-0.03,1.0,-0.0065,-0.175,-18.588
Car A,1950,130.0,6,92.225,3,-24.783,17.8,-0.124,5.8627,-0.0455,4.8198,1.0,1.0,24.999,18.581
Car B,1950,130.0,6,73.645,2,-6.815,20.091,-0.091,6.0029,0.0512,-0.0034,1.0,-0.0075,-0.16,-18.581
Car A,1951,130.0667,6,92.602,3,-25.003,17.474,-0.099,5.8598,-0.0433,4.8275,1.0,1.0,24.999,18.557
Car B,1951,130.0667,6,74.045,2,-7.215,20.088,-0.088,6.003,0.0029,-0.0146,1.0,-0.0084,-0.182,-18.557
Car A,1952,130.1333,6,92.995,3,-25.204,17.137,-0.095,5.8569,-0.0428,4.8333,1.0,1.0,24.999,18.549
Car B,1952,130.1333,6,74.445,2,-7.615,20.085,-0.085,6.0036,0.0081,-0.0229,1.0,-0.0089,-0.204,-18.549
Car A,1953,130.2,6,93.387,3,-25.387,16.789,-0.069,5.8542,-0.0411,4.8382,1.0,0.9188,24.999,18.541
Car B,1953,130.2,6,74.846,2,-8.016,20.083,-0.083,6.0044,0.0129,-0.0351,1.0,-0.0098,-0.216,-18.541
Car A,1954,130.2667,6,93.769,3,-25.55,16.432,-0.076,5.8523,-0.0283,4.8339,1.0,1.0,22.971,18.523
Car B,1954,130.2667,6,75.246,2,-8.416,20.08,-0.08,6.0043,-0.0027,-0.0357,1.0,-0.0096,-0.237,-18.523
Car A,1955,130.3333,6,94.161,3,-25.692,16.066,-0.068,5.8495,-0.0413,4.8487,1.0,1.0,24.996,18.515
Car B,1955,130.3333,6,75.646,2,-8.816,20.078,-0.078,6.0056,0.0198,-0.0332,1.0,-0.0096,-0.234,-18.515
Car A,1956,130.4,6,94.544,3,-25.815,15.693,-0.068,5.847,-0.0375,4.8471,1.0,1.0,24.999,18.497
Car B,1956,130.4,6,76.047,2,-9.217,20.076,-0.076,6.0054,-0.0022,-0.0447,1.0,-0.0089,-0.234,-18.497
Car A,1957,130.4667,6,94.936,3,-25.916,15.315,-0.078,5.8445,-0.0383,4.8478,1.0,0.1459,24.999,18.489
Car B,1957,130.4667,6,76.447,2,-9.617,20.074,-0.074,6.0061,0.0101,-0.0532,1.0,-0.0076,-0.217,-18.489
Car A,1958,130.5333,6,95.316,3,-26.005,14.932,-0.078,5.8833,0.5827,3.4008,1.0,0.9116,3.679,18.469
Car B,1958,130.5333,6,76.848,2,-10.018,20.072,-0.072,6.0061,0.0004,-0.0404,1.0,-0.0091,-0.186,-18.469
Car A,1959,130.6,6,95.705,3,-26.091,14.549,-0.134,5.8844,0.0167,2.6911,1.0,0.4185,22.761,18.457
Car B,1959,130.6,6,77.248,2,-10.418,20.07,-0.07,6.0031,-0.0462,-0.0347,1.0,-0.008,-0.219,-18.457
Car A,1960,130.6667,6,96.097,3,-26.162,14.162,-0.174,5.9042,0.2965,3.1744,1.0,0.2481,10.481,18.448
Car B,1960,130.6667,6,77.648,2,-10.818,20.069,-0.069,6.0062,0.0463,-0.0382,1.0,-0.0062,-0.195,-18.448
Car A,1961,130.7333,6,96.474,3,-26.225,13.771,-0.225,5.9618,0.8635,2.2688,1.0,0.4196,6.208,18.426
Car B,1961,130.7333,6,78.049,2,-11.219,20.068,-0.068,6.0067,0.0084,-0.0407,1.0,-0.006,-0.152,-18.426
Car A,1962,130.8,6,96.869,3,-26.278,13.377,-0.278,5.9558,-0.0893,2.7425,1.0,0.0854,10.484,18.419
Car B,1962,130.8,6,78.449,2,-11.619,20.067,-0.067,6.0043,-0.0359,-0.0314,1.0,-0.0043,-0.146,-18.419
Car A,1963,130.8667,6,97.264,3,-26.324,12.981,-0.324,5.9756,0.2968,1.3544,1.0,0.1326,2.149,18.415
Car B,1963,130.8667,6,78.85,2,-12.019,20.067,-0.067,6.0006,-0.0563,-0.0176,1.0,-0.0043,-0.105,-18.415
Car A,1964,130.9333,6,97.66,3,-26.373,12.585,-0.373,5.9716,-0.0604,1.3412,1.0,0.1134,3.312,18.41
Car B,1964,130.9333,6,79.25,2,-12.419,20.066,-0.066,5.9992,-0.0206,-0.0174,1.0,-0.0039,-0.105,-18.41
Car A,1965,131.0,6,98.058,3,-26.417,12.188,-0.417,6.001,0.4413,1.1006,1.0,0.1163,2.834,18.408
Car B,1965,131.0,6,79.65,2,-12.819,20.065,-0.065,5.9993,0.0013,-0.0098,1.0,-0.0055,-0.097,-18.408
Car A,1966,131.0667,6,98.456,3,-26.456,11.789,-0.456,6.0117,0.1603,1.1092,1.0,0.112,2.907,18.407
Car B,1966,131.0667,6,80.05,2,-13.22,20.064,-0.064,6.0005,0.019,-0.0265,1.0,-0.0072,-0.133,-18.407
Car A,1967,131.1333,6,98.856,3,-26.491,11.39,-0.491,6.0006,-0.1665,1.099,1.0,0.1042,2.8,18.406
Car B,1967,131.1333,6,80.45,2,-13.62,20.064,-0.064,6.0004,-0.0024,-0.043,1.0,-0.0098,-0.174,-18.406
Car A,1968,131.2,6,99.255,3,-26.522,10.99,-0.522,6.0241,0.3526,1.0069,1.0,0.1052,2.604,18.405
Car B,1968,131.2,6,80.85,2,-14.02,20.063,-0.063,6.0007,0.0052,-0.0397,1.0,-0.0146,-0.238,-18.405
Car A,1969,131.2667,6,99.656,3,-26.548,10.589,-0.548,6.0221,-0.0291,1.0111,1.0,0.095,2.63,18.406
Car B,1969,131.2667,6,81.25,2,-14.42,20.063,-0.063,5.9959,-0.0725,-0.0452,1.0,-0.0165,-0.355,-18.406
Car A,1970,131.3333,6,100.056,3,-26.57,10.189,-0.57,6.0027,-0.2914,0.9668,1.0,0.0735,2.374,18.406
Car B,1970,131.3333,6,81.65,2,-14.82,20.063,-0.063,5.9966,0.0099,-0.0689,1.0,-0.0206,-0.401,-18.406
Car A,1971,131.4,6,100.458,3,-26.591,9.787,-0.591,6.0467,0.66,0.6435,1.0,0.1137,1.828,18.409
Car B,1971,131.4,6,82.049,2,-15.219,20.065,-0.065,5.9861,-0.1568,-0.1584,1.0,0.006,-0.495,-18.409
Car A,1972,131.4667,6,100.861,3,-26.607,9.385,-0.607,6.0462,-0.0081,1.1101,1.0,-0.0323,2.842,18.412
Car B,1972,131.4667,6,82.449,2,-15.619,20.065,-0.065,5.9989,0.1922,-0.0875,1.0,-0.0097,0.145,-18.412
Car A,1973,131.5333,6,101.263,3,-26.622,8.982,-0.622,6.0433,-0.0438,-0.0038,1.0,0.229,-0.802,18.414
Car B,1973,131.5333,6,82.849,2,-16.019,20.066,-0.066,6.0113,0.1856,-0.105,0.9609,0.1017,-0.222,-18.414
Car A,1974,131.6,6,101.665,3,-26.639,8.58,-0.639,6.0377,-0.0833,0.7226,1.0,0.1887,5.714,18.417
Car B,1974,131.6,6,83.248,2,-16.418,20.062,-0.062,5.9677,-0.6532,0.8408,0.9983,-0.0393,2.538,-18.417
Car A,1975,131.6667,6,102.068,3,-26.643,8.178,-0.643,6.0289,-0.1326,1.5884,1.0,-0.0738,4.718,18.422
Car B,1975,131.6667,6,83.646,2,-16.816,20.056,-0.056,5.968,0.0034,-0.1261,0.9728,-0.049,-0.977,-18.422
Car A,1976,131.7333,6,102.47,3,-26.642,7.776,-0.642,6.0307,0.0282,0.455,1.0,1.0,-1.835,18.43
Car B,1976,131.7333,6,84.039,2,-17.209,20.058,-0.058,5.8446,-1.8513,-0.4743,1.0,0.9795,-1.225,-18.43
Car A,1977,131.8,6,102.871,3,-26.642,7.375,-0.642,6.0175,-0.1981,0.8715,1.0,0.8583,24.96,18.442
Car B,1977,131.8,6,84.429,2,-17.599,20.056,-0.056,5.8436,-0.0144,0.3509,1.0,0.9668,24.448,-18.442
Car A,1978,131.8667,6,103.271,3,-26.631,6.974,-0.631,6.004,-0.2037,1.8937,1.0,0.9478,21.462,18.454
Car B,1978,131.8667,6,84.818,2,-17.988,20.043,-0.043,5.8306,-0.1944,1.4953,1.0,0.9975,24.169,-18.454
Car A,1979,131.9333,6,103.671,3,-26.603,6.575,-0.603,5.9907,-0.1991,2.553,1.0,0.7508,23.69,18.465
Car B,1979,131.9333,6,85.205,2,-18.375,20.014,-0.014,5.819,-0.1743,2.2218,1.0,0.4532,24.936,-18.465
Car A,1980,132.0,6,104.068,3,-26.558,6.177,-0.558,5.9808,-0.1488,3.0389,1.0,1.0,18.777,18.477
Car B,1980,132.0,6,85.591,2,-18.761,19.969,0.031,5.8176,-0.0211,2.7273,0.3186,-0.9466,11.35,-18.477
Car A,1981,132.0667,6,104.423,3,-26.496,5.783,-0.511,5.9688,-0.1801,3.4537,1.0,1.0,24.99,18.452
Car B,1981,132.0667,6,85.971,2,-19.141,19.916,0.084,5.6895,-1.9208,1.649,1.0,0.4782,-23.611,-18.452
Car A,1982,132.1333,6,104.818,3,-26.415,5.392,-0.461,5.9581,-0.1597,3.7684,1.0,1.0,25.0,18.473
Car B,1982,132.1333,6,86.345,2,-19.515,19.859,0.141,5.6839,-0.0848,1.8823,1.0,-0.7656,11.901,-18.473
Car A,1983,132.2,6,105.187,3,-26.316,5.007,-0.393,5.9486,-0.1429,4.0075,1.0,1.0,25.0,18.466
Car B,1983,132.2,6,86.721,2,-19.891,19.802,0.198,5.6981,0.2133,0.4031,1.0,-0.3533,-19.093,-18.466
Car A,1984,132.2667,6,105.546,3,-26.197,4.627,-0.365,5.9402,-0.1259,4.1935,1.0,1.0,25.0,18.429
Car B,1984,132.2667,6,87.117,2,-20.268,19.756,0.222,5.7044,0.0935,-0.7972,1.0,1.0,-8.848,-18.429
Car A,1985,132.3333,6,105.941,3,-26.06,4.254,-0.319,5.9328,-0.1114,4.3338,1.0,1.0,24.999,18.445
Car B,1985,132.3333,6,87.496,2,-20.645,19.713,0.235,5.696,-0.1255,0.0013,1.0,1.0,24.949,-18.445
Car A,1986,132.4,6,106.29,3,-25.904,3.889,-0.281,5.9261,-0.0994,4.4431,1.0,1.0,24.999,18.377
Car B,1986,132.4,6,87.914,2,-21.022,19.662,0.238,5.69,-0.0894,1.139,1.0,1.0,24.999,-18.377
Car A,1987,132.4667,6,106.687,3,-25.729,3.532,-0.255,5.9202,-0.0899,4.5305,1.0,1.0,24.999,18.394
Car B,1987,132.4667,6,88.293,2,-21.395,19.595,0.216,5.6807,-0.1398,1.9276,1.0,1.0,25.0,-18.394
Car A,1988,132.5333,6,107.07,3,-25.535,3.186,-0.209,5.9147,-0.0816,4.5992,1.0,1.0,24.999,18.398
Car B,1988,132.5333,6,88.671,2,-21.765,19.512,0.21,5.6711,-0.1442,2.5529,1.0,1.0,25.0,-18.398
Car A,1989,132.6,6,107.444,3,-25.324,2.851,-0.203,5.9097,-0.0747,4.6534,1.0,1.0,24.999,18.364
Car B,1989,132.6,6,89.08,2,-22.13,19.413,0.165,5.6619,-0.1372,3.0459,1.0,1.0,25.0,-18.364
Car A,1990,132.6667,6,107.839,3,-25.095,2.528,-0.177,5.9051,-0.0688,4.6948,1.0,1.0,24.999,18.382
Car B,1990,132.6667,6,89.457,3,-22.49,19.297,0.134,5.6538,-0.1219,3.4366,1.0,1.0,25.0,-18.382
Car A,1991,132.7333,6,108.209,3,-24.849,2.218,-0.162,5.9008,-0.0646,4.7292,1.0,1.0,24.999,18.357
Car B,1991,132.7333,6,89.852,3,-22.844,19.164,0.093,5.6473,-0.0984,3.7346,1.0,1.0,25.0,-18.357
Car A,1992,132.8,6,108.604,3,-24.587,1.922,-0.155,5.8968,-0.06,4.7545,1.0,1.0,24.999,18.378
Car B,1992,132.8,6,90.227,3,-23.19,19.013,0.041,5.6418,-0.0825,3.9744,1.0,1.0,25.0,-18.378
Car A,1993,132.8667,6,108.978,3,-24.309,1.64,-0.132,5.893,-0.0574,4.7759,1.0,1.0,24.999,18.374
Car B,1993,132.8667,6,90.604,3,-23.528,18.843,0.007,5.6374,-0.0652,4.1624,1.0,1.0,24.999,-18.374
Car A,1994,132.9333,6,109.373,3,-24.017,1.375,-0.144,5.8894,-0.0546,4.793,1.0,1.0,24.999,18.398
Car B,1994,132.9333,6,90.975,3,-23.857,18.657,-0.064,5.6341,-0.0491,4.3036,1.0,1.0,24.999,-18.398
Car A,1995,133.0,6,109.768,3,-23.711,1.126,-0.135,5.8859,-0.0523,4.806,1.0,1.0,24.999,18.418
Car B,1995,133.0,6,91.35,3,-24.174,18.452,-0.115,5.6316,-0.0385,4.42,1.0,1.0,24.999,-18.418
Car A,1996,133.0667,6,110.141,3,-23.391,0.894,-0.144,5.8825,-0.0506,4.8162,1.0,1.0,24.999,18.441
Car B,1996,133.0667,6,91.701,3,-24.48,18.231,-0.173,5.6298,-0.027,4.5106,1.0,1.0,24.999,-18.441
Car A,1997,133.1333,6,110.536,3,-23.06,0.68,-0.154,5.8793,-0.0483,4.8246,1.0,1.0,24.999,18.463
Car B,1997,133.1333,6,92.072,3,-24.774,17.993,-0.242,5.6285,-0.0192,4.5825,1.0,1.0,24.999,-18.463
Car A,1998,133.2,6,110.906,3,-22.718,0.484,-0.154,5.8761,-0.0475,4.831,1.0,1.0,24.999,18.459
Car B,1998,133.2,6,92.447,3,-25.053,17.739,-0.289,5.6277,-0.0121,4.6411,1.0,1.0,24.999,-18.459
Car A,1999,133.2667,6,111.299,3,-22.365,0.308,-0.182,5.8731,-0.0454,4.8355,1.0,1.0,24.999,18.529
Car B,1999,133.2667,6,92.77,3,-25.318,17.47,-0.366,5.6272,-0.0063,4.6896,1.0,1.0,24.999,-18.529
Car A,2000,133.3333,6,111.693,3,-22.004,0.152,-0.188,5.8701,-0.045,4.8395,1.0,1.0,24.999,18.551
Car B,2000,133.3333,6,93.142,3,-25.567,17.186,-0.43,5.6271,-0.0022,4.7243,1.0,1.0,24.999,-18.551
Car A,2001,133.4,6,112.056,3,-21.635,0.016,-0.219,5.8671,-0.0445,4.8432,1.0,1.0,24.999,18.613
Car B,2001,133.4,6,93.442,3,-25.8,16.889,-0.482,5.6272,0.0017,4.7546,1.0,1.0,24.999,-18.613
Car A,2002,133.4667,6,112.448,3,-21.259,-0.1,-0.244,5.8642,-0.0434,4.8459,1.0,0.7621,24.999,18.637
Car B,2002,133.4667,6,93.812,3,-26.016,16.578,-0.563,5.6276,0.0051,4.7779,1.0,1.0,24.999,-18.637
Car A,2003,133.5333,6,112.802,3,-20.877,-0.194,-0.263,5.8653,0.0163,4.8116,1.0,1.0,19.061,18.617
Car B,2003,133.5333,6,94.185,3,-26.213,16.256,-0.622,5.628,0.0067,4.7977,1.0,1.0,24.999,-18.617
Car A,2004,133.6,6,113.192,3,-20.491,-0.268,-0.306,5.8622,-0.0472,4.8612,1.0,0.8308,24.99,18.737
Car B,2004,133.6,6,94.455,3,-26.392,15.923,-0.683,5.6286,0.0082,4.8112,1.0,1.0,24.999,-18.737
Car A,2005,133.6667,6,113.585,3,-20.101,-0.321,-0.328,5.8622,0.0006,4.8164,1.0,0.4374,20.776,18.76
Car B,2005,133.6667,6,94.825,3,-26.552,15.581,-0.758,5.6292,0.0099,4.8223,1.0,1.0,24.999,-18.76
Car A,2006,133.7333,6,113.952,3,-19.708,-0.358,-0.358,5.9211,0.8833,3.8155,1.0,0.5269,10.948,18.753
Car B,2006,133.7333,6,95.199,3,-26.692,15.23,-0.812,5.6299,0.0105,4.8332,1.0,1.0,24.999,-18.753
Car A,2007,133.8,6,114.348,3,-19.313,-0.382,-0.382,5.9226,0.0223,3.9852,1.0,0.0685,13.169,18.907
Car B,2007,133.8,6,95.441,3,-26.811,14.871,-0.877,5.6307,0.0119,4.8404,1.0,1.0,24.999,-18.907
Car A,2008,133.8667,6,114.744,3,-18.916,-0.395,-0.395,5.9532,0.4583,2.3424,1.0,-0.2078,1.731,18.932
Car B,2008,133.8667,6,95.812,3,-26.91,14.506,-0.947,5.6315,0.0121,4.8466,1.0,1.0,24.999,-18.932
Car A,2009,133.9333,6,115.142,3,-18.519,-0.416,-0.416,5.968,0.2222,0.6194,1.0,0.0935,-5.185,18.954
Car B,2009,133.9333,6,96.187,3,-26.988,14.136,-0.995,5.6323,0.0123,4.8519,1.0,1.0,24.999,-18.954
Car A,2010,134.0,6,115.539,3,-18.122,-0.441,-0.441,5.9582,-0.1469,0.9578,1.0,0.0487,2.324,19.056
Car B,2010,134.0,6,96.483,3,-27.044,13.762,-1.044,5.6332,0.0124,4.8556,1.0,1.0,24.999,-19.056
Car A,2011,134.0667,6,115.938,3,-17.723,-0.462,-0.462,5.9773,0.2863,0.492,1.0,0.0889,1.216,19.078
Car B,2011,134.0667,6,96.86,3,-27.079,13.385,-1.079,5.634,0.0132,4.8574,1.0,1.0,24.999,-19.078
Car A,2012,134.1333,6,116.336,3,-17.325,-0.481,-0.481,5.993,0.236,0.8503,1.0,0.0665,2.221,19.098
Car B,2012,134.1333,6,97.238,3,-27.092,13.007,-1.092,5.6349,0.0124,4.8598,1.0,1.0,24.999,-19.098
Car A,2013,134.2,6,116.735,3,-16.925,-0.496,-0.496,6.0154,0.3359,0.6622,1.0,0.0825,1.664,19.119
Car B,2013,134.2,6,97.616,3,-27.083,12.629,-1.083,5.6357,0.013,4.8614,1.0,1.0,24.999,-19.119
Car A,2014,134.2667,6,117.134,3,-16.526,-0.508,-0.508,5.9881,-0.4089,0.7906,1.0,0.028,2.062,19.141
Car B,2014,134.2667,6,97.994,3,-27.053,12.252,-1.053,5.6366,0.0128,4.8627,1.0,1.0,24.999,-19.141
Car A,2015,134.3333,6,117.534,3,-16.127,-0.519,-0.519,6.0109,0.3417,0.311,1.0,0.085,0.703,19.165
Car B,2015,134.3333,6,98.368,3,-27.001,11.877,-1.001,5.6374,0.0123,4.8646,1.0,1.0,24.999,-19.165
Car A,2016,134.4,6,117.934,3,-15.726,-0.528,-0.528,6.0231,0.1836,0.8326,1.0,0.0023,2.122,19.195
Car B,2016,134.4,6,98.74,3,-26.927,11.505,-0.927,5.6382,0.0121,4.8645,1.0,0.6736,24.999,-19.195
Car A,2017,134.4667,6,118.335,3,-15.325,-0.536,-0.536,6.0067,-0.2472,0.0184,1.0,0.0831,0.065,19.228
Car B,2017,134.4667,6,99.107,3,-26.833,11.138,-0.833,5.6584,0.3031,4.7802,1.0,-0.0602,16.853,-19.228
Car A,2018,134.5333,6,118.736,3,-14.924,-0.542,-0.542,6.0101,0.0521,0.7807,1.0,-0.1228,2.073,19.263
Car B,2018,134.5333,6,99.472,3,-26.726,10.773,-0.726,5.7053,0.7027,3.0692,1.0,-0.2121,-1.476,-19.263
Car A,2019,134.6,6,119.136,3,-14.524,-0.547,-0.547,6.0104,0.0038,-0.2448,1.0,0.0796,-3.062,19.295
Car B,2019,134.6,6,99.841,3,-26.625,10.404,-0.625,5.7332,0.4189,1.1815,1.0,-0.2301,-5.296,-19.295
Car A,2020,134.6667,6,119.537,3,-14.123,-0.555,-0.555,6.0086,-0.0266,0.4451,1.0,-0.0889,1.982,19.324
Car B,2020,134.6667,6,100.213,3,-26.535,10.032,-0.535,5.7433,0.1517,-0.1545,1.0,-0.2292,-5.752,-19.324
Car A,2021,134.7333,6,119.937,3,-13.723,-0.561,-0.561,6.0053,-0.0505,-0.3573,1.0,0.0688,-2.215,19.349
Car B,2021,134.7333,6,100.588,3,-26.457,9.657,-0.457,5.7461,0.0427,-1.1283,1.0,-0.2385,-5.73,-19.349
Car A,2022,134.8,6,120.337,3,-13.323,-0.57,-0.57,6.003,-0.0335,0.3849,1.0,-0.147,1.714,19.372
Car B,2022,134.8,6,100.966,3,-26.392,9.279,-0.392,5.7587,0.1882,-1.8371,1.0,-0.23,-5.961,-19.372
Car A,2023,134.8667,6,120.737,3,-12.923,-0.576,-0.576,6.0002,-0.0422,-0.4208,1.0,0.0456,-3.666,19.389
Car B,2023,134.8667,6,101.349,3,-26.338,8.897,-0.338,5.8193,0.9091,-2.0066,1.0,-0.1754,-5.749,-19.389
Car A,2024,134.9333,6,121.137,3,-12.523,-0.586,-0.586,5.9999,-0.0047,0.3378,1.0,-0.2375,1.132,19.401
Car B,2024,134.9333,6,101.737,3,-26.289,8.509,-0.289,5.8813,0.9306,-1.6887,1.0,-0.1806,-4.385,-19.401
Car A,2025,135.0,6,121.537,3,-12.123,-0.595,-0.595,5.9985,-0.0212,-0.5624,1.0,0.0217,-5.926,19.408
Car B,2025,135.0,6,102.129,3,-26.246,8.116,-0.246,5.9402,0.8822,-1.6383,0.9028,-0.1546,-4.514,-19.408
Car A,2026,135.0667,6,121.937,3,-11.723,-0.608,-0.608,6.0011,0.0398,0.2024,1.0,-0.1449,0.53,19.42
Car B,2026,135.0667,6,102.517,3,-26.209,7.728,-0.209,5.7743,-2.4881,-1.3723,0.9702,-0.0249,-3.867,-19.42
Car A,2027,135.1333,6,122.337,3,-11.324,-0.62,-0.62,5.9994,-0.0254,-0.6898,1.0,0.026,-3.615,19.436
Car B,2027,135.1333,6,102.901,3,-26.171,7.345,-0.171,5.7961,0.3269,-0.2258,0.9553,-0.0707,-0.626,-19.436
Car A,2028,135.2,6,122.736,3,-10.924,-0.636,-0.636,6.001,0.0227,0.1436,1.0,-0.1298,0.644,19.452
Car B,2028,135.2,6,103.284,3,-26.133,6.961,-0.133,5.7483,-0.7174,-0.6378,1.0,0.9337,-1.764,-19.452
Car A,2029,135.2667,6,123.136,3,-10.524,-0.651,-0.651,5.9975,-0.0519,-0.656,1.0,-0.0115,-3.239,19.471
Car B,2029,135.2667,6,103.665,3,-26.093,6.58,-0.093,5.7506,0.0354,0.1854,1.0,0.3404,23.305,-19.471
Car A,2030,135.3333,6,123.535,3,-10.125,-0.67,-0.67,5.9985,0.0156,-0.1184,1.0,-0.0933,-0.293,19.49
Car B,2030,135.3333,6,104.045,3,-26.041,6.2,-0.041,5.748,-0.0387,1.2751,1.0,1.0,8.532,-19.49
Car A,2031,135.4,6,123.935,3,-9.726,-0.691,-0.691,5.9963,-0.0333,-0.8662,1.0,-0.0197,-2.328,19.511
Car B,2031,135.4,6,104.424,3,-25.975,5.823,0.011,5.7371,-0.1637,2.0679,1.0,1.0,24.974,-19.511
Car A,2032,135.4667,6,124.334,3,-9.327,-0.714,-0.714,6.0104,0.2107,-0.1931,1.0,-0.0814,-0.494,19.531
Car B,2032,135.4667,6,104.803,3,-25.894,5.449,0.063,5.7263,-0.1627,2.6842,1.0,0.9617,25.0,-19.531
Car A,2033,135.5333,6,124.734,3,-8.927,-0.74,-0.74,6.0023,-0.1204,-0.7857,1.0,0.0333,-2.033,19.534
Car B,2033,135.5333,6,105.2,3,-25.796,5.079,0.131,5.7171,-0.1381,3.1468,1.0,1.0,24.043,-19.534
Car A,2034,135.6,6,125.133,3,-8.527,-0.765,-0.765,6.0028,0.0065,0.2827,1.0,-0.1074,0.827,19.552
Car B,2034,135.6,6,105.581,3,-25.68,4.715,0.158,5.7087,-0.1255,3.5169,1.0,1.0,24.998,-19.552
Car A,2035,135.6667,6,125.532,3,-8.128,-0.79,-0.79,6.0016,-0.0171,-0.6104,1.0,0.121,-2.678,19.573
Car B,2035,135.6667,6,105.96,3,-25.547,4.357,0.204,5.7016,-0.1068,3.8045,1.0,1.0,25.0,-19.573
Car A,2036,135.7333,6,125.931,3,-7.729,-0.818,-0.818,5.9995,-0.0324,0.2316,1.0,-0.0032,3.015,19.556
Car B,2036,135.7333,6,106.375,3,-25.396,4.007,0.234,5.6957,-0.0888,4.0293,1.0,1.0,25.0,-19.556
Car A,2037,135.8,6,126.331,3,-7.329,-0.841,-0.841,6.0041,0.0691,-0.0303,1.0,0.1109,-0.064,19.575
Car B,2037,135.8,6,106.756,3,-25.227,3.665,0.259,5.6909,-0.0719,4.2056,1.0,1.0,24.999,-19.575
Car A,2038,135.8667,6,126.731,3,-6.93,-0.861,-0.861,6.0012,-0.0436,0.8725,1.0,-0.2135,2.768,19.549
Car B,2038,135.8667,6,107.181,3,-25.04,3.333,0.291,5.687,-0.0575,4.3411,1.0,1.0,24.999,-19.549
Car A,2039,135.9333,6,127.13,3,-6.53,-0.878,-0.878,6.0,-0.018,-0.1204,1.0,0.1652,-5.326,19.568
Car B,2039,135.9333,6,107.563,3,-24.835,3.011,0.297,5.684,-0.0462,4.4485,1.0,1.0,24.999,-19.568
Car A,2040,136.0,6,127.529,3,-6.131,-0.898,-0.898,5.9985,-0.0223,0.5336,1.0,-0.0241,4.115,19.587
Car B,2040,136.0,6,107.943,3,-24.614,2.701,0.324,5.6815,-0.0367,4.5336,1.0,1.0,24.999,-19.587
Car A,2041,136.0667,6,127.929,3,-5.731,-0.915,-0.915,5.9986,0.0023,-0.2255,1.0,0.242,-0.594,19.554
Car B,2041,136.0667,6,108.375,3,-24.375,2.404,0.319,5.6796,-0.0285,4.6015,1.0,1.0,24.999,-19.554
Car A,2042,136.1333,6,128.329,3,-5.332,-0.932,-0.932,5.9976,-0.0157,0.6989,1.0,-0.0835,6.04,19.573
Car B,2042,136.1333,6,108.756,3,-24.121,2.12,0.328,5.6781,-0.0218,4.6553,1.0,1.0,24.999,-19.573
Car A,2043,136.2,6,128.728,3,-4.932,-0.945,-0.945,5.9987,0.0165,-0.1323,1.0,0.2395,-2.075,19.539
Car B,2043,136.2,6,109.19,3,-23.851,1.851,0.325,5.677,-0.0167,4.6988,1.0,1.0,24.999,-19.539
Car A,2044,136.2667,6,129.128,3,-4.533,-0.961,-0.961,5.9953,-0.0504,0.5418,1.0,0.0304,5.976,19.557
Car B,2044,136.2667,6,109.57,3,-23.567,1.597,0.317,5.6762,-0.0128,4.7335,1.0,1.0,24.999,-19.557
Car A,2045,136.3333,6,129.528,3,-4.133,-0.971,-0.971,6.0224,0.4068,0.2692,1.0,0.1461,0.77,19.526
Car B,2045,136.3333,6,110.002,3,-23.269,1.36,0.318,5.6756,-0.0087,4.7613,1.0,1.0,24.999,-19.526
Car A,2046,136.4,6,129.929,3,-3.731,-0.978,-0.978,6.0163,-0.0914,1.0875,1.0,-0.2593,3.647,19.547
Car B,2046,136.4,6,110.382,3,-22.958,1.14,0.293,5.6752,-0.0061,4.7829,1.0,1.0,24.999,-19.547
Car A,2047,136.4667,6,130.33,3,-3.33,-0.981,-0.981,6.0162,-0.0025,0.038,1.0,0.1548,-6.468,19.567
Car B,2047,136.4667,6,110.763,3,-22.635,0.938,0.289,5.6749,-0.0037,4.8001,1.0,1.0,24.999,-19.567
Car A,2048,136.5333,6,130.731,3,-2.93,-0.987,-0.987,6.0132,-0.0455,0.6683,1.0,-0.1203,3.853,19.543
Car B,2048,136.5333,6,111.188,3,-22.301,0.755,0.255,5.6748,-0.0023,4.8136,1.0,1.0,24.999,-19.543
Car A,2049,136.6,6,131.132,3,-2.529,-0.99,-0.99,6.0117,-0.0214,-0.1693,1.0,0.1865,-2.996,19.563
Car B,2049,136.6,6,111.568,3,-21.957,0.591,0.235,5.6747,-0.0011,4.8247,1.0,1.0,24.999,-19.563
Car A,2050,136.6667,6,131.532,3,-2.128,-0.995,-0.995,6.0099,-0.0271,0.5048,1.0,-0.054,4.65,19.548
Car B,2050,136.6667,6,111.984,3,-21.605,0.447,0.207,5.6747,0.0,4.8336,1.0,1.0,24.999,-19.548
Car A,2051,136.7333,6,131.933,3,-1.728,-0.998,-0.998,6.0094,-0.0082,-0.2879,1.0,0.2067,-1.342,19.569
Car B,2051,136.7333,6,112.363,3,-21.244,0.323,0.17,5.6748,0.0014,4.8404,1.0,1.0,24.999,-19.569
Car A,2052,136.8,6,132.333,3,-1.327,-1.002,-1.002,6.0061,-0.049,0.534,1.0,-0.0888,5.158,19.565
Car B,2052,136.8,6,112.768,3,-20.878,0.219,0.15,5.6749,0.0009,4.8466,1.0,1.0,24.999,-19.565
Car A,2053,136.8667,6,132.733,3,-0.927,-1.002,-1.002,6.0057,-0.0055,-0.266,1.0,0.1882,-2.209,19.588
Car B,2053,136.8667,6,113.145,3,-20.506,0.137,0.097,5.6751,0.0028,4.8503,1.0,1.0,24.999,-19.588
Car A,2054,136.9333,6,133.134,3,-0.527,-1.006,-1.006,6.0021,-0.055,0.4585,1.0,-0.0736,4.694,19.609
Car B,2054,136.9333,6,113.525,3,-20.13,0.076,0.065,5.6752,0.0022,4.8534,1.0,1.0,24.999,-19.609
Car A,2055,137.0,6,133.534,3,-0.127,-1.006,-1.006,6.0022,0.0022,-0.3184,1.0,0.1993,-1.829,19.624
Car B,2055,137.0,6,113.909,3,-19.751,0.036,0.036,5.6753,0.0019,4.8562,1.0,1.0,24.999,-19.624
Car A,2056,137.0667,7,0.273,1,0.273,-1.01,-1.01,5.9985,-0.0562,0.4496,1.0,-0.0878,4.971,19.644
Car B,2056,137.0667,6,114.29,3,-19.37,0.018,0.018,5.6756,0.0038,4.8583,1.0,1.0,24.999,-19.644
Car A,2057,137.1333,7,0.673,1,0.673,-1.009,-1.009,5.9983,-0.0033,-0.3225,1.0,0.2041,-2.184,19.662
Car B,2057,137.1333,6,114.671,3,-18.989,0.022,0.022,5.6757,0.0022,4.8598,1.0,0.8844,24.999,-19.662
Car A,2058,137.2,7,1.073,1,1.073,-1.012,-1.012,5.9951,-0.0468,0.4338,1.0,-0.101,5.092,19.682
Car B,2058,137.2,6,115.051,3,-18.609,0.048,0.048,5.6783,0.0382,4.8408,1.0,-0.2522,22.114,-19.682
Car A,2059,137.2667,7,1.472,1,1.472,-1.011,-1.011,5.9945,-0.0093,-0.3375,1.0,0.1912,-2.513,19.702
Car B,2059,137.2667,6,115.431,3,-18.229,0.085,0.085,5.7182,0.5995,3.303,1.0,-0.498,-6.262,-19.702
Car A,2060,137.3333,7,1.872,1,1.872,-1.013,-1.013,5.9922,-0.0342,0.4177,1.0,-0.1763,4.767,19.72
Car B,2060,137.3333,6,115.813,3,-17.848,0.119,0.119,5.7445,0.3935,1.2373,1.0,-0.9949,-12.441,-19.72
Car A,2061,137.4,7,2.271,1,2.271,-1.012,-1.012,5.9913,-0.0135,-0.3529,1.0,0.1848,-4.392,19.737
Car B,2061,137.4,6,116.195,3,-17.465,0.141,0.141,5.7445,0.0004,-0.1686,1.0,-0.8487,-24.854,-19.737
Car A,2062,137.4667,7,2.671,1,2.671,-1.014,-1.014,5.991,-0.0052,0.4008,1.0,-0.1735,4.605,19.753
Car B,2062,137.4667,6,116.578,3,-17.083,0.15,0.15,5.7391,-0.0816,-1.1384,1.0,-0.4504,-21.222,-19.753
Car A,2063,137.5333,7,3.07,1,3.07,-1.012,-1.012,5.9894,-0.0233,-0.3599,1.0,0.1994,-4.324,19.77
Car B,2063,137.5333,6,116.96,3,-16.7,0.146,0.146,5.7332,-0.0882,-1.9207,0.9489,-0.1768,-11.276,-19.77
Car A,2064,137.6,7,3.469,1,3.469,-1.015,-1.015,5.9885,-0.0134,0.3998,1.0,-0.2081,4.969,19.786
Car B,2064,137.6,6,117.343,3,-16.317,0.132,0.132,5.7704,0.559,-1.5341,0.9809,-0.0353,-4.429,-19.786
Car A,2065,137.6667,7,3.868,1,3.868,-1.013,-1.013,5.9877,-0.0125,-0.3763,1.0,0.1643,-5.188,19.8
Car B,2065,137.6667,6,117.728,3,-15.932,0.119,0.119,5.7827,0.1831,-0.4336,0.9956,-0.0013,-0.888,-19.8
Car A,2066,137.7333,7,4.267,1,4.267,-1.015,-1.015,5.9873,-0.0066,0.3894,1.0,-0.2783,4.093,19.81
Car B,2066,137.7333,6,118.118,3,-15.542,0.113,0.113,5.8999,1.7585,-0.0093,0.9799,-0.0429,-0.034,-19.81
Car A,2067,137.8,7,4.666,1,4.666,-1.014,-1.014,5.9855,-0.0262,-0.3795,1.0,0.0853,-6.939,19.816
Car B,2067,137.8,6,118.511,3,-15.149,0.105,0.105,5.8695,-0.4559,-0.4285,1.0,0.124,-1.065,-19.816
Car A,2068,137.8667,7,5.065,1,5.065,-1.016,-1.016,5.9853,-0.004,0.3792,1.0,-0.2676,2.119,19.823
Car B,2068,137.8667,6,118.902,3,-14.758,0.099,0.099,5.873,0.0524,0.5268,0.9826,-0.0426,3.093,-19.823
Car A,2069,137.9333,7,5.464,1,5.464,-1.015,-1.015,5.9818,-0.0518,-0.4178,1.0,0.1028,-6.678,19.831
Car B,2069,137.9333,6,119.294,3,-14.367,0.097,0.097,5.8743,0.019,-0.2445,1.0,0.0439,-1.059,-19.831
Car A,2070,138.0,7,5.863,1,5.863,-1.018,-1.018,5.9826,0.0127,0.3471,1.0,-0.2733,2.556,19.837
Car B,2070,138.0,6,119.686,3,-13.974,0.092,0.092,5.9108,0.5478,0.396,0.9796,-0.0571,1.095,-19.837
Car A,2071,138.0667,7,6.261,1,6.261,-1.017,-1.017,5.979,-0.0554,-0.4249,1.0,0.0901,-6.817,19.842
Car B,2071,138.0667,6,120.08,3,-13.58,0.087,0.087,5.9015,-0.1385,-0.4867,1.0,0.1313,-1.422,-19.842
Car A,2072,138.1333,7,6.66,1,6.66,-1.021,-1.021,5.9793,0.0052,0.3442,1.0,-0.2674,2.238,19.847
Car B,2072,138.1333,6,120.474,3,-13.187,0.082,0.082,5.9044,0.0428,0.4254,0.9981,-0.0148,3.274,-19.847
Car A,2073,138.2,7,7.058,1,7.058,-1.021,-1.021,5.9762,-0.0462,-0.4266,1.0,0.0634,-6.671,19.851
Car B,2073,138.2,6,120.868,3,-12.792,0.08,0.08,5.9426,0.5736,-0.1481,1.0,0.044,-0.365,-19.851
Car A,2074,138.2667,7,7.457,1,7.457,-1.025,-1.025,5.9777,0.0218,0.3402,1.0,-0.2868,1.573,19.852
Car B,2074,138.2667,6,121.265,3,-12.395,0.077,0.077,5.9755,0.4926,0.4179,0.9851,-0.0758,1.099,-19.852
Car A,2075,138.3333,7,7.855,1,7.855,-1.026,-1.026,5.9748,-0.0428,-0.5042,1.0,0.0992,-7.156,19.852
Car B,2075,138.3333,6,121.663,3,-11.997,0.075,0.075,5.9699,-0.0833,-0.4712,1.0,0.0875,-1.889,-19.852
Car A,2076,138.4,7,8.253,1,8.253,-1.032,-1.032,5.9771,0.0342,0.299,1.0,-0.265,2.464,19.853
Car B,2076,138.4,6,122.061,3,-11.599,0.069,0.069,5.9692,-0.011,0.3546,1.0,-0.0207,2.18,-19.853
Car A,2077,138.4667,7,8.652,1,8.652,-1.034,-1.034,5.9725,-0.0695,-0.4516,1.0,0.0939,-6.611,19.853
Car B,2077,138.4667,6,122.459,3,-11.201,0.067,0.067,5.9812,0.1807,-0.2104,1.0,0.0587,-0.506,-19.853
Car A,2078,138.5333,7,9.05,1,9.05,-1.04,-1.04,5.9737,0.0184,0.323,1.0,-0.2715,2.332,19.852
Car B,2078,138.5333,6,122.858,3,-10.802,0.067,0.067,5.9951,0.2072,0.5662,0.9921,-0.0991,1.465,-19.852
Car A,2079,138.6,7,9.448,1,9.448,-1.043,-1.043,5.9703,-0.0508,-0.4401,1.0,0.1041,-6.773,19.85
Car B,2079,138.6,6,123.258,3,-10.403,0.066,0.066,5.9937,-0.0203,-0.3996,1.0,0.0361,-2.47,-19.85
Car A,2080,138.6667,7,9.846,1,9.846,-1.05,-1.05,5.9711,0.0116,0.3362,1.0,-0.2644,2.588,19.849
Car B,2080,138.6667,6,123.657,3,-10.003,0.062,0.062,5.9945,0.0119,0.3224,1.0,-0.0479,0.896,-19.849
Car A,2081,138.7333,7,10.244,1,10.244,-1.053,-1.053,5.9685,-0.0389,-0.4239,1.0,0.1248,-6.597,19.847
Car B,2081,138.7333,6,124.057,3,-9.603,0.059,0.059,5.9926,-0.0289,-0.4612,1.0,0.1315,-1.195,-19.847
Car A,2082,138.8,7,10.641,1,10.641,-1.06,-1.06,5.9693,0.0116,0.3436,1.0,-0.2547,3.104,19.845
Car B,2082,138.8,6,124.457,3,-9.204,0.056,0.056,5.9931,0.0083,0.4822,1.0,-0.0408,3.28,-19.845
Car A,2083,138.8667,7,11.039,1,11.039,-1.063,-1.063,5.9667,-0.0387,-0.4113,1.0,0.1437,-6.354,19.843
Car B,2083,138.8667,6,124.856,3,-8.804,0.056,0.056,5.9936,0.0074,-0.2945,1.0,0.0599,-1.013,-19.843
Car A,2084,138.9333,7,11.437,1,11.437,-1.07,-1.07,5.9666,-0.0019,0.3575,1.0,-0.2472,3.578,19.842
Car B,2084,138.9333,6,125.256,3,-8.405,0.055,0.055,5.9917,-0.0286,0.53,1.0,-0.083,1.492,-19.842
Car A,2085,139.0,7,11.834,1,11.835,-1.073,-1.073,5.9668,0.0037,-0.3983,1.0,0.1651,-6.164,19.84
Car B,2085,139.0,6,125.655,3,-8.005,0.055,0.055,5.9918,0.0015,-0.402,1.0,0.0592,-2.069,-19.84
Car A,2086,139.0667,7,12.232,1,12.232,-1.081,-1.081,5.9653,-0.0224,0.3739,1.0,-0.2393,4.112,19.838
Car B,2086,139.0667,6,126.054,3,-7.606,0.052,0.052,5.9901,-0.0256,0.3621,1.0,-0.0426,1.475,-19.838
Car A,2087,139.1333,7,12.63,1,12.63,-1.084,-1.084,5.9654,0.0015,-0.3982,1.0,0.1894,-5.967,19.837
Car B,2087,139.1333,6,126.454,3,-7.207,0.051,0.051,5.9901,0.0003,-0.3875,1.0,0.0916,-1.061,-19.837
Car A,2088,139.2,7,13.027,1,13.027,-1.091,-1.091,5.9648,-0.0096,0.3796,1.0,-0.2282,4.72,19.835
Car B,2088,139.2,6,126.853,3,-6.807,0.05,0.05,5.9898,-0.0051,0.5351,1.0,-0.0758,2.284,-19.835
Car A,2089,139.2667,7,13.425,1,13.425,-1.095,-1.095,5.965,0.0028,-0.3895,1.0,0.2088,-5.69,19.833
Car B,2089,139.2667,6,127.252,3,-6.408,0.052,0.052,5.9884,-0.0208,-0.2891,1.0,0.0161,-1.889,-19.833
Car A,2090,139.3333,7,13.822,1,13.822,-1.102,-1.102,5.9645,-0.0068,0.3822,1.0,-0.2223,5.204,19.831
Car B,2090,139.3333,6,127.651,3,-6.009,0.051,0.051,5.9988,0.1564,0.1697,1.0,-0.0383,0.39,-19.831
Car A,2091,139.4,7,14.22,1,14.22,-1.106,-1.106,5.9644,-0.0017,-0.386,1.0,0.2329,-5.54,19.829
Car B,2091,139.4,6,128.051,3,-5.609,0.049,0.049,5.9819,-0.2543,-0.3808,1.0,0.1051,-0.941,-19.829
Car A,2092,139.4667,7,14.617,1,14.618,-1.113,-1.113,5.9638,-0.0086,0.3808,1.0,-0.1938,5.804,19.828
Car B,2092,139.4667,6,128.45,3,-5.21,0.048,0.048,5.9823,0.0071,0.5812,1.0,-0.0793,2.621,-19.828
Car A,2093,139.5333,7,15.015,1,15.015,-1.116,-1.116,5.9639,0.0012,-0.3858,1.0,0.2866,-4.829,19.827
Car B,2093,139.5333,6,128.849,3,-4.811,0.051,0.051,5.982,-0.005,-0.2437,1.0,-0.0011,-1.976,-19.827
Car A,2094,139.6,7,15.412,1,15.412,-1.124,-1.124,5.9633,-0.0097,0.3872,1.0,-0.1815,7.147,19.825
Car B,2094,139.6,6,129.248,3,-4.412,0.05,0.05,5.9981,0.2413,0.0153,1.0,-0.0162,-0.038,-19.825
Car A,2095,139.6667,7,15.81,1,15.81,-1.127,-1.127,5.9621,-0.0169,-0.3805,1.0,0.2852,-4.52,19.822
Car B,2095,139.6667,6,129.648,3,-4.012,0.048,0.048,5.9987,0.0089,-0.1704,1.0,0.0552,-0.393,-19.822
Car A,2096,139.7333,7,16.207,1,16.207,-1.134,-1.134,5.962,-0.0017,0.3881,1.0,-0.2225,7.111,19.819
Car B,2096,139.7333,6,130.048,3,-3.612,0.05,0.05,6.0081,0.1419,0.5384,1.0,-0.1021,1.377,-19.819
Car A,2097,139.8,7,16.605,1,16.605,-1.138,-1.138,5.9616,-0.0066,-0.3756,1.0,0.1875,-5.544,19.816
Car B,2097,139.8,6,130.449,3,-3.211,0.051,0.051,6.0075,-0.0091,-0.422,1.0,0.0337,-2.547,-19.816
Car A,2098,139.8667,7,17.002,1,17.002,-1.145,-1.145,5.9603,-0.0185,0.3968,1.0,-0.1355,4.673,19.813
Car B,2098,139.8667,6,130.849,3,-2.811,0.049,0.049,6.0057,-0.0267,0.3092,1.0,-0.0552,0.837,-19.813
Car A,2099,139.9333,7,17.399,1,17.399,-1.148,-1.148,5.9621,0.0259,-0.3719,1.0,0.1875,-3.375,19.81
Car B,2099,139.9333,6,131.25,3,-2.411,0.048,0.048,5.9999,-0.0882,-0.5179,1.0,0.1317,-1.376,-19.81
Car A,2100,140.0,7,17.797,1,17.797,-1.155,-1.155,5.9611,-0.0143,0.3882,1.0,-0.1057,4.674,19.807
Car B,2100,140.0,6,131.65,3,-2.011,0.047,0.047,5.9993,-0.0088,0.4378,1.0,-0.0399,3.285,-19.807
Car A,2101,140.0667,7,18.194,1,18.194,-1.158,-1.158,5.9625,0.0214,-0.3658,1.0,0.7833,-2.632,19.805
Car B,2101,140.0667,6,132.05,3,-1.611,0.048,0.048,6.0001,0.0119,-0.3164,1.0,0.0609,-0.991,-19.805
Car A,2102,140.1333,7,18.591,1,18.591,-1.163,-1.163,5.9578,-0.0718,0.1898,1.0,0.6169,19.55,19.802
Car B,2102,140.1333,6,132.45,3,-1.211,0.049,0.049,5.9978,-0.0342,0.5329,1.0,-0.0912,1.517,-19.802
Car A,2103,140.2,7,18.988,1,18.988,-1.157,-1.157,5.9473,-0.1567,1.4059,1.0,1.0,15.428,19.799
Car B,2103,140.2,6,132.849,3,-0.811,0.051,0.051,5.9972,-0.0088,-0.4,1.0,0.0349,-2.275,-19.799
Car A,2104,140.2667,7,19.383,1,19.383,-1.136,-1.136,5.9332,-0.2117,2.2002,1.0,1.0,24.985,19.795
Car B,2104,140.2667,6,133.249,3,-0.411,0.049,0.049,5.9968,-0.0061,0.3169,1.0,-0.0689,0.866,-19.795
Car A,2105,140.3333,7,19.777,1,19.777,-1.098,-1.098,5.9203,-0.1932,2.7777,1.0,0.933,25.0,19.789
Car B,2105,140.3333,6,133.649,3,-0.011,0.048,0.048,5.9954,-0.0215,-0.5703,1.0,0.0986,-1.717,-19.789
Car A,2106,140.4,7,20.086,1,20.169,-1.044,-1.054,5.9096,-0.1603,3.2261,1.0,1.0,23.328,19.698
Car B,2106,140.4,7,0.388,1,0.388,0.046,0.046,5.9943,-0.0161,0.3621,1.0,-0.0766,2.459,-19.698
Car A,2107,140.4667,7,20.479,1,20.557,-0.971,-1.012,5.899,-0.1594,3.5885,1.0,0.9324,24.997,19.691
Car B,2107,140.4667,7,0.788,1,0.788,0.046,0.046,5.9939,-0.0056,-0.3817,1.0,0.0052,-1.908,-19.691
Car A,2108,140.5333,7,20.868,1,20.94,-0.88,-0.951,5.8902,-0.1312,3.8636,1.0,1.0,23.313,19.681
Car B,2108,140.5333,7,1.187,1,1.187,0.043,0.043,6.0026,0.1297,0.0728,1.0,-0.0687,0.119,-19.681
Car A,2109,140.6,7,21.114,1,21.319,-0.77,-0.91,5.8822,-0.1213,4.0828,1.0,1.0,24.997,19.527
Car B,2109,140.6,7,1.587,1,1.587,0.038,0.038,6.0016,-0.0152,-0.6624,1.0,0.0991,-1.716,-19.527
Car A,2110,140.6667,7,21.506,1,21.691,-0.642,-0.871,5.8751,-0.1062,4.2473,1.0,1.0,24.999,19.518
Car B,2110,140.6667,7,1.988,1,1.988,0.032,0.032,6.0025,0.0149,0.3366,1.0,-0.0744,2.47,-19.518
Car A,2111,140.7333,7,21.883,1,22.055,-0.494,-0.813,5.8688,-0.0937,4.3751,1.0,1.0,24.999,19.495
Car B,2111,140.7333,7,2.388,1,2.388,0.03,0.03,6.0008,-0.0269,-0.3927,1.0,-0.0168,-1.854,-19.495
Car A,2112,140.8,7,22.16,1,22.411,-0.328,-0.787,5.8634,-0.0821,4.4781,1.0,1.0,24.999,19.372
Car B,2112,140.8,7,2.788,1,2.788,0.022,0.022,6.0158,0.2258,-0.2134,1.0,-0.0417,-0.42,-19.372
Car A,2113,140.8667,7,22.551,1,22.758,-0.143,-0.749,5.8584,-0.0738,4.5573,1.0,1.0,24.999,19.363
Car B,2113,140.8667,7,3.188,1,3.189,0.014,0.014,5.9923,-0.3524,-0.4249,1.0,0.0093,-1.035,-19.363
Car A,2114,140.9333,7,22.83,1,23.094,0.06,-0.7,5.8541,-0.0652,4.6195,1.0,1.0,24.999,19.242
Car B,2114,140.9333,7,3.588,1,3.588,0.006,0.006,5.9893,-0.0458,0.2006,1.0,-0.1302,0.217,-19.242
Car A,2115,141.0,7,23.222,1,23.418,0.281,-0.681,5.8501,-0.06,4.6688,1.0,1.0,24.999,19.234
Car B,2115,141.0,7,3.987,1,3.987,-0.004,-0.004,5.9883,-0.0147,-0.8153,1.0,-0.0351,-3.249,-19.234
Car A,2116,141.0667,7,23.612,1,23.73,0.519,-0.641,5.8465,-0.0546,4.7081,1.0,1.0,24.999,19.226
Car B,2116,141.0667,7,4.386,1,4.386,-0.02,-0.02,5.9748,-0.2028,-0.3771,1.0,-0.0158,-0.872,-19.226
Car A,2117,141.1333,7,23.905,1,24.028,0.773,-0.609,5.8431,-0.0496,4.7405,1.0,1.0,24.999,19.121
Car B,2117,141.1333,7,4.785,1,4.785,-0.033,-0.033,5.9821,0.1106,-0.1561,1.0,0.0254,-0.395,-19.121
Car A,2118,141.2,7,24.296,1,24.312,1.043,-0.588,5.84,-0.0468,4.7644,1.0,1.0,24.999,19.112
Car B,2118,141.2,7,5.184,1,5.184,-0.044,-0.044,6.0125,0.4562,0.2786,1.0,-0.0009,0.626,-19.112
Car A,2119,141.2667,7,24.686,1,24.58,1.329,-0.545,5.8372,-0.0431,4.7845,1.0,1.0,24.999,19.101
Car B,2119,141.2667,7,5.584,1,5.584,-0.054,-0.054,5.9973,-0.2292,0.0971,1.0,0.0361,-0.016,-19.101
Car A,2120,141.3333,7,24.992,1,24.832,1.628,-0.532,5.8344,-0.0411,4.8,1.0,1.0,24.999,19.008
Car B,2120,141.3333,7,5.984,1,5.984,-0.062,-0.062,5.9814,-0.2385,0.2152,1.0,0.0312,0.878,-19.008
Car A,2121,141.4,7,25.383,1,25.067,1.941,-0.508,5.8318,-0.0397,4.8118,1.0,1.0,24.999,18.999
Car B,2121,141.4,7,6.383,1,6.383,-0.069,-0.069,6.0171,0.5359,0.3304,1.0,0.025,0.772,-18.999
Car A,2122,141.4667,7,25.697,1,25.285,2.266,-0.475,5.8293,-0.0374,4.8219,1.0,1.0,24.999,18.913
Car B,2122,141.4667,7,6.784,1,6.784,-0.075,-0.075,6.0165,-0.0094,0.139,1.0,0.0401,0.613,-18.913
Car A,2123,141.5333,7,26.088,1,25.484,2.602,-0.469,5.8269,-0.0357,4.8296,1.0,1.0,24.999,18.903
Car B,2123,141.5333,7,7.185,1,7.185,-0.079,-0.079,5.9939,-0.3387,0.4062,1.0,0.0192,0.994,-18.903
Car A,2124,141.6,7,26.478,1,25.664,2.949,-0.442,5.8246,-0.035,4.8361,1.0,1.0,24.999,18.893
Car B,2124,141.6,7,7.585,1,7.585,-0.082,-0.082,6.0117,0.2678,0.1475,1.0,0.0321,0.472,-18.893
Car A,2125,141.6667,7,26.801,1,25.824,3.305,-0.43,5.8223,-0.0337,4.8407,1.0,1.0,24.999,18.814
Car B,2125,141.6667,7,7.986,1,7.986,-0.084,-0.084,6.0207,0.1344,0.3272,1.0,0.0208,0.789,-18.814
Car A,2126,141.7333,7,27.191,1,25.964,3.67,-0.421,5.8201,-0.0329,4.845,1.0,1.0,24.999,18.805
Car B,2126,141.7333,7,8.386,1,8.386,-0.086,-0.086,5.9856,-0.5262,0.1386,1.0,0.02,0.515,-18.805
Car A,2127,141.8,7,27.532,1,26.084,4.041,-0.392,5.818,-0.0325,4.8466,1.0,0.3561,24.999,18.747
Car B,2127,141.8,7,8.785,1,8.785,-0.087,-0.087,5.9905,0.0728,0.1057,1.0,0.0216,0.488,-18.747
Car A,2128,141.8667,7,27.909,1,26.191,4.418,-0.408,5.8733,0.8303,3.199,1.0,0.1405,8.926,18.725
Car B,2128,141.8667,7,9.185,1,9.185,-0.089,-0.089,5.9939,0.0517,0.0949,1.0,0.0217,0.526,-18.725
Car A,2129,141.9333,7,28.302,1,26.3,4.795,-0.425,5.9034,0.4514,1.6527,1.0,-0.2723,3.52,18.718
Car B,2129,141.9333,7,9.584,1,9.584,-0.09,-0.09,5.9921,-0.0269,0.1046,1.0,0.0181,0.528,-18.718
Car A,2130,142.0,7,28.622,1,26.416,5.172,-0.48,5.9113,0.1176,0.2122,1.0,0.4441,-6.792,18.639
Car B,2130,142.0,7,9.983,1,9.984,-0.09,-0.09,5.9884,-0.0557,0.1221,1.0,0.0114,0.445,-18.639
Car A,2131,142.0667,7,29.005,1,26.537,5.547,-0.57,5.9133,0.0306,0.4558,1.0,0.3519,11.075,18.623
Car B,2131,142.0667,7,10.383,1,10.383,-0.089,-0.089,5.9879,-0.0071,0.0149,1.0,0.0016,0.286,-18.623
Car A,2132,142.1333,7,29.392,1,26.644,5.926,-0.648,5.9047,-0.1284,1.6692,1.0,0.0064,8.802,18.609
Car B,2132,142.1333,7,10.783,1,10.783,-0.089,-0.089,5.9954,0.1121,0.0583,1.0,-0.0304,0.044,-18.609
Car A,2133,142.2,7,29.722,1,26.745,6.307,-0.745,5.9146,0.1485,0.6009,1.0,0.8724,0.173,18.54
Car B,2133,142.2,7,11.182,1,11.182,-0.091,-0.091,5.9846,-0.1624,-0.3391,1.0,-0.0635,-0.745,-18.54
Car A,2134,142.2667,7,30.102,1,26.847,6.687,-0.847,5.9104,-0.0643,0.9365,1.0,0.6668,21.777,18.521
Car B,2134,142.2667,7,11.581,1,11.581,-0.099,-0.099,5.9743,-0.1547,-0.6346,1.0,0.0155,-1.582,-18.521
Car A,2135,142.3333,7,30.486,1,26.936,7.071,-0.936,5.8973,-0.1952,1.9818,1.0,0.2346,16.679,18.506
Car B,2135,142.3333,7,11.98,1,11.98,-0.105,-0.105,5.9894,0.2265,0.1579,1.0,0.0961,0.38,-18.506
Car A,2136,142.4,7,30.872,1,27.016,7.457,-1.016,5.9296,0.484,1.8783,1.0,0.2604,5.882,18.493
Car B,2136,142.4,7,12.379,1,12.379,-0.103,-0.103,5.99,0.0096,0.8917,1.0,-0.0114,2.399,-18.493
Car A,2137,142.4667,7,31.263,1,27.084,7.848,-1.084,5.9454,0.2362,2.3388,1.0,0.105,6.509,18.484
Car B,2137,142.4667,7,12.779,1,12.779,-0.1,-0.1,5.9946,0.0695,-0.1067,1.0,0.1769,-0.281,-18.484
Car A,2138,142.5333,7,31.655,1,27.147,8.24,-1.147,5.9702,0.3724,1.0395,1.0,0.4774,2.632,18.477
Car B,2138,142.5333,7,13.178,1,13.178,-0.097,-0.097,5.9929,-0.0258,0.7785,1.0,-0.0244,4.415,-18.477
Car A,2139,142.6,7,32.048,1,27.208,8.633,-1.208,5.9646,-0.0841,1.7225,1.0,0.3249,11.921,18.471
Car B,2139,142.6,7,13.578,1,13.578,-0.089,-0.089,5.9941,0.018,-0.0685,1.0,0.0821,-0.602,-18.471
Car A,2140,142.6667,7,32.443,1,27.254,9.028,-1.254,5.9601,-0.0678,2.3574,1.0,0.1812,8.127,18.466
Car B,2140,142.6667,7,13.977,1,13.977,-0.084,-0.084,5.9913,-0.042,0.6487,1.0,-0.0854,2.048,-18.466
Car A,2141,142.7333,7,32.84,1,27.292,9.425,-1.292,6.0151,0.8256,1.7002,1.0,0.3161,4.535,18.464
Car B,2141,142.7333,7,14.376,1,14.376,-0.076,-0.076,5.9904,-0.0133,-0.277,1.0,0.0745,-2.129,-18.464
Car A,2142,142.8,7,33.24,1,27.323,9.825,-1.323,6.0062,-0.1334,2.2634,1.0,0.1245,7.897,18.465
Car B,2142,142.8,7,14.776,1,14.776,-0.072,-0.072,5.9897,-0.0107,0.4248,1.0,-0.0545,1.856,-18.465
Car A,2143,142.8667,7,33.641,1,27.346,10.226,-1.346,6.0364,0.4524,1.1691,1.0,0.3563,3.12,18.466
Car B,2143,142.8667,7,15.175,1,15.175,-0.064,-0.064,5.9889,-0.0131,-0.3625,1.0,0.293,-1.356,-18.466
Car A,2144,142.9333,7,34.042,1,27.365,10.627,-1.365,6.0265,-0.1477,1.8685,1.0,0.2308,8.898,18.469
Car B,2144,142.9333,7,15.574,1,15.574,-0.058,-0.058,5.9865,-0.0354,0.5294,1.0,0.064,7.311,-18.469
Car A,2145,143.0,7,34.445,1,27.371,11.03,-1.371,6.0594,0.4932,2.185,1.0,0.5368,5.773,18.472
Car B,2145,143.0,7,15.973,1,15.973,-0.046,-0.046,6.0027,0.2428,0.6031,1.0,0.5702,1.609,-18.472
Car A,2146,143.0667,7,34.849,1,27.364,11.434,-1.364,6.048,-0.1704,2.6754,1.0,0.5307,13.409,18.477
Car B,2146,143.0667,7,16.373,1,16.373,-0.026,-0.026,5.9968,-0.0874,1.391,0.988,-0.0088,14.234,-18.477
Car A,2147,143.1333,7,35.252,1,27.34,11.837,-1.34,6.0387,-0.1403,3.1505,1.0,1.0,13.268,18.481
Car B,2147,143.1333,7,16.772,1,16.772,-0.0,-0.0,5.999,0.0324,0.3768,0.9453,-0.1207,-0.199,-18.481
Car A,2148,143.2,7,35.653,1,27.299,12.238,-1.299,6.0261,-0.1889,3.5482,1.0,1.0,24.981,18.483
Car B,2148,143.2,7,17.17,1,17.17,0.014,0.014,5.966,-0.4952,-0.7555,1.0,0.8819,-3.013,-18.483
Car A,2149,143.2667,7,36.051,1,27.238,12.636,-1.238,6.0149,-0.1678,3.834,1.0,0.5439,24.999,18.484
Car B,2149,143.2667,7,17.567,1,17.567,0.026,0.026,5.9639,-0.032,0.0255,1.0,0.7687,22.01,-18.484
Car A,2150,143.3333,7,36.446,1,27.159,13.031,-1.159,6.0116,-0.0496,4.0011,1.0,0.2917,13.615,18.482
Car B,2150,143.3333,7,17.964,1,17.964,0.049,0.049,5.9533,-0.1581,1.2514,1.0,0.4659,19.222,-18.482
Car A,2151,143.4,7,36.838,1,27.068,13.423,-1.068,6.0618,0.7534,2.7796,1.0,-0.3573,7.302,18.48
Car B,2151,143.4,7,18.359,1,18.359,0.088,0.088,5.9445,-0.1326,2.0049,0.7618,-0.2363,11.659,-18.48
Car A,2152,143.4667,7,37.233,1,26.977,13.818,-0.977,6.0734,0.1742,1.2388,1.0,0.588,-8.907,18.482
Car B,2152,143.4667,7,18.751,1,18.751,0.133,0.133,5.9199,-0.3691,0.8605,0.7882,-0.9829,-5.881,-18.482
Car A,2153,143.5333,7,37.557,1,26.888,14.213,-0.902,6.0699,-0.0528,1.3389,1.0,0.9099,14.664,18.414
Car B,2153,143.5333,7,19.143,1,19.143,0.167,0.167,5.8889,-0.465,-0.4361,1.0,1.0,-24.544,-18.414
Car A,2154,143.6,7,37.955,1,26.786,14.604,-0.831,6.0512,-0.2806,2.3587,1.0,0.0835,22.735,18.422
Car B,2154,143.6,7,19.533,1,19.533,0.202,0.202,5.8691,-0.2966,0.559,1.0,0.656,24.925,-18.422
Car A,2155,143.6667,7,38.351,1,26.675,14.992,-0.751,6.0632,0.1804,1.4006,1.0,0.9053,2.119,18.428
Car B,2155,143.6667,7,19.923,1,19.923,0.241,0.241,5.873,0.0589,1.3428,1.0,0.6986,16.41,-18.428
Car A,2156,143.7333,7,38.637,1,26.562,15.379,-0.721,6.0511,-0.1825,1.5188,1.0,0.9604,22.601,18.304
Car B,2156,143.7333,7,20.333,1,20.31,0.298,0.273,5.8636,-0.1409,2.1061,1.0,0.959,17.463,-18.304
Car A,2157,143.8,7,39.038,1,26.434,15.762,-0.686,6.0306,-0.3068,2.4967,1.0,1.0,24.008,18.317
Car B,2157,143.8,7,20.721,1,20.694,0.371,0.315,5.8524,-0.1685,2.7202,1.0,0.9148,23.965,-18.317
Car A,2158,143.8667,7,39.336,1,26.291,16.138,-0.649,6.0168,-0.2079,3.0344,1.0,0.9703,24.998,18.172
Car B,2158,143.8667,7,21.164,1,21.075,0.46,0.344,5.8424,-0.1494,3.1816,1.0,1.0,22.87,-18.172
Car A,2159,143.9333,7,39.738,1,26.131,16.506,-0.642,6.0044,-0.1849,3.4353,1.0,1.0,24.258,18.184
Car B,2159,143.9333,7,21.554,1,21.45,0.567,0.36,5.8326,-0.1471,3.5528,1.0,0.9737,24.996,-18.184
Car A,2160,144.0,7,40.138,1,25.955,16.866,-0.617,5.9931,-0.1692,3.7561,1.0,1.0,24.998,18.135
Car B,2160,144.0,7,22.003,1,21.82,0.691,0.381,5.8243,-0.1254,3.8352,1.0,1.0,24.344,-18.135
Car A,2161,144.0667,7,40.443,1,25.762,17.217,-0.612,5.9831,-0.151,3.9977,1.0,1.0,25.0,18.05
Car B,2161,144.0667,7,22.393,1,22.182,0.834,0.374,5.8169,-0.11,4.0583,1.0,1.0,24.999,-18.05
Car A,2162,144.1333,7,40.843,1,25.551,17.558,-0.611,5.9741,-0.1342,4.1828,1.0,1.0,25.0,18.061
Car B,2162,144.1333,7,22.782,1,22.537,0.995,0.387,5.8106,-0.0953,4.2263,1.0,1.0,24.999,-18.061
Car A,2163,144.2,7,41.181,1,25.325,17.887,-0.592,5.9662,-0.1189,4.3296,1.0,1.0,24.999,17.95
Car B,2163,144.2,7,23.231,1,22.882,1.175,0.361,5.8052,-0.0815,4.3587,1.0,1.0,24.999,-17.95
Car A,2164,144.2667,7,41.548,1,25.081,18.203,-0.612,5.9591,-0.1072,4.4376,1.0,1.0,24.999,17.928
Car B,2164,144.2667,7,23.62,1,23.217,1.372,0.354,5.8005,-0.0696,4.4642,1.0,1.0,24.999,-17.928
Car A,2165,144.3333,7,41.947,1,24.822,18.507,-0.612,5.9526,-0.0975,4.5282,1.0,1.0,24.999,17.884
Car B,2165,144.3333,7,24.063,1,23.541,1.586,0.326,5.7964,-0.0613,4.5466,1.0,1.0,24.999,-17.884
Car A,2166,144.4,7,42.25,1,24.548,18.796,-0.619,5.9466,-0.0889,4.5961,1.0,1.0,24.999,17.799
Car B,2166,144.4,7,24.451,1,23.853,1.818,0.299,5.7929,-0.0529,4.6102,1.0,1.0,24.999,-17.799
Car A,2167,144.4667,7,42.648,1,24.259,19.07,-0.639,5.9412,-0.0818,4.6504,1.0,1.0,24.999,17.764
Car B,2167,144.4667,7,24.884,1,24.152,2.067,0.27,5.7898,-0.0463,4.663,1.0,1.0,24.999,-17.764
Car A,2168,144.5333,7,43.046,1,23.955,19.328,-0.639,5.9361,-0.0761,4.6928,1.0,1.0,24.999,17.777
Car B,2168,144.5333,7,25.269,1,24.436,2.331,0.225,5.7871,-0.0416,4.7034,1.0,1.0,24.999,-17.777
Car A,2169,144.6,7,43.342,1,23.639,19.569,-0.668,5.9313,-0.072,4.7268,1.0,1.0,24.999,17.654
Car B,2169,144.6,7,25.688,1,24.706,2.61,0.198,5.7846,-0.0365,4.7369,1.0,1.0,24.999,-17.654
Car A,2170,144.6667,7,43.739,1,23.311,19.793,-0.687,5.9268,-0.0676,4.755,1.0,1.0,24.999,17.668
Car B,2170,144.6667,7,26.071,1,24.959,2.904,0.135,5.7824,-0.0338,4.7619,1.0,1.0,24.999,-17.668
Car A,2171,144.7333,7,44.027,1,22.971,19.998,-0.697,5.9225,-0.0638,4.7766,1.0,1.0,24.999,17.571
Car B,2171,144.7333,7,26.456,1,25.196,3.211,0.094,5.7803,-0.0303,4.7834,1.0,1.0,24.999,-17.571
Car A,2172,144.8,7,44.422,1,22.62,20.185,-0.735,5.9184,-0.0619,4.7917,1.0,1.0,24.999,17.57
Car B,2172,144.8,7,26.852,1,25.415,3.53,0.033,5.7785,-0.028,4.7997,1.0,1.0,24.999,-17.57
Car A,2173,144.8667,7,44.819,2,22.261,20.352,-0.752,5.9146,-0.0581,4.804,1.0,0.9723,24.999,17.583
Car B,2173,144.8667,7,27.235,1,25.617,3.862,-0.026,5.7767,-0.0265,4.8123,1.0,1.0,24.999,-17.583
Car A,2174,144.9333,7,45.095,2,21.892,20.499,-0.78,5.911,-0.0537,4.8125,1.0,1.0,24.309,17.485
Car B,2174,144.9333,7,27.61,1,25.799,4.204,-0.076,5.7751,-0.0244,4.8234,1.0,1.0,24.999,-17.485
Car A,2175,145.0,7,45.489,2,21.517,20.626,-0.816,5.9073,-0.0557,4.8238,1.0,0.7034,24.998,17.5
Car B,2175,145.0,7,27.99,1,25.962,4.555,-0.153,5.7735,-0.0237,4.8312,1.0,1.0,24.999,-17.5
Car A,2176,145.0667,7,45.885,2,21.135,20.732,-0.83,5.9087,0.0213,4.7877,1.0,0.4883,17.595,17.512
Car B,2176,145.0667,7,28.373,1,26.105,4.915,-0.208,5.772,-0.0222,4.8379,1.0,1.0,24.999,-17.512
Car A,2177,145.1333,7,46.149,2,20.748,20.822,-0.878,5.9526,0.6585,4.2214,1.0,1.0,12.215,17.431
Car B,2177,145.1333,7,28.718,1,26.227,5.283,-0.283,5.7706,-0.0216,4.8433,1.0,1.0,24.999,-17.431
Car A,2178,145.2,7,46.545,2,20.357,20.896,-0.921,5.9441,-0.127,4.3369,1.0,1.0,24.979,17.447
Car B,2178,145.2,7,29.098,1,26.329,5.656,-0.355,5.7692,-0.0207,4.8468,1.0,1.0,24.999,-17.447
Car A,2179,145.2667,7,46.868,2,19.963,20.949,-0.949,5.9372,-0.1037,4.4425,1.0,1.0,24.999,17.418
Car B,2179,145.2667,7,29.45,1,26.41,6.035,-0.41,5.7678,-0.0204,4.8498,1.0,1.0,24.999,-17.418
Car A,2180,145.3333,7,47.264,2,19.566,20.981,-0.981,5.9309,-0.0938,4.5287,1.0,0.8379,24.999,17.432
Car B,2180,145.3333,7,29.832,1,26.469,6.417,-0.469,5.7665,-0.0197,4.8519,1.0,1.0,24.999,-17.432
Car A,2181,145.4,7,47.661,2,19.169,20.992,-0.992,5.9278,-0.0477,4.5849,1.0,0.6255,20.953,17.444
Car B,2181,145.4,7,30.217,1,26.507,6.802,-0.507,5.7652,-0.0193,4.8539,1.0,1.0,24.999,-17.444
Car A,2182,145.4667,7,48.058,2,18.772,20.983,-0.983,5.9289,0.0169,4.6067,1.0,0.4284,15.644,17.455
Car B,2182,145.4667,7,30.604,1,26.523,7.189,-0.523,5.764,-0.0185,4.855,1.0,1.0,24.999,-17.455
Car A,2183,145.5333,7,48.456,2,18.374,20.958,-0.958,5.9818,0.7934,3.8561,1.0,0.1859,10.717,17.466
Car B,2183,145.5333,7,30.99,1,26.517,7.575,-0.517,5.7628,-0.0182,4.8561,1.0,1.0,24.999,-17.466
Car A,2184,145.6,7,48.856,2,17.975,20.926,-0.926,6.0147,0.4934,2.1653,1.0,0.1083,4.656,17.48
Car B,2184,145.6,7,31.376,1,26.49,7.961,-0.49,5.7616,-0.0176,4.8575,1.0,0.7322,24.999,-17.48
Car A,2185,145.6667,7,49.257,2,17.573,20.902,-0.902,6.0348,0.3024,1.0437,1.0,0.1104,2.711,17.497
Car B,2185,145.6667,7,31.76,1,26.441,8.345,-0.441,5.7664,0.0714,4.8129,1.0,-0.0022,18.315,-17.497
Car A,2186,145.7333,7,49.657,2,17.173,20.875,-0.875,6.0363,0.0218,1.0776,1.0,0.1065,2.76,17.515
Car B,2186,145.7333,7,32.142,1,26.379,8.727,-0.379,5.8111,0.6706,3.0782,1.0,-0.1311,-0.027,-17.515
Car A,2187,145.8,7,50.06,2,16.77,20.844,-0.844,6.0744,0.5716,1.0798,1.0,0.1031,2.654,17.532
Car B,2187,145.8,7,32.527,1,26.323,9.112,-0.323,5.8372,0.3915,1.1361,1.0,-0.1356,-3.272,-17.532
Car A,2188,145.8667,7,50.463,2,16.367,20.808,-0.808,6.074,-0.006,1.0172,1.0,0.0967,2.564,17.549
Car B,2188,145.8667,7,32.914,1,26.279,9.499,-0.279,5.8457,0.1271,-0.2079,1.0,-0.1179,-3.39,-17.549
Car A,2189,145.9333,7,50.864,2,15.966,20.768,-0.768,6.0145,-0.8923,0.9486,1.0,0.0631,2.419,17.561
Car B,2189,145.9333,7,33.303,1,26.247,9.888,-0.247,5.8683,0.3391,-1.0505,1.0,-0.0639,-2.946,-17.561
Car A,2190,146.0,7,51.263,2,15.567,20.728,-0.728,6.0239,0.1403,0.622,1.0,0.0675,1.578,17.568
Car B,2190,146.0,7,33.696,1,26.218,10.281,-0.218,5.9394,1.0665,-0.5887,1.0,-0.0765,-1.601,-17.568
Car A,2191,146.0667,7,51.66,2,15.17,20.684,-0.684,5.9728,-0.7658,0.6381,1.0,-0.0844,1.686,17.569
Car B,2191,146.0667,7,34.091,1,26.191,10.676,-0.191,5.9321,-0.1097,-0.7579,1.0,-0.0696,-1.891,-17.569
Car A,2192,146.1333,7,52.056,2,14.774,20.644,-0.644,5.9741,0.0196,-0.3104,1.0,0.0861,-2.104,17.57
Car B,2192,146.1333,7,34.486,1,26.166,11.071,-0.166,5.9456,0.203,-0.6458,0.9001,-0.1151,-1.73,-17.57
Car A,2193,146.2,7,52.452,2,14.378,20.606,-0.606,5.974,-0.0017,0.4178,1.0,-0.0492,2.145,17.576
Car B,2193,146.2,7,34.876,1,26.148,11.461,-0.148,5.8046,-2.1154,-1.0211,0.8839,-0.0585,-2.875,-17.576
Car A,2194,146.2667,7,52.848,2,13.982,20.565,-0.565,5.9754,0.0206,-0.3456,1.0,0.0867,-1.223,17.591
Car B,2194,146.2667,7,35.257,1,26.132,11.842,-0.132,5.6542,-2.256,-0.5012,1.0,0.9718,-1.464,-17.591
Car A,2195,146.3333,7,53.245,2,13.585,20.526,-0.526,5.9748,-0.009,0.4822,1.0,-0.1338,2.163,17.612
Car B,2195,146.3333,7,35.633,1,26.11,12.218,-0.11,5.6562,0.0308,0.3024,1.0,0.9048,24.257,-17.612
Car A,2196,146.4,7,53.641,2,13.189,20.484,-0.484,5.9733,-0.0225,-0.3451,1.0,0.0564,-3.337,17.632
Car B,2196,146.4,7,36.009,1,26.078,12.594,-0.078,5.6484,-0.1179,1.3963,1.0,0.2238,22.621,-17.632
Car A,2197,146.4667,7,54.037,2,12.793,20.445,-0.445,5.9748,0.0235,0.3734,1.0,-0.234,1.403,17.652
Car B,2197,146.4667,7,36.385,1,26.036,12.97,-0.036,5.6842,0.5381,1.395,1.0,0.8002,5.619,-17.652
Car A,2198,146.5333,7,54.433,2,12.397,20.405,-0.405,5.9739,-0.0147,-0.4855,1.0,-0.0009,-5.839,17.673
Car B,2198,146.5333,7,36.76,1,25.983,13.345,0.017,5.6764,-0.118,2.1336,0.9812,-0.3393,19.983,-17.673
Car A,2199,146.6,7,54.83,2,12.0,20.369,-0.369,5.9932,0.29,0.0134,1.0,-0.2327,-0.037,17.696
Car B,2199,146.6,7,37.134,1,25.923,13.719,0.077,5.687,0.1587,1.1443,1.0,0.0607,-8.44,-17.696
Car A,2200,146.6667,7,55.228,2,11.602,20.335,-0.335,5.991,-0.0332,-0.8693,1.0,0.0211,-5.807,17.706
Car B,2200,146.6667,7,37.523,1,25.865,14.097,0.127,5.7934,1.5963,0.6186,1.0,1.0,1.501,-17.706
Car A,2201,146.7333,7,55.627,2,11.203,20.306,-0.306,5.9936,0.0394,0.0099,1.0,-0.3183,0.517,17.72
Car B,2201,146.7333,7,37.907,1,25.801,14.478,0.161,5.7918,-0.0238,1.1445,1.0,0.9377,24.965,-17.72
Car A,2202,146.8,7,56.025,2,10.805,20.275,-0.275,5.9909,-0.0399,-0.7884,1.0,-0.0273,-7.943,17.735
Car B,2202,146.8,7,38.29,1,25.725,14.856,0.207,5.7778,-0.21,2.1302,1.0,0.8997,23.444,-17.735
Car A,2203,146.8667,7,56.424,2,10.406,20.25,-0.25,6.0071,0.242,-0.2591,1.0,-0.206,-0.693,17.715
Car B,2203,146.8667,7,38.709,1,25.632,15.23,0.218,5.7679,-0.1476,2.716,1.0,1.0,22.494,-17.715
Car A,2204,146.9333,7,56.824,2,10.007,20.227,-0.227,6.0027,-0.0658,-1.0744,1.0,0.0476,-5.142,17.73
Car B,2204,146.9333,7,39.093,1,25.523,15.6,0.238,5.758,-0.1496,3.1907,1.0,1.0,24.996,-17.73
Car A,2205,147.0,7,57.223,2,9.607,20.209,-0.209,6.0046,0.0282,-0.1256,1.0,-0.1859,1.18,17.706
Car B,2205,147.0,7,39.517,1,25.396,15.963,0.245,5.7492,-0.1317,3.5451,1.0,1.0,25.0,-17.706
Car A,2206,147.0667,7,57.623,2,9.207,20.188,-0.188,6.0009,-0.0549,-0.7284,1.0,0.0092,-4.639,17.721
Car B,2206,147.0667,7,39.902,1,25.252,16.319,0.242,5.7417,-0.113,3.8297,1.0,1.0,25.0,-17.721
Car A,2207,147.1333,7,58.023,2,8.807,20.171,-0.171,6.0023,0.0211,0.0816,1.0,-0.2896,0.222,17.697
Car B,2207,147.1333,7,40.325,1,25.09,16.668,0.247,5.7353,-0.0949,4.0492,1.0,1.0,25.0,-17.697
Car A,2208,147.2,7,58.422,2,8.408,20.154,-0.154,5.9998,-0.0379,-0.785,1.0,0.0186,-7.228,17.714
Car B,2208,147.2,7,40.709,1,24.911,17.007,0.223,5.7301,-0.0787,4.2192,1.0,1.0,24.999,-17.714
Car A,2209,147.2667,7,58.822,2,8.008,20.141,-0.141,6.0021,0.0349,0.0708,1.0,-0.2428,0.452,17.73
Car B,2209,147.2667,7,41.093,1,24.714,17.337,0.219,5.7258,-0.064,4.3547,1.0,1.0,24.999,-17.73
Car A,2210,147.3333,7,59.222,2,7.608,20.127,-0.127,5.9991,-0.0449,-0.7608,1.0,0.0246,-6.061,17.713
Car B,2210,147.3333,7,41.509,1,24.499,17.655,0.187,5.7222,-0.0544,4.4574,1.0,1.0,24.999,-17.713
Car A,2211,147.4,7,59.622,2,7.208,20.118,-0.118,6.0013,0.0334,0.0845,1.0,-0.1846,0.605,17.73
Car B,2211,147.4,7,41.892,1,24.268,17.961,0.164,5.7193,-0.0434,4.5415,1.0,1.0,24.999,-17.73
Car A,2212,147.4667,7,60.022,2,6.808,20.107,-0.107,5.9979,-0.0523,-0.716,1.0,0.031,-4.606,17.723
Car B,2212,147.4667,7,42.299,1,24.02,18.254,0.136,5.7168,-0.0367,4.607,1.0,1.0,24.999,-17.723
Car A,2213,147.5333,7,60.422,2,6.409,20.1,-0.1,5.999,0.0172,0.1046,1.0,-0.1429,0.766,17.741
Car B,2213,147.5333,7,42.68,1,23.757,18.533,0.095,5.7149,-0.0295,4.6591,1.0,1.0,24.999,-17.741
Car A,2214,147.6,7,60.821,2,6.009,20.092,-0.092,5.9962,-0.0425,-0.626,1.0,0.0312,-3.566,17.746
Car B,2214,147.6,7,43.075,1,23.479,18.796,0.074,5.7132,-0.0251,4.7011,1.0,1.0,24.999,-17.746
Car A,2215,147.6667,7,61.221,2,5.609,20.087,-0.087,5.9969,0.0104,0.1932,1.0,-0.1427,0.774,17.767
Car B,2215,147.6667,7,43.454,1,23.186,19.044,0.016,5.7119,-0.0196,4.735,1.0,1.0,24.999,-17.767
Car A,2216,147.7333,7,61.621,2,5.21,20.081,-0.081,5.995,-0.0279,-0.6475,1.0,0.0474,-3.561,17.785
Car B,2216,147.7333,7,43.835,1,22.88,19.275,-0.021,5.7108,-0.0168,4.7622,1.0,1.0,24.999,-17.785
Car A,2217,147.8,7,62.02,2,4.81,20.079,-0.079,5.996,0.0146,0.1694,1.0,-0.0922,1.178,17.811
Car B,2217,147.8,7,44.21,1,22.562,19.488,-0.07,5.7098,-0.0146,4.7849,1.0,1.0,24.999,-17.811
Car A,2218,147.8667,7,62.42,2,4.41,20.074,-0.074,5.9925,-0.0518,-0.539,1.0,0.0482,-2.298,17.831
Car B,2218,147.8667,7,44.589,2,22.232,19.684,-0.124,5.709,-0.0116,4.8023,1.0,1.0,24.999,-17.831
Car A,2219,147.9333,7,62.819,2,4.011,20.072,-0.072,5.9912,-0.02,0.2669,1.0,-0.1121,1.198,17.872
Car B,2219,147.9333,7,44.947,2,21.892,19.86,-0.158,5.7083,-0.0106,4.8142,1.0,1.0,24.999,-17.872
Car A,2220,148.0,7,63.218,2,3.612,20.068,-0.068,5.9895,-0.0259,-0.5039,1.0,0.0491,-2.796,17.896
Car B,2220,148.0,7,45.322,2,21.543,20.017,-0.229,5.7078,-0.0078,4.8249,1.0,1.0,24.999,-17.896
Car A,2221,148.0667,7,63.618,2,3.212,20.068,-0.068,5.9896,0.0022,0.2757,1.0,-0.0921,1.22,17.915
Car B,2221,148.0667,7,45.702,2,21.185,20.154,-0.279,5.7073,-0.0075,4.8335,1.0,1.0,24.999,-17.915
Car A,2222,148.1333,7,64.017,2,2.813,20.065,-0.065,5.9874,-0.0334,-0.5265,1.0,0.0587,-2.298,17.983
Car B,2222,148.1333,7,46.034,2,20.82,20.27,-0.333,5.7068,-0.0076,4.8392,1.0,1.0,24.999,-17.983
Car A,2223,148.2,7,64.416,2,2.414,20.066,-0.066,5.9868,-0.0093,0.2917,1.0,-0.0758,1.461,18.005
Car B,2223,148.2,7,46.411,2,20.449,20.366,-0.4,5.7064,-0.0054,4.8445,1.0,1.0,24.999,-18.005
Car A,2224,148.2667,7,64.815,2,2.015,20.064,-0.064,5.9848,-0.0298,-0.4489,1.0,0.0586,-1.889,18.023
Car B,2224,148.2667,7,46.791,2,20.073,20.44,-0.444,5.706,-0.0064,4.8493,1.0,1.0,24.999,-18.023
Car A,2225,148.3333,7,65.214,2,1.616,20.065,-0.065,5.985,0.0025,0.3449,1.0,-0.0868,1.461,18.078
Car B,2225,148.3333,7,47.136,2,19.694,20.493,-0.493,5.7057,-0.0042,4.8524,1.0,1.0,24.999,-18.078
Car A,2226,148.4,7,65.613,2,1.218,20.063,-0.063,5.9826,-0.0355,-0.4352,1.0,0.0589,-2.165,18.095
Car B,2226,148.4,7,47.518,2,19.312,20.524,-0.524,5.7054,-0.0052,4.8547,1.0,1.0,24.999,-18.095
Car A,2227,148.4667,7,66.011,2,0.819,20.065,-0.065,5.9825,-0.0014,0.3344,1.0,-0.0718,1.466,18.111
Car B,2227,148.4667,7,47.9,2,18.93,20.534,-0.534,5.705,-0.005,4.8564,1.0,1.0,24.999,-18.111
Car A,2228,148.5333,7,66.41,2,0.42,20.064,-0.064,5.981,-0.0224,-0.4704,1.0,0.0667,-1.791,18.127
Car B,2228,148.5333,7,48.283,2,18.547,20.522,-0.522,5.7048,-0.0029,4.8579,1.0,1.0,24.999,-18.127
Car A,2229,148.6,7,66.809,2,0.021,20.066,-0.066,5.9803,-0.0102,0.3586,1.0,-0.0713,1.661,18.144
Car B,2229,148.6,7,48.665,2,18.166,20.488,-0.488,5.7045,-0.0049,4.8597,1.0,0.7956,24.999,-18.144
Car A,2230,148.6667,7,67.207,2,-0.377,20.065,-0.065,5.9797,-0.0094,-0.4106,1.0,0.0634,-1.777,18.164
Car B,2230,148.6667,7,49.044,2,17.786,20.433,-0.433,5.7085,0.0604,4.827,1.0,-0.0252,19.896,-18.164
Car A,2231,148.7333,7,67.606,2,-0.776,20.066,-0.066,5.9793,-0.0056,0.3828,1.0,-0.1109,1.58,18.185
Car B,2231,148.7333,7,49.421,2,17.409,20.365,-0.365,5.7495,0.6149,3.4315,1.0,-0.1892,-0.598,-18.185
Car A,2232,148.8,7,68.004,2,-1.174,20.066,-0.066,5.9778,-0.0234,-0.4309,1.0,0.0628,-2.766,18.203
Car B,2232,148.8,7,49.802,2,17.028,20.302,-0.302,5.7816,0.4807,1.1957,1.0,-0.2186,-4.724,-18.203
Car A,2233,148.8667,7,68.403,2,-1.573,20.068,-0.068,5.9785,0.011,0.3321,1.0,-0.1189,1.563,18.219
Car B,2233,148.8667,7,50.184,2,16.646,20.251,-0.251,5.7908,0.1384,-0.1578,1.0,-0.233,-5.465,-18.219
Car A,2234,148.9333,7,68.801,2,-1.971,20.069,-0.069,5.9769,-0.0243,-0.4661,1.0,0.0699,-2.964,18.233
Car B,2234,148.9333,7,50.568,2,16.262,20.212,-0.212,5.7926,0.0276,-1.1569,1.0,-0.2143,-5.824,-18.233
Car A,2235,149.0,7,69.2,2,-2.37,20.073,-0.073,5.9778,0.0136,0.3125,1.0,-0.1075,1.739,18.246
Car B,2235,149.0,7,50.954,2,15.876,20.186,-0.186,5.811,0.2752,-1.804,1.0,-0.1401,-5.357,-18.246
Car A,2236,149.0667,7,69.598,2,-2.768,20.074,-0.074,5.9763,-0.0228,-0.4433,1.0,0.0718,-2.68,18.255
Car B,2236,149.0667,7,51.344,2,15.487,20.166,-0.166,5.8604,0.7417,-1.3683,1.0,-0.1071,-3.502,-18.255
Car A,2237,149.1333,7,69.997,2,-3.166,20.078,-0.078,5.9778,0.0231,0.3278,1.0,-0.151,1.788,18.26
Car B,2237,149.1333,7,51.737,2,15.094,20.148,-0.148,5.9007,0.6042,-1.0502,1.0,-0.0881,-2.66,-18.26
Car A,2238,149.2,7,70.395,2,-3.565,20.079,-0.079,5.9754,-0.0367,-0.434,1.0,0.0723,-3.767,18.264
Car B,2238,149.2,7,52.131,2,14.7,20.131,-0.131,5.9326,0.4789,-0.7943,1.0,-0.0775,-2.198,-18.264
Car A,2239,149.2667,7,70.793,2,-3.963,20.084,-0.084,5.9765,0.0167,0.3397,1.0,-0.1617,1.798,18.267
Car B,2239,149.2667,7,52.526,2,14.304,20.117,-0.117,5.9431,0.1575,-0.6933,1.0,-0.0678,-1.936,-18.267
Car A,2240,149.3333,7,71.191,2,-4.361,20.086,-0.086,5.974,-0.0368,-0.4398,1.0,0.0753,-4.033,18.268
Car B,2240,149.3333,7,52.924,2,13.907,20.105,-0.105,5.965,0.3272,-0.671,1.0,-0.0548,-1.687,-18.268
Car A,2241,149.4,7,71.59,2,-4.76,20.092,-0.092,5.975,0.0145,0.3416,1.0,-0.1462,1.872,18.269
Car B,2241,149.4,7,53.321,2,13.509,20.094,-0.094,5.9612,-0.0566,-0.3182,1.0,-0.06,-1.347,-18.269
Car A,2242,149.4667,7,71.988,2,-5.158,20.094,-0.094,5.9732,-0.0264,-0.4189,1.0,0.0776,-3.646,18.27
Car B,2242,149.4667,7,53.718,2,13.112,20.085,-0.085,5.9681,0.1041,-0.5645,1.0,-0.0441,-1.496,-18.27
Car A,2243,149.5333,7,72.386,2,-5.556,20.1,-0.1,5.9742,0.0143,0.3535,1.0,-0.1311,1.932,18.27
Car B,2243,149.5333,7,54.116,2,12.714,20.078,-0.078,5.9667,-0.0211,-0.2772,1.0,-0.0456,-1.084,-18.27
Car A,2244,149.6,7,72.784,2,-5.954,20.103,-0.103,5.9735,-0.0101,-0.4301,1.0,0.0817,-3.27,18.271
Car B,2244,149.6,7,54.514,2,12.317,20.073,-0.073,5.9627,-0.0605,-0.4358,1.0,-0.0363,-1.112,-18.271
Car A,2245,149.6667,7,73.182,2,-6.352,20.11,-0.11,5.974,0.0069,0.328,1.0,-0.1151,2.034,18.27
Car B,2245,149.6667,7,54.912,2,11.918,20.068,-0.068,6.0044,0.6264,-0.3632,1.0,-0.0264,-0.905,-18.27
Car A,2246,149.7333,7,73.58,2,-6.75,20.113,-0.113,5.9727,-0.0196,-0.403,1.0,0.0798,-2.869,18.267
Car B,2246,149.7333,7,55.313,2,11.517,20.065,-0.065,6.02,0.2338,-0.192,1.0,-0.0246,-0.648,-18.267
Car A,2247,149.8,7,73.979,2,-7.148,20.12,-0.12,5.9734,0.0117,0.3442,1.0,-0.1091,1.986,18.264
Car B,2247,149.8,7,55.714,2,11.116,20.061,-0.061,6.0154,-0.07,-0.1282,1.0,-0.0256,-0.6,-18.264
Car A,2248,149.8667,7,74.377,2,-7.547,20.123,-0.123,5.9728,-0.0092,-0.3952,1.0,0.0823,-2.72,18.262
Car B,2248,149.8667,7,56.115,2,10.715,20.057,-0.057,6.0125,-0.0437,-0.1111,1.0,-0.0263,-0.62,-18.262
Car A,2249,149.9333,7,74.775,2,-7.945,20.13,-0.13,5.9733,0.0072,0.3497,1.0,-0.094,2.049,18.259
Car B,2249,149.9333,7,56.516,2,10.314,20.053,-0.053,6.0113,-0.0169,-0.0921,1.0,-0.0269,-0.639,-18.259
Car A,2250,150.0,7,75.173,2,-8.343,20.134,-0.134,5.9733,0.0007,-0.3843,1.0,0.0838,-2.344,18.256
Car B,2250,150.0,7,56.917,2,9.913,20.05,-0.05,6.0122,0.0135,-0.0945,1.0,-0.0263,-0.652,-18.256
Car A,2251,150.0667,7,75.571,2,-8.741,20.141,-0.141,5.973,-0.0046,0.3761,1.0,-0.0926,2.088,18.253
Car B,2251,150.0667,7,57.318,2,9.512,20.047,-0.047,6.0132,0.0141,-0.1086,1.0,-0.0246,-0.639,-18.253
Car A,2252,150.1333,7,75.969,2,-9.139,20.145,-0.145,5.9728,-0.0044,-0.3954,1.0,0.0856,-2.309,18.25
Car B,2252,150.1333,7,57.719,2,9.111,20.045,-0.045,6.0141,0.0146,-0.1198,1.0,-0.0222,-0.599,-18.25
Car A,2253,150.2,7,76.367,2,-9.537,20.152,-0.152,5.973,0.003,0.3518,1.0,-0.061,2.132,18.248
Car B,2253,150.2,7,58.119,2,8.711,20.044,-0.044,5.9917,-0.336,-0.1093,1.0,-0.0223,-0.543,-18.248
Car A,2254,150.2667,7,76.765,2,-9.935,20.156,-0.156,5.9735,0.0077,-0.3633,1.0,0.0866,-1.519,18.247
Car B,2254,150.2667,7,58.519,2,8.311,20.044,-0.044,5.9917,-0.0002,-0.101,1.0,-0.0204,-0.543,-18.247
Car A,2255,150.3333,7,77.164,2,-10.333,20.162,-0.162,5.9734,-0.0005,0.4271,1.0,-0.0956,2.158,18.245
Car B,2255,150.3333,7,58.919,2,7.911,20.044,-0.044,6.0127,0.314,-0.1519,1.0,-0.0117,-0.497,-18.245
Car A,2256,150.4,7,77.562,2,-10.732,20.165,-0.165,5.9729,-0.0076,-0.3556,1.0,0.0856,-2.383,18.242
Car B,2256,150.4,7,59.32,2,7.511,20.044,-0.044,6.0164,0.056,0.0485,1.0,-0.0133,-0.295,-18.242
Car A,2257,150.4667,7,77.96,2,-11.13,20.171,-0.171,5.973,0.0016,0.3803,1.0,-0.0675,2.132,18.24
Car B,2257,150.4667,7,59.72,2,7.11,20.045,-0.045,6.0061,-0.1546,-0.0545,1.0,-0.0105,-0.322,-18.24
Car A,2258,150.5333,7,78.358,2,-11.528,20.175,-0.175,5.9739,0.0135,-0.3682,1.0,0.0874,-1.681,18.237
Car B,2258,150.5333,7,60.121,2,6.709,20.046,-0.046,6.0094,0.0498,-0.0743,1.0,-0.0064,-0.257,-18.237
Car A,2259,150.6,7,78.756,2,-11.926,20.18,-0.18,5.9733,-0.0091,0.4315,1.0,-0.0807,2.178,18.235
Car B,2259,150.6,7,60.522,2,6.309,20.047,-0.047,6.0014,-0.1196,-0.0202,1.0,-0.0058,-0.157,-18.235
Car A,2260,150.6667,7,79.154,2,-12.324,20.183,-0.183,5.9733,0.0004,-0.3488,1.0,0.0873,-2.012,18.233
Car B,2260,150.6667,7,60.922,2,5.909,20.048,-0.048,5.9985,-0.0436,0.0009,1.0,-0.0053,-0.145,-18.233
Car A,2261,150.7333,7,79.552,2,-12.722,20.189,-0.189,5.9733,-0.0014,0.4051,1.0,-0.0644,2.175,18.231
Car B,2261,150.7333,7,61.321,2,5.509,20.05,-0.05,5.9975,-0.0155,-0.0477,1.0,-0.002,-0.131,-18.231
Car A,2262,150.8,7,79.951,2,-13.12,20.191,-0.191,5.9737,0.0071,-0.3696,1.0,0.0884,-1.605,18.229
Car B,2262,150.8,7,61.721,2,5.109,20.052,-0.052,5.9997,0.0326,0.0009,1.0,-0.0001,-0.051,-18.229
Car A,2263,150.8667,7,80.349,2,-13.519,20.196,-0.196,5.9727,-0.0156,0.4081,1.0,-0.0666,2.203,18.227
Car B,2263,150.8667,7,62.121,2,4.709,20.054,-0.054,6.0038,0.0626,-0.004,1.0,0.0032,-0.003,-18.227
Car A,2264,150.9333,7,80.747,2,-13.917,20.198,-0.198,5.974,0.0189,-0.338,1.0,0.0876,-1.66,18.225
Car B,2264,150.9333,7,62.522,2,4.309,20.055,-0.055,6.001,-0.0428,-0.0051,1.0,0.0033,0.077,-18.225
Car A,2265,151.0,7,81.145,2,-14.315,20.203,-0.203,5.9733,-0.0103,0.422,1.0,-0.069,2.185,18.223
Car B,2265,151.0,7,62.922,2,3.909,20.056,-0.056,5.9996,-0.0206,0.0002,1.0,0.0037,0.081,-18.223
Car A,2266,151.0667,7,81.543,2,-14.713,20.205,-0.205,5.9735,0.0033,-0.3345,1.0,0.0875,-1.718,18.222
Car B,2266,151.0667,7,63.322,2,3.509,20.058,-0.058,5.9997,0.0018,0.0051,1.0,0.0041,0.089,-18.222
Car A,2267,151.1333,7,81.941,2,-15.111,20.209,-0.209,5.9724,-0.0167,0.401,1.0,-0.1181,2.182,18.22
Car B,2267,151.1333,7,63.722,2,3.108,20.059,-0.059,5.9999,0.002,0.0063,1.0,0.0048,0.099,-18.22
Car A,2268,151.2,7,82.339,2,-15.509,20.21,-0.21,5.972,-0.0055,-0.3652,1.0,0.0835,-2.945,18.218
Car B,2268,151.2,7,64.122,2,2.708,20.06,-0.06,5.9999,0.0014,0.0163,1.0,0.0051,0.117,-18.218
Car A,2269,151.2667,7,82.737,2,-15.907,20.215,-0.215,5.9723,0.0041,0.3834,1.0,-0.1076,2.081,18.216
Car B,2269,151.2667,7,64.522,2,2.308,20.061,-0.061,5.9992,-0.0119,0.0057,1.0,0.0057,0.125,-18.216
Car A,2270,151.3333,7,83.136,2,-16.305,20.217,-0.217,5.9721,-0.0025,-0.3779,1.0,0.0566,-2.684,18.214
Car B,2270,151.3333,7,64.922,2,1.908,20.062,-0.062,5.9994,0.0035,0.0208,1.0,0.0056,0.139,-18.214
Car A,2271,151.4,7,83.534,2,-16.704,20.222,-0.222,5.9739,0.0272,0.3523,1.0,-0.1534,1.408,18.212
Car B,2271,151.4,7,65.322,2,1.508,20.063,-0.063,5.9983,-0.016,0.0237,1.0,0.0051,0.136,-18.212
Car A,2272,151.4667,7,83.932,2,-17.102,20.225,-0.225,5.9728,-0.0167,-0.4903,1.0,0.0815,-3.826,18.21
Car B,2272,151.4667,7,65.722,2,1.108,20.064,-0.064,5.9984,0.0011,0.0287,1.0,0.0048,0.125,-18.21
Car A,2273,151.5333,7,84.33,2,-17.5,20.232,-0.232,5.9735,0.0103,0.2897,1.0,-0.1127,2.028,18.208
Car B,2273,151.5333,7,66.122,2,0.709,20.065,-0.065,5.9985,0.0009,0.0246,1.0,0.0047,0.116,-18.208
Car A,2274,151.6,7,84.728,2,-17.898,20.236,-0.236,5.9729,-0.0092,-0.4503,1.0,0.835,-2.81,18.207
Car B,2274,151.6,7,66.522,2,0.309,20.065,-0.065,5.9983,-0.0025,0.0126,1.0,0.0049,0.115,-18.207
Car A,2275,151.6667,7,85.126,2,-18.295,20.241,-0.241,5.9671,-0.0862,0.1704,1.0,0.7187,20.839,18.204
Car B,2275,151.6667,7,66.922,2,-0.091,20.066,-0.066,5.9989,0.0092,0.0133,1.0,0.0054,0.12,-18.204
Car A,2276,151.7333,7,85.523,2,-18.693,20.235,-0.235,5.956,-0.1665,1.3751,1.0,0.2352,17.97,18.202
Car B,2276,151.7333,7,67.322,2,-0.491,20.066,-0.066,5.9995,0.0088,0.0171,1.0,0.0058,0.131,-18.202
Car A,2277,151.8,7,85.919,2,-19.089,20.217,-0.217,5.9357,-0.3053,1.8302,1.0,1.0,5.898,18.197
Car B,2277,151.8,7,67.722,2,-0.891,20.066,-0.066,5.9994,-0.0019,0.0278,1.0,0.0058,0.14,-18.197
Car A,2278,151.8667,7,86.313,2,-19.483,20.185,-0.185,5.9308,-0.0734,2.1395,1.0,1.0,24.971,18.192
Car B,2278,151.8667,7,68.121,2,-1.291,20.066,-0.066,5.9987,-0.0095,0.0253,1.0,0.0044,0.141,-18.192
Car A,2279,151.9333,7,86.705,2,-19.875,20.137,-0.137,5.9094,-0.3213,2.9763,1.0,1.0,25.0,18.184
Car B,2279,151.9333,7,68.521,2,-1.691,20.066,-0.066,5.9977,-0.0154,0.0328,1.0,0.0024,0.109,-18.184
Car A,2280,152.0,7,87.088,2,-20.264,20.071,-0.092,5.898,-0.17,3.3902,1.0,1.0,25.0,18.167
Car B,2280,152.0,7,68.921,2,-2.091,20.065,-0.065,5.9976,-0.0011,0.0065,1.0,0.001,0.061,-18.167
Car A,2281,152.0667,7,87.478,2,-20.649,19.987,-0.038,5.8879,-0.1523,3.7235,1.0,1.0,25.0,18.157
Car B,2281,152.0667,7,69.321,2,-2.491,20.065,-0.065,5.9987,0.0159,0.0449,1.0,-0.0023,0.024,-18.157
Car A,2282,152.1333,7,87.87,2,-21.029,19.884,0.019,5.8792,-0.1309,3.9673,1.0,1.0,25.0,18.148
Car B,2282,152.1333,7,69.721,2,-2.891,20.065,-0.065,6.0031,0.0668,-0.0119,1.0,-0.0018,-0.057,-18.148
Car A,2283,152.2,7,88.262,2,-21.403,19.763,0.05,5.8716,-0.114,4.1548,1.0,1.0,25.0,18.14
Car B,2283,152.2,7,70.121,2,-3.291,20.064,-0.064,6.0004,-0.0411,0.0084,1.0,-0.0031,-0.044,-18.14
Car A,2284,152.2667,7,88.651,2,-21.771,19.623,0.101,5.8649,-0.0992,4.3097,1.0,1.0,24.999,18.13
Car B,2284,152.2667,7,70.521,2,-3.691,20.064,-0.064,6.0006,0.0023,0.0086,1.0,-0.0049,-0.075,-18.13
Car A,2285,152.3333,7,89.061,2,-22.13,19.464,0.119,5.8592,-0.0863,4.4223,1.0,1.0,24.999,18.139
Car B,2285,152.3333,7,70.921,2,-4.091,20.064,-0.064,6.0007,0.0028,-0.0127,1.0,-0.0054,-0.117,-18.139
Car A,2286,152.4,7,89.452,3,-22.479,19.286,0.149,5.8541,-0.0771,4.5139,1.0,1.0,24.999,18.13
Car B,2286,152.4,7,71.322,2,-4.491,20.063,-0.063,6.0023,0.0241,-0.0252,1.0,-0.0053,-0.13,-18.13
Car A,2287,152.4667,7,89.87,3,-22.819,19.09,0.169,5.8495,-0.0688,4.5855,1.0,1.0,24.999,18.148
Car B,2287,152.4667,7,71.722,2,-4.892,20.063,-0.063,6.0033,0.0144,-0.0295,1.0,-0.0055,-0.129,-18.148
Car A,2288,152.5333,7,90.262,3,-23.148,18.876,0.179,5.8454,-0.0611,4.6426,1.0,1.0,24.999,18.14
Car B,2288,152.5333,7,72.122,2,-5.292,20.063,-0.063,6.0032,-0.0012,-0.0315,1.0,-0.0049,-0.133,-18.14
Car A,2289,152.6,7,90.684,3,-23.464,18.645,0.2,5.8417,-0.0549,4.6886,1.0,1.0,24.999,18.162
Car B,2289,152.6,7,72.522,2,-5.692,20.064,-0.064,6.0034,0.003,-0.0329,1.0,-0.0052,-0.12,-18.162
Car A,2290,152.6667,7,91.076,3,-23.767,18.397,0.192,5.8383,-0.0511,4.723,1.0,1.0,24.999,18.154
Car B,2290,152.6667,7,72.923,2,-6.092,20.064,-0.064,6.0032,-0.0042,-0.0212,1.0,-0.0043,-0.127,-18.154
Car A,2291,152.7333,7,91.467,3,-24.056,18.133,0.205,5.8352,-0.0473,4.7531,1.0,1.0,24.999,18.144
Car B,2291,152.7333,7,73.323,2,-6.493,20.064,-0.064,6.0041,0.0139,-0.0414,1.0,-0.0026,-0.104,-18.144
Car A,2292,152.8,7,91.89,3,-24.33,17.854,0.186,5.8323,-0.0432,4.7741,1.0,1.0,24.999,18.167
Car B,2292,152.8,7,73.723,2,-6.893,20.065,-0.065,6.0011,-0.0444,-0.0081,1.0,-0.0024,-0.063,-18.167
Car A,2293,152.8667,7,92.281,3,-24.588,17.56,0.181,5.8296,-0.041,4.7922,1.0,1.0,24.999,18.158
Car B,2293,152.8667,7,74.123,2,-7.293,20.066,-0.066,6.0017,0.0094,-0.0204,1.0,-0.0007,-0.06,-18.158
Car A,2294,152.9333,7,92.7,3,-24.83,17.252,0.164,5.8269,-0.0394,4.8056,1.0,1.0,24.999,18.177
Car B,2294,152.9333,7,74.523,2,-7.693,20.067,-0.067,6.0033,0.0229,-0.0341,1.0,0.0018,-0.018,-18.177
Car A,2295,153.0,7,93.091,3,-25.054,16.932,0.141,5.8245,-0.036,4.8163,1.0,1.0,24.999,18.167
Car B,2295,153.0,7,74.924,2,-8.093,20.067,-0.067,6.0013,-0.0292,0.0109,1.0,0.002,0.042,-18.167
Car A,2296,153.0667,7,93.502,3,-25.259,16.6,0.128,5.8221,-0.0365,4.8247,1.0,1.0,24.999,18.178
Car B,2296,153.0667,7,75.324,2,-8.494,20.068,-0.068,6.0014,0.0011,0.0223,1.0,0.0024,0.049,-18.178
Car A,2297,153.1333,7,93.89,3,-25.446,16.257,0.086,5.8199,-0.0336,4.8323,1.0,1.0,24.999,18.166
Car B,2297,153.1333,7,75.724,2,-8.894,20.069,-0.069,6.0012,-0.0031,0.0076,1.0,0.0055,0.059,-18.166
Car A,2298,153.2,7,94.28,3,-25.614,15.905,0.066,5.8177,-0.0325,4.8378,1.0,1.0,24.999,18.156
Car B,2298,153.2,7,76.124,2,-9.294,20.07,-0.07,5.9995,-0.0255,-0.0098,1.0,0.0084,0.13,-18.156
Car A,2299,153.2667,7,94.677,3,-25.762,15.544,0.019,5.8155,-0.0324,4.8423,1.0,1.0,24.999,18.153
Car B,2299,153.2667,7,76.524,2,-9.694,20.071,-0.071,6.0015,0.0296,0.0182,1.0,0.0112,0.201,-18.153
Car A,2300,153.3333,7,95.065,3,-25.889,15.175,-0.019,5.8135,-0.031,4.8462,1.0,1.0,24.999,18.141
Car B,2300,153.3333,7,76.924,2,-10.094,20.072,-0.072,6.0026,0.0177,0.0415,1.0,0.0132,0.27,-18.141
Car A,2301,153.4,7,95.448,3,-25.996,14.8,-0.059,5.8114,-0.0311,4.8486,1.0,1.0,24.999,18.123
Car B,2301,153.4,7,77.324,2,-10.494,20.072,-0.072,6.0046,0.0295,0.0331,1.0,0.0162,0.319,-18.123
Car A,2302,153.4667,7,95.833,3,-26.081,14.42,-0.114,5.8094,-0.0298,4.85,1.0,1.0,24.999,18.109
Car B,2302,153.4667,7,77.724,2,-10.894,20.072,-0.072,5.994,-0.1594,0.1061,1.0,0.0122,0.394,-18.109
Car A,2303,153.5333,7,96.222,3,-26.146,14.035,-0.148,5.8075,-0.0289,4.8514,1.0,0.5498,24.999,18.098
Car B,2303,153.5333,7,78.124,2,-11.293,20.071,-0.071,5.997,0.0447,0.1905,1.0,0.0069,0.3,-18.098
Car A,2304,153.6,7,96.599,3,-26.193,13.647,-0.193,5.8628,0.8302,4.2933,1.0,0.4159,13.762,18.076
Car B,2304,153.6,7,78.523,2,-11.693,20.069,-0.069,5.9923,-0.0699,0.0549,1.0,0.0055,0.173,-18.076
Car A,2305,153.6667,7,96.991,3,-26.228,13.254,-0.228,5.9187,0.8377,3.6701,1.0,0.4492,10.401,18.069
Car B,2305,153.6667,7,78.923,2,-12.093,20.068,-0.068,5.9961,0.0572,0.0385,1.0,0.0025,0.136,-18.069
Car A,2306,153.7333,7,97.387,3,-26.249,12.858,-0.249,5.9305,0.1765,3.8128,1.0,0.2525,11.228,18.065
Car B,2306,153.7333,7,79.323,2,-12.492,20.066,-0.066,5.9961,-0.0006,0.0468,1.0,-0.0008,0.062,-18.065
Car A,2307,153.8,7,97.785,3,-26.259,12.46,-0.259,5.9901,0.8952,2.3399,1.0,-0.1383,6.32,18.062
Car B,2307,153.8,7,79.722,2,-12.892,20.064,-0.064,5.9985,0.0368,0.0112,1.0,-0.0046,-0.018,-18.062
Car A,2308,153.8667,7,98.185,3,-26.274,12.061,-0.274,5.9999,0.1468,0.9001,1.0,0.1028,-3.441,18.062
Car B,2308,153.8667,7,80.122,2,-13.292,20.062,-0.062,5.9985,-0.0002,0.0062,1.0,-0.0067,-0.108,-18.062
Car A,2309,153.9333,7,98.584,3,-26.291,11.661,-0.291,5.9723,-0.4141,1.0364,1.0,0.07,2.559,18.062
Car B,2309,153.9333,7,80.522,2,-13.692,20.061,-0.061,6.001,0.0369,0.0069,1.0,-0.0062,-0.162,-18.062
Car A,2310,154.0,7,98.982,3,-26.305,11.263,-0.305,5.9783,0.0899,0.6646,1.0,0.0963,1.751,18.06
Car B,2310,154.0,7,80.922,2,-14.092,20.059,-0.059,6.0044,0.0507,-0.0351,1.0,-0.0046,-0.151,-18.06
Car A,2311,154.0667,7,99.381,3,-26.315,10.864,-0.315,5.9989,0.3088,0.9195,1.0,0.0354,2.407,18.058
Car B,2311,154.0667,7,81.323,2,-14.493,20.058,-0.058,6.0043,-0.0006,-0.027,1.0,-0.0052,-0.113,-18.058
Car A,2312,154.1333,7,99.781,3,-26.324,10.465,-0.324,5.9754,-0.3525,0.3161,1.0,0.0949,0.879,18.057
Car B,2312,154.1333,7,81.723,2,-14.893,20.057,-0.057,6.0029,-0.0211,-0.0127,1.0,-0.0051,-0.125,-18.057
Car A,2313,154.2,7,100.179,3,-26.331,10.066,-0.331,5.9821,0.1013,0.8922,1.0,-0.0389,2.37,18.056
Car B,2313,154.2,7,82.123,2,-15.293,20.056,-0.056,6.0029,0.0006,-0.028,1.0,0.0114,-0.124,-18.056
Car A,2314,154.2667,7,100.578,3,-26.337,9.667,-0.337,5.9834,0.0194,-0.1556,1.0,0.1057,-0.967,18.055
Car B,2314,154.2667,7,82.523,2,-15.693,20.054,-0.054,6.0,-0.0445,-0.0294,1.0,0.0075,0.271,-18.055
Car A,2315,154.3333,7,100.976,3,-26.346,9.269,-0.346,5.9819,-0.0234,0.5719,1.0,-0.0585,2.636,18.053
Car B,2315,154.3333,7,82.923,2,-16.093,20.051,-0.051,6.0022,0.0335,0.0495,0.9195,0.0572,0.184,-18.053
Car A,2316,154.4,7,101.375,3,-26.35,8.87,-0.35,5.9821,0.0033,-0.2292,1.0,0.1511,-1.455,18.058
Car B,2316,154.4,7,83.318,2,-16.487,20.046,-0.046,5.8595,-2.1406,0.5144,0.9525,-0.0039,1.427,-18.058
Car A,2317,154.4667,7,101.774,3,-26.358,8.471,-0.358,5.9804,-0.0247,0.4986,1.0,0.0708,3.769,18.068
Car B,2317,154.4667,7,83.705,2,-16.875,20.04,-0.04,5.7601,-1.4914,-0.05,0.9033,0.0097,-0.096,-18.068
Car A,2318,154.5333,7,102.173,3,-26.357,8.072,-0.357,6.0138,0.5009,0.679,1.0,0.9358,1.773,18.091
Car B,2318,154.5333,7,84.082,2,-17.252,20.036,-0.036,5.5818,-2.6739,0.0738,1.0,0.9873,0.242,-18.091
Car A,2319,154.6,7,102.574,3,-26.349,7.671,-0.349,6.0105,-0.0501,1.1921,1.0,0.4681,23.362,18.12
Car B,2319,154.6,7,84.454,2,-17.624,20.025,-0.025,5.5829,0.0167,0.7342,1.0,0.6469,24.645,-18.12
Car A,2320,154.6667,7,102.974,3,-26.327,7.272,-0.327,5.995,-0.2322,2.1847,1.0,-0.383,11.719,18.148
Car B,2320,154.6667,7,84.825,2,-17.995,20.002,-0.002,5.5763,-0.099,1.7368,1.0,0.9361,16.185,-18.148
Car A,2321,154.7333,7,103.373,3,-26.298,6.873,-0.298,6.0038,0.1324,1.2445,1.0,0.8986,-9.543,18.177
Car B,2321,154.7333,7,85.195,2,-18.365,19.964,0.036,5.5684,-0.1197,2.4008,0.5356,-0.4257,23.39,-18.177
Car A,2322,154.8,7,103.77,3,-26.268,6.475,-0.268,5.9852,-0.2802,1.3235,1.0,0.4819,22.416,18.208
Car B,2322,154.8,7,85.562,2,-18.732,19.918,0.082,5.5391,-0.4393,1.4653,0.6022,-1.0,-10.591,-18.208
Car A,2323,154.8667,7,104.168,3,-26.228,6.078,-0.228,5.9791,-0.0905,2.1395,1.0,1.0,12.062,18.241
Car B,2323,154.8667,7,85.926,2,-19.096,19.882,0.118,5.4655,-1.1032,-0.0907,1.0,-0.0762,-24.978,-18.241
Car A,2324,154.9333,7,104.548,3,-26.17,5.683,-0.194,5.9652,-0.2087,2.7615,1.0,1.0,24.979,18.257
Car B,2324,154.9333,7,86.291,2,-19.461,19.85,0.15,5.5047,0.588,0.1278,1.0,-0.4544,-1.94,-18.257
Car A,2325,155.0,7,104.943,3,-26.095,5.292,-0.151,5.953,-0.1836,3.224,1.0,1.0,25.0,18.286
Car B,2325,155.0,7,86.657,2,-19.827,19.825,0.175,5.5118,0.1065,-1.0738,1.0,1.0,-11.345,-18.286
Car A,2326,155.0667,7,105.32,3,-26.003,4.906,-0.111,5.9416,-0.171,3.5946,1.0,1.0,25.0,18.282
Car B,2326,155.0667,7,87.038,2,-20.193,19.803,0.181,5.5073,-0.0678,-0.1903,1.0,1.0,24.945,-18.282
Car A,2327,155.1333,7,105.717,3,-25.892,4.524,-0.092,5.9316,-0.1495,3.8681,1.0,1.0,25.0,18.311
Car B,2327,155.1333,7,87.406,2,-20.559,19.773,0.182,5.5063,-0.0146,0.8968,1.0,1.0,24.999,-18.311
Car A,2328,155.2,7,106.112,3,-25.763,4.149,-0.054,5.9229,-0.131,4.0842,1.0,1.0,25.0,18.309
Car B,2328,155.2,7,87.803,2,-20.924,19.728,0.196,5.4998,-0.0978,1.7212,1.0,1.0,25.0,-18.309
Car A,2329,155.2667,7,106.5,3,-25.615,3.781,-0.055,5.9152,-0.1154,4.2487,1.0,1.0,24.999,18.331
Car B,2329,155.2667,7,88.169,2,-21.286,19.668,0.17,5.4925,-0.1094,2.3639,1.0,1.0,25.0,-18.331
Car A,2330,155.3333,7,106.896,3,-25.449,3.422,-0.039,5.9084,-0.102,4.3777,1.0,1.0,24.999,18.36
Car B,2330,155.3333,7,88.536,2,-21.644,19.591,0.161,5.4857,-0.1022,2.8861,1.0,1.0,25.0,-18.36
Car A,2331,155.4,7,107.286,3,-25.264,3.072,-0.036,5.9023,-0.0909,4.4786,1.0,1.0,24.999,18.36
Car B,2331,155.4,7,88.927,2,-21.999,19.498,0.137,5.4795,-0.0938,3.2943,1.0,1.0,25.0,-18.36
Car A,2332,155.4667,7,107.682,3,-25.061,2.733,-0.041,5.8969,-0.0817,4.5577,1.0,1.0,24.999,18.39
Car B,2332,155.4667,7,89.292,3,-22.348,19.387,0.106,5.4745,-0.0738,3.6218,1.0,1.0,25.0,-18.39
Car A,2333,155.5333,7,108.072,3,-24.841,2.405,-0.034,5.8919,-0.074,4.6212,1.0,1.0,24.999,18.399
Car B,2333,155.5333,7,89.673,3,-22.692,19.258,0.092,5.4709,-0.0551,3.8837,1.0,1.0,25.0,-18.399
Car A,2334,155.6,7,108.466,3,-24.603,2.09,-0.059,5.8874,-0.0678,4.67,1.0,1.0,24.999,18.43
Car B,2334,155.6,7,90.036,3,-23.027,19.111,0.042,5.4684,-0.0369,4.0812,1.0,1.0,24.999,-18.43
Car A,2335,155.6667,7,108.86,3,-24.349,1.788,-0.062,5.8833,-0.0625,4.7092,1.0,1.0,24.999,18.459
Car B,2335,155.6667,7,90.402,3,-23.355,18.946,0.012,5.467,-0.021,4.2382,1.0,1.0,24.999,-18.459
Car A,2336,155.7333,7,109.244,3,-24.08,1.5,-0.09,5.8794,-0.0583,4.7403,1.0,1.0,24.999,18.477
Car B,2336,155.7333,7,90.767,3,-23.673,18.762,-0.025,5.4665,-0.0073,4.3675,1.0,1.0,24.999,-18.477
Car A,2337,155.8,7,109.637,3,-23.795,1.228,-0.112,5.8758,-0.0542,4.764,1.0,1.0,24.999,18.507
Car B,2337,155.8,7,91.131,3,-23.98,18.562,-0.072,5.4668,0.0046,4.468,1.0,1.0,24.999,-18.507
Car A,2338,155.8667,7,110.012,3,-23.496,0.971,-0.133,5.8723,-0.0514,4.7829,1.0,1.0,24.999,18.515
Car B,2338,155.8667,7,91.497,3,-24.275,18.344,-0.098,5.4677,0.0131,4.5497,1.0,1.0,24.999,-18.515
Car A,2339,155.9333,7,110.403,3,-23.183,0.732,-0.174,5.869,-0.0499,4.7993,1.0,1.0,24.999,18.56
Car B,2339,155.9333,7,91.844,3,-24.558,18.109,-0.153,5.4691,0.0214,4.6121,1.0,1.0,24.999,-18.56
Car A,2340,156.0,7,110.796,3,-22.858,0.51,-0.193,5.8659,-0.0466,4.8108,1.0,1.0,24.999,18.588
Car B,2340,156.0,7,92.209,3,-24.826,17.859,-0.195,5.471,0.0277,4.6646,1.0,1.0,24.999,-18.588
Car A,2341,156.0667,7,111.156,3,-22.522,0.306,-0.244,5.8628,-0.046,4.821,1.0,1.0,24.999,18.615
Car B,2341,156.0667,7,92.541,3,-25.08,17.593,-0.227,5.4732,0.0329,4.7089,1.0,1.0,24.999,-18.615
Car A,2342,156.1333,7,111.547,3,-22.175,0.122,-0.282,5.8599,-0.0432,4.8276,1.0,1.0,24.999,18.642
Car B,2342,156.1333,7,92.904,3,-25.319,17.313,-0.284,5.4756,0.0367,4.7422,1.0,1.0,24.999,-18.642
Car A,2343,156.2,7,111.891,3,-21.818,-0.044,-0.32,5.8571,-0.0424,4.8336,1.0,1.0,24.999,18.62
Car B,2343,156.2,7,93.271,3,-25.54,17.019,-0.32,5.4782,0.0394,4.7674,1.0,1.0,24.999,-18.62
Car A,2344,156.2667,7,112.28,3,-21.453,-0.189,-0.376,5.8543,-0.042,4.8386,1.0,1.0,24.999,18.696
Car B,2344,156.2667,7,93.584,3,-25.744,16.713,-0.364,5.481,0.0421,4.7901,1.0,1.0,24.999,-18.696
Car A,2345,156.3333,7,112.671,3,-21.081,-0.314,-0.41,5.8516,-0.0402,4.8421,1.0,1.0,24.999,18.722
Car B,2345,156.3333,7,93.949,3,-25.931,16.395,-0.414,5.4839,0.0424,4.8072,1.0,1.0,24.999,-18.722
Car A,2346,156.4,7,112.992,3,-20.703,-0.418,-0.471,5.849,-0.0392,4.8453,1.0,1.0,24.999,18.676
Car B,2346,156.4,7,94.316,3,-26.098,16.066,-0.443,5.4869,0.0453,4.8216,1.0,1.0,24.999,-18.676
Car A,2347,156.4667,7,113.381,3,-20.319,-0.5,-0.524,5.8464,-0.0392,4.8475,1.0,0.8056,24.999,18.771
Car B,2347,156.4667,7,94.61,3,-26.246,15.728,-0.495,5.4899,0.0452,4.8332,1.0,1.0,24.999,-18.771
Car A,2348,156.5333,7,113.728,3,-19.932,-0.562,-0.562,5.8471,0.0098,4.8188,1.0,0.6197,20.146,18.751
Car B,2348,156.5333,7,94.977,3,-26.373,15.382,-0.538,5.493,0.0458,4.842,1.0,1.0,24.999,-18.751
Car A,2349,156.6,7,114.119,3,-19.542,-0.602,-0.602,5.856,0.1341,4.77,1.0,0.36,15.499,18.815
Car B,2349,156.6,7,95.304,3,-26.481,15.029,-0.562,5.496,0.0455,4.8491,1.0,1.0,24.999,-18.815
Car A,2350,156.6667,7,114.511,3,-19.149,-0.63,-0.63,5.9264,1.0565,3.2521,1.0,-0.3911,9.011,18.889
Car B,2350,156.6667,7,95.622,3,-26.567,14.67,-0.618,5.499,0.0458,4.8553,1.0,1.0,24.999,-18.889
Car A,2351,156.7333,7,114.907,3,-18.754,-0.658,-0.658,5.9452,0.282,1.9802,1.0,-0.1731,-9.749,18.917
Car B,2351,156.7333,7,95.99,3,-26.632,14.306,-0.654,5.5021,0.0455,4.8586,1.0,1.0,24.999,-18.917
Car A,2352,156.8,7,115.302,3,-18.359,-0.697,-0.697,5.9508,0.083,0.118,1.0,0.1541,-4.336,18.995
Car B,2352,156.8,7,96.307,3,-26.676,13.939,-0.676,5.5051,0.0456,4.8618,1.0,1.0,24.999,-18.995
Car A,2353,156.8667,7,115.696,3,-17.964,-0.739,-0.739,5.9509,0.0013,0.708,1.0,0.0783,3.841,19.02
Car B,2353,156.8667,7,96.676,3,-26.698,13.569,-0.698,5.5081,0.0449,4.8657,1.0,1.0,24.999,-19.02
Car A,2354,156.9333,7,116.092,3,-17.568,-0.773,-0.773,5.9826,0.4765,0.7444,1.0,0.0882,1.961,19.046
Car B,2354,156.9333,7,97.046,3,-26.699,13.199,-0.699,5.5111,0.0441,4.8678,1.0,1.0,24.999,-19.046
Car A,2355,157.0,7,116.49,3,-17.17,-0.803,-0.803,5.9898,0.1074,0.8437,1.0,0.061,2.206,19.074
Car B,2355,157.0,7,97.416,3,-26.678,12.829,-0.678,5.514,0.0439,4.869,1.0,1.0,24.999,-19.074
Car A,2356,157.0667,7,116.888,3,-16.772,-0.831,-0.831,5.9791,-0.1604,0.567,1.0,0.1041,1.525,19.104
Car B,2356,157.0667,7,97.784,3,-26.635,12.461,-0.635,5.5168,0.0427,4.8708,1.0,1.0,24.999,-19.104
Car A,2357,157.1333,7,117.286,3,-16.374,-0.855,-0.855,5.9673,-0.1766,1.0582,1.0,-0.0417,2.599,19.137
Car B,2357,157.1333,7,98.149,3,-26.57,12.096,-0.57,5.5197,0.0428,4.8721,1.0,-0.0553,24.999,-19.137
Car A,2358,157.2,7,117.683,3,-15.977,-0.879,-0.879,5.9727,0.0805,-0.1214,1.0,0.2211,-1.036,19.171
Car B,2358,157.2,7,98.513,3,-26.493,11.733,-0.493,5.5653,0.6836,3.4092,1.0,-0.1969,-1.343,-19.171
Car A,2359,157.2667,7,118.08,3,-15.58,-0.905,-0.905,5.9702,-0.0373,0.6372,1.0,0.0269,5.517,19.202
Car B,2359,157.2667,7,98.879,3,-26.421,11.366,-0.421,5.6031,0.5683,1.3007,1.0,-0.2201,-4.916,-19.202
Car A,2360,157.3333,7,118.479,3,-15.182,-0.926,-0.926,6.0118,0.6241,0.242,1.0,0.1286,0.68,19.231
Car B,2360,157.3333,7,99.248,3,-26.359,10.997,-0.359,5.6164,0.1986,-0.0469,1.0,-0.2408,-5.502,-19.231
Car A,2361,157.4,7,118.879,3,-14.781,-0.944,-0.944,6.0092,-0.0401,1.0136,1.0,-0.0664,3.21,19.259
Car B,2361,157.4,7,99.62,3,-26.31,10.626,-0.31,5.6232,0.1023,-1.0329,1.0,-0.2511,-6.019,-19.259
Car A,2362,157.4667,7,119.279,3,-14.381,-0.959,-0.959,6.0083,-0.0128,-0.0032,1.0,0.1643,-1.652,19.286
Car B,2362,157.4667,7,99.993,3,-26.274,10.252,-0.274,5.6383,0.2266,-1.7629,1.0,-0.2358,-6.276,-19.286
Car A,2363,157.5333,7,119.679,3,-13.981,-0.977,-0.977,6.0049,-0.0514,0.6181,1.0,-0.0118,4.099,19.308
Car B,2363,157.5333,7,100.371,3,-26.249,9.874,-0.249,5.7144,1.1417,-1.9425,0.9885,-0.1481,-5.896,-19.308
Car A,2364,157.6,7,120.079,3,-13.581,-0.992,-0.992,6.0022,-0.0401,-0.1235,1.0,0.1328,-0.284,19.325
Car B,2364,157.6,7,100.755,3,-26.228,9.491,-0.228,5.769,0.8184,-1.4362,1.0,-0.0653,-3.699,-19.325
Car A,2365,157.6667,7,120.479,3,-13.181,-1.006,-1.006,6.0008,-0.0211,0.7309,1.0,-0.1358,3.313,19.337
Car B,2365,157.6667,7,101.142,3,-26.206,9.103,-0.206,5.8658,1.4529,-0.6225,1.0,0.834,-1.637,-19.337
Car A,2366,157.7333,7,120.879,3,-12.781,-1.016,-1.016,5.9999,-0.0136,-0.1384,1.0,0.0839,-3.385,19.347
Car B,2366,157.7333,7,101.532,3,-26.177,8.713,-0.177,5.8674,0.023,0.1665,1.0,0.6673,20.815,-19.347
Car A,2367,157.8,7,121.279,3,-12.382,-1.03,-1.03,5.9986,-0.0195,0.5135,1.0,-0.0472,2.088,19.358
Car B,2367,157.8,7,101.921,3,-26.137,8.325,-0.137,5.8579,-0.142,1.3636,0.9646,-0.1136,16.688,-19.358
Car A,2368,157.8667,7,121.678,3,-11.982,-1.041,-1.041,5.9969,-0.0248,-0.3044,1.0,0.1771,-1.175,19.37
Car B,2368,157.8667,7,102.308,3,-26.09,7.937,-0.09,5.8626,0.0703,0.7043,1.0,0.0132,-2.811,-19.37
Car A,2369,157.9333,7,122.078,3,-11.583,-1.054,-1.054,5.9947,-0.0336,0.5237,1.0,-0.1045,4.419,19.378
Car B,2369,157.9333,7,102.7,3,-26.049,7.546,-0.049,5.9537,1.366,0.1368,0.9517,-0.2714,0.326,-19.378
Car A,2370,158.0,7,122.477,3,-11.183,-1.063,-1.063,5.9951,0.0053,-0.2726,1.0,0.1511,-2.601,19.382
Car B,2370,158.0,7,103.095,3,-26.013,7.151,-0.013,5.947,-0.0995,-0.766,1.0,0.9998,-6.773,-19.382
Car A,2371,158.0667,7,122.876,3,-10.784,-1.076,-1.076,5.9931,-0.029,0.4447,1.0,-0.0377,3.767,19.388
Car B,2371,158.0667,7,103.489,3,-25.978,6.757,0.022,5.9358,-0.1691,0.0242,1.0,1.0,24.948,-19.388
Car A,2372,158.1333,7,123.276,3,-10.384,-1.085,-1.085,5.9943,0.0184,-0.3164,1.0,0.2241,-0.935,19.394
Car B,2372,158.1333,7,103.882,3,-25.935,6.363,0.065,5.9248,-0.1636,1.1992,1.0,1.0,24.999,-19.394
Car A,2373,158.2,7,123.675,3,-9.985,-1.094,-1.094,5.9931,-0.0191,0.5981,1.0,-0.0831,5.592,19.394
Car B,2373,158.2,7,104.282,3,-25.876,5.973,0.121,5.9115,-0.2009,2.0151,1.0,1.0,25.0,-19.394
Car A,2374,158.2667,7,124.075,3,-9.585,-1.1,-1.1,5.9931,0.0009,-0.2096,1.0,0.24,-2.066,19.401
Car B,2374,158.2667,7,104.673,3,-25.802,5.586,0.165,5.8985,-0.1936,2.6461,1.0,0.9912,25.0,-19.401
Car A,2375,158.3333,7,124.474,3,-9.186,-1.109,-1.109,5.9902,-0.0438,0.4966,1.0,0.0037,5.987,19.412
Car B,2375,158.3333,7,105.062,3,-25.711,5.203,0.226,5.8867,-0.1773,3.1263,1.0,0.8779,24.78,-19.412
Car A,2376,158.4,7,124.874,3,-8.787,-1.114,-1.114,5.9992,0.1355,0.0188,1.0,0.2122,0.117,19.382
Car B,2376,158.4,7,105.492,3,-25.602,4.825,0.26,5.8778,-0.1338,3.4971,1.0,1.0,21.951,-19.382
Car A,2377,158.4667,7,125.273,3,-8.387,-1.117,-1.117,5.9969,-0.0353,0.8685,1.0,-0.2169,5.296,19.39
Car B,2377,158.4667,7,105.883,3,-25.476,4.453,0.296,5.8684,-0.1405,3.8035,1.0,1.0,24.995,-19.39
Car A,2378,158.5333,7,125.673,3,-7.987,-1.115,-1.115,5.9973,0.0057,-0.0432,1.0,0.1897,-5.406,19.348
Car B,2378,158.5333,7,106.325,3,-25.332,4.088,0.324,5.8604,-0.1206,4.0271,1.0,1.0,25.0,-19.348
Car A,2379,158.6,7,126.073,3,-7.587,-1.117,-1.117,5.9954,-0.0279,0.6028,1.0,-0.1059,4.727,19.356
Car B,2379,158.6,7,106.717,3,-25.169,3.731,0.337,5.8533,-0.1066,4.2081,1.0,1.0,25.0,-19.356
Car A,2380,158.6667,7,126.473,3,-7.188,-1.115,-1.115,5.996,0.0092,-0.2203,1.0,0.2179,-2.635,19.308
Car B,2380,158.6667,7,107.165,3,-24.989,3.383,0.361,5.8472,-0.0918,4.3448,1.0,1.0,24.999,-19.308
Car A,2381,158.7333,7,126.872,3,-6.788,-1.116,-1.116,5.9935,-0.0385,0.4793,1.0,-0.0401,5.435,19.316
Car B,2381,158.7333,7,107.556,3,-24.79,3.046,0.353,5.8418,-0.0803,4.4519,1.0,1.0,24.999,-19.316
Car A,2382,158.8,7,127.272,3,-6.389,-1.114,-1.114,5.9946,0.0166,-0.2986,1.0,0.2357,-0.993,19.324
Car B,2382,158.8,7,107.948,3,-24.575,2.719,0.367,5.8371,-0.0708,4.5356,1.0,1.0,24.999,-19.324
Car A,2383,158.8667,7,127.671,3,-5.989,-1.113,-1.113,5.9931,-0.0214,0.5948,1.0,-0.1227,5.881,19.275
Car B,2383,158.8667,7,108.396,3,-24.342,2.405,0.345,5.8329,-0.0628,4.6033,1.0,1.0,24.999,-19.275
Car A,2384,158.9333,7,128.071,3,-5.59,-1.108,-1.108,5.9944,0.0195,-0.2209,1.0,0.1668,-3.054,19.284
Car B,2384,158.9333,7,108.787,3,-24.092,2.104,0.339,5.8292,-0.0559,4.6567,1.0,1.0,24.999,-19.284
Car A,2385,159.0,7,128.47,3,-5.19,-1.106,-1.106,5.9913,-0.0469,0.475,1.0,-0.0811,4.16,19.24
Car B,2385,159.0,7,109.23,3,-23.827,1.817,0.315,5.8258,-0.0506,4.6985,1.0,1.0,24.999,-19.24
Car A,2386,159.0667,7,128.87,3,-4.791,-1.101,-1.101,5.992,0.0098,-0.3087,1.0,0.1502,-2.018,19.25
Car B,2386,159.0667,7,109.62,3,-23.547,1.545,0.29,5.8227,-0.0459,4.731,1.0,1.0,24.999,-19.25
Car A,2387,159.1333,7,129.269,3,-4.391,-1.099,-1.099,5.9893,-0.0392,0.4346,1.0,-0.0786,3.746,19.215
Car B,2387,159.1333,7,110.054,3,-23.252,1.289,0.266,5.8199,-0.0431,4.7593,1.0,1.0,24.999,-19.215
Car A,2388,159.2,7,129.668,3,-3.992,-1.094,-1.094,5.9897,0.0049,-0.3335,1.0,0.1197,-1.956,19.226
Car B,2388,159.2,7,110.442,3,-22.944,1.05,0.222,5.8173,-0.0392,4.7802,1.0,1.0,24.999,-19.226
Car A,2389,159.2667,7,130.067,3,-3.593,-1.091,-1.091,5.9872,-0.0369,0.4151,1.0,-0.0865,2.985,19.205
Car B,2389,159.2667,7,110.863,3,-22.623,0.828,0.199,5.8148,-0.0374,4.7968,1.0,1.0,24.999,-19.205
Car A,2390,159.3333,7,130.466,3,-3.194,-1.086,-1.086,5.9871,-0.002,-0.3477,1.0,0.0904,-2.154,19.218
Car B,2390,159.3333,7,111.248,3,-22.29,0.624,0.138,5.8124,-0.035,4.8099,1.0,1.0,24.999,-19.218
Car A,2391,159.4,7,130.865,3,-2.795,-1.083,-1.083,5.9855,-0.0243,0.3964,1.0,-0.0969,2.252,19.23
Car B,2391,159.4,7,111.636,3,-21.947,0.439,0.099,5.8102,-0.0334,4.8205,1.0,1.0,24.999,-19.23
Car A,2392,159.4667,7,131.264,3,-2.396,-1.077,-1.077,5.9851,-0.0053,-0.3731,1.0,0.072,-2.416,19.23
Car B,2392,159.4667,7,112.035,3,-21.594,0.274,0.041,5.8082,-0.0309,4.8278,1.0,1.0,24.999,-19.23
Car A,2393,159.5333,7,131.663,3,-1.997,-1.075,-1.075,5.9846,-0.0073,0.3739,1.0,-0.1006,1.794,19.243
Car B,2393,159.5333,7,112.42,3,-21.233,0.128,-0.016,5.8061,-0.0303,4.834,1.0,1.0,24.999,-19.243
Car A,2394,159.6,7,132.062,3,-1.598,-1.07,-1.07,5.983,-0.0239,-0.4002,1.0,0.0654,-2.508,19.264
Car B,2394,159.6,7,112.798,3,-20.864,0.003,-0.065,5.8041,-0.0303,4.8399,1.0,1.0,24.999,-19.264
Car A,2395,159.6667,7,132.461,3,-1.199,-1.068,-1.068,5.9829,-0.002,0.3541,1.0,-0.1041,1.628,19.28
Car B,2395,159.6667,7,113.181,3,-20.489,-0.102,-0.14,5.8022,-0.0289,4.8439,1.0,1.0,24.999,-19.28
Car A,2396,159.7333,7,132.86,3,-0.801,-1.064,-1.064,5.9816,-0.02,-0.4245,1.0,0.0598,-2.595,19.294
Car B,2396,159.7333,7,113.566,3,-20.109,-0.185,-0.193,5.8003,-0.0281,4.8473,1.0,1.0,24.999,-19.294
Car A,2397,159.8,7,133.258,3,-0.402,-1.062,-1.062,5.9822,0.0098,0.3393,1.0,-0.1047,1.489,19.323
Car B,2397,159.8,7,113.935,3,-19.725,-0.247,-0.247,5.7985,-0.0272,4.8497,1.0,1.0,24.999,-19.323
Car A,2398,159.8667,7,133.657,3,-0.003,-1.059,-1.059,5.9804,-0.027,-0.4489,1.0,0.0669,-2.61,19.335
Car B,2398,159.8667,7,114.322,3,-19.338,-0.288,-0.288,5.7967,-0.0263,4.8513,1.0,1.0,24.999,-19.335
Car A,2399,159.9333,8,0.395,1,0.395,-1.059,-1.059,5.9807,0.0048,0.3263,1.0,-0.0992,1.665,19.345
Car B,2399,159.9333,7,114.71,3,-18.95,-0.307,-0.307,5.795,-0.0259,4.853,1.0,1.0,24.999,-19.345
Car A,2400,160.0,8,0.794,1,0.794,-1.056,-1.056,5.9792,-0.0237,-0.4318,1.0,0.0712,-2.474,19.355
Car B,2400,160.0,7,115.099,3,-18.561,-0.304,-0.304,5.7933,-0.0264,4.8541,1.0,1.0,24.999,-19.355
Car A,2401,160.0667,8,1.192,1,1.192,-1.056,-1.056,5.979,-0.0022,0.335,1.0,-0.0998,1.773,19.366
Car B,2401,160.0667,7,115.487,3,-18.173,-0.279,-0.279,5.7916,-0.0247,4.855,1.0,0.8954,24.999,-19.366
Car A,2402,160.1333,8,1.591,1,1.591,-1.053,-1.053,5.9782,-0.0128,-0.4151,1.0,0.0852,-2.489,19.378
Car B,2402,160.1333,7,115.873,3,-17.787,-0.233,-0.233,5.7919,0.004,4.8382,1.0,-0.2666,22.389,-19.378
Car A,2403,160.2,8,1.989,1,1.989,-1.054,-1.054,5.9778,-0.0059,0.3499,1.0,-0.1325,2.123,19.392
Car B,2403,160.2,7,116.258,3,-17.403,-0.175,-0.175,5.829,0.5566,3.2578,1.0,-0.2762,-6.621,-19.392
Car A,2404,160.2667,8,2.388,1,2.388,-1.051,-1.051,5.9767,-0.0159,-0.4018,1.0,0.062,-3.304,19.404
Car B,2404,160.2667,7,116.644,3,-17.016,-0.121,-0.121,5.8553,0.3947,1.153,1.0,-0.2926,-6.903,-19.404
Car A,2405,160.3333,8,2.786,1,2.786,-1.052,-1.052,5.9772,0.0078,0.352,1.0,-0.1609,1.542,19.414
Car B,2405,160.3333,7,117.032,3,-16.628,-0.079,-0.079,5.8613,0.0898,-0.1882,1.0,-0.2959,-7.315,-19.414
Car A,2406,160.4,8,3.185,1,3.185,-1.05,-1.05,5.9762,-0.0159,-0.4526,1.0,0.0926,-4.014,19.423
Car B,2406,160.4,7,117.422,3,-16.238,-0.049,-0.049,5.8602,-0.0167,-1.1881,1.0,-0.2737,-7.396,-19.423
Car A,2407,160.4667,8,3.583,1,3.583,-1.052,-1.052,5.977,0.0119,0.3207,1.0,-0.1395,2.305,19.431
Car B,2407,160.4667,7,117.813,3,-15.848,-0.033,-0.033,5.8599,-0.0041,-1.947,1.0,-0.2252,-6.843,-19.431
Car A,2408,160.5333,8,3.981,1,3.981,-1.051,-1.051,5.9758,-0.0171,-0.4214,1.0,0.0522,-3.478,19.436
Car B,2408,160.5333,7,118.206,3,-15.454,-0.029,-0.029,5.9297,1.0476,-2.0284,1.0,-0.1377,-5.631,-19.436
Car A,2409,160.6,8,4.38,1,4.38,-1.053,-1.053,5.9767,0.0136,0.3345,1.0,-0.2058,1.298,19.437
Car B,2409,160.6,7,118.603,3,-15.057,-0.029,-0.029,5.9531,0.35,-1.3617,1.0,-0.0698,-3.442,-19.437
Car A,2410,160.6667,8,4.778,1,4.778,-1.053,-1.053,5.9757,-0.0161,-0.5007,1.0,0.0539,-5.135,19.437
Car B,2410,160.6667,7,119.002,3,-14.659,-0.027,-0.027,5.9799,0.4021,-0.7082,1.0,-0.0666,-1.746,-19.437
Car A,2411,160.7333,8,5.177,1,5.177,-1.057,-1.057,5.9775,0.0279,0.2833,1.0,-0.1965,1.337,19.435
Car B,2411,160.7333,7,119.402,3,-14.259,-0.026,-0.026,6.005,0.3771,-0.6435,1.0,0.0108,-1.666,-19.435
Car A,2412,160.8,8,5.575,1,5.575,-1.059,-1.059,5.9752,-0.0355,-0.5054,1.0,0.0637,-4.902,19.433
Car B,2412,160.8,7,119.802,3,-13.858,-0.023,-0.023,6.0038,-0.0182,0.1328,1.0,-0.0967,0.26,-19.433
Car A,2413,160.8667,8,5.973,1,5.973,-1.064,-1.064,5.9766,0.0222,0.2789,1.0,-0.1707,1.581,19.431
Car B,2413,160.8667,7,120.202,3,-13.458,-0.021,-0.021,6.0021,-0.0262,-0.6601,1.0,0.0829,-2.414,-19.431
Car A,2414,160.9333,8,6.371,1,6.372,-1.067,-1.067,5.9742,-0.0371,-0.4733,1.0,0.0849,-4.259,19.43
Car B,2414,160.9333,7,120.602,3,-13.058,-0.021,-0.021,6.0003,-0.0262,0.2144,1.0,-0.0367,2.064,-19.43
Car A,2415,161.0,8,6.77,1,6.77,-1.073,-1.073,5.9748,0.0099,0.3055,1.0,-0.1619,2.113,19.428
Car B,2415,161.0,7,121.002,3,-12.658,-0.018,-0.018,6.0005,0.0028,-0.3549,1.0,0.0669,-0.913,-19.428
Car A,2416,161.0667,8,7.168,1,7.168,-1.076,-1.076,5.9733,-0.0229,-0.4325,1.0,0.0993,-4.038,19.426
Car B,2416,161.0667,7,121.402,3,-12.258,-0.015,-0.015,6.0006,0.001,0.5257,1.0,-0.1075,1.668,-19.426
Car A,2417,161.1333,8,7.566,1,7.566,-1.082,-1.082,5.9742,0.0129,0.3372,1.0,-0.1581,2.473,19.424
Car B,2417,161.1333,7,121.802,3,-11.858,-0.01,-0.01,5.9991,-0.0226,-0.4037,1.0,0.0265,-2.681,-19.424
Car A,2418,161.2,8,7.964,1,7.964,-1.085,-1.085,5.9732,-0.0146,-0.4095,1.0,0.1158,-3.942,19.422
Car B,2418,161.2,7,122.202,3,-11.458,-0.009,-0.009,5.9997,0.0099,0.2562,1.0,-0.066,0.657,-19.422
Car A,2419,161.2667,8,8.362,1,8.362,-1.092,-1.092,5.9731,-0.0009,0.3547,1.0,-0.1506,2.885,19.421
Car B,2419,161.2667,7,122.602,3,-11.058,-0.008,-0.008,5.998,-0.0264,-0.5833,1.0,0.1355,-1.646,-19.421
Car A,2420,161.3333,8,8.76,1,8.76,-1.095,-1.095,5.9726,-0.008,-0.3903,1.0,0.1316,-3.753,19.419
Car B,2420,161.3333,7,123.002,3,-10.658,-0.008,-0.008,5.9977,-0.0039,0.3821,1.0,-0.0428,3.379,-19.419
Car A,2421,161.4,8,9.159,1,9.159,-1.102,-1.102,5.9725,-0.001,0.3649,1.0,-0.141,3.278,19.417
Car B,2421,161.4,7,123.402,3,-10.259,-0.005,-0.005,5.9978,0.002,-0.3583,1.0,0.0711,-1.063,-19.417
Car A,2422,161.4667,8,9.557,1,9.557,-1.105,-1.105,5.9722,-0.0048,-0.3821,1.0,0.1491,-3.515,19.415
Car B,2422,161.4667,7,123.802,3,-9.859,-0.003,-0.003,5.9968,-0.0156,0.5255,1.0,-0.1004,1.773,-19.415
Car A,2423,161.5333,8,9.955,1,9.955,-1.111,-1.111,5.9715,-0.0101,0.3767,1.0,-0.1314,3.716,19.414
Car B,2423,161.5333,7,124.201,3,-9.459,0.002,0.002,5.995,-0.0265,-0.3614,1.0,0.0185,-2.503,-19.414
Car A,2424,161.6,8,10.353,1,10.353,-1.114,-1.114,5.9723,0.0121,-0.379,1.0,0.163,-3.273,19.412
Car B,2424,161.6,7,124.601,3,-9.059,0.002,0.002,6.0007,0.0845,0.2005,1.0,-0.0579,0.454,-19.412
Car A,2425,161.6667,8,10.751,1,10.751,-1.121,-1.121,5.9714,-0.0136,0.3833,1.0,-0.1212,4.063,19.41
Car B,2425,161.6667,7,125.001,3,-8.659,0.003,0.003,5.9957,-0.0745,-0.5429,1.0,0.1216,-1.445,-19.41
Car A,2426,161.7333,8,11.149,1,11.149,-1.124,-1.124,5.9718,0.0053,-0.3753,1.0,0.1818,-3.02,19.408
Car B,2426,161.7333,7,125.401,3,-8.26,0.003,0.003,5.9956,-0.0011,0.419,1.0,-0.0585,3.031,-19.408
Car A,2427,161.8,8,11.547,1,11.547,-1.13,-1.13,5.9706,-0.0179,0.3898,1.0,-0.1121,4.533,19.407
Car B,2427,161.8,7,125.8,3,-7.86,0.007,0.007,5.9953,-0.0046,-0.3406,1.0,0.0463,-1.456,-19.407
Car A,2428,161.8667,8,11.945,1,11.945,-1.133,-1.133,5.9713,0.0113,-0.3655,1.0,0.1961,-2.791,19.405
Car B,2428,161.8667,7,126.2,3,-7.46,0.008,0.008,5.9929,-0.0359,0.4087,1.0,-0.0794,1.152,-19.405
Car A,2429,161.9333,8,12.343,1,12.343,-1.139,-1.139,5.9698,-0.0227,0.3961,1.0,-0.1021,4.889,19.404
Car B,2429,161.9333,7,126.599,3,-7.061,0.01,0.01,5.9928,-0.0023,-0.4878,1.0,0.0884,-1.98,-19.404
Car A,2430,162.0,8,12.741,1,12.741,-1.141,-1.141,5.9707,0.0128,-0.3625,1.0,0.2097,-2.542,19.402
Car B,2430,162.0,7,126.999,3,-6.661,0.009,0.009,5.9902,-0.038,0.3409,1.0,-0.0417,2.203,-19.402
Car A,2431,162.0667,8,13.139,1,13.139,-1.147,-1.147,5.9681,-0.0391,0.4078,1.0,-0.099,5.231,19.401
Car B,2431,162.0667,7,127.398,3,-6.262,0.011,0.011,5.9902,-0.0004,-0.367,1.0,0.0721,-1.036,-19.401
Car A,2432,162.1333,8,13.536,1,13.536,-1.149,-1.149,5.9695,0.0217,-0.3567,1.0,0.2186,-2.462,19.399
Car B,2432,162.1333,7,127.798,3,-5.863,0.013,0.013,5.9901,-0.002,0.5116,1.0,-0.0939,1.798,-19.399
Car A,2433,162.2,8,13.934,1,13.934,-1.154,-1.154,5.9675,-0.0295,0.4117,1.0,-0.0923,5.452,19.398
Car B,2433,162.2,7,128.197,3,-5.464,0.017,0.017,5.9885,-0.0243,-0.3596,1.0,0.0203,-2.34,-19.398
Car A,2434,162.2667,8,14.332,1,14.332,-1.156,-1.156,5.9685,0.0149,-0.351,1.0,0.2199,-2.296,19.396
Car B,2434,162.2667,7,128.596,3,-5.064,0.017,0.017,5.997,0.1286,0.2071,1.0,-0.0567,0.498,-19.396
Car A,2435,162.3333,8,14.73,1,14.73,-1.161,-1.161,5.9666,-0.0295,0.4225,1.0,-0.0989,5.485,19.394
Car B,2435,162.3333,7,128.996,3,-4.664,0.017,0.017,5.9917,-0.0806,-0.5388,1.0,0.1249,-1.413,-19.394
Car A,2436,162.4,8,15.127,1,15.127,-1.162,-1.162,5.9669,0.0051,-0.3418,1.0,0.3075,-2.46,19.392
Car B,2436,162.4,7,129.395,3,-4.265,0.016,0.016,5.9922,0.0078,0.4292,1.0,-0.0562,3.114,-19.392
Car A,2437,162.4667,8,15.525,1,15.525,-1.166,-1.166,5.9632,-0.0559,0.4377,1.0,-0.1088,7.671,19.391
Car B,2437,162.4667,7,129.795,3,-3.866,0.02,0.02,5.9925,0.0046,-0.3425,1.0,0.0474,-1.398,-19.391
Car A,2438,162.5333,8,15.923,1,15.923,-1.167,-1.167,5.9648,0.0239,-0.343,1.0,0.3091,-2.703,19.389
Car B,2438,162.5333,7,130.194,3,-3.466,0.02,0.02,5.9914,-0.0166,0.4279,1.0,-0.0831,1.179,-19.389
Car A,2439,162.6,8,16.32,1,16.32,-1.171,-1.171,5.9608,-0.0604,0.4336,1.0,-0.1671,7.711,19.387
Car B,2439,162.6,7,130.594,3,-3.067,0.022,0.022,5.9911,-0.0038,-0.5065,1.0,0.0879,-2.073,-19.387
Car A,2440,162.6667,8,16.717,1,16.717,-1.171,-1.171,5.9622,0.0223,-0.3418,1.0,0.2579,-4.16,19.385
Car B,2440,162.6667,7,130.993,3,-2.667,0.02,0.02,5.9893,-0.0274,0.3211,1.0,-0.0369,2.191,-19.385
Car A,2441,162.7333,8,17.115,1,17.115,-1.175,-1.175,5.9603,-0.0297,0.4097,1.0,-0.1211,6.431,19.383
Car B,2441,162.7333,7,131.392,3,-2.268,0.022,0.022,5.9886,-0.0097,-0.3452,1.0,0.0699,-0.917,-19.383
Car A,2442,162.8,8,17.512,1,17.512,-1.174,-1.174,5.9621,0.0274,-0.3596,1.0,0.2339,-3.014,19.381
Car B,2442,162.8,7,131.791,3,-1.869,0.024,0.024,5.989,0.0051,0.5402,1.0,-0.0983,1.744,-19.381
Car A,2443,162.8667,8,17.909,1,17.909,-1.178,-1.178,5.9602,-0.0283,0.4025,1.0,0.5663,5.834,19.379
Car B,2443,162.8667,7,132.191,3,-1.47,0.027,0.027,5.9882,-0.0125,-0.3644,1.0,0.0181,-2.45,-19.379
Car A,2444,162.9333,8,18.307,1,18.307,-1.169,-1.169,5.9545,-0.0849,1.3843,1.0,0.4651,14.143,19.377
Car B,2444,162.9333,7,132.59,3,-1.07,0.026,0.026,5.9978,0.1447,0.1876,1.0,-0.0583,0.441,-19.377
Car A,2445,163.0,8,18.703,1,18.703,-1.145,-1.145,5.9473,-0.1079,2.1248,1.0,0.2517,11.631,19.373
Car B,2445,163.0,7,132.99,3,-0.671,0.026,0.026,5.9936,-0.0633,-0.5507,1.0,0.1022,-1.454,-19.373
Car A,2446,163.0667,8,19.1,1,19.1,-1.109,-1.109,5.9963,0.7339,2.2846,1.0,0.8833,6.3,19.371
Car B,2446,163.0667,7,133.389,3,-0.271,0.025,0.025,5.9932,-0.0058,0.4138,1.0,-0.0724,2.548,-19.371
Car A,2447,163.1333,8,19.497,1,19.497,-1.06,-1.06,5.9847,-0.174,2.7824,1.0,0.7241,22.057,19.368
Car B,2447,163.1333,8,0.128,1,0.128,0.027,0.027,5.9929,-0.004,-0.3522,1.0,-0.0008,-1.802,-19.368
Car A,2448,163.2,8,19.891,1,19.891,-0.993,-0.993,5.9746,-0.1513,3.2223,1.0,0.6701,18.107,19.362
Car B,2448,163.2,8,0.528,1,0.528,0.025,0.025,6.0002,0.109,0.0021,1.0,-0.0612,-0.032,-19.362
Car A,2449,163.2667,8,20.208,1,20.281,-0.909,-0.928,5.9661,-0.1267,3.5745,1.0,0.8113,16.755,19.28
Car B,2449,163.2667,8,0.928,1,0.928,0.02,0.02,6.0198,0.2945,-0.6109,1.0,0.0596,-1.526,-19.28
Car A,2450,163.3333,8,20.601,1,20.666,-0.807,-0.857,5.9579,-0.1235,3.8586,1.0,0.1695,20.278,19.271
Car B,2450,163.3333,8,1.33,1,1.33,0.017,0.017,6.0187,-0.0176,0.3718,1.0,-0.1203,1.486,-19.271
Car A,2451,163.4,8,20.941,1,21.049,-0.694,-0.776,5.9888,0.4628,2.2622,1.0,0.6789,4.263,19.211
Car B,2451,163.4,8,1.731,1,1.731,0.015,0.015,6.0148,-0.0575,-0.4416,1.0,-0.0926,-3.001,-19.211
Car A,2452,163.4667,8,21.268,1,21.432,-0.58,-0.751,5.9791,-0.1455,2.4542,1.0,0.966,16.952,19.137
Car B,2452,163.4667,8,2.132,1,2.132,0.003,0.003,6.0133,-0.0234,-0.8979,1.0,0.0201,-2.315,-19.137
Car A,2453,163.5333,8,21.665,1,21.809,-0.45,-0.713,5.9668,-0.1845,2.9997,1.0,1.0,24.138,19.133
Car B,2453,163.5333,8,2.532,1,2.532,-0.008,-0.008,6.0112,-0.031,0.1525,1.0,-0.0937,0.497,-19.133
Car A,2454,163.6,8,21.955,1,22.179,-0.304,-0.676,5.955,-0.1765,3.4115,1.0,1.0,24.998,19.022
Car B,2454,163.6,8,2.933,1,2.933,-0.018,-0.018,6.0075,-0.0551,-0.703,1.0,-0.0319,-2.339,-19.022
Car A,2455,163.6667,8,22.352,1,22.542,-0.14,-0.664,5.9442,-0.1624,3.7324,1.0,1.0,25.0,19.019
Car B,2455,163.6667,8,3.333,1,3.333,-0.033,-0.033,6.0153,0.1162,-0.31,1.0,0.0186,-0.797,-19.019
Car A,2456,163.7333,8,22.749,1,22.896,0.041,-0.632,5.9347,-0.1425,3.9786,1.0,1.0,25.0,19.015
Car B,2456,163.7333,8,3.734,1,3.734,-0.044,-0.044,6.0156,0.0043,0.2472,1.0,-0.0057,0.45,-19.015
Car A,2457,163.8,8,23.047,1,23.24,0.238,-0.624,5.9263,-0.1248,4.1691,1.0,1.0,25.0,18.913
Car B,2457,163.8,8,4.134,1,4.134,-0.054,-0.054,5.9998,-0.2363,0.0509,1.0,0.0376,-0.136,-18.913
Car A,2458,163.8667,8,23.444,1,23.573,0.453,-0.615,5.919,-0.1099,4.3157,1.0,1.0,24.999,18.91
Car B,2458,163.8667,8,4.534,1,4.534,-0.063,-0.063,5.9801,-0.2959,0.2457,1.0,0.0264,0.921,-18.91
Car A,2459,163.9333,8,23.766,1,23.895,0.685,-0.59,5.9125,-0.0978,4.4297,1.0,1.0,24.999,18.834
Car B,2459,163.9333,8,4.932,1,4.933,-0.07,-0.07,5.98,-0.0018,0.1676,1.0,0.031,0.652,-18.834
Car A,2460,164.0,8,24.142,1,24.204,0.933,-0.602,5.9066,-0.0877,4.52,1.0,1.0,24.999,18.811
Car B,2460,164.0,8,5.331,1,5.331,-0.075,-0.075,6.001,0.3154,0.3003,1.0,0.0159,0.768,-18.811
Car A,2461,164.0667,8,24.538,1,24.499,1.197,-0.593,5.9014,-0.0793,4.5917,1.0,1.0,24.999,18.806
Car B,2461,164.0667,8,5.731,1,5.732,-0.081,-0.081,6.0099,0.1342,0.1319,1.0,0.0268,0.392,-18.806
Car A,2462,164.1333,8,24.841,1,24.779,1.475,-0.591,5.8965,-0.0729,4.6451,1.0,1.0,24.999,18.709
Car B,2462,164.1333,8,6.132,1,6.132,-0.085,-0.085,5.9913,-0.2788,0.2419,1.0,0.0175,0.659,-18.709
Car A,2463,164.2,8,25.236,1,25.044,1.769,-0.602,5.892,-0.0668,4.69,1.0,1.0,24.999,18.705
Car B,2463,164.2,8,6.531,1,6.531,-0.089,-0.089,5.9813,-0.1513,0.0438,1.0,0.0237,0.437,-18.705
Car A,2464,164.2667,8,25.631,1,25.292,2.076,-0.591,5.8879,-0.0616,4.7246,1.0,1.0,24.999,18.7
Car B,2464,164.2667,8,6.931,1,6.931,-0.091,-0.091,6.0133,0.4805,0.2691,1.0,0.0102,0.582,-18.7
Car A,2465,164.3333,8,25.932,1,25.523,2.395,-0.611,5.8841,-0.058,4.751,1.0,1.0,24.999,18.601
Car B,2465,164.3333,8,7.331,1,7.331,-0.094,-0.094,5.9932,-0.3021,0.0528,1.0,0.0145,0.255,-18.601
Car A,2466,164.4,8,26.327,1,25.737,2.727,-0.62,5.8804,-0.0545,4.7753,1.0,1.0,24.999,18.596
Car B,2466,164.4,8,7.731,1,7.731,-0.096,-0.096,5.9984,0.0787,-0.0505,1.0,0.0173,0.347,-18.596
Car A,2467,164.4667,8,26.624,1,25.932,3.07,-0.62,5.877,-0.0519,4.7922,1.0,1.0,24.999,18.494
Car B,2467,164.4667,8,8.13,1,8.13,-0.098,-0.098,5.994,-0.0658,0.0387,1.0,0.0109,0.411,-18.494
Car A,2468,164.5333,8,27.017,1,26.107,3.422,-0.647,5.8737,-0.0494,4.8057,1.0,1.0,24.999,18.487
Car B,2468,164.5333,8,8.53,1,8.53,-0.099,-0.099,5.9891,-0.0737,0.019,1.0,0.001,0.274,-18.487
Car A,2469,164.6,8,27.411,1,26.264,3.784,-0.653,5.8705,-0.048,4.8153,1.0,1.0,24.999,18.481
Car B,2469,164.6,8,8.93,1,8.93,-0.101,-0.101,5.9982,0.1367,0.0461,1.0,-0.0013,0.028,-18.481
Car A,2470,164.6667,8,27.701,1,26.399,4.153,-0.672,5.8675,-0.0455,4.8252,1.0,1.0,24.999,18.371
Car B,2470,164.6667,8,9.33,1,9.33,-0.102,-0.102,5.9983,0.0015,0.0236,1.0,-0.0074,-0.03,-18.371
Car A,2471,164.7333,8,28.094,1,26.515,4.529,-0.697,5.8645,-0.0449,4.8316,1.0,1.0,24.999,18.364
Car B,2471,164.7333,8,9.73,1,9.73,-0.104,-0.104,5.9977,-0.0089,0.053,1.0,-0.0209,-0.174,-18.364
Car A,2472,164.8,8,28.474,1,26.609,4.911,-0.699,5.8616,-0.0434,4.8364,1.0,0.8953,24.999,18.344
Car B,2472,164.8,8,10.13,1,10.13,-0.108,-0.108,5.9937,-0.0597,-0.1892,1.0,0.0088,-0.509,-18.344
Car A,2473,164.8667,8,28.768,1,26.683,5.297,-0.736,5.8606,-0.0151,4.8249,1.0,0.8565,22.385,18.238
Car B,2473,164.8667,8,10.53,1,10.53,-0.11,-0.11,6.0073,0.2028,0.099,1.0,-0.0394,0.202,-18.238
Car A,2474,164.9333,8,29.16,1,26.734,5.687,-0.757,5.8591,-0.0216,4.8232,1.0,0.5956,21.414,18.231
Car B,2474,164.9333,8,10.93,1,10.93,-0.115,-0.115,5.9773,-0.4496,-0.2953,1.0,0.0107,-0.963,-18.231
Car A,2475,165.0,8,29.494,1,26.765,6.079,-0.765,5.8776,0.2772,4.7274,1.0,0.4723,14.9,18.165
Car B,2475,165.0,8,11.329,1,11.329,-0.118,-0.118,5.993,0.235,0.2758,1.0,-0.0491,0.264,-18.165
Car A,2476,165.0667,8,29.89,1,26.78,6.475,-0.78,5.9307,0.7967,4.1423,1.0,-0.0521,11.812,18.161
Car B,2476,165.0667,8,11.728,1,11.728,-0.124,-0.124,5.9768,-0.2417,-0.4907,1.0,0.0538,-1.214,-18.161
Car A,2477,165.1333,8,30.287,1,26.788,6.872,-0.788,5.9599,0.4383,2.4064,1.0,-0.2216,-1.281,18.16
Car B,2477,165.1333,8,12.127,1,12.127,-0.129,-0.129,5.9801,0.0486,0.4671,1.0,-0.0205,1.341,-18.16
Car A,2478,165.2,8,30.685,1,26.804,7.27,-0.804,5.9744,0.2177,0.6391,1.0,0.1032,-5.534,18.159
Car B,2478,165.2,8,12.526,1,12.526,-0.132,-0.132,5.9892,0.1365,-0.2071,1.0,0.0395,-0.505,-18.159
Car A,2479,165.2667,8,31.083,1,26.823,7.668,-0.823,5.9689,-0.083,1.0115,1.0,0.0947,2.565,18.157
Car B,2479,165.2667,8,12.925,1,12.925,-0.134,-0.134,6.0136,0.3667,0.3917,1.0,-0.0486,0.982,-18.157
Car A,2480,165.3333,8,31.482,1,26.835,8.067,-0.835,5.9802,0.169,0.9675,1.0,0.0976,2.366,18.156
Car B,2480,165.3333,8,13.326,1,13.326,-0.137,-0.137,6.0077,-0.0883,-0.4625,1.0,0.0541,-1.212,-18.156
Car A,2481,165.4,8,31.883,1,26.844,8.468,-0.844,6.025,0.6725,0.948,1.0,0.1056,2.439,18.156
Car B,2481,165.4,8,13.727,1,13.727,-0.141,-0.141,6.006,-0.0265,0.4669,1.0,-0.0349,1.349,-18.156
Car A,2482,165.4667,8,32.285,1,26.847,8.87,-0.847,6.025,-0.0007,1.0197,1.0,0.1035,2.641,18.158
Car B,2482,165.4667,8,14.127,1,14.127,-0.143,-0.143,5.9997,-0.0943,-0.336,1.0,0.0543,-0.869,-18.158
Car A,2483,165.5333,8,32.686,1,26.846,9.271,-0.846,6.0002,-0.3719,1.0181,1.0,0.0743,2.588,18.159
Car B,2483,165.5333,8,14.527,1,14.527,-0.146,-0.146,5.9981,-0.0244,0.5016,1.0,-0.0474,1.353,-18.159
Car A,2484,165.6,8,33.087,1,26.844,9.672,-0.844,6.027,0.4024,0.7251,1.0,0.102,1.859,18.16
Car B,2484,165.6,8,14.927,1,14.927,-0.148,-0.148,5.9973,-0.0116,-0.4217,1.0,0.0576,-1.181,-18.16
Car A,2485,165.6667,8,33.488,1,26.836,10.073,-0.836,6.0497,0.3403,1.0037,1.0,0.0062,2.547,18.162
Car B,2485,165.6667,8,15.327,1,15.327,-0.15,-0.15,5.9953,-0.0294,0.4848,1.0,0.0757,1.435,-18.162
Car A,2486,165.7333,8,33.891,1,26.828,10.476,-0.828,6.0197,-0.449,0.0482,1.0,0.1049,0.161,18.165
Car B,2486,165.7333,8,15.727,1,15.727,-0.144,-0.144,5.9835,-0.1768,0.7437,1.0,-0.0833,1.891,-18.165
Car A,2487,165.8,8,34.292,1,26.82,10.877,-0.82,6.0169,-0.0434,0.8799,1.0,-0.0689,2.617,18.167
Car B,2487,165.8,8,16.126,1,16.126,-0.14,-0.14,5.9857,0.0328,-0.2735,1.0,0.5823,-2.076,-18.167
Car A,2488,165.8667,8,34.693,1,26.809,11.278,-0.809,6.0155,-0.02,-0.1159,1.0,0.1189,-1.715,18.169
Car B,2488,165.8667,8,16.524,1,16.524,-0.139,-0.139,5.9794,-0.0955,0.5315,1.0,0.4545,14.531,-18.169
Car A,2489,165.9333,8,35.094,1,26.801,11.679,-0.801,6.012,-0.0535,0.549,1.0,-0.0215,2.965,18.172
Car B,2489,165.9333,8,16.922,1,16.922,-0.124,-0.124,5.9731,-0.0933,1.4491,1.0,0.9415,11.366,-18.172
Car A,2490,166.0,8,35.494,1,26.79,12.079,-0.79,6.0058,-0.0927,-0.212,1.0,0.6834,-0.531,18.175
Car B,2490,166.0,8,17.319,1,17.319,-0.096,-0.096,5.9595,-0.2046,2.2289,1.0,0.2173,23.517,-18.175
Car A,2491,166.0667,8,35.895,1,26.778,12.48,-0.778,6.0062,0.0063,0.587,1.0,0.4179,17.057,18.179
Car B,2491,166.0667,8,17.716,1,17.716,-0.06,-0.06,5.9706,0.1661,1.7079,0.9054,-0.2346,5.458,-18.179
Car A,2492,166.1333,8,36.294,1,26.753,12.879,-0.753,5.9953,-0.1633,1.6476,1.0,1.0,10.458,18.182
Car B,2492,166.1333,8,18.111,1,18.111,-0.022,-0.022,5.9558,-0.2217,0.4955,0.7246,-0.1193,-5.849,-18.182
Car A,2493,166.2,8,36.691,1,26.713,13.276,-0.713,5.98,-0.2298,2.4035,1.0,0.5995,24.977,18.187
Car B,2493,166.2,8,18.504,1,18.504,0.003,0.003,5.8585,-1.4592,-0.535,1.0,0.1122,-2.986,-18.187
Car A,2494,166.2667,8,37.086,1,26.656,13.671,-0.656,5.9715,-0.1269,2.9085,1.0,0.0481,15.001,18.192
Car B,2494,166.2667,8,18.894,1,18.894,0.027,0.027,5.8641,0.0837,0.2903,1.0,1.0,2.796,-18.192
Car A,2495,166.3333,8,37.433,1,26.591,14.065,-0.595,5.9897,0.273,1.5428,1.0,0.982,1.222,18.151
Car B,2495,166.3333,8,19.283,1,19.283,0.062,0.062,5.8584,-0.0854,1.0012,1.0,1.0,24.967,-18.151
Car A,2496,166.4,8,37.831,1,26.526,14.458,-0.56,5.9791,-0.1595,1.6447,1.0,0.9782,24.515,18.161
Car B,2496,166.4,8,19.67,1,19.67,0.111,0.111,5.8415,-0.2533,2.0548,1.0,-0.21,25.0,-18.161
Car A,2497,166.4667,8,38.226,1,26.447,14.849,-0.512,5.9602,-0.2829,2.5684,1.0,1.0,24.455,18.157
Car B,2497,166.4667,8,20.068,1,20.056,0.166,0.161,5.849,0.1127,1.0193,1.0,1.0,-5.204,-18.157
Car A,2498,166.5333,8,38.545,1,26.35,15.234,-0.481,5.9474,-0.1927,3.0763,1.0,1.0,24.999,18.088
Car B,2498,166.5333,8,20.457,1,20.44,0.229,0.193,5.8398,-0.1378,1.8933,1.0,0.9523,24.954,-18.088
Car A,2499,166.6,8,38.942,1,26.236,15.615,-0.459,5.9357,-0.1754,3.4731,1.0,1.0,25.0,18.098
Car B,2499,166.6,8,20.844,1,20.822,0.305,0.24,5.8276,-0.1834,2.6317,1.0,0.9097,23.808,-18.098
Car A,2500,166.6667,8,39.298,1,26.105,15.989,-0.421,5.9254,-0.1547,3.7767,1.0,1.0,25.0,18.027
Car B,2500,166.6667,8,21.271,1,21.2,0.399,0.256,5.8177,-0.1482,3.1144,1.0,1.0,22.744,-18.027
Car A,2501,166.7333,8,39.666,1,25.955,16.356,-0.422,5.9163,-0.1355,4.0139,1.0,1.0,25.0,18.007
Car B,2501,166.7333,8,21.659,1,21.572,0.511,0.277,5.808,-0.1464,3.4968,1.0,1.0,24.996,-18.007
Car A,2502,166.8,8,40.062,1,25.788,16.714,-0.405,5.9084,-0.119,4.1947,1.0,1.0,25.0,17.969
Car B,2502,166.8,8,22.093,1,21.938,0.64,0.288,5.7995,-0.1272,3.7932,1.0,1.0,25.0,-17.969
Car A,2503,166.8667,8,40.395,1,25.603,17.064,-0.396,5.9015,-0.1043,4.3358,1.0,1.0,24.999,17.914
Car B,2503,166.8667,8,22.481,1,22.297,0.788,0.287,5.7923,-0.1083,4.0248,1.0,1.0,25.0,-17.914
Car A,2504,166.9333,8,40.79,1,25.399,17.403,-0.4,5.8953,-0.0927,4.4434,1.0,1.0,24.999,17.875
Car B,2504,166.9333,8,22.916,1,22.648,0.953,0.295,5.7861,-0.093,4.199,1.0,1.0,24.999,-17.875
Car A,2505,167.0,8,41.181,1,25.179,17.73,-0.383,5.8897,-0.0832,4.5308,1.0,1.0,24.999,17.879
Car B,2505,167.0,8,23.302,1,22.989,1.137,0.273,5.7809,-0.0781,4.3377,1.0,1.0,24.999,-17.879
Car A,2506,167.0667,8,41.519,1,24.942,18.045,-0.403,5.8848,-0.0741,4.6006,1.0,1.0,24.999,17.829
Car B,2506,167.0667,8,23.69,1,23.32,1.338,0.272,5.7764,-0.0664,4.447,1.0,1.0,24.999,-17.829
Car A,2507,167.1333,8,41.913,1,24.688,18.347,-0.407,5.8802,-0.0684,4.6532,1.0,1.0,24.999,17.795
Car B,2507,167.1333,8,24.118,1,23.639,1.556,0.239,5.7726,-0.0569,4.5327,1.0,1.0,24.999,-17.795
Car A,2508,167.2,8,42.244,1,24.418,18.635,-0.412,5.8761,-0.062,4.6957,1.0,1.0,24.999,17.739
Car B,2508,167.2,8,24.505,1,23.947,1.791,0.218,5.7694,-0.0482,4.6021,1.0,1.0,24.999,-17.739
Car A,2509,167.2667,8,42.637,1,24.134,18.907,-0.435,5.8722,-0.0581,4.7299,1.0,1.0,24.999,17.714
Car B,2509,167.2667,8,24.923,1,24.24,2.043,0.187,5.7666,-0.0429,4.6542,1.0,1.0,24.999,-17.714
Car A,2510,167.3333,8,43.03,1,23.835,19.164,-0.436,5.8687,-0.0536,4.7561,1.0,1.0,24.999,17.722
Car B,2510,167.3333,8,25.308,1,24.52,2.31,0.148,5.7641,-0.0367,4.6984,1.0,1.0,24.999,-17.722
Car A,2511,167.4,8,43.354,1,23.523,19.403,-0.467,5.8653,-0.0507,4.7792,1.0,1.0,24.999,17.64
Car B,2511,167.4,8,25.714,1,24.784,2.593,0.122,5.762,-0.0323,4.7315,1.0,1.0,24.999,-17.64
Car A,2512,167.4667,8,43.747,1,23.199,19.625,-0.486,5.8621,-0.0477,4.794,1.0,1.0,24.999,17.65
Car B,2512,167.4667,8,26.096,1,25.032,2.889,0.066,5.7601,-0.0283,4.7608,1.0,1.0,24.999,-17.65
Car A,2513,167.5333,8,44.062,1,22.863,19.829,-0.5,5.859,-0.0467,4.8073,1.0,1.0,24.999,17.581
Car B,2513,167.5333,8,26.481,1,25.263,3.199,0.03,5.7583,-0.0262,4.7809,1.0,1.0,24.999,-17.581
Car A,2514,167.6,8,44.453,1,22.516,20.014,-0.538,5.8561,-0.0434,4.8174,1.0,1.0,24.999,17.587
Car B,2514,167.6,8,26.866,1,25.477,3.521,-0.027,5.7568,-0.0233,4.7972,1.0,1.0,24.999,-17.587
Car A,2515,167.6667,8,44.846,2,22.16,20.18,-0.554,5.8532,-0.0432,4.8254,1.0,1.0,24.999,17.596
Car B,2515,167.6667,8,27.249,1,25.672,3.854,-0.08,5.7553,-0.0218,4.8104,1.0,1.0,24.999,-17.596
Car A,2516,167.7333,8,45.148,2,21.796,20.325,-0.588,5.8505,-0.0407,4.8319,1.0,1.0,24.999,17.533
Car B,2516,167.7333,8,27.615,1,25.848,4.197,-0.126,5.754,-0.0197,4.8212,1.0,1.0,24.999,-17.533
Car A,2517,167.8,8,45.539,2,21.424,20.45,-0.623,5.8478,-0.0404,4.8371,1.0,1.0,24.999,17.544
Car B,2517,167.8,8,27.995,1,26.005,4.55,-0.196,5.7528,-0.0186,4.8301,1.0,1.0,24.999,-17.544
Car A,2518,167.8667,8,45.889,2,21.046,20.555,-0.638,5.8452,-0.0395,4.8418,1.0,0.5574,24.999,17.511
Car B,2518,167.8667,8,28.378,1,26.141,4.911,-0.244,5.7516,-0.0177,4.8369,1.0,1.0,24.999,-17.511
Car A,2519,167.9333,8,46.221,2,20.662,20.642,-0.692,5.8989,0.8056,4.4027,1.0,0.9436,13.95,17.504
Car B,2519,167.9333,8,28.717,1,26.257,5.279,-0.313,5.7505,-0.0165,4.8429,1.0,1.0,24.999,-17.504
Car A,2520,168.0,8,46.614,2,20.273,20.712,-0.731,5.8927,-0.0928,4.4948,1.0,0.7199,23.575,17.517
Car B,2520,168.0,8,29.097,1,26.352,5.653,-0.379,5.7494,-0.0161,4.8472,1.0,1.0,24.999,-17.517
Car A,2521,168.0667,8,46.949,2,19.881,20.76,-0.76,5.8916,-0.0168,4.5417,1.0,0.8353,18.006,17.502
Car B,2521,168.0667,8,29.447,1,26.426,6.032,-0.426,5.7484,-0.0155,4.8495,1.0,1.0,24.999,-17.502
Car A,2522,168.1333,8,47.343,2,19.487,20.788,-0.788,5.888,-0.0532,4.6,1.0,0.4743,20.877,17.514
Car B,2522,168.1333,8,29.829,1,26.479,6.414,-0.479,5.7474,-0.0149,4.8517,1.0,1.0,24.999,-17.514
Car A,2523,168.2,8,47.739,2,19.091,20.801,-0.801,5.9271,0.5863,3.9666,1.0,0.3279,11.87,17.525
Car B,2523,168.2,8,30.214,1,26.51,6.798,-0.51,5.7464,-0.0145,4.8547,1.0,1.0,24.999,-17.525
Car A,2524,168.2667,8,48.137,2,18.693,20.803,-0.803,5.9907,0.9534,3.0123,1.0,0.1037,8.203,17.538
Car B,2524,168.2667,8,30.599,1,26.519,7.184,-0.519,5.7455,-0.0139,4.8565,1.0,1.0,24.999,-17.538
Car A,2525,168.3333,8,48.537,2,18.293,20.804,-0.804,6.0101,0.2923,1.4803,1.0,0.1188,2.6,17.553
Car B,2525,168.3333,8,30.984,1,26.507,7.569,-0.507,5.7446,-0.0136,4.8576,1.0,1.0,24.999,-17.553
Car A,2526,168.4,8,48.938,2,17.892,20.809,-0.809,6.0042,-0.0888,1.1709,1.0,0.1157,2.969,17.57
Car B,2526,168.4,8,31.368,1,26.472,7.953,-0.472,5.7437,-0.0138,4.859,1.0,0.24,24.999,-17.57
Car A,2527,168.4667,8,49.34,2,17.491,20.809,-0.809,6.0467,0.6371,1.1181,1.0,0.1192,2.891,17.588
Car B,2527,168.4667,8,31.752,1,26.425,8.337,-0.425,5.7934,0.7452,3.0622,1.0,-0.0234,6.03,-17.588
Car A,2528,168.5333,8,49.744,2,17.086,20.803,-0.803,6.0798,0.497,1.2061,1.0,0.1205,2.976,17.606
Car B,2528,168.5333,8,32.137,1,26.384,8.722,-0.384,5.8238,0.4562,1.2058,1.0,-0.0384,-0.574,-17.606
Car A,2529,168.6,8,50.149,2,16.681,20.792,-0.792,6.0852,0.0807,1.2003,1.0,0.117,3.003,17.624
Car B,2529,168.6,8,32.525,1,26.353,9.11,-0.353,5.841,0.2582,-0.1433,1.0,-0.0016,-0.96,-17.624
Car A,2530,168.6667,8,50.554,2,16.276,20.776,-0.776,6.0834,-0.0267,1.1741,1.0,0.1166,2.916,17.637
Car B,2530,168.6667,8,32.917,1,26.327,9.502,-0.327,5.9473,1.5951,-0.0146,1.0,0.0149,-0.042,-17.637
Car A,2531,168.7333,8,50.959,2,15.871,20.755,-0.755,6.0833,-0.0019,1.1744,1.0,0.1112,2.907,17.644
Car B,2531,168.7333,8,33.315,1,26.299,9.9,-0.299,6.001,0.8059,0.0588,1.0,0.0114,0.367,-17.644
Car A,2532,168.8,8,51.363,2,15.467,20.729,-0.729,6.0334,-0.7493,1.0842,1.0,0.0927,2.779,17.648
Car B,2532,168.8,8,33.714,1,26.269,10.299,-0.269,5.9999,-0.0164,0.051,1.0,0.0325,0.28,-17.648
Car A,2533,168.8667,8,51.765,2,15.065,20.7,-0.7,6.0654,0.4813,0.9328,1.0,0.0911,2.309,17.652
Car B,2533,168.8667,8,34.113,1,26.238,10.698,-0.238,6.0071,0.1066,0.3153,1.0,-0.0202,0.807,-17.652
Car A,2534,168.9333,8,52.168,2,14.662,20.667,-0.667,6.0645,-0.014,0.9134,1.0,0.068,2.265,17.656
Car B,2534,168.9333,8,34.512,1,26.209,11.097,-0.209,5.9897,-0.261,-0.2547,0.8842,0.0394,-0.488,-17.656
Car A,2535,169.0,8,52.57,2,14.26,20.632,-0.632,6.0487,-0.238,0.7326,1.0,0.0686,1.698,17.666
Car B,2535,169.0,8,34.904,1,26.178,11.489,-0.178,5.8422,-2.2113,0.3225,0.9551,-0.1671,0.984,-17.666
Car A,2536,169.0667,8,52.969,2,13.861,20.595,-0.595,5.9798,-1.0326,0.6644,1.0,-0.0784,1.714,17.676
Car B,2536,169.0667,8,35.292,1,26.15,11.877,-0.15,5.8394,-0.0429,-0.5469,1.0,0.4014,-4.169,-17.676
Car A,2537,169.1333,8,53.366,2,13.464,20.561,-0.561,5.9815,0.0251,-0.3414,1.0,0.0891,-1.954,17.685
Car B,2537,169.1333,8,35.681,1,26.125,12.266,-0.125,5.8392,-0.0027,0.2645,1.0,0.2123,10.013,-17.685
Car A,2538,169.2,8,53.764,2,13.067,20.53,-0.53,5.9811,-0.0065,0.3934,1.0,-0.0665,2.22,17.695
Car B,2538,169.2,8,36.068,1,26.087,12.653,-0.087,5.841,0.0273,1.2218,0.7507,-0.3614,5.314,-17.695
Car A,2539,169.2667,8,54.161,2,12.669,20.496,-0.496,5.9802,-0.013,-0.3708,1.0,0.0804,-1.657,17.707
Car B,2539,169.2667,8,36.453,1,26.046,13.038,-0.046,5.8001,-0.6139,0.1985,0.8378,0.2247,-9.014,-17.707
Car A,2540,169.3333,8,54.558,2,12.272,20.464,-0.464,5.9798,-0.0062,0.4038,1.0,-0.1469,2.004,17.721
Car B,2540,169.3333,8,36.837,1,26.008,13.422,-0.008,5.7771,-0.3448,0.7667,0.9108,0.0679,5.595,-17.721
Car A,2541,169.4,8,54.955,2,11.875,20.43,-0.43,5.9778,-0.03,-0.3902,1.0,0.0653,-3.665,17.738
Car B,2541,169.4,8,37.217,1,25.963,13.802,0.037,5.667,-1.6517,0.5793,1.0,1.0,1.702,-17.738
Car A,2542,169.4667,8,55.352,2,11.478,20.399,-0.399,5.9792,0.0208,0.3614,1.0,-0.1981,1.625,17.755
Car B,2542,169.4667,8,37.597,1,25.913,14.176,0.073,5.6661,-0.013,1.1315,1.0,1.0,24.965,-17.755
Car A,2543,169.5333,8,55.75,2,11.081,20.366,-0.366,5.9765,-0.0396,-0.4478,1.0,0.0274,-4.943,17.776
Car B,2543,169.5333,8,37.973,1,25.85,14.548,0.107,5.6528,-0.2002,2.1268,1.0,0.9837,25.0,-17.776
Car A,2544,169.6,8,56.147,2,10.683,20.337,-0.337,5.986,0.1417,0.2547,1.0,-0.2566,0.676,17.775
Car B,2544,169.6,8,38.372,1,25.77,14.917,0.157,5.6435,-0.1383,2.7034,1.0,1.0,24.593,-17.775
Car A,2545,169.6667,8,56.545,2,10.285,20.307,-0.307,5.9849,-0.0164,-0.6409,1.0,0.0332,-6.404,17.796
Car B,2545,169.6667,8,38.749,1,25.673,15.281,0.166,5.6351,-0.1268,3.1617,1.0,1.0,24.999,-17.796
Car A,2546,169.7333,8,56.943,2,9.887,20.281,-0.281,5.9878,0.044,0.1738,1.0,-0.2911,0.818,17.819
Car B,2546,169.7333,8,39.124,1,25.56,15.64,0.193,5.6277,-0.1102,3.5199,1.0,1.0,25.0,-17.819
Car A,2547,169.8,8,57.341,2,9.489,20.254,-0.254,5.9846,-0.0481,-0.6597,1.0,0.0096,-7.264,17.808
Car B,2547,169.8,8,39.533,1,25.428,15.993,0.204,5.6217,-0.0908,3.8075,1.0,1.0,25.0,-17.808
Car A,2548,169.8667,8,57.74,2,9.09,20.231,-0.231,5.9954,0.1628,0.107,1.0,-0.3041,0.226,17.83
Car B,2548,169.8667,8,39.909,1,25.278,16.338,0.21,5.6168,-0.073,4.0283,1.0,1.0,25.0,-17.83
Car A,2549,169.9333,8,58.139,2,8.691,20.208,-0.208,5.9938,-0.0245,-0.7798,1.0,0.0199,-7.59,17.818
Car B,2549,169.9333,8,40.321,1,25.111,16.675,0.226,5.6132,-0.0547,4.2023,1.0,1.0,24.999,-17.818
Car A,2550,170.0,8,58.538,2,8.292,20.189,-0.189,5.9961,0.0338,0.0882,1.0,-0.2987,0.485,17.841
Car B,2550,170.0,8,40.697,1,24.925,17.003,0.213,5.6104,-0.0415,4.3367,1.0,1.0,24.999,-17.841
Car A,2551,170.0667,8,58.937,2,7.893,20.169,-0.169,5.9933,-0.0419,-0.7608,1.0,0.006,-7.455,17.864
Car B,2551,170.0667,8,41.073,1,24.722,17.32,0.221,5.6084,-0.0304,4.444,1.0,1.0,24.999,-17.864
Car A,2552,170.1333,8,59.336,2,7.494,20.154,-0.154,5.9991,0.0874,0.0768,1.0,-0.2693,0.135,17.852
Car B,2552,170.1333,8,41.484,1,24.502,17.625,0.204,5.607,-0.0203,4.5308,1.0,1.0,24.999,-17.852
Car A,2553,170.2,8,59.736,2,7.094,20.139,-0.139,5.9972,-0.0291,-0.8164,1.0,0.0212,-6.722,17.876
Car B,2553,170.2,8,41.86,1,24.266,17.917,0.194,5.6063,-0.0115,4.598,1.0,1.0,24.999,-17.876
Car A,2554,170.2667,8,60.136,2,6.694,20.128,-0.128,5.9988,0.0245,0.0436,1.0,-0.199,0.517,17.869
Car B,2554,170.2667,8,42.267,1,24.013,18.196,0.185,5.6058,-0.0069,4.6561,1.0,1.0,24.999,-17.869
Car A,2555,170.3333,8,60.535,2,6.295,20.115,-0.115,5.9959,-0.0433,-0.7297,1.0,0.0184,-4.966,17.893
Car B,2555,170.3333,8,42.642,1,23.745,18.46,0.158,5.6058,0.0001,4.6963,1.0,1.0,24.999,-17.893
Car A,2556,170.4,8,60.935,2,5.895,20.107,-0.107,5.9985,0.0386,0.1186,1.0,-0.2052,0.451,17.917
Car B,2556,170.4,8,43.019,1,23.462,18.708,0.153,5.6061,0.0042,4.7338,1.0,1.0,24.999,-17.917
Car A,2557,170.4667,8,61.335,2,5.495,20.098,-0.098,5.9958,-0.0399,-0.7499,1.0,0.0347,-5.122,17.918
Car B,2557,170.4667,8,43.417,1,23.166,18.94,0.115,5.6066,0.0074,4.7598,1.0,1.0,24.999,-17.918
Car A,2558,170.5333,8,61.735,2,5.096,20.093,-0.093,5.9976,0.0263,0.0821,1.0,-0.1276,0.857,17.942
Car B,2558,170.5333,8,43.793,1,22.856,19.155,0.094,5.6072,0.0099,4.7819,1.0,1.0,24.999,-17.942
Car A,2559,170.6,8,62.134,2,4.696,20.086,-0.086,5.9937,-0.0589,-0.6196,1.0,0.0345,-3.184,17.952
Car B,2559,170.6,8,44.182,1,22.535,19.352,0.067,5.608,0.012,4.8003,1.0,1.0,24.999,-17.952
Car A,2560,170.6667,8,62.534,2,4.296,20.082,-0.082,5.9946,0.0149,0.1919,1.0,-0.139,0.856,17.977
Car B,2560,170.6667,8,44.557,2,22.204,19.53,0.029,5.609,0.0144,4.8155,1.0,1.0,24.999,-17.977
Car A,2561,170.7333,8,62.933,2,3.897,20.077,-0.077,5.9924,-0.0331,-0.6034,1.0,0.0445,-3.467,18.0
Car B,2561,170.7333,8,44.933,2,21.862,19.688,0.014,5.61,0.0154,4.8275,1.0,1.0,24.999,-18.0
Car A,2562,170.8,8,63.333,2,3.498,20.076,-0.076,5.993,0.0079,0.2033,1.0,-0.1059,1.104,18.024
Car B,2562,170.8,8,45.308,2,21.512,19.827,-0.038,5.611,0.0149,4.8358,1.0,1.0,24.999,-18.024
Car A,2563,170.8667,8,63.732,2,3.098,20.072,-0.072,5.9906,-0.0359,-0.5431,1.0,0.0509,-2.642,18.048
Car B,2563,170.8667,8,45.684,2,21.154,19.946,-0.07,5.6121,0.0163,4.8438,1.0,1.0,24.999,-18.048
Car A,2564,170.9333,8,64.131,2,2.699,20.072,-0.072,5.9897,-0.0129,0.2674,1.0,-0.1061,1.266,18.085
Car B,2564,170.9333,8,46.046,2,20.79,20.044,-0.106,5.6133,0.0176,4.8491,1.0,1.0,24.999,-18.085
Car A,2565,171.0,8,64.53,2,2.3,20.069,-0.069,5.9875,-0.0339,-0.5016,1.0,0.0552,-2.647,18.111
Car B,2565,171.0,8,46.42,2,20.421,20.121,-0.153,5.6144,0.0167,4.8528,1.0,1.0,24.999,-18.111
Car A,2566,171.0667,8,64.93,2,1.901,20.069,-0.069,5.9872,-0.0038,0.2859,1.0,-0.0881,1.374,18.134
Car B,2566,171.0667,8,46.796,2,20.048,20.176,-0.179,5.6155,0.0165,4.857,1.0,1.0,24.999,-18.134
Car A,2567,171.1333,8,65.329,2,1.502,20.068,-0.068,5.985,-0.0322,-0.4698,1.0,0.0592,-2.196,18.171
Car B,2567,171.1333,8,47.158,2,19.672,20.21,-0.21,5.6166,0.0169,4.8588,1.0,1.0,24.999,-18.171
Car A,2568,171.2,8,65.727,2,1.103,20.069,-0.069,5.985,-0.0001,0.3241,1.0,-0.09,1.473,18.193
Car B,2568,171.2,8,47.535,2,19.295,20.222,-0.222,5.6178,0.0181,4.861,1.0,1.0,24.999,-18.193
Car A,2569,171.2667,8,66.126,2,0.704,20.067,-0.067,5.9831,-0.0287,-0.4372,1.0,0.061,-2.245,18.215
Car B,2569,171.2667,8,47.912,2,18.918,20.212,-0.212,5.6189,0.0162,4.8625,1.0,1.0,24.999,-18.215
Car A,2570,171.3333,8,66.525,2,0.305,20.069,-0.069,5.9831,-0.0001,0.3373,1.0,-0.0967,1.519,18.237
Car B,2570,171.3333,8,48.288,2,18.542,20.181,-0.181,5.6201,0.0177,4.8642,1.0,-0.0493,24.999,-18.237
Car A,2571,171.4,8,66.924,2,-0.094,20.068,-0.068,5.9813,-0.028,-0.4433,1.0,0.0629,-2.411,18.26
Car B,2571,171.4,8,48.663,2,18.167,20.137,-0.137,5.663,0.6441,3.3753,1.0,-0.2035,-1.194,-18.26
Car A,2572,171.4667,8,67.323,2,-0.492,20.071,-0.071,5.9817,0.0071,0.3236,1.0,-0.1421,1.567,18.282
Car B,2572,171.4667,8,49.041,2,17.789,20.098,-0.098,5.6977,0.5207,1.24,1.0,-0.2453,-5.082,-18.282
Car A,2573,171.5333,8,67.721,2,-0.891,20.071,-0.071,5.9786,-0.0467,-0.4454,1.0,0.0646,-3.544,18.301
Car B,2573,171.5333,8,49.42,2,17.41,20.071,-0.071,5.7083,0.158,-0.1164,1.0,-0.243,-6.131,-18.301
Car A,2574,171.6,8,68.12,2,-1.29,20.074,-0.074,5.9803,0.0248,0.3325,1.0,-0.1541,1.607,18.319
Car B,2574,171.6,8,49.801,2,17.029,20.056,-0.056,5.7116,0.0504,-1.0936,1.0,-0.1768,-6.075,-18.319
Car A,2575,171.6667,8,68.518,2,-1.688,20.075,-0.075,5.9777,-0.0389,-0.4588,1.0,0.0694,-3.844,18.335
Car B,2575,171.6667,8,50.184,2,16.647,20.052,-0.052,5.7582,0.6991,-1.6183,1.0,-0.0649,-4.422,-18.335
Car A,2576,171.7333,8,68.917,2,-2.087,20.079,-0.079,5.9793,0.0238,0.3069,1.0,-0.1861,1.725,18.346
Car B,2576,171.7333,8,50.571,2,16.26,20.051,-0.051,5.8396,1.2203,-0.6102,1.0,-0.0663,-1.627,-18.346
Car A,2577,171.8,8,69.315,2,-2.485,20.081,-0.081,5.9763,-0.0452,-0.4596,1.0,0.0653,-4.644,18.351
Car B,2577,171.8,8,50.964,2,15.866,20.048,-0.048,5.9185,1.1838,-0.6669,1.0,-0.0426,-1.633,-18.351
Car A,2578,171.8667,8,69.714,2,-2.883,20.086,-0.086,5.978,0.0261,0.3176,1.0,-0.2159,1.622,18.353
Car B,2578,171.8667,8,51.36,2,15.47,20.046,-0.046,5.9636,0.6769,-0.2921,1.0,-0.0393,-1.05,-18.353
Car A,2579,171.9333,8,70.112,2,-3.282,20.088,-0.088,5.9747,-0.0495,-0.4622,1.0,0.0658,-5.386,18.353
Car B,2579,171.9333,8,51.759,2,15.071,20.045,-0.045,5.9977,0.5116,-0.4139,1.0,-0.0253,-0.979,-18.353
Car A,2580,172.0,8,70.51,2,-3.68,20.094,-0.094,5.9763,0.0243,0.3103,1.0,-0.1765,1.633,18.352
Car B,2580,172.0,8,52.158,2,14.672,20.044,-0.044,5.9811,-0.2491,-0.1721,1.0,-0.0279,-0.624,-18.352
Car A,2581,172.0667,8,70.908,2,-4.078,20.098,-0.098,5.9738,-0.0385,-0.4645,1.0,0.0751,-4.402,18.352
Car B,2581,172.0667,8,52.557,2,14.273,20.044,-0.044,5.9853,0.062,-0.1438,1.0,-0.0237,-0.679,-18.352
Car A,2582,172.1333,8,71.307,2,-4.476,20.105,-0.105,5.975,0.0189,0.3104,1.0,-0.1424,1.866,18.351
Car B,2582,172.1333,8,52.956,2,13.874,20.045,-0.045,5.9856,0.0053,-0.1449,1.0,-0.0192,-0.581,-18.351
Car A,2583,172.2,8,71.705,2,-4.875,20.109,-0.109,5.9735,-0.0225,-0.4353,1.0,0.0781,-3.551,18.35
Car B,2583,172.2,8,53.355,2,13.475,20.046,-0.046,5.9875,0.0284,-0.0889,1.0,-0.0159,-0.476,-18.35
Car A,2584,172.2667,8,72.103,2,-5.273,20.116,-0.116,5.9741,0.0088,0.3251,1.0,-0.1239,1.944,18.349
Car B,2584,172.2667,8,53.754,2,13.076,20.048,-0.048,5.9888,0.0196,-0.1128,1.0,-0.0106,-0.392,-18.349
Car A,2585,172.3333,8,72.501,2,-5.671,20.12,-0.12,5.9728,-0.0188,-0.414,1.0,0.0797,-3.089,18.348
Car B,2585,172.3333,8,54.153,2,12.677,20.05,-0.05,5.9994,0.1586,-0.125,1.0,-0.004,-0.262,-18.348
Car A,2586,172.4,8,72.899,2,-6.069,20.128,-0.128,5.9733,0.0064,0.3389,1.0,-0.1156,1.984,18.346
Car B,2586,172.4,8,54.554,2,12.277,20.052,-0.052,6.0057,0.0954,-0.0359,1.0,-0.0023,-0.102,-18.346
Car A,2587,172.4667,8,73.297,2,-6.467,20.132,-0.132,5.9728,-0.0066,-0.4145,1.0,0.0827,-2.882,18.343
Car B,2587,172.4667,8,54.954,2,11.876,20.054,-0.054,6.0014,-0.0648,-0.0235,1.0,-0.001,-0.057,-18.343
Car A,2588,172.5333,8,73.695,2,-6.865,20.14,-0.14,5.9731,0.0045,0.3521,1.0,-0.1005,2.06,18.341
Car B,2588,172.5333,8,55.354,2,11.476,20.056,-0.056,6.0007,-0.0112,-0.0093,1.0,0.0007,-0.024,-18.341
Car A,2589,172.6,8,74.094,2,-7.263,20.145,-0.145,5.9726,-0.0075,-0.4012,1.0,0.0844,-2.505,18.34
Car B,2589,172.6,8,55.754,2,11.076,20.058,-0.058,6.0003,-0.0053,0.0042,1.0,0.002,0.016,-18.34
Car A,2590,172.6667,8,74.492,2,-7.661,20.153,-0.153,5.9728,0.0031,0.37,1.0,-0.0919,2.103,18.338
Car B,2590,172.6667,8,56.154,2,10.676,20.06,-0.06,6.0001,-0.0034,-0.006,1.0,0.0042,0.047,-18.338
Car A,2591,172.7333,8,74.89,2,-8.06,20.158,-0.158,5.9728,-0.0004,-0.389,1.0,0.0858,-2.29,18.336
Car B,2591,172.7333,8,56.554,2,10.276,20.063,-0.063,5.9998,-0.0053,0.0043,1.0,0.0061,0.101,-18.336
Car A,2592,172.8,8,75.288,2,-8.458,20.166,-0.166,5.9735,0.0101,0.3657,1.0,-0.0753,2.138,18.334
Car B,2592,172.8,8,56.954,2,9.876,20.065,-0.065,6.0013,0.023,0.0056,1.0,0.0082,0.146,-18.334
Car A,2593,172.8667,8,75.686,2,-8.856,20.171,-0.171,5.9733,-0.0031,-0.3834,1.0,0.087,-1.876,18.332
Car B,2593,172.8667,8,57.354,2,9.476,20.067,-0.067,6.0023,0.0157,0.0163,1.0,0.0098,0.199,-18.332
Car A,2594,172.9333,8,76.084,2,-9.254,20.178,-0.178,5.9734,0.0023,0.377,1.0,-0.0698,2.169,18.33
Car B,2594,172.9333,8,57.754,2,9.076,20.069,-0.069,6.0033,0.0141,0.028,1.0,0.011,0.238,-18.33
Car A,2595,173.0,8,76.482,2,-9.652,20.183,-0.183,5.9731,-0.0047,-0.3754,1.0,0.0876,-1.738,18.328
Car B,2595,173.0,8,58.154,2,8.676,20.071,-0.071,6.0044,0.0174,0.0406,1.0,0.0116,0.267,-18.328
Car A,2596,173.0667,8,76.88,2,-10.05,20.19,-0.19,5.9737,0.0091,0.4095,1.0,-0.0752,2.185,18.325
Car B,2596,173.0667,8,58.555,2,8.275,20.073,-0.073,6.0052,0.0109,0.0547,1.0,0.0116,0.281,-18.325
Car A,2597,173.1333,8,77.278,2,-10.448,20.195,-0.195,5.9734,-0.0056,-0.3651,1.0,0.088,-1.874,18.323
Car B,2597,173.1333,8,58.955,2,7.875,20.074,-0.074,6.0057,0.0076,0.0434,1.0,0.0118,0.281,-18.323
Car A,2598,173.2,8,77.676,2,-10.846,20.202,-0.202,5.9726,-0.0109,0.4033,1.0,-0.0677,2.193,18.321
Car B,2598,173.2,8,59.356,2,7.474,20.075,-0.075,6.0055,-0.0019,0.0444,1.0,0.0117,0.287,-18.321
Car A,2599,173.2667,8,78.075,2,-11.244,20.206,-0.206,5.9731,0.0064,-0.3597,1.0,0.0884,-1.686,18.318
Car B,2599,173.2667,8,59.756,2,7.074,20.076,-0.076,6.0065,0.0144,0.0442,1.0,0.0112,0.284,-18.318
Car A,2600,173.3333,8,78.473,2,-11.643,20.213,-0.213,5.9725,-0.009,0.4151,1.0,-0.0679,2.204,18.316
Car B,2600,173.3333,8,60.157,2,6.673,20.077,-0.077,6.0068,0.0044,0.0561,1.0,0.0102,0.272,-18.316
Car A,2601,173.4,8,78.871,2,-12.041,20.216,-0.216,5.9732,0.0109,-0.3598,1.0,0.0888,-1.691,18.314
Car B,2601,173.4,8,60.557,2,6.273,20.077,-0.077,6.0065,-0.0045,0.0532,1.0,0.009,0.249,-18.314
Car A,2602,173.4667,8,79.269,2,-12.439,20.223,-0.223,5.9723,-0.0137,0.4191,1.0,-0.0665,2.215,18.311
Car B,2602,173.4667,8,60.958,2,5.873,20.077,-0.077,6.007,0.0074,0.0673,1.0,0.0075,0.22,-18.311
Car A,2603,173.5333,8,79.667,2,-12.837,20.226,-0.226,5.9733,0.0157,-0.3422,1.0,0.0886,-1.656,18.309
Car B,2603,173.5333,8,61.358,2,5.472,20.077,-0.077,6.0065,-0.0076,0.048,1.0,0.0064,0.183,-18.309
Car A,2604,173.6,8,80.065,2,-13.235,20.232,-0.232,5.973,-0.0047,0.4188,1.0,-0.0624,2.21,18.307
Car B,2604,173.6,8,61.759,2,5.072,20.076,-0.076,6.0054,-0.016,0.0465,1.0,0.0051,0.158,-18.307
Car A,2605,173.6667,8,80.463,2,-13.633,20.234,-0.234,5.9729,-0.0018,-0.3378,1.0,0.0887,-1.553,18.304
Car B,2605,173.6667,8,62.159,2,4.671,20.076,-0.076,6.0051,-0.005,0.0241,1.0,0.0045,0.126,-18.304
Car A,2606,173.7333,8,80.861,2,-14.031,20.24,-0.24,5.9731,0.0034,0.4184,1.0,-0.0614,2.211,18.302
Car B,2606,173.7333,8,62.559,2,4.271,20.075,-0.075,6.0041,-0.014,0.0483,1.0,0.0026,0.11,-18.302
Car A,2607,173.8,8,81.259,2,-14.429,20.242,-0.242,5.973,-0.002,-0.3395,1.0,0.0888,-1.529,18.3
Car B,2607,173.8,8,62.96,2,3.871,20.074,-0.074,6.0015,-0.0395,0.0684,1.0,-0.0,0.065,-18.3
Car A,2608,173.8667,8,81.658,2,-14.827,20.246,-0.246,5.973,0.001,0.4406,1.0,-0.0701,2.213,18.298
Car B,2608,173.8667,8,63.359,2,3.471,20.073,-0.073,5.9977,-0.0577,0.0348,1.0,-0.0014,0.002,-18.298
Car A,2609,173.9333,8,82.056,2,-15.226,20.248,-0.248,5.9735,0.0075,-0.3481,1.0,0.0834,-1.745,18.296
Car B,2609,173.9333,8,63.759,2,3.071,20.072,-0.072,5.9994,0.0261,0.0191,1.0,-0.0017,-0.033,-18.296
Car A,2610,174.0,8,82.454,2,-15.624,20.253,-0.253,5.9729,-0.0101,0.3992,1.0,-0.1173,2.078,18.294
Car B,2610,174.0,8,64.159,2,2.671,20.071,-0.071,6.0011,0.0255,0.0014,1.0,-0.0012,-0.042,-18.294
Car A,2611,174.0667,8,82.852,2,-16.022,20.254,-0.254,5.9724,-0.0064,-0.3766,1.0,0.0468,-2.924,18.292
Car B,2611,174.0667,8,64.56,2,2.271,20.07,-0.07,6.0009,-0.0029,-0.0216,1.0,-0.0005,-0.03,-18.292
Car A,2612,174.1333,8,83.25,2,-16.42,20.259,-0.259,5.9742,0.0258,0.3626,1.0,-0.1567,1.164,18.29
Car B,2612,174.1333,8,64.96,2,1.87,20.069,-0.069,6.0009,0.0001,-0.0161,1.0,-0.0007,-0.014,-18.29
Car A,2613,174.2,8,83.648,2,-16.818,20.263,-0.263,5.9739,-0.0041,-0.4932,1.0,0.0769,-3.908,18.289
Car B,2613,174.2,8,65.36,2,1.47,20.069,-0.069,6.0006,-0.0053,-0.0062,1.0,-0.0012,-0.016,-18.289
Car A,2614,174.2667,8,84.047,2,-17.216,20.27,-0.27,5.9753,0.0213,0.2705,1.0,-0.0988,1.914,18.287
Car B,2614,174.2667,8,65.76,2,1.07,20.068,-0.068,6.0007,0.0026,0.0243,1.0,-0.0026,-0.029,-18.287
Car A,2615,174.3333,8,84.445,2,-17.615,20.274,-0.274,5.9751,-0.0028,-0.4316,1.0,0.0936,-2.463,18.285
Car B,2615,174.3333,8,66.16,2,0.67,20.067,-0.067,6.0003,-0.0069,-0.0007,1.0,-0.0028,-0.062,-18.285
Car A,2616,174.4,8,84.843,2,-18.013,20.281,-0.281,5.9744,-0.0108,0.3368,1.0,0.875,2.333,18.283
Car B,2616,174.4,8,66.56,2,0.27,20.066,-0.066,6.0018,0.0225,-0.0084,1.0,-0.0023,-0.067,-18.283
Car A,2617,174.4667,8,85.241,2,-18.411,20.277,-0.277,5.9697,-0.0708,0.9902,1.0,0.3826,21.845,18.281
Car B,2617,174.4667,8,66.96,2,-0.13,20.065,-0.065,6.0016,-0.0025,-0.0172,1.0,-0.0018,-0.056,-18.281
Car A,2618,174.5333,8,85.638,2,-18.808,20.258,-0.258,5.9553,-0.2164,2.036,1.0,1.0,9.583,18.278
Car B,2618,174.5333,8,67.36,2,-0.53,20.065,-0.065,6.0011,-0.0077,-0.007,1.0,-0.0017,-0.043,-18.278
Car A,2619,174.6,8,86.033,2,-19.203,20.225,-0.225,5.9418,-0.2014,2.6929,1.0,1.0,24.975,18.273
Car B,2619,174.6,8,67.76,2,-0.93,20.064,-0.064,6.0004,-0.0105,-0.0005,1.0,-0.0022,-0.04,-18.273
Car A,2620,174.6667,8,86.427,2,-19.596,20.173,-0.173,5.9292,-0.1895,3.1533,1.0,0.7271,25.0,18.266
Car B,2620,174.6667,8,68.161,2,-1.33,20.063,-0.063,6.0012,0.0124,-0.022,1.0,-0.0026,-0.053,-18.266
Car A,2621,174.7333,8,86.817,2,-19.986,20.104,-0.104,5.9212,-0.1193,3.5132,1.0,0.7215,18.187,18.256
Car B,2621,174.7333,8,68.561,2,-1.731,20.063,-0.063,6.0015,0.0049,-0.0073,1.0,-0.0052,-0.064,-18.256
Car A,2622,174.8,8,87.2,2,-20.372,20.017,-0.046,5.914,-0.108,3.7992,1.0,0.973,18.036,18.239
Car B,2622,174.8,8,68.961,2,-2.131,20.062,-0.062,6.0,-0.0225,-0.0007,1.0,-0.0082,-0.124,-18.239
Car A,2623,174.8667,8,87.588,2,-20.754,19.912,0.029,5.9057,-0.1253,4.0402,1.0,0.5354,24.315,18.228
Car B,2623,174.8667,8,69.361,2,-2.531,20.061,-0.061,6.0008,0.0106,0.0008,1.0,-0.0112,-0.195,-18.228
Car A,2624,174.9333,8,87.99,2,-21.13,19.787,0.09,5.9191,0.2011,4.1051,1.0,1.0,13.402,18.229
Car B,2624,174.9333,8,69.761,2,-2.931,20.06,-0.06,6.0024,0.0254,-0.0307,1.0,-0.0138,-0.267,-18.229
Car A,2625,175.0,8,88.382,2,-21.499,19.645,0.142,5.9109,-0.1223,4.2518,1.0,0.562,24.981,18.221
Car B,2625,175.0,8,70.161,2,-3.331,20.059,-0.059,6.0037,0.0192,-0.0354,1.0,-0.0149,-0.332,-18.221
Car A,2626,175.0667,8,88.805,2,-21.861,19.484,0.202,5.9224,0.1717,4.2999,1.0,1.0,14.066,18.243
Car B,2626,175.0667,8,70.561,2,-3.731,20.059,-0.059,6.0061,0.0362,-0.0532,1.0,-0.0172,-0.36,-18.243
Car A,2627,175.1333,8,89.2,3,-22.215,19.306,0.232,5.915,-0.1102,4.4108,1.0,0.9911,24.982,18.238
Car B,2627,175.1333,8,70.962,2,-4.132,20.059,-0.059,6.0058,-0.0047,-0.0626,1.0,-0.017,-0.416,-18.238
Car A,2628,175.2,8,89.593,3,-22.559,19.109,0.282,5.9093,-0.0854,4.4977,1.0,0.5654,24.777,18.231
Car B,2628,175.2,8,71.362,2,-4.532,20.059,-0.059,6.0087,0.0433,-0.0706,1.0,-0.0163,-0.413,-18.231
Car A,2629,175.2667,8,90.035,3,-22.893,18.895,0.296,5.9338,0.3671,4.4334,1.0,1.0,14.15,18.272
Car B,2629,175.2667,8,71.763,2,-4.933,20.06,-0.06,6.0085,-0.004,-0.0526,1.0,-0.0187,-0.394,-18.272
Car A,2630,175.3333,8,90.431,3,-23.217,18.664,0.324,5.9266,-0.1085,4.5323,1.0,1.0,24.983,18.267
Car B,2630,175.3333,8,72.164,2,-5.334,20.061,-0.061,6.0068,-0.0243,-0.0582,1.0,-0.0183,-0.451,-18.267
Car A,2631,175.4,8,90.88,3,-23.527,18.417,0.332,5.9211,-0.0823,4.5822,1.0,1.0,24.999,18.316
Car B,2631,175.4,8,72.564,2,-5.734,20.062,-0.062,6.01,0.0481,-0.0882,1.0,-0.0163,-0.445,-18.316
Car A,2632,175.4667,8,91.277,3,-23.824,18.153,0.34,5.9159,-0.0781,4.6381,1.0,1.0,24.999,18.312
Car B,2632,175.4667,8,72.965,2,-6.135,20.064,-0.064,6.0082,-0.0274,-0.0536,1.0,-0.0146,-0.402,-18.312
Car A,2633,175.5333,8,91.728,3,-24.106,17.875,0.343,5.9112,-0.071,4.6843,1.0,1.0,24.999,18.363
Car B,2633,175.5333,8,73.366,2,-6.536,20.067,-0.067,6.0097,0.0219,-0.0891,1.0,-0.0118,-0.357,-18.363
Car A,2634,175.6,8,92.124,3,-24.372,17.582,0.331,5.9067,-0.0672,4.7212,1.0,1.0,24.999,18.358
Car B,2634,175.6,8,73.766,2,-6.936,20.069,-0.069,6.0105,0.0126,-0.0735,1.0,-0.0077,-0.288,-18.358
Car A,2635,175.6667,8,92.573,3,-24.622,17.275,0.33,5.9025,-0.0623,4.7508,1.0,1.0,24.999,18.406
Car B,2635,175.6667,8,74.167,2,-7.337,20.073,-0.073,6.001,-0.1421,-0.0432,1.0,-0.0083,-0.188,-18.406
Car A,2636,175.7333,8,92.967,3,-24.855,16.955,0.298,5.8986,-0.059,4.7709,1.0,1.0,24.999,18.4
Car B,2636,175.7333,8,74.567,2,-7.737,20.076,-0.076,5.998,-0.0454,-0.0406,1.0,-0.005,-0.202,-18.4
Car A,2637,175.8,8,93.362,3,-25.069,16.623,0.289,5.8948,-0.0564,4.7894,1.0,1.0,24.999,18.396
Car B,2637,175.8,8,74.967,2,-8.137,20.08,-0.08,5.9999,0.0279,-0.0515,1.0,0.0,-0.123,-18.396
Car A,2638,175.8667,8,93.8,3,-25.266,16.28,0.244,5.8912,-0.0539,4.8032,1.0,1.0,24.999,18.433
Car B,2638,175.8667,8,75.367,2,-8.537,20.083,-0.083,6.0069,0.1058,-0.0191,1.0,0.0053,-0.004,-18.433
Car A,2639,175.9333,8,94.194,3,-25.443,15.927,0.215,5.8878,-0.0513,4.814,1.0,1.0,24.999,18.427
Car B,2639,175.9333,8,75.767,2,-8.937,20.087,-0.087,6.0054,-0.023,-0.0028,1.0,0.009,0.125,-18.427
Car A,2640,176.0,8,94.619,3,-25.601,15.565,0.17,5.8845,-0.0504,4.822,1.0,1.0,24.999,18.451
Car B,2640,176.0,8,76.167,2,-9.337,20.09,-0.09,6.0021,-0.0494,-0.0486,1.0,0.0127,0.215,-18.451
Car A,2641,176.0667,8,95.01,3,-25.738,15.195,0.123,5.8812,-0.0488,4.8304,1.0,1.0,24.999,18.443
Car B,2641,176.0667,8,76.567,2,-9.737,20.092,-0.092,6.0003,-0.0267,-0.0178,1.0,0.015,0.305,-18.443
Car A,2642,176.1333,8,95.418,3,-25.855,14.819,0.08,5.878,-0.0475,4.8344,1.0,1.0,24.999,18.45
Car B,2642,176.1333,8,76.967,2,-10.137,20.095,-0.095,5.999,-0.0195,0.0632,1.0,0.0156,0.364,-18.45
Car A,2643,176.2,8,95.806,3,-25.951,14.437,0.015,5.875,-0.0456,4.8389,1.0,1.0,24.999,18.439
Car B,2643,176.2,8,77.367,2,-10.537,20.097,-0.097,5.9957,-0.0499,0.0689,1.0,0.0192,0.379,-18.439
Car A,2644,176.2667,8,96.198,3,-26.026,14.05,-0.03,5.872,-0.0456,4.842,1.0,0.5987,24.999,18.431
Car B,2644,176.2667,8,77.767,2,-10.937,20.098,-0.098,6.0052,0.1423,0.1909,1.0,0.0166,0.467,-18.431
Car A,2645,176.3333,8,96.587,3,-26.08,13.659,-0.08,5.9008,0.4326,4.6796,1.0,0.6776,14.983,18.419
Car B,2645,176.3333,8,78.168,2,-11.337,20.098,-0.098,6.012,0.102,0.0862,1.0,0.0192,0.406,-18.419
Car A,2646,176.4,8,96.981,3,-26.115,13.265,-0.115,5.8998,-0.0157,4.6874,1.0,0.1291,16.936,18.413
Car B,2646,176.4,8,78.568,2,-11.738,20.099,-0.099,6.0067,-0.079,0.0601,1.0,0.0202,0.464,-18.413
Car A,2647,176.4667,8,97.376,3,-26.137,12.869,-0.137,5.9406,0.6123,2.9165,1.0,-0.1257,3.248,18.408
Car B,2647,176.4667,8,78.969,2,-12.139,20.099,-0.099,6.0092,0.0382,0.0735,1.0,0.0166,0.49,-18.408
Car A,2648,176.5333,8,97.773,3,-26.166,12.473,-0.166,5.9624,0.3278,1.0491,1.0,0.0767,-3.133,18.403
Car B,2648,176.5333,8,79.369,2,-12.539,20.098,-0.098,5.9966,-0.1898,0.0731,1.0,0.0097,0.408,-18.403
Car A,2649,176.6,8,98.169,3,-26.2,12.076,-0.2,5.9747,0.1846,0.7779,1.0,0.0987,1.908,18.4
Car B,2649,176.6,8,79.769,2,-12.939,20.097,-0.097,6.0,0.0518,0.1124,1.0,0.0066,0.24,-18.4
Car A,2650,176.6667,8,98.568,3,-26.229,11.677,-0.229,5.9809,0.0928,0.9866,1.0,0.0719,2.464,18.399
Car B,2650,176.6667,8,80.169,2,-13.339,20.096,-0.096,6.0012,0.0169,0.024,1.0,0.008,0.162,-18.399
Car A,2651,176.7333,8,98.968,3,-26.256,11.278,-0.256,6.0064,0.3821,0.693,1.0,0.0996,1.8,18.398
Car B,2651,176.7333,8,80.569,2,-13.739,20.095,-0.095,5.9995,-0.0252,0.0253,1.0,0.0062,0.195,-18.398
Car A,2652,176.8,8,99.366,3,-26.278,10.879,-0.278,5.9962,-0.1526,0.9573,1.0,0.0025,2.489,18.397
Car B,2652,176.8,8,80.969,2,-14.139,20.093,-0.093,5.9957,-0.0572,0.0296,1.0,0.0049,0.152,-18.397
Car A,2653,176.8667,8,99.766,3,-26.301,10.48,-0.301,5.9999,0.0546,0.0271,1.0,0.104,0.074,18.397
Car B,2653,176.8667,8,81.369,2,-14.539,20.092,-0.092,5.9972,0.0235,0.0282,1.0,0.0039,0.12,-18.397
Car A,2654,176.9333,8,100.165,3,-26.323,10.08,-0.323,5.9968,-0.0459,0.8812,1.0,-0.0003,2.595,18.396
Car B,2654,176.9333,8,81.769,2,-14.939,20.09,-0.09,5.9979,0.0095,0.02,1.0,0.0034,0.095,-18.396
Car A,2655,177.0,8,100.564,3,-26.341,9.681,-0.341,5.9999,0.0458,-0.0186,1.0,0.1142,0.008,18.396
Car B,2655,177.0,8,82.169,2,-15.339,20.088,-0.088,5.9988,0.0138,0.0205,1.0,0.0251,0.084,-18.396
Car A,2656,177.0667,8,100.964,3,-26.359,9.281,-0.359,5.998,-0.0282,0.8511,1.0,-0.0953,2.85,18.395
Car B,2656,177.0667,8,82.568,2,-15.738,20.085,-0.085,5.9875,-0.1687,0.1609,1.0,0.0102,0.612,-18.395
Car A,2657,177.1333,8,101.363,3,-26.373,8.882,-0.373,5.9965,-0.0221,-0.0761,1.0,0.2713,-2.373,18.395
Car B,2657,177.1333,8,82.968,2,-16.138,20.081,-0.081,6.0052,0.2654,0.1134,0.9133,0.0757,0.253,-18.395
Car A,2658,177.2,8,101.762,3,-26.391,8.483,-0.391,5.9937,-0.0417,0.565,1.0,0.1825,6.769,18.399
Car B,2658,177.2,8,83.363,2,-16.533,20.074,-0.074,5.8809,-1.8645,0.6535,0.9556,0.02,1.891,-18.399
Car A,2659,177.2667,8,102.162,3,-26.396,8.083,-0.396,5.9885,-0.0787,1.4678,1.0,1.0,4.566,18.41
Car B,2659,177.2667,8,83.752,2,-16.922,20.065,-0.065,5.7748,-1.5927,0.1804,1.0,0.6258,0.502,-18.41
Car A,2660,177.3333,8,102.56,3,-26.387,7.685,-0.387,5.9809,-0.113,1.8713,1.0,0.5,24.969,18.424
Car B,2660,177.3333,8,84.137,2,-17.307,20.052,-0.052,5.7726,-0.032,1.0432,0.9983,0.0464,15.621,-18.424
Car A,2661,177.4,8,102.958,3,-26.363,7.287,-0.363,5.964,-0.2543,2.7127,1.0,-0.3267,12.517,18.436
Car B,2661,177.4,8,84.522,2,-17.692,20.034,-0.034,5.8191,0.6965,0.3872,0.9145,-0.1459,1.183,-18.436
Car A,2662,177.4667,8,103.355,3,-26.331,6.89,-0.331,5.9778,0.207,1.6735,1.0,0.9074,-8.137,18.446
Car B,2662,177.4667,8,84.909,2,-18.079,20.022,-0.022,5.8071,-0.1797,-0.483,1.0,0.9645,-3.639,-18.446
Car A,2663,177.5333,8,103.751,3,-26.298,6.494,-0.298,5.9604,-0.2616,1.5881,1.0,0.378,22.638,18.456
Car B,2663,177.5333,8,85.295,2,-18.465,20.011,-0.011,5.7988,-0.1247,0.1793,1.0,0.9331,24.07,-18.456
Car A,2664,177.6,8,104.146,3,-26.254,6.099,-0.254,5.9569,-0.0521,2.3394,1.0,1.0,9.47,18.465
Car B,2664,177.6,8,85.681,2,-18.851,19.991,0.009,5.7897,-0.1364,1.2985,1.0,1.0,23.328,-18.465
Car A,2665,177.6667,8,104.523,3,-26.192,5.706,-0.214,5.9438,-0.1967,2.914,1.0,1.0,24.975,18.457
Car B,2665,177.6667,8,86.066,2,-19.235,19.955,0.045,5.7789,-0.1623,2.0744,1.0,1.0,24.997,-18.457
Car A,2666,177.7333,8,104.917,3,-26.113,5.318,-0.166,5.9314,-0.1853,3.3424,1.0,1.0,25.0,18.469
Car B,2666,177.7333,8,86.447,2,-19.617,19.903,0.097,5.768,-0.1629,2.6772,0.702,-0.2751,25.0,-18.469
Car A,2667,177.8,8,105.29,3,-26.016,4.933,-0.117,5.9206,-0.162,3.6843,1.0,1.0,25.0,18.451
Car B,2667,177.8,8,86.839,2,-19.996,19.844,0.156,5.7545,-0.2017,1.6237,1.0,1.0,-6.83,-18.451
Car A,2668,177.8667,8,105.685,3,-25.9,4.555,-0.093,5.9113,-0.1396,3.9375,1.0,1.0,25.0,18.465
Car B,2668,177.8667,8,87.22,2,-20.374,19.783,0.187,5.7406,-0.2085,1.6377,1.0,0.9385,24.952,-18.465
Car A,2669,177.9333,8,106.078,3,-25.766,4.183,-0.05,5.9031,-0.1227,4.136,1.0,1.0,25.0,18.477
Car B,2669,177.9333,8,87.601,2,-20.75,19.71,0.23,5.7314,-0.1387,2.3947,1.0,0.9153,23.465,-18.477
Car A,2670,178.0,8,106.466,3,-25.614,3.818,-0.04,5.896,-0.1073,4.2884,1.0,1.0,24.999,18.445
Car B,2670,178.0,8,88.022,2,-21.122,19.62,0.255,5.7223,-0.1371,2.92,1.0,1.0,22.884,-18.445
Car A,2671,178.0667,8,106.86,3,-25.443,3.463,-0.018,5.8897,-0.0945,4.4079,1.0,1.0,24.999,18.457
Car B,2671,178.0667,8,88.403,2,-21.489,19.513,0.273,5.7132,-0.1356,3.3457,1.0,1.0,24.996,-18.457
Car A,2672,178.1333,8,107.254,3,-25.253,3.117,-0.004,5.884,-0.0848,4.5039,1.0,1.0,24.999,18.423
Car B,2672,178.1333,8,88.831,2,-21.85,19.388,0.296,5.7056,-0.1144,3.6652,1.0,1.0,25.0,-18.423
Car A,2673,178.2,8,107.648,3,-25.046,2.781,-0.003,5.879,-0.0754,4.5769,1.0,1.0,24.999,18.435
Car B,2673,178.2,8,89.213,3,-22.204,19.245,0.292,5.699,-0.0982,3.9257,1.0,1.0,25.0,-18.435
Car A,2674,178.2667,8,108.044,3,-24.821,2.458,0.015,5.8744,-0.0687,4.6361,1.0,1.0,24.999,18.45
Car B,2674,178.2667,8,89.594,3,-22.55,19.085,0.308,5.6937,-0.0808,4.1226,1.0,1.0,25.0,-18.45
Car A,2675,178.3333,8,108.438,3,-24.58,2.147,-0.003,5.8702,-0.0627,4.6834,1.0,1.0,24.999,18.414
Car B,2675,178.3333,8,90.024,3,-22.887,18.906,0.289,5.6894,-0.0645,4.274,1.0,1.0,24.999,-18.414
Car A,2676,178.4,8,108.831,3,-24.322,1.85,-0.0,5.8664,-0.0571,4.7182,1.0,1.0,24.999,18.426
Car B,2676,178.4,8,90.405,3,-23.214,18.71,0.286,5.6859,-0.0516,4.3976,1.0,1.0,24.999,-18.426
Car A,2677,178.4667,8,109.224,3,-24.048,1.568,-0.018,5.8629,-0.0536,4.7471,1.0,1.0,24.999,18.393
Car B,2677,178.4667,8,90.831,3,-23.53,18.497,0.27,5.6831,-0.0416,4.4917,1.0,1.0,24.999,-18.393
Car A,2678,178.5333,8,109.617,3,-23.76,1.301,-0.034,5.8595,-0.0505,4.7715,1.0,1.0,24.999,18.405
Car B,2678,178.5333,8,91.211,3,-23.834,18.266,0.248,5.681,-0.0324,4.5702,1.0,1.0,24.999,-18.405
Car A,2679,178.6,8,110.004,3,-23.457,1.05,-0.046,5.8563,-0.0475,4.7894,1.0,1.0,24.999,18.373
Car B,2679,178.6,8,91.63,3,-24.124,18.02,0.235,5.6793,-0.0253,4.6301,1.0,1.0,24.999,-18.373
Car A,2680,178.6667,8,110.395,3,-23.142,0.816,-0.08,5.8533,-0.0447,4.8031,1.0,1.0,24.999,18.386
Car B,2680,178.6667,8,92.009,3,-24.4,17.757,0.196,5.6781,-0.0187,4.6785,1.0,1.0,24.999,-18.386
Car A,2681,178.7333,8,110.787,3,-22.814,0.601,-0.093,5.8505,-0.043,4.815,1.0,1.0,24.999,18.397
Car B,2681,178.7333,8,92.39,3,-24.661,17.48,0.177,5.6771,-0.015,4.7164,1.0,1.0,24.999,-18.397
Car A,2682,178.8,8,111.162,3,-22.475,0.403,-0.136,5.8477,-0.0419,4.8234,1.0,1.0,24.999,18.367
Car B,2682,178.8,8,92.795,3,-24.906,17.188,0.133,5.6763,-0.0111,4.7481,1.0,1.0,24.999,-18.367
Car A,2683,178.8667,8,111.553,3,-22.125,0.225,-0.167,5.845,-0.0398,4.8307,1.0,1.0,24.999,18.378
Car B,2683,178.8667,8,93.175,3,-25.135,16.883,0.097,5.6758,-0.0079,4.7712,1.0,1.0,24.999,-18.378
Car A,2684,178.9333,8,111.915,3,-21.767,0.066,-0.201,5.8424,-0.0393,4.836,1.0,1.0,24.999,18.348
Car B,2684,178.9333,8,93.567,3,-25.345,16.566,0.061,5.6755,-0.0046,4.7915,1.0,1.0,24.999,-18.348
Car A,2685,179.0,8,112.304,3,-21.401,-0.072,-0.25,5.8399,-0.0377,4.8406,1.0,1.0,24.999,18.36
Car B,2685,179.0,8,93.944,3,-25.538,16.237,0.009,5.6753,-0.0026,4.807,1.0,1.0,24.999,-18.36
Car A,2686,179.0667,8,112.694,3,-21.027,-0.19,-0.277,5.8375,-0.0363,4.8441,1.0,0.7656,24.999,18.371
Car B,2686,179.0667,8,94.324,3,-25.711,15.898,-0.021,5.6752,-0.0022,4.8197,1.0,1.0,24.999,-18.371
Car A,2687,179.1333,8,113.037,3,-20.648,-0.287,-0.337,5.839,0.0235,4.8107,1.0,1.0,19.148,18.341
Car B,2687,179.1333,8,94.696,3,-25.865,15.549,-0.083,5.6751,-0.0005,4.83,1.0,1.0,24.999,-18.341
Car A,2688,179.2,8,113.426,3,-20.264,-0.363,-0.383,5.8362,-0.0419,4.8607,1.0,0.5529,24.991,18.352
Car B,2688,179.2,8,95.074,3,-25.999,15.192,-0.13,5.6752,0.0006,4.837,1.0,1.0,24.999,-18.352
Car A,2689,179.2667,8,113.786,3,-19.875,-0.422,-0.422,5.8896,0.8008,4.3572,1.0,0.5101,13.839,18.358
Car B,2689,179.2667,8,95.428,3,-26.112,14.829,-0.177,5.6753,0.0013,4.8438,1.0,1.0,24.999,-18.358
Car A,2690,179.3333,8,114.179,3,-19.482,-0.464,-0.464,5.9063,0.2499,4.337,1.0,0.1998,12.753,18.375
Car B,2690,179.3333,8,95.804,3,-26.205,14.459,-0.24,5.6754,0.0018,4.8489,1.0,1.0,24.999,-18.375
Car A,2691,179.4,8,114.574,3,-19.087,-0.495,-0.495,5.9474,0.6159,2.5968,1.0,-0.1126,5.007,18.392
Car B,2691,179.4,8,96.182,3,-26.276,14.085,-0.282,5.6755,0.0019,4.8521,1.0,1.0,24.999,-18.392
Car A,2692,179.4667,8,114.969,3,-18.691,-0.534,-0.534,5.9659,0.2781,0.8364,1.0,0.1032,-2.802,18.431
Car B,2692,179.4667,8,96.538,3,-26.326,13.707,-0.326,5.6757,0.0021,4.8543,1.0,1.0,24.999,-18.431
Car A,2693,179.5333,8,115.365,3,-18.295,-0.575,-0.575,5.9857,0.2967,0.9849,1.0,0.1013,2.571,18.447
Car B,2693,179.5333,8,96.918,3,-26.354,13.327,-0.354,5.6758,0.0028,4.8577,1.0,1.0,24.999,-18.447
Car A,2694,179.6,8,115.762,3,-17.898,-0.611,-0.611,5.9866,0.0134,0.9617,1.0,0.0987,2.532,18.463
Car B,2694,179.6,8,97.299,3,-26.361,12.946,-0.361,5.676,0.0029,4.8592,1.0,1.0,24.999,-18.463
Car A,2695,179.6667,8,116.161,3,-17.5,-0.644,-0.644,6.0124,0.3881,0.9434,1.0,0.0989,2.468,18.481
Car B,2695,179.6667,8,97.68,3,-26.346,12.565,-0.346,5.6762,0.0027,4.8606,1.0,1.0,24.999,-18.481
Car A,2696,179.7333,8,116.56,3,-17.101,-0.671,-0.671,6.0142,0.0268,0.9478,1.0,0.0965,2.473,18.501
Car B,2696,179.7333,8,98.059,3,-26.309,12.186,-0.309,5.6764,0.003,4.8622,1.0,-0.0444,24.999,-18.501
Car A,2697,179.8,8,116.959,3,-16.702,-0.695,-0.695,6.0078,-0.0961,0.9207,1.0,0.093,2.412,18.521
Car B,2697,179.8,8,98.438,3,-26.259,11.808,-0.259,5.7181,0.6246,3.3613,1.0,-0.2008,-1.07,-18.521
Car A,2698,179.8667,8,117.36,3,-16.301,-0.715,-0.715,6.0462,0.575,0.9117,1.0,0.096,2.323,18.542
Car B,2698,179.8667,8,98.818,3,-26.215,11.427,-0.215,5.7509,0.4922,1.2079,1.0,-0.224,-5.013,-18.542
Car A,2699,179.9333,8,117.763,3,-15.897,-0.731,-0.731,6.0664,0.3038,0.9652,1.0,0.0957,2.392,18.563
Car B,2699,179.9333,8,99.201,3,-26.182,11.045,-0.182,5.7604,0.1426,-0.1354,1.0,-0.2203,-5.598,-18.563
Car A,2700,180.0,8,118.167,3,-15.493,-0.743,-0.743,6.0684,0.0295,0.9629,1.0,0.0937,2.382,18.583
Car B,2700,180.0,8,99.584,3,-26.161,10.661,-0.161,5.7631,0.0415,-1.1146,1.0,-0.1399,-5.508,-18.583
Car A,2701,180.0667,8,118.572,3,-15.089,-0.75,-0.75,6.0665,-0.0288,0.934,1.0,0.0907,2.33,18.6
Car B,2701,180.0667,8,99.971,3,-26.15,10.274,-0.15,5.8329,1.047,-1.3682,1.0,-0.0499,-3.498,-18.6
Car A,2702,180.1333,8,118.975,3,-14.685,-0.754,-0.754,6.0447,-0.3259,0.8908,1.0,0.0749,2.268,18.612
Car B,2702,180.1333,8,100.363,3,-26.139,9.882,-0.139,5.9168,1.2581,-0.4721,0.9798,-0.135,-1.253,-18.612
Car A,2703,180.2,8,119.376,3,-14.285,-0.755,-0.755,5.9864,-0.875,0.7512,1.0,0.0164,1.871,18.619
Car B,2703,180.2,8,100.757,3,-26.131,9.488,-0.131,5.9092,-0.1137,-1.1926,0.9409,0.0201,-3.371,-18.619
Car A,2704,180.2667,8,119.775,3,-13.885,-0.757,-0.757,6.0149,0.4283,0.2331,1.0,0.0885,0.411,18.626
Car B,2704,180.2667,8,101.149,3,-26.125,9.096,-0.125,5.8783,-0.4636,-0.0554,1.0,0.9386,0.496,-18.626
Car A,2705,180.3333,8,120.176,3,-13.484,-0.757,-0.757,6.0162,0.0194,0.8389,1.0,0.0266,2.21,18.636
Car B,2705,180.3333,8,101.541,3,-26.109,8.705,-0.109,5.8748,-0.0537,0.6734,1.0,0.857,23.431,-18.636
Car A,2706,180.4,8,120.577,3,-13.084,-0.754,-0.754,5.9853,-0.4647,0.2454,1.0,0.0703,0.66,18.646
Car B,2706,180.4,8,101.931,3,-26.08,8.314,-0.08,5.8615,-0.1988,1.7893,1.0,0.0365,21.428,-18.646
Car A,2707,180.4667,8,120.976,3,-12.684,-0.749,-0.749,5.9993,0.2106,0.6797,1.0,-0.0069,1.757,18.656
Car B,2707,180.4667,8,102.32,3,-26.044,7.925,-0.044,5.8723,0.1617,0.9797,0.9794,0.2179,0.943,-18.656
Car A,2708,180.5333,8,121.376,3,-12.285,-0.745,-0.745,5.9993,0.0001,-0.0711,1.0,0.0838,-0.16,18.666
Car B,2708,180.5333,8,102.71,3,-26.009,7.536,-0.009,5.86,-0.1848,1.208,0.7719,-0.3554,5.44,-18.666
Car A,2709,180.6,8,121.776,3,-11.885,-0.738,-0.738,6.0022,0.043,0.773,1.0,-0.0784,2.089,18.679
Car B,2709,180.6,8,103.097,3,-25.97,7.149,0.03,5.8243,-0.5351,0.1948,1.0,1.0,-8.864,-18.679
Car A,2710,180.6667,8,122.176,3,-11.485,-0.73,-0.73,6.002,-0.0025,-0.2483,1.0,0.0855,-1.954,18.694
Car B,2710,180.6667,8,103.482,3,-25.932,6.763,0.068,5.8137,-0.158,0.7601,1.0,1.0,24.949,-18.694
Car A,2711,180.7333,8,122.576,3,-11.085,-0.725,-0.725,6.0006,-0.0209,0.4498,1.0,0.0053,2.131,18.709
Car B,2711,180.7333,8,103.867,3,-25.884,6.378,0.116,5.8038,-0.1495,1.7349,1.0,-0.0603,24.999,-18.709
Car A,2712,180.8,8,122.976,3,-10.685,-0.716,-0.716,6.0134,0.1922,0.1994,1.0,0.0583,0.139,18.713
Car B,2712,180.8,8,104.263,3,-25.829,5.995,0.17,5.8118,0.121,0.8254,1.0,1.0,-1.467,-18.713
Car A,2713,180.8667,8,123.376,3,-10.284,-0.705,-0.705,6.0153,0.0282,0.5743,1.0,-0.0772,1.454,18.727
Car B,2713,180.8667,8,104.649,3,-25.773,5.613,0.196,5.8,-0.1781,0.9711,1.0,1.0,24.96,-18.727
Car A,2714,180.9333,8,123.777,3,-9.883,-0.696,-0.696,6.0144,-0.0137,-0.444,1.0,0.0861,-1.926,18.744
Car B,2714,180.9333,8,105.034,3,-25.705,5.232,0.234,5.7849,-0.2253,2.0058,1.0,0.9212,25.0,-18.744
Car A,2715,181.0,8,124.178,3,-9.482,-0.689,-0.689,6.0104,-0.06,0.3643,1.0,-0.0013,2.146,18.72
Car B,2715,181.0,8,105.458,3,-25.621,4.856,0.249,5.7753,-0.1443,2.6059,1.0,1.0,23.034,-18.72
Car A,2716,181.0667,8,124.578,3,-9.082,-0.678,-0.678,6.0072,-0.0471,-0.0627,1.0,0.0693,-0.02,18.735
Car B,2716,181.0667,8,105.843,3,-25.521,4.484,0.259,5.765,-0.1547,3.0972,1.0,1.0,24.997,-18.735
Car A,2717,181.1333,8,124.979,3,-8.682,-0.665,-0.665,6.0167,0.1413,0.6859,1.0,-0.1484,1.731,18.707
Car B,2717,181.1333,8,106.271,3,-25.403,4.117,0.269,5.7559,-0.1365,3.4741,1.0,1.0,25.0,-18.707
Car A,2718,181.2,8,125.379,3,-8.281,-0.652,-0.652,6.0167,0.0009,-0.3488,1.0,0.086,-3.701,18.724
Car B,2718,181.2,8,106.656,3,-25.268,3.756,0.256,5.748,-0.1184,3.777,1.0,1.0,25.0,-18.724
Car A,2719,181.2667,8,125.78,3,-7.88,-0.642,-0.642,6.0157,-0.0157,0.3916,1.0,-0.0606,2.14,18.74
Car B,2719,181.2667,8,107.04,3,-25.115,3.404,0.262,5.7414,-0.0996,4.0114,1.0,1.0,25.0,-18.74
Car A,2720,181.3333,8,126.181,3,-7.479,-0.629,-0.629,6.0121,-0.0531,-0.364,1.0,0.0864,-1.508,18.716
Car B,2720,181.3333,8,107.465,3,-24.944,3.059,0.229,5.7359,-0.0823,4.1869,1.0,1.0,24.999,-18.716
Car A,2721,181.4,8,126.581,3,-7.079,-0.618,-0.618,6.009,-0.0472,0.4282,1.0,-0.0925,2.154,18.733
Car B,2721,181.4,8,107.849,3,-24.755,2.724,0.215,5.7313,-0.0688,4.3294,1.0,1.0,24.999,-18.733
Car A,2722,181.4667,8,126.982,3,-6.679,-0.605,-0.605,6.0056,-0.0507,-0.3579,1.0,0.0848,-2.306,18.717
Car B,2722,181.4667,8,108.265,3,-24.549,2.4,0.185,5.7275,-0.0565,4.4399,1.0,1.0,24.999,-18.717
Car A,2723,181.5333,8,127.382,3,-6.279,-0.594,-0.594,6.0033,-0.0342,0.3885,1.0,-0.0905,2.112,18.735
Car B,2723,181.5333,8,108.647,3,-24.326,2.088,0.152,5.7244,-0.047,4.5273,1.0,1.0,24.999,-18.735
Car A,2724,181.6,8,127.782,3,-5.879,-0.581,-0.581,6.0012,-0.032,-0.381,1.0,0.0841,-2.255,18.73
Car B,2724,181.6,8,109.052,3,-24.086,1.789,0.125,5.7218,-0.0385,4.5941,1.0,1.0,24.999,-18.73
Car A,2725,181.6667,8,128.181,3,-5.479,-0.571,-0.571,5.9987,-0.0376,0.3792,1.0,-0.1002,2.096,18.749
Car B,2725,181.6667,8,109.432,3,-23.83,1.503,0.074,5.7197,-0.0325,4.652,1.0,1.0,24.999,-18.749
Car A,2726,181.7333,8,128.581,3,-5.079,-0.557,-0.557,5.997,-0.0254,-0.3866,1.0,0.0815,-2.498,18.766
Car B,2726,181.7333,8,109.814,3,-23.559,1.231,0.044,5.7179,-0.0261,4.6948,1.0,1.0,24.999,-18.766
Car A,2727,181.8,8,128.98,3,-4.68,-0.547,-0.547,5.9953,-0.0251,0.3669,1.0,-0.1103,2.03,18.781
Car B,2727,181.8,8,110.2,3,-23.273,0.976,-0.012,5.7165,-0.0222,4.7299,1.0,1.0,24.999,-18.781
Car A,2728,181.8667,8,129.38,3,-4.281,-0.534,-0.534,5.9935,-0.0276,-0.3934,1.0,0.0798,-2.75,18.799
Car B,2728,181.8667,8,110.58,3,-22.973,0.736,-0.06,5.7152,-0.0186,4.7579,1.0,1.0,24.999,-18.799
Car A,2729,181.9333,8,129.779,3,-3.881,-0.525,-0.525,5.9923,-0.0181,0.3619,1.0,-0.1259,1.986,18.831
Car B,2729,181.9333,8,110.948,3,-22.66,0.514,-0.105,5.7142,-0.0151,4.7793,1.0,1.0,24.999,-18.831
Car A,2730,182.0,8,130.178,3,-3.482,-0.512,-0.512,5.9905,-0.0273,-0.4015,1.0,0.0765,-3.138,18.852
Car B,2730,182.0,8,111.326,3,-22.336,0.31,-0.169,5.7133,-0.0133,4.7976,1.0,1.0,24.999,-18.852
Car A,2731,182.0667,8,130.578,3,-3.083,-0.503,-0.503,5.9897,-0.012,0.3562,1.0,-0.1316,1.905,18.871
Car B,2731,182.0667,8,111.707,3,-22.0,0.125,-0.212,5.7125,-0.0119,4.8117,1.0,1.0,24.999,-18.871
Car A,2732,182.1333,8,130.977,3,-2.684,-0.49,-0.49,5.9879,-0.0265,-0.4091,1.0,0.0704,-3.281,18.927
Car B,2732,182.1333,8,112.049,3,-21.655,-0.042,-0.28,5.7119,-0.0095,4.8225,1.0,1.0,24.999,-18.927
Car A,2733,182.2,8,131.376,3,-2.285,-0.482,-0.482,5.9885,0.0088,0.3479,1.0,-0.1412,1.752,18.948
Car B,2733,182.2,8,112.428,3,-21.301,-0.189,-0.34,5.7113,-0.0087,4.831,1.0,1.0,24.999,-18.948
Car A,2734,182.2667,8,131.774,3,-1.886,-0.47,-0.47,5.9855,-0.0444,-0.4448,1.0,0.0633,-3.521,19.026
Car B,2734,182.2667,8,112.749,3,-20.939,-0.315,-0.388,5.7108,-0.0077,4.8382,1.0,1.0,24.999,-19.026
Car A,2735,182.3333,8,132.173,3,-1.487,-0.462,-0.462,5.9861,0.0093,0.3259,1.0,-0.1511,1.574,19.049
Car B,2735,182.3333,8,113.125,3,-20.571,-0.421,-0.464,5.7103,-0.0075,4.8438,1.0,1.0,24.999,-19.049
Car A,2736,182.4,8,132.572,3,-1.088,-0.452,-0.452,5.9833,-0.0432,-0.452,1.0,0.0646,-3.77,19.068
Car B,2736,182.4,8,113.504,3,-20.197,-0.505,-0.519,5.7099,-0.0065,4.848,1.0,1.0,24.999,-19.068
Car A,2737,182.4667,8,132.971,3,-0.689,-0.445,-0.445,5.9841,0.0131,0.3199,1.0,-0.1583,1.606,19.13
Car B,2737,182.4667,8,113.841,3,-19.819,-0.569,-0.569,5.7095,-0.006,4.8515,1.0,1.0,24.999,-19.13
Car A,2738,182.5333,8,133.37,3,-0.291,-0.435,-0.435,5.9815,-0.0398,-0.4771,1.0,0.0602,-3.948,19.147
Car B,2738,182.5333,8,114.222,3,-19.438,-0.611,-0.611,5.7091,-0.0059,4.8543,1.0,1.0,24.999,-19.147
Car A,2739,182.6,9,0.108,1,0.108,-0.429,-0.429,5.9828,0.0199,0.3033,1.0,-0.1563,1.495,19.163
Car B,2739,182.6,8,114.605,3,-19.055,-0.631,-0.631,5.7088,-0.0049,4.8562,1.0,1.0,24.999,-19.163
Car A,2740,182.6667,9,0.507,1,0.507,-0.421,-0.421,5.9803,-0.038,-0.4721,1.0,0.0554,-3.899,19.179
Car B,2740,182.6667,8,114.988,3,-18.672,-0.629,-0.629,5.7084,-0.0055,4.8579,1.0,1.0,24.999,-19.179
Car A,2741,182.7333,9,0.905,1,0.905,-0.416,-0.416,5.9816,0.0198,0.3026,1.0,-0.1629,1.377,19.195
Car B,2741,182.7333,8,115.371,3,-18.29,-0.606,-0.606,5.7081,-0.0048,4.8591,1.0,1.0,24.999,-19.195
Car A,2742,182.8,9,1.304,1,1.304,-0.408,-0.408,5.9792,-0.0363,-0.4889,1.0,0.0457,-4.065,19.213
Car B,2742,182.8,8,115.751,3,-17.909,-0.561,-0.561,5.7077,-0.0053,4.86,1.0,0.2244,24.999,-19.213
Car A,2743,182.8667,9,1.703,1,1.703,-0.405,-0.405,5.9814,0.0336,0.2898,1.0,-0.1773,1.134,19.232
Car B,2743,182.8667,8,116.131,3,-17.53,-0.503,-0.503,5.7588,0.7658,3.0267,1.0,-0.0572,5.641,-19.232
Car A,2744,182.9333,9,2.101,1,2.101,-0.399,-0.399,5.9795,-0.0283,-0.5596,1.0,0.03,-4.424,19.249
Car B,2744,182.9333,8,116.513,3,-17.148,-0.451,-0.451,5.7886,0.4475,1.2075,1.0,-0.061,-1.42,-19.249
Car A,2745,183.0,9,2.5,1,2.5,-0.398,-0.398,5.9831,0.0529,0.2258,1.0,-0.1816,0.741,19.263
Car B,2745,183.0,8,116.897,3,-16.763,-0.41,-0.41,5.8041,0.2321,-0.138,1.0,-0.0578,-1.523,-19.263
Car A,2746,183.0667,9,2.899,1,2.899,-0.396,-0.396,5.982,-0.0159,-0.6546,1.0,0.0293,-4.532,19.273
Car B,2746,183.0667,8,117.286,3,-16.374,-0.378,-0.378,5.9053,1.5184,-0.5524,1.0,-0.0528,-1.445,-19.273
Car A,2747,183.1333,9,3.298,1,3.298,-0.397,-0.397,5.9854,0.0517,0.1676,1.0,-0.1923,0.723,19.276
Car B,2747,183.1333,8,117.681,3,-15.979,-0.348,-0.348,5.9572,0.7787,-0.5255,1.0,-0.0511,-1.301,-19.276
Car A,2748,183.2,9,3.696,1,3.697,-0.398,-0.398,5.9827,-0.0405,-0.6752,1.0,0.0307,-4.798,19.278
Car B,2748,183.2,8,118.079,3,-15.581,-0.319,-0.319,5.9766,0.2901,-0.4806,1.0,-0.05,-1.277,-19.278
Car A,2749,183.2667,9,4.095,1,4.095,-0.402,-0.402,5.9861,0.0511,0.154,1.0,-0.1957,0.759,19.279
Car B,2749,183.2667,8,118.477,3,-15.184,-0.293,-0.293,5.9927,0.2413,-0.4763,1.0,-0.0477,-1.247,-19.279
Car A,2750,183.3333,9,4.494,1,4.494,-0.405,-0.405,5.983,-0.0475,-0.6728,1.0,0.0423,-4.884,19.279
Car B,2750,183.3333,8,118.875,3,-14.785,-0.268,-0.268,5.9866,-0.0904,-0.4883,1.0,-0.0465,-1.194,-19.279
Car A,2751,183.4,9,4.893,1,4.893,-0.412,-0.412,5.9857,0.0408,0.1565,1.0,-0.1952,1.049,19.28
Car B,2751,183.4,8,119.274,3,-14.386,-0.246,-0.246,5.984,-0.0389,-0.4739,1.0,-0.0451,-1.157,-19.28
Car A,2752,183.4667,9,5.292,1,5.292,-0.418,-0.418,5.9814,-0.0647,-0.5968,1.0,0.0279,-4.87,19.279
Car B,2752,183.4667,8,119.673,3,-13.987,-0.226,-0.226,6.0223,0.5743,-0.4532,1.0,-0.0403,-1.122,-19.279
Car A,2753,183.5333,9,5.691,1,5.691,-0.426,-0.426,5.9844,0.045,0.2043,1.0,-0.2067,0.689,19.277
Car B,2753,183.5333,8,120.074,3,-13.587,-0.207,-0.207,5.9903,-0.4806,-0.4039,1.0,-0.0425,-0.999,-19.277
Car A,2754,183.6,9,6.089,1,6.09,-0.434,-0.434,5.9836,-0.0123,-0.6758,1.0,0.0632,-5.158,19.278
Car B,2754,183.6,8,120.472,3,-13.189,-0.189,-0.189,5.9679,-0.3363,-0.2749,1.0,-0.0449,-1.053,-19.278
Car A,2755,183.6667,9,6.488,1,6.488,-0.446,-0.446,5.9854,0.0275,0.1564,1.0,-0.1871,1.57,19.278
Car B,2755,183.6667,8,120.87,3,-12.79,-0.172,-0.172,5.9732,0.0798,-0.4548,1.0,-0.0405,-1.116,-19.278
Car A,2756,183.7333,9,6.887,1,6.887,-0.456,-0.456,5.9819,-0.0528,-0.5353,1.0,0.045,-4.667,19.279
Car B,2756,183.7333,8,121.268,3,-12.392,-0.157,-0.157,5.9757,0.0384,-0.2327,1.0,-0.0449,-0.993,-19.279
Car A,2757,183.8,9,7.286,1,7.286,-0.468,-0.468,5.9835,0.0243,0.2524,1.0,-0.2256,1.116,19.28
Car B,2757,183.8,8,121.666,3,-11.994,-0.144,-0.144,5.9918,0.241,-0.429,1.0,-0.0366,-1.119,-19.28
Car A,2758,183.8667,9,7.684,1,7.684,-0.479,-0.479,5.9811,-0.0364,-0.555,1.0,0.0478,-5.629,19.278
Car B,2758,183.8667,8,122.066,3,-11.594,-0.133,-0.133,5.9813,-0.1572,-0.2748,1.0,-0.0389,-0.899,-19.278
Car A,2759,183.9333,9,8.083,1,8.083,-0.494,-0.494,5.9837,0.0388,0.2424,1.0,-0.2264,1.183,19.278
Car B,2759,183.9333,8,122.465,3,-11.196,-0.123,-0.123,5.9968,0.2321,-0.3708,1.0,-0.0327,-0.969,-19.278
Car A,2760,184.0,9,8.481,1,8.481,-0.506,-0.506,5.9801,-0.0538,-0.5498,1.0,0.0375,-5.648,19.276
Car B,2760,184.0,8,122.866,3,-10.795,-0.113,-0.113,6.0199,0.3469,-0.1851,1.0,-0.0366,-0.801,-19.276
Car A,2761,184.0667,9,8.88,1,8.88,-0.523,-0.523,5.9834,0.0495,0.2413,1.0,-0.2366,0.928,19.273
Car B,2761,184.0667,8,123.267,3,-10.394,-0.105,-0.105,6.0243,0.0663,-0.3723,1.0,-0.0276,-0.902,-19.273
Car A,2762,184.1333,9,9.278,1,9.278,-0.538,-0.538,5.9814,-0.0293,-0.6228,1.0,0.0456,-5.903,19.272
Car B,2762,184.1333,8,123.666,3,-9.994,-0.098,-0.098,5.9822,-0.6325,-0.1677,1.0,-0.0365,-0.679,-19.272
Car A,2763,184.2,9,9.677,1,9.677,-0.557,-0.557,5.9842,0.0411,0.1983,1.0,-0.1917,1.128,19.272
Car B,2763,184.2,8,124.065,3,-9.595,-0.093,-0.093,5.9991,0.2533,-0.3455,1.0,-0.0249,-0.907,-19.272
Car A,2764,184.2667,9,10.075,1,10.075,-0.574,-0.574,5.9801,-0.0603,-0.5907,1.0,0.0231,-4.782,19.269
Car B,2764,184.2667,8,124.466,3,-9.194,-0.089,-0.089,6.0197,0.3102,-0.1733,1.0,-0.0326,-0.613,-19.269
Car A,2765,184.3333,9,10.473,1,10.473,-0.595,-0.595,5.9858,0.0855,0.1937,1.0,-0.1646,0.568,19.266
Car B,2765,184.3333,8,124.867,3,-8.793,-0.085,-0.085,5.9942,-0.3833,-0.3233,1.0,-0.0227,-0.808,-19.266
Car A,2766,184.4,9,10.872,1,10.872,-0.615,-0.615,5.984,-0.0278,-0.6963,1.0,0.0247,-4.108,19.266
Car B,2766,184.4,8,125.266,3,-8.394,-0.083,-0.083,5.9818,-0.1853,-0.1528,1.0,-0.038,-0.562,-19.266
Car A,2767,184.4667,9,11.27,1,11.27,-0.639,-0.639,5.9876,0.0545,0.1429,1.0,-0.1234,0.611,19.265
Car B,2767,184.4667,8,125.665,3,-7.995,-0.083,-0.083,5.9987,0.2528,-0.3665,1.0,-0.0186,-0.944,-19.265
Car A,2768,184.5333,9,11.668,1,11.668,-0.663,-0.663,5.9847,-0.0434,-0.6865,1.0,-0.0017,-3.079,19.263
Car B,2768,184.5333,8,126.066,3,-7.595,-0.082,-0.082,6.017,0.2744,-0.2115,1.0,-0.0382,-0.464,-19.263
Car A,2769,184.6,9,12.066,1,12.066,-0.69,-0.69,5.9973,0.1887,-0.0197,1.0,-0.0739,-0.054,19.26
Car B,2769,184.6,8,126.467,3,-7.194,-0.084,-0.084,6.0242,0.1082,-0.3894,1.0,-0.0171,-0.942,-19.26
Car A,2770,184.6667,9,12.465,1,12.465,-0.718,-0.718,5.9941,-0.0479,-0.7066,1.0,-0.002,-1.844,19.259
Car B,2770,184.6667,8,126.867,3,-6.793,-0.087,-0.087,5.9898,-0.5152,-0.12,1.0,-0.0594,-0.426,-19.259
Car A,2771,184.7333,9,12.864,1,12.864,-0.747,-0.747,6.0005,0.0961,0.016,1.0,-0.078,-0.054,19.258
Car B,2771,184.7333,8,127.266,3,-6.394,-0.092,-0.092,5.9966,0.1012,-0.5695,0.9899,0.0305,-1.483,-19.258
Car A,2772,184.8,9,13.263,1,13.263,-0.778,-0.778,5.9966,-0.0582,-0.7324,1.0,0.0163,-1.945,19.258
Car B,2772,184.8,8,127.665,3,-5.995,-0.096,-0.096,5.9733,-0.3497,0.2912,1.0,-0.0646,0.76,-19.258
Car A,2773,184.8667,9,13.661,1,13.661,-0.81,-0.81,5.9991,0.0368,0.1658,1.0,-0.0858,0.4,19.258
Car B,2773,184.8667,8,128.064,3,-5.597,-0.101,-0.101,5.9749,0.0245,-0.5802,1.0,0.1107,-1.612,-19.258
Car A,2774,184.9333,9,14.06,1,14.06,-0.843,-0.843,5.9965,-0.0394,-0.6741,1.0,0.0621,-2.139,19.258
Car B,2774,184.9333,8,128.462,3,-5.198,-0.106,-0.106,5.9757,0.0126,0.3799,1.0,0.0744,2.762,-19.258
Car A,2775,185.0,9,14.458,1,14.458,-0.877,-0.877,5.9953,-0.0172,0.2479,1.0,-0.0607,1.546,19.257
Car B,2775,185.0,8,128.861,3,-4.799,-0.103,-0.103,5.9702,-0.083,0.7235,1.0,-0.0206,1.858,-19.257
Car A,2776,185.0667,9,14.856,1,14.856,-0.908,-0.908,5.9933,-0.0297,-0.4557,1.0,0.1012,-1.512,19.257
Car B,2776,185.0667,8,129.259,3,-4.401,-0.1,-0.1,5.9811,0.1632,-0.1969,1.0,0.1007,-0.511,-19.257
Car A,2777,185.1333,9,15.254,1,15.255,-0.942,-0.942,5.9917,-0.025,0.4153,1.0,0.0274,2.523,19.257
Car B,2777,185.1333,8,129.658,3,-4.002,-0.098,-0.098,5.9814,0.0051,0.6669,1.0,-0.0135,2.512,-19.257
Car A,2778,185.2,9,15.654,1,15.654,-0.969,-0.969,6.022,0.4549,0.3102,1.0,0.0814,0.683,19.257
Car B,2778,185.2,8,130.057,3,-3.603,-0.093,-0.093,5.9899,0.1271,-0.1294,1.0,0.0847,-0.332,-19.257
Car A,2779,185.2667,9,16.054,1,16.054,-0.994,-0.994,6.0312,0.1378,0.7995,1.0,-0.1319,2.032,19.258
Car B,2779,185.2667,8,130.456,3,-3.204,-0.087,-0.087,5.9902,0.0037,0.7217,1.0,-0.0874,2.112,-19.258
Car A,2780,185.3333,9,16.456,1,16.456,-1.019,-1.019,6.0308,-0.0056,-0.254,1.0,0.279,-3.288,19.261
Car B,2780,185.3333,8,130.855,3,-2.805,-0.08,-0.08,5.9898,-0.0051,-0.2746,1.0,0.0466,-2.177,-19.261
Car A,2781,185.4,9,16.856,1,16.856,-1.047,-1.047,6.0273,-0.0525,0.4643,1.0,0.1443,6.958,19.262
Car B,2781,185.4,8,131.255,3,-2.406,-0.076,-0.076,5.9899,0.0011,0.4065,1.0,-0.0527,1.159,-19.262
Car A,2782,185.4667,9,17.258,1,17.258,-1.062,-1.062,6.0223,-0.0744,1.3278,1.0,-0.1278,3.611,19.264
Car B,2782,185.4667,8,131.654,3,-2.006,-0.071,-0.071,5.9906,0.0113,-0.4614,1.0,0.1248,-1.313,-19.264
Car A,2783,185.5333,9,17.659,1,17.659,-1.075,-1.075,6.024,0.0253,0.1496,1.0,0.2817,-3.184,19.266
Car B,2783,185.5333,8,132.053,3,-1.607,-0.066,-0.066,5.9902,-0.0068,0.4798,1.0,-0.0635,3.114,-19.266
Car A,2784,185.6,9,18.06,1,18.06,-1.092,-1.092,6.0209,-0.0475,0.7564,1.0,1.0,7.025,19.268
Car B,2784,185.6,8,132.453,3,-1.208,-0.059,-0.059,5.9907,0.0083,-0.3036,1.0,0.0371,-1.579,-19.268
Car A,2785,185.6667,9,18.461,1,18.461,-1.095,-1.095,6.015,-0.088,1.3217,1.0,0.9177,24.973,19.27
Car B,2785,185.6667,8,132.852,3,-0.808,-0.054,-0.054,5.9922,0.0221,0.3509,1.0,-0.0828,0.922,-19.27
Car A,2786,185.7333,9,18.861,1,18.861,-1.083,-1.083,5.9937,-0.3201,2.3642,1.0,1.0,22.945,19.27
Car B,2786,185.7333,8,133.251,3,-0.409,-0.049,-0.049,5.9924,0.0034,-0.5379,1.0,0.0785,-2.064,-19.27
Car A,2787,185.8,9,19.26,1,19.26,-1.055,-1.055,5.9802,-0.2024,2.9253,1.0,1.0,24.996,19.27
Car B,2787,185.8,8,133.651,3,-0.01,-0.047,-0.047,5.9898,-0.0388,0.3086,1.0,-0.0758,1.956,-19.27
Car A,2788,185.8667,9,19.656,1,19.656,-1.01,-1.01,5.9677,-0.1872,3.355,1.0,0.9347,25.0,19.267
Car B,2788,185.8667,9,0.39,1,0.39,-0.042,-0.042,5.989,-0.0124,-0.4105,1.0,-0.0039,-1.889,-19.267
Car A,2789,185.9333,9,20.0,1,20.05,-0.946,-0.947,5.9572,-0.1574,3.6861,1.0,0.8479,23.369,19.211
Car B,2789,185.9333,9,0.789,1,0.789,-0.04,-0.04,5.9989,0.1489,0.006,1.0,-0.0989,-0.108,-19.211
Car A,2790,186.0,9,20.37,1,20.44,-0.863,-0.895,5.9495,-0.1156,3.9322,1.0,0.777,21.2,19.181
Car B,2790,186.0,9,1.189,1,1.189,-0.042,-0.042,5.9948,-0.0617,-0.8587,1.0,0.0479,-2.468,-19.181
Car A,2791,186.0667,9,20.762,1,20.824,-0.761,-0.824,5.943,-0.0975,4.1249,1.0,1.0,19.428,19.173
Car B,2791,186.0667,9,1.589,1,1.589,-0.046,-0.046,5.9965,0.0246,0.1431,1.0,-0.1212,1.192,-19.173
Car A,2792,186.1333,9,21.032,1,21.203,-0.641,-0.757,5.9353,-0.1156,4.2922,1.0,1.0,24.991,19.044
Car B,2792,186.1333,9,1.988,1,1.988,-0.047,-0.047,5.9922,-0.0637,-0.5572,1.0,-0.1365,-3.024,-19.044
Car A,2793,186.2,9,21.426,1,21.575,-0.501,-0.707,5.9286,-0.0994,4.41,1.0,1.0,24.999,19.039
Car B,2793,186.2,9,2.387,1,2.387,-0.061,-0.061,5.9884,-0.058,-1.3012,0.952,0.0837,-3.412,-19.039
Car A,2794,186.2667,9,21.817,1,21.939,-0.342,-0.638,5.9225,-0.0929,4.5045,1.0,1.0,24.999,19.031
Car B,2794,186.2667,9,2.786,1,2.786,-0.075,-0.075,5.9807,-0.1149,-0.0866,0.9908,0.0519,2.084,-19.031
Car A,2795,186.3333,9,22.114,1,22.293,-0.164,-0.591,5.9168,-0.0847,4.5773,1.0,1.0,24.999,18.929
Car B,2795,186.3333,9,3.184,1,3.184,-0.079,-0.079,5.9732,-0.1119,0.5095,1.0,0.0104,1.294,-18.929
Car A,2796,186.4,9,22.507,1,22.638,0.032,-0.541,5.9116,-0.0778,4.6348,1.0,1.0,24.999,18.924
Car B,2796,186.4,9,3.584,1,3.584,-0.084,-0.084,6.0084,0.5279,0.1544,1.0,0.0318,0.26,-18.924
Car A,2797,186.4667,9,22.824,1,22.971,0.247,-0.477,5.9069,-0.0705,4.6812,1.0,1.0,24.999,18.84
Car B,2797,186.4667,9,3.984,1,3.984,-0.087,-0.087,6.0219,0.2015,0.3321,1.0,0.0269,0.78,-18.84
Car A,2798,186.5333,9,23.217,1,23.292,0.478,-0.447,5.9026,-0.0654,4.719,1.0,1.0,24.999,18.833
Car B,2798,186.5333,9,4.384,1,4.384,-0.089,-0.089,5.9842,-0.565,0.1604,1.0,0.0265,0.66,-18.833
Car A,2799,186.6,9,23.609,1,23.6,0.727,-0.396,5.8984,-0.0628,4.7464,1.0,1.0,24.999,18.826
Car B,2799,186.6,9,4.783,1,4.783,-0.091,-0.091,5.9886,0.0658,0.1341,1.0,0.0259,0.647,-18.826
Car A,2800,186.6667,9,23.944,1,23.893,0.991,-0.356,5.8946,-0.0574,4.7707,1.0,1.0,24.999,18.762
Car B,2800,186.6667,9,5.182,1,5.182,-0.092,-0.092,5.989,0.0059,0.1322,1.0,0.0236,0.633,-18.762
Car A,2801,186.7333,9,24.338,1,24.172,1.271,-0.324,5.8909,-0.0556,4.7885,1.0,1.0,24.999,18.757
Car B,2801,186.7333,9,5.581,1,5.581,-0.093,-0.093,5.9872,-0.0271,0.1399,1.0,0.0179,0.576,-18.757
Car A,2802,186.8,9,24.707,1,24.435,1.566,-0.271,5.8873,-0.0533,4.8018,1.0,1.0,24.999,18.727
Car B,2802,186.8,9,5.98,1,5.98,-0.093,-0.093,5.9854,-0.0267,0.1296,1.0,0.0114,0.442,-18.727
Car A,2803,186.8667,9,25.081,1,24.681,1.875,-0.257,5.8839,-0.0515,4.8129,1.0,1.0,24.999,18.702
Car B,2803,186.8667,9,6.38,1,6.38,-0.093,-0.093,5.9877,0.0342,0.0138,1.0,0.0122,0.286,-18.702
Car A,2804,186.9333,9,25.474,1,24.91,2.196,-0.223,5.8806,-0.0488,4.8221,1.0,1.0,24.999,18.695
Car B,2804,186.9333,9,6.779,1,6.779,-0.092,-0.092,5.9962,0.1279,0.0552,1.0,0.0092,0.298,-18.695
Car A,2805,187.0,9,25.836,1,25.121,2.529,-0.198,5.8774,-0.048,4.829,1.0,1.0,24.999,18.657
Car B,2805,187.0,9,7.179,1,7.179,-0.092,-0.092,6.0006,0.0665,0.145,1.0,0.0039,0.229,-18.657
Car A,2806,187.0667,9,26.23,1,25.313,2.873,-0.182,5.8743,-0.0463,4.8351,1.0,1.0,24.999,18.651
Car B,2806,187.0667,9,7.579,1,7.579,-0.091,-0.091,5.9982,-0.036,0.026,1.0,0.0055,0.097,-18.651
Car A,2807,187.1333,9,26.599,1,25.486,3.227,-0.148,5.8713,-0.0454,4.8394,1.0,1.0,24.999,18.62
Car B,2807,187.1333,9,7.979,1,7.979,-0.09,-0.09,6.0008,0.0384,0.0125,1.0,0.0055,0.134,-18.62
Car A,2808,187.2,9,26.992,1,25.638,3.59,-0.15,5.8683,-0.0443,4.8428,1.0,1.0,24.999,18.613
Car B,2808,187.2,9,8.379,1,8.379,-0.09,-0.09,5.999,-0.027,0.0023,1.0,0.005,0.135,-18.613
Car A,2809,187.2667,9,27.385,1,25.771,3.96,-0.131,5.8654,-0.0435,4.8452,1.0,0.7034,24.999,18.606
Car B,2809,187.2667,9,8.779,1,8.779,-0.089,-0.089,5.9988,-0.003,0.0033,1.0,0.0031,0.122,-18.606
Car A,2810,187.3333,9,27.76,1,25.883,4.337,-0.127,5.8682,0.0421,4.801,1.0,0.6045,17.594,18.581
Car B,2810,187.3333,9,9.179,1,9.179,-0.088,-0.088,6.0013,0.0385,0.029,1.0,0.0014,0.076,-18.581
Car A,2811,187.4,9,28.153,1,25.975,4.721,-0.127,5.8762,0.1186,4.757,1.0,-0.187,15.116,18.574
Car B,2811,187.4,9,9.579,1,9.579,-0.086,-0.086,6.0016,0.004,0.0143,1.0,0.0001,0.035,-18.574
Car A,2812,187.4667,9,28.529,1,26.055,5.107,-0.125,5.9112,0.5255,3.319,1.0,0.5198,-4.646,18.55
Car B,2812,187.4667,9,9.979,1,9.979,-0.085,-0.085,5.9994,-0.0334,0.0182,1.0,-0.0035,0.003,-18.55
Car A,2813,187.5333,9,28.921,1,26.133,5.494,-0.172,5.9195,0.1251,2.5524,1.0,0.1336,12.968,18.542
Car B,2813,187.5333,9,10.379,1,10.379,-0.084,-0.084,6.0009,0.0222,0.0042,1.0,-0.0011,-0.085,-18.542
Car A,2814,187.6,9,29.314,1,26.203,5.883,-0.212,5.9355,0.2399,1.479,1.0,0.009,3.354,18.535
Car B,2814,187.6,9,10.78,1,10.78,-0.084,-0.084,6.0044,0.0532,-0.0191,1.0,0.0022,-0.028,-18.535
Car A,2815,187.6667,9,29.687,1,26.283,6.272,-0.283,5.9635,0.4202,0.0944,1.0,0.2485,0.231,18.507
Car B,2815,187.6667,9,11.18,1,11.18,-0.083,-0.083,6.0029,-0.0219,0.0072,1.0,0.0028,0.051,-18.507
Car A,2816,187.7333,9,30.076,1,26.362,6.661,-0.362,5.9612,-0.0354,0.9279,1.0,0.1949,6.203,18.496
Car B,2816,187.7333,9,11.58,1,11.58,-0.082,-0.082,6.0011,-0.0278,0.0035,1.0,0.0048,0.067,-18.496
Car A,2817,187.8,9,30.468,1,26.429,7.053,-0.429,5.9612,0.0008,1.7034,1.0,0.1453,4.873,18.488
Car B,2817,187.8,9,11.98,1,11.98,-0.081,-0.081,6.002,0.0143,0.0076,1.0,0.0047,0.116,-18.488
Car A,2818,187.8667,9,30.861,1,26.488,7.446,-0.488,5.953,-0.1239,1.4202,1.0,0.104,3.633,18.481
Car B,2818,187.8667,9,12.38,1,12.38,-0.08,-0.08,5.999,-0.0463,0.023,1.0,-0.0006,0.114,-18.481
Car A,2819,187.9333,9,31.255,1,26.546,7.84,-0.546,5.9905,0.5635,0.9792,1.0,0.1135,2.601,18.475
Car B,2819,187.9333,9,12.78,1,12.78,-0.079,-0.079,5.9964,-0.0389,0.0392,1.0,-0.0112,-0.01,-18.475
Car A,2820,188.0,9,31.651,1,26.599,8.236,-0.599,5.9761,-0.217,1.1023,1.0,0.0959,2.834,18.471
Car B,2820,188.0,9,13.18,1,13.18,-0.078,-0.078,5.9992,0.0419,-0.1109,1.0,-0.0133,-0.271,-18.471
Car A,2821,188.0667,9,32.048,1,26.649,8.633,-0.649,5.9959,0.2974,0.965,1.0,0.0989,2.398,18.468
Car B,2821,188.0667,9,13.58,1,13.58,-0.078,-0.078,5.9976,-0.0229,-0.0597,1.0,-0.0401,-0.324,-18.468
Car A,2822,188.1333,9,32.447,1,26.695,9.032,-0.695,6.0594,0.9519,0.9831,1.0,0.11,2.468,18.468
Car B,2822,188.1333,9,13.98,1,13.98,-0.081,-0.081,5.9738,-0.3572,-0.3887,1.0,-0.0175,-0.982,-18.468
Car A,2823,188.2,9,32.849,1,26.735,9.434,-0.735,6.0736,0.214,1.0992,1.0,0.1054,2.744,18.471
Car B,2823,188.2,9,14.378,1,14.378,-0.084,-0.084,5.9836,0.1464,-0.1875,1.0,-0.0553,-0.436,-18.471
Car A,2824,188.2667,9,33.253,1,26.772,9.838,-0.772,6.0753,0.0245,1.0531,1.0,0.1008,2.622,18.475
Car B,2824,188.2667,9,14.777,1,14.777,-0.09,-0.09,5.9881,0.067,-0.5258,1.0,0.0111,-1.379,-18.475
Car A,2825,188.3333,9,33.656,1,26.804,10.24,-0.804,6.044,-0.4695,0.9841,1.0,0.0438,2.52,18.479
Car B,2825,188.3333,9,15.177,1,15.177,-0.096,-0.096,5.9983,0.1539,0.1103,1.0,0.0802,0.267,-18.479
Car A,2826,188.4,9,34.056,1,26.836,10.641,-0.836,6.0335,-0.1565,0.3322,1.0,0.1152,1.081,18.48
Car B,2826,188.4,9,15.576,1,15.576,-0.095,-0.095,6.0017,0.0513,0.7692,1.0,-0.033,2.003,-18.48
Car A,2827,188.4667,9,34.457,1,26.865,11.042,-0.865,6.0291,-0.0671,1.0108,1.0,0.3484,2.876,18.481
Car B,2827,188.4667,9,15.977,1,15.977,-0.093,-0.093,6.0006,-0.0172,-0.237,1.0,0.8073,-0.82,-18.481
Car A,2828,188.5333,9,34.859,1,26.883,11.444,-0.883,6.0194,-0.1446,1.7561,1.0,0.0382,8.701,18.482
Car B,2828,188.5333,9,16.376,1,16.376,-0.091,-0.091,6.0018,0.0183,0.4369,1.0,0.7232,20.151,-18.482
Car A,2829,188.6,9,35.26,1,26.895,11.845,-0.895,6.0269,0.112,0.6109,1.0,1.0,0.967,18.484
Car B,2829,188.6,9,16.776,1,16.776,-0.076,-0.076,5.9883,-0.2031,1.6324,1.0,0.1002,18.084,-18.484
Car A,2830,188.6667,9,35.661,1,26.905,12.246,-0.905,6.0231,-0.0571,1.1051,1.0,1.0,24.964,18.487
Car B,2830,188.6667,9,17.175,1,17.175,-0.055,-0.055,6.018,0.4461,0.9218,1.0,0.8068,2.527,-18.487
Car A,2831,188.7333,9,36.063,1,26.903,12.647,-0.903,6.0037,-0.29,2.1419,1.0,0.806,25.0,18.488
Car B,2831,188.7333,9,17.575,1,17.575,-0.028,-0.028,6.0162,-0.0274,1.333,1.0,0.064,20.144,-18.488
Car A,2832,188.8,9,36.462,1,26.883,13.047,-0.883,5.9925,-0.1687,2.7266,1.0,1.0,20.158,18.488
Car B,2832,188.8,9,17.974,1,17.974,0.004,0.004,6.0146,-0.0231,0.9289,0.8749,0.0933,1.628,-18.488
Car A,2833,188.8667,9,36.861,1,26.847,13.446,-0.847,5.9796,-0.1937,3.2204,1.0,0.6937,24.992,18.497
Car B,2833,188.8667,9,18.364,1,18.364,0.036,0.036,5.7916,-3.3454,0.8371,1.0,-0.0667,2.332,-18.497
Car A,2834,188.9333,9,37.256,1,26.793,13.841,-0.793,5.9716,-0.1192,3.5565,1.0,1.0,17.354,18.507
Car B,2834,188.9333,9,18.749,1,18.749,0.066,0.066,5.8014,0.1464,-0.1851,1.0,-0.1361,-1.662,-18.507
Car A,2835,189.0,9,37.591,1,26.72,14.234,-0.736,5.9611,-0.1577,3.8534,1.0,0.7972,24.988,18.455
Car B,2835,189.0,9,19.136,1,19.136,0.084,0.084,5.8219,0.3082,-1.1092,1.0,1.0,-3.399,-18.455
Car A,2836,189.0667,9,37.985,1,26.628,14.622,-0.675,5.9549,-0.0939,4.0593,1.0,0.5776,19.936,18.462
Car B,2836,189.0667,9,19.523,1,19.524,0.103,0.103,5.8225,0.0089,-0.0455,1.0,1.0,24.957,-18.462
Car A,2837,189.1333,9,38.357,1,26.517,15.004,-0.594,5.9528,-0.0316,4.2,1.0,1.0,14.448,18.446
Car B,2837,189.1333,9,19.91,1,19.91,0.131,0.131,5.8118,-0.1603,1.168,1.0,1.0,25.0,-18.446
Car A,2838,189.2,9,38.679,1,26.387,15.381,-0.552,5.9448,-0.1187,4.3354,1.0,1.0,24.983,18.371
Car B,2838,189.2,9,20.308,1,20.295,0.175,0.152,5.8007,-0.1663,1.9719,1.0,1.0,25.0,-18.371
Car A,2839,189.2667,9,39.073,1,26.238,15.75,-0.493,5.9383,-0.0984,4.4444,1.0,1.0,24.999,18.379
Car B,2839,189.2667,9,20.694,1,20.677,0.235,0.181,5.7893,-0.1714,2.5986,1.0,1.0,25.0,-18.379
Car A,2840,189.3333,9,39.396,1,26.071,16.111,-0.435,5.9321,-0.0923,4.5302,1.0,1.0,24.999,18.284
Car B,2840,189.3333,9,21.111,1,21.056,0.311,0.203,5.7788,-0.1571,3.0901,1.0,1.0,25.0,-18.284
Car A,2841,189.4,9,39.791,1,25.884,16.461,-0.397,5.9265,-0.0845,4.5995,1.0,1.0,24.999,18.294
Car B,2841,189.4,9,21.497,1,21.431,0.405,0.207,5.7694,-0.1417,3.4734,1.0,1.0,25.0,-18.294
Car A,2842,189.4667,9,40.184,1,25.679,16.802,-0.338,5.9213,-0.0774,4.6534,1.0,1.0,24.999,18.266
Car B,2842,189.4667,9,21.918,1,21.8,0.516,0.227,5.7613,-0.1216,3.773,1.0,1.0,25.0,-18.266
Car A,2843,189.5333,9,40.528,1,25.457,17.13,-0.307,5.9166,-0.0712,4.696,1.0,1.0,24.999,18.225
Car B,2843,189.5333,9,22.303,1,22.163,0.646,0.208,5.7545,-0.1021,4.0068,1.0,1.0,25.0,-18.225
Car A,2844,189.6,9,40.922,1,25.217,17.446,-0.267,5.9121,-0.0674,4.7299,1.0,1.0,24.999,18.234
Car B,2844,189.6,9,22.688,1,22.518,0.795,0.209,5.7488,-0.0856,4.1865,1.0,1.0,25.0,-18.234
Car A,2845,189.6667,9,41.28,1,24.961,17.748,-0.225,5.908,-0.062,4.7561,1.0,1.0,24.999,18.174
Car B,2845,189.6667,9,23.106,1,22.865,0.962,0.188,5.744,-0.0714,4.3268,1.0,1.0,24.999,-18.174
Car A,2846,189.7333,9,41.675,1,24.689,18.036,-0.205,5.904,-0.0599,4.7766,1.0,1.0,24.999,18.185
Car B,2846,189.7333,9,23.49,1,23.203,1.146,0.17,5.74,-0.0599,4.4372,1.0,1.0,24.999,-18.185
Car A,2847,189.8,9,42.069,1,24.402,18.308,-0.164,5.9001,-0.0574,4.7926,1.0,1.0,24.999,18.169
Car B,2847,189.8,9,23.9,1,23.53,1.349,0.152,5.7367,-0.0497,4.5249,1.0,1.0,24.999,-18.169
Car A,2848,189.8667,9,42.44,1,24.101,18.564,-0.153,5.8966,-0.054,4.8063,1.0,1.0,24.999,18.156
Car B,2848,189.8667,9,24.283,1,23.845,1.569,0.115,5.734,-0.0409,4.596,1.0,1.0,24.999,-18.156
Car A,2849,189.9333,9,42.834,1,23.786,18.804,-0.13,5.893,-0.0535,4.8175,1.0,1.0,24.999,18.167
Car B,2849,189.9333,9,24.667,1,24.148,1.806,0.099,5.7316,-0.035,4.6495,1.0,1.0,24.999,-18.167
Car A,2850,190.0,9,43.211,1,23.459,19.025,-0.11,5.8895,-0.0517,4.8239,1.0,1.0,24.999,18.148
Car B,2850,190.0,9,25.064,1,24.437,2.06,0.048,5.7297,-0.0292,4.6945,1.0,1.0,24.999,-18.148
Car A,2851,190.0667,9,43.606,1,23.12,19.228,-0.107,5.8863,-0.0489,4.8298,1.0,1.0,24.999,18.159
Car B,2851,190.0667,9,25.447,1,24.712,2.329,0.014,5.7281,-0.0244,4.7303,1.0,1.0,24.999,-18.159
Car A,2852,190.1333,9,44.0,1,22.771,19.412,-0.081,5.883,-0.0488,4.8342,1.0,0.7865,24.999,18.171
Car B,2852,190.1333,9,25.829,1,24.971,2.612,-0.027,5.7266,-0.0217,4.7572,1.0,1.0,24.999,-18.171
Car A,2853,190.2,9,44.382,1,22.413,19.577,-0.094,5.8832,0.0022,4.8079,1.0,1.0,19.671,18.172
Car B,2853,190.2,9,26.209,1,25.214,2.91,-0.078,5.7254,-0.018,4.7794,1.0,1.0,24.999,-18.172
Car A,2854,190.2667,9,44.776,2,22.046,19.722,-0.088,5.8797,-0.0516,4.8527,1.0,0.9334,24.991,18.185
Car B,2854,190.2667,9,26.591,1,25.44,3.221,-0.109,5.7244,-0.0159,4.7977,1.0,1.0,24.999,-18.185
Car A,2855,190.3333,9,45.157,2,21.672,19.847,-0.094,5.8775,-0.0338,4.8336,1.0,0.8656,23.337,18.204
Car B,2855,190.3333,9,26.953,1,25.648,3.544,-0.176,5.7234,-0.0144,4.8099,1.0,1.0,24.999,-18.204
Car A,2856,190.4,9,45.551,2,21.292,19.95,-0.106,5.8756,-0.0275,4.8245,1.0,0.2575,21.641,18.216
Car B,2856,190.4,9,27.335,1,25.837,3.878,-0.223,5.7226,-0.0124,4.8222,1.0,1.0,24.999,-18.216
Car A,2857,190.4667,9,45.929,2,20.908,20.041,-0.112,5.9213,0.6851,3.0323,1.0,0.9513,6.46,18.252
Car B,2857,190.4667,9,27.676,1,26.007,4.222,-0.275,5.7218,-0.0112,4.8311,1.0,1.0,24.999,-18.252
Car A,2858,190.5333,9,46.32,2,20.522,20.129,-0.169,5.9224,0.0162,2.7773,1.0,0.7625,23.757,18.265
Car B,2858,190.5333,9,28.055,1,26.158,4.575,-0.339,5.7211,-0.0103,4.838,1.0,1.0,24.999,-18.265
Car A,2859,190.6,9,46.713,2,20.133,20.198,-0.208,5.9031,-0.2894,3.4791,1.0,0.508,19.069,18.276
Car B,2859,190.6,9,28.437,1,26.288,4.937,-0.381,5.7205,-0.0095,4.8438,1.0,1.0,24.999,-18.276
Car A,2860,190.6667,9,47.088,2,19.742,20.25,-0.25,5.9025,-0.0098,3.7341,1.0,0.6256,12.709,18.335
Car B,2860,190.6667,9,28.753,1,26.398,5.304,-0.451,5.7199,-0.0086,4.8484,1.0,1.0,24.999,-18.335
Car A,2861,190.7333,9,47.482,2,19.348,20.283,-0.283,5.8977,-0.0717,3.9664,1.0,0.4271,15.634,18.35
Car B,2861,190.7333,9,29.132,1,26.487,5.678,-0.511,5.7193,-0.009,4.8515,1.0,1.0,24.999,-18.35
Car A,2862,190.8,9,47.878,2,18.952,20.299,-0.299,5.9484,0.7612,3.7266,1.0,0.1259,10.684,18.407
Car B,2862,190.8,9,29.471,1,26.554,6.056,-0.554,5.7188,-0.0076,4.8546,1.0,1.0,24.999,-18.407
Car A,2863,190.8667,9,48.276,2,18.554,20.308,-0.308,5.9779,0.4424,2.0845,1.0,-0.1102,3.16,18.424
Car B,2863,190.8667,9,29.852,1,26.6,6.437,-0.6,5.7183,-0.0079,4.8562,1.0,1.0,24.999,-18.424
Car A,2864,190.9333,9,48.675,2,18.155,20.327,-0.327,5.9911,0.1975,0.4088,1.0,0.1024,-2.745,18.44
Car B,2864,190.9333,9,30.235,1,26.625,6.82,-0.625,5.7178,-0.0072,4.8575,1.0,1.0,24.999,-18.44
Car A,2865,191.0,9,49.074,2,17.756,20.348,-0.348,5.9892,-0.0285,0.8791,1.0,0.0973,2.552,18.455
Car B,2865,191.0,9,30.619,1,26.627,7.203,-0.627,5.7173,-0.0074,4.8589,1.0,1.0,24.999,-18.455
Car A,2866,191.0667,9,49.474,2,17.356,20.362,-0.362,6.0234,0.5128,0.9409,1.0,0.096,2.432,18.472
Car B,2866,191.0667,9,31.002,1,26.608,7.587,-0.608,5.7168,-0.0072,4.8601,1.0,1.0,24.999,-18.472
Car A,2867,191.1333,9,49.873,2,16.957,20.371,-0.371,5.9806,-0.6415,0.9468,1.0,0.0704,2.398,18.49
Car B,2867,191.1333,9,31.383,1,26.568,7.968,-0.568,5.7164,-0.0065,4.8596,1.0,0.6646,24.999,-18.49
Car A,2868,191.2,9,50.27,2,16.56,20.379,-0.379,5.9469,-0.5057,0.43,1.0,0.0863,1.737,18.508
Car B,2868,191.2,9,31.762,1,26.505,8.347,-0.505,5.7318,0.2309,4.7866,1.0,-0.0483,16.628,-18.508
Car A,2869,191.2667,9,50.668,2,16.162,20.383,-0.383,5.9728,0.3891,0.8277,1.0,0.0056,2.157,18.528
Car B,2869,191.2667,9,32.14,1,26.431,8.725,-0.431,5.7762,0.6668,3.0629,1.0,-0.1746,-1.18,-18.528
Car A,2870,191.3333,9,51.067,2,15.764,20.389,-0.389,5.996,0.3472,0.0532,1.0,0.0939,0.147,18.545
Car B,2870,191.3333,9,32.521,1,26.363,9.106,-0.363,5.8028,0.3991,1.1296,1.0,-0.1908,-4.361,-18.545
Car A,2871,191.4,9,51.466,2,15.364,20.392,-0.392,5.9948,-0.0179,0.8548,1.0,-0.0577,2.342,18.562
Car B,2871,191.4,9,32.904,1,26.306,9.489,-0.306,5.8111,0.1238,-0.2046,1.0,-0.2118,-4.769,-18.562
Car A,2872,191.4667,9,51.866,2,14.964,20.393,-0.393,5.9945,-0.0037,-0.1639,1.0,0.0929,-1.437,18.577
Car B,2872,191.4667,9,33.289,1,26.261,9.874,-0.261,5.8138,0.0411,-1.1772,1.0,-0.1868,-5.293,-18.577
Car A,2873,191.5333,9,52.265,2,14.565,20.397,-0.397,5.9919,-0.0392,0.5092,1.0,0.0097,2.316,18.589
Car B,2873,191.5333,9,33.677,1,26.229,10.262,-0.229,5.8453,0.4715,-1.6881,1.0,-0.0795,-4.67,-18.589
Car A,2874,191.6,9,52.665,2,14.165,20.397,-0.397,6.0059,0.2094,0.0934,1.0,0.0793,0.251,18.597
Car B,2874,191.6,9,34.068,1,26.198,10.653,-0.198,5.9077,0.9366,-0.7574,1.0,-0.1313,-1.985,-18.597
Car A,2875,191.6667,9,53.065,2,13.765,20.395,-0.395,6.0128,0.1037,0.7687,1.0,-0.1356,1.98,18.604
Car B,2875,191.6667,9,34.461,1,26.171,11.046,-0.171,5.9313,0.3538,-1.2082,0.8805,-0.0408,-3.279,-18.604
Car A,2876,191.7333,9,53.466,2,13.364,20.392,-0.392,6.0128,0.0005,-0.2716,1.0,0.0912,-3.381,18.616
Car B,2876,191.7333,9,34.851,1,26.146,11.435,-0.146,5.8011,-1.9532,-0.4111,0.907,-0.1424,-1.024,-18.616
Car A,2877,191.8,9,53.867,2,12.963,20.393,-0.393,6.0127,-0.0011,0.4402,1.0,0.0169,2.271,18.634
Car B,2877,191.8,9,35.233,1,26.124,11.818,-0.124,5.7277,-1.1002,-1.0805,0.896,-0.0938,-3.556,-18.634
Car A,2878,191.8667,9,54.268,2,12.562,20.388,-0.388,6.0213,0.1279,0.237,1.0,0.074,0.424,18.659
Car B,2878,191.8667,9,35.609,1,26.108,12.194,-0.108,5.5778,-2.2494,-0.7828,1.0,1.0,-2.347,-18.659
Car A,2879,191.9333,9,54.669,2,12.161,20.381,-0.381,6.0265,0.0777,0.7297,1.0,-0.1001,1.847,18.689
Car B,2879,191.9333,9,35.981,1,26.088,12.566,-0.088,5.5814,0.0537,0.0917,1.0,0.9637,24.959,-18.689
Car A,2880,192.0,9,55.071,2,11.759,20.374,-0.374,6.026,-0.0069,-0.292,1.0,0.0889,-2.497,18.72
Car B,2880,192.0,9,36.351,1,26.058,12.936,-0.058,5.5756,-0.0868,1.1946,1.0,1.0,24.092,-18.72
Car A,2881,192.0667,9,55.473,2,11.358,20.371,-0.371,6.0237,-0.0348,0.4011,1.0,-0.0368,2.216,18.752
Car B,2881,192.0667,9,36.72,1,26.013,13.305,-0.013,5.5672,-0.1261,1.9657,1.0,1.0,24.998,-18.752
Car A,2882,192.1333,9,55.874,2,10.956,20.364,-0.364,6.0143,-0.1411,-0.3236,1.0,0.0817,-0.914,18.787
Car B,2882,192.1333,9,37.087,1,25.953,13.672,0.047,5.5592,-0.1195,2.5676,1.0,-0.0709,25.0,-18.787
Car A,2883,192.2,9,56.275,2,10.555,20.358,-0.358,6.0129,-0.021,0.538,1.0,-0.1572,2.038,18.814
Car B,2883,192.2,9,37.461,1,25.885,14.037,0.112,5.5777,0.2769,1.5302,1.0,1.0,-1.732,-18.814
Car A,2884,192.2667,9,56.675,2,10.155,20.35,-0.35,6.0096,-0.0491,-0.3373,1.0,0.0573,-3.92,18.845
Car B,2884,192.2667,9,37.83,1,25.815,14.402,0.152,5.5718,-0.0874,1.4884,1.0,0.9576,24.96,-18.845
Car A,2885,192.3333,9,57.076,2,9.754,20.345,-0.345,6.0095,-0.001,0.3931,1.0,-0.161,1.423,18.877
Car B,2885,192.3333,9,38.198,1,25.734,14.765,0.205,5.5624,-0.1421,2.3106,1.0,0.9148,23.942,-18.877
Car A,2886,192.4,9,57.476,2,9.354,20.339,-0.339,6.006,-0.0535,-0.4559,1.0,0.0596,-4.017,18.873
Car B,2886,192.4,9,38.604,1,25.636,15.123,0.239,5.5555,-0.1036,2.8347,1.0,1.0,22.871,-18.873
Car A,2887,192.4667,9,57.877,2,8.954,20.335,-0.335,6.0068,0.0132,0.3107,1.0,-0.1579,1.482,18.903
Car B,2887,192.4667,9,38.974,1,25.522,15.476,0.268,5.5483,-0.1069,3.2701,1.0,1.0,24.996,-18.903
Car A,2888,192.5333,9,58.277,2,8.553,20.33,-0.33,6.002,-0.0734,-0.5047,1.0,0.0599,-3.938,18.886
Car B,2888,192.5333,9,39.39,1,25.39,15.823,0.304,5.5425,-0.0878,3.5979,1.0,1.0,25.0,-18.886
Car A,2889,192.6,9,58.677,2,8.153,20.328,-0.328,6.002,0.0008,0.2998,1.0,-0.1602,1.488,18.916
Car B,2889,192.6,9,39.761,1,25.241,16.163,0.312,5.5379,-0.0691,3.863,1.0,1.0,25.0,-18.916
Car A,2890,192.6667,9,59.077,2,7.753,20.324,-0.324,5.9986,-0.051,-0.4672,1.0,0.0395,-3.997,18.945
Car B,2890,192.6667,9,40.131,1,25.074,16.494,0.34,5.5344,-0.0525,4.0729,1.0,1.0,24.999,-18.945
Car A,2891,192.7333,9,59.477,2,7.353,20.323,-0.323,5.9983,-0.0042,0.296,1.0,-0.1607,0.979,18.92
Car B,2891,192.7333,9,40.557,1,24.889,16.816,0.342,5.532,-0.0351,4.2344,1.0,1.0,24.999,-18.92
Car A,2892,192.8,9,59.877,2,6.954,20.321,-0.321,5.9975,-0.0121,-0.5703,1.0,0.0642,-4.01,18.949
Car B,2892,192.8,9,40.928,1,24.687,17.127,0.351,5.5306,-0.0211,4.3618,1.0,1.0,24.999,-18.949
Car A,2893,192.8667,9,60.276,2,6.554,20.322,-0.322,5.9977,0.0032,0.2339,1.0,-0.1415,1.595,18.921
Car B,2893,192.8667,9,41.356,1,24.468,17.427,0.359,5.5299,-0.0108,4.4627,1.0,1.0,24.999,-18.921
Car A,2894,192.9333,9,60.676,2,6.154,20.321,-0.321,5.9944,-0.0496,-0.4803,1.0,0.0573,-3.53,18.949
Car B,2894,192.9333,9,41.727,1,24.233,17.714,0.351,5.5298,-0.0008,4.5469,1.0,1.0,24.999,-18.949
Car A,2895,193.0,9,61.076,2,5.755,20.323,-0.323,5.9948,0.0055,0.2972,1.0,-0.1489,1.426,18.921
Car B,2895,193.0,9,42.155,1,23.981,17.987,0.364,5.5303,0.0069,4.6115,1.0,1.0,24.999,-18.921
Car A,2896,193.0667,9,61.475,2,5.355,20.323,-0.323,5.9916,-0.0474,-0.4787,1.0,0.0626,-3.715,18.949
Car B,2896,193.0667,9,42.526,1,23.715,18.245,0.341,5.5311,0.0123,4.6633,1.0,1.0,24.999,-18.949
Car A,2897,193.1333,9,61.875,2,4.956,20.326,-0.326,5.9926,0.0148,0.305,1.0,-0.1539,1.556,18.977
Car B,2897,193.1333,9,42.897,1,23.434,18.488,0.338,5.5324,0.019,4.7066,1.0,1.0,24.999,-18.977
Car A,2898,193.2,9,62.274,2,4.556,20.326,-0.326,5.9889,-0.0552,-0.4679,1.0,0.0661,-3.839,18.952
Car B,2898,193.2,9,43.322,1,23.139,18.715,0.321,5.5339,0.022,4.7402,1.0,1.0,24.999,-18.952
Car A,2899,193.2667,9,62.673,2,4.157,20.33,-0.33,5.9898,0.0121,0.3105,1.0,-0.1474,1.645,18.98
Car B,2899,193.2667,9,43.693,1,22.832,18.924,0.303,5.5355,0.0249,4.7682,1.0,1.0,24.999,-18.98
Car A,2900,193.3333,9,63.072,2,3.758,20.331,-0.331,5.9869,-0.0432,-0.4557,1.0,0.0688,-3.678,18.96
Car B,2900,193.3333,9,44.112,1,22.513,19.116,0.293,5.5374,0.0281,4.7901,1.0,1.0,24.999,-18.96
Car A,2901,193.4,9,63.471,2,3.359,20.336,-0.336,5.9875,0.0094,0.3284,1.0,-0.1434,1.71,18.989
Car B,2901,193.4,9,44.483,1,22.184,19.288,0.26,5.5393,0.0287,4.806,1.0,1.0,24.999,-18.989
Car A,2902,193.4667,9,63.87,2,2.96,20.337,-0.337,5.985,-0.0376,-0.4531,1.0,0.0664,-3.576,19.016
Car B,2902,193.4667,9,44.855,2,21.845,19.441,0.248,5.5414,0.0318,4.8195,1.0,1.0,24.999,-19.016
Car A,2903,193.5333,9,64.269,2,2.561,20.343,-0.343,5.9851,0.0011,0.3162,1.0,-0.1339,1.653,19.005
Car B,2903,193.5333,9,45.264,2,21.497,19.575,0.211,5.5435,0.0312,4.8298,1.0,1.0,24.999,-19.005
Car A,2904,193.6,9,64.668,2,2.162,20.345,-0.345,5.9828,-0.0341,-0.4311,1.0,0.0685,-3.34,19.033
Car B,2904,193.6,9,45.635,2,21.142,19.688,0.184,5.5456,0.032,4.8383,1.0,1.0,24.999,-19.033
Car A,2905,193.6667,9,65.067,2,1.763,20.351,-0.351,5.9837,0.014,0.3196,1.0,-0.1287,1.705,19.033
Car B,2905,193.6667,9,46.034,2,20.781,19.78,0.158,5.5478,0.0324,4.8467,1.0,1.0,24.999,-19.033
Car A,2906,193.7333,9,65.466,2,1.365,20.354,-0.354,5.9818,-0.0292,-0.4305,1.0,0.0716,-3.21,19.061
Car B,2906,193.7333,9,46.405,2,20.415,19.851,0.116,5.55,0.0326,4.8521,1.0,1.0,24.999,-19.061
Car A,2907,193.8,9,65.864,2,0.966,20.361,-0.361,5.9816,-0.0033,0.3313,1.0,-0.135,1.781,19.087
Car B,2907,193.8,9,46.777,2,20.045,19.901,0.096,5.5521,0.0324,4.8561,1.0,1.0,24.999,-19.087
Car A,2908,193.8667,9,66.263,2,0.567,20.364,-0.364,5.9795,-0.0311,-0.4314,1.0,0.07,-3.367,19.106
Car B,2908,193.8667,9,47.157,2,19.674,19.929,0.071,5.5544,0.0337,4.8602,1.0,1.0,24.999,-19.106
Car A,2909,193.9333,9,66.661,2,0.169,20.371,-0.371,5.9804,0.0136,0.3384,1.0,-0.1413,1.743,19.132
Car B,2909,193.9333,9,47.53,2,19.3,19.935,0.065,5.5565,0.0318,4.8629,1.0,1.0,24.999,-19.132
Car A,2910,194.0,9,67.06,2,-0.23,20.376,-0.376,5.9791,-0.0191,-0.4275,1.0,0.0648,-3.523,19.157
Car B,2910,194.0,9,47.903,2,18.927,19.92,0.08,5.5587,0.0325,4.8652,1.0,0.0079,24.999,-19.157
Car A,2911,194.0667,9,67.459,2,-0.628,20.383,-0.383,5.979,-0.0017,0.3268,1.0,-0.1668,1.612,19.183
Car B,2911,194.0667,9,48.276,2,18.554,19.891,0.109,5.6035,0.6718,3.4203,1.0,-0.2808,0.234,-19.183
Car A,2912,194.1333,9,67.857,2,-1.027,20.388,-0.388,5.9772,-0.0277,-0.4486,1.0,0.0468,-4.161,19.206
Car B,2912,194.1333,9,48.651,2,18.179,19.868,0.132,5.6398,0.5444,1.2879,1.0,-0.3883,-7.008,-19.206
Car A,2913,194.2,9,68.255,2,-1.425,20.397,-0.397,5.9799,0.0407,0.3195,1.0,-0.1889,1.163,19.228
Car B,2913,194.2,9,49.027,2,17.803,19.857,0.143,5.6496,0.1483,-0.05,1.0,-0.2892,-9.702,-19.228
Car A,2914,194.2667,9,68.654,2,-1.824,20.404,-0.404,5.9779,-0.029,-0.5533,1.0,0.0586,-4.714,19.25
Car B,2914,194.2667,9,49.404,2,17.426,19.857,0.143,5.6545,0.0723,-1.039,1.0,-0.2102,-7.233,-19.25
Car A,2915,194.3333,9,69.052,2,-2.222,20.415,-0.415,5.9797,0.0262,0.2475,1.0,-0.1891,1.454,19.27
Car B,2915,194.3333,9,49.782,2,17.048,19.87,0.13,5.6888,0.5147,-1.652,0.9452,-0.1847,-5.259,-19.27
Car A,2916,194.4,9,69.451,2,-2.621,20.423,-0.423,5.9766,-0.0467,-0.502,1.0,0.0444,-4.719,19.289
Car B,2916,194.4,9,50.162,2,16.668,19.892,0.108,5.7027,0.209,-1.6292,0.9318,-0.1429,-4.617,-19.289
Car A,2917,194.4667,9,69.849,2,-3.019,20.435,-0.435,5.9791,0.0378,0.2798,1.0,-0.1952,1.101,19.31
Car B,2917,194.4667,9,50.539,2,16.291,19.918,0.082,5.6758,-0.4039,-1.2431,0.9594,0.0758,-3.572,-19.31
Car A,2918,194.5333,9,70.247,2,-3.417,20.445,-0.445,5.9774,-0.0254,-0.5721,1.0,0.0563,-4.871,19.33
Car B,2918,194.5333,9,50.917,2,15.913,19.942,0.058,5.6826,0.1016,-0.1022,1.0,0.2606,1.886,-19.33
Car A,2919,194.6,9,70.646,2,-3.815,20.459,-0.459,5.979,0.0238,0.2364,1.0,-0.188,1.399,19.349
Car B,2919,194.6,9,51.296,2,15.534,19.954,0.046,5.6906,0.1211,0.949,1.0,0.0615,6.508,-19.349
Car A,2920,194.6667,9,71.044,2,-4.214,20.471,-0.471,5.9767,-0.0338,-0.5045,1.0,0.0292,-4.691,19.366
Car B,2920,194.6667,9,51.677,2,15.153,19.961,0.039,5.758,1.0111,0.5451,0.9915,-0.1068,1.544,-19.366
Car A,2921,194.7333,9,71.442,2,-4.612,20.486,-0.486,5.9816,0.0735,0.2527,1.0,-0.2262,0.72,19.381
Car B,2921,194.7333,9,52.061,2,14.769,19.972,0.028,5.7636,0.0832,-0.379,0.9477,0.0312,-2.663,-19.381
Car A,2922,194.8,9,71.841,2,-5.01,20.501,-0.501,5.9806,-0.0158,-0.6563,1.0,0.0431,-5.645,19.396
Car B,2922,194.8,9,52.445,2,14.385,19.987,0.013,5.7386,-0.3743,0.2647,0.9882,0.0583,0.774,-19.396
Car A,2923,194.8667,9,72.239,2,-5.409,20.519,-0.519,5.984,0.0505,0.1806,1.0,-0.2262,1.067,19.407
Car B,2923,194.8667,9,52.832,2,13.999,19.994,0.006,5.8437,1.5763,0.5548,0.997,-0.0826,1.448,-19.407
Car A,2924,194.9333,9,72.637,2,-5.807,20.536,-0.536,5.9794,-0.0681,-0.6293,1.0,0.0072,-5.645,19.416
Car B,2924,194.9333,9,53.221,2,13.609,20.004,-0.004,5.8503,0.0984,-0.3922,0.9406,0.0532,-2.059,-19.416
Car A,2925,195.0,9,73.036,2,-6.205,20.557,-0.557,5.9939,0.2168,0.0887,1.0,-0.1332,0.166,19.426
Car B,2925,195.0,9,53.61,2,13.22,20.017,-0.017,5.8195,-0.4612,0.3546,0.9864,0.0456,1.324,-19.426
Car A,2926,195.0667,9,73.435,2,-6.604,20.578,-0.578,5.9924,-0.0215,-0.7621,1.0,0.0075,-3.324,19.434
Car B,2926,195.0667,9,54.001,2,12.829,20.023,-0.023,5.8861,0.9988,0.2124,0.9821,-0.004,1.124,-19.434
Car A,2927,195.1333,9,73.833,2,-7.003,20.604,-0.604,5.9967,0.0644,0.0703,1.0,-0.1346,0.18,19.44
Car B,2927,195.1333,9,54.393,2,12.437,20.032,-0.032,5.8872,0.0172,-0.0627,0.9718,0.0399,-0.087,-19.44
Car A,2928,195.2,9,74.232,2,-7.402,20.629,-0.629,5.9945,-0.034,-0.8068,1.0,-0.0085,-3.358,19.448
Car B,2928,195.2,9,54.785,2,12.045,20.038,-0.038,5.8672,-0.3008,0.3857,1.0,-0.0386,0.977,-19.448
Car A,2929,195.2667,9,74.631,2,-7.801,20.658,-0.658,6.0006,0.0918,-0.0885,1.0,-0.0944,-0.223,19.454
Car B,2929,195.2667,9,55.177,2,11.653,20.046,-0.046,5.9159,0.7314,-0.3594,0.9803,0.0774,-0.961,-19.454
Car A,2930,195.3333,9,75.03,2,-8.2,20.689,-0.689,5.9987,-0.0276,-0.8701,1.0,-0.0101,-2.357,19.458
Car B,2930,195.3333,9,55.571,2,11.259,20.054,-0.054,5.9137,-0.0344,0.5286,1.0,-0.0075,1.93,-19.458
Car A,2931,195.4,9,75.428,2,-8.598,20.722,-0.722,6.0003,0.0239,-0.0963,1.0,-0.0924,-0.256,19.462
Car B,2931,195.4,9,55.966,2,10.864,20.058,-0.058,5.9597,0.6912,-0.064,1.0,0.0271,-0.184,-19.462
Car A,2932,195.4667,9,75.826,2,-8.996,20.757,-0.757,5.9933,-0.1056,-0.8458,1.0,0.0176,-2.306,19.462
Car B,2932,195.4667,9,56.365,2,10.466,20.063,-0.063,5.9769,0.2582,0.3144,1.0,0.0027,0.662,-19.462
Car A,2933,195.5333,9,76.224,2,-9.394,20.794,-0.794,5.9975,0.0637,0.1556,1.0,-0.0912,0.435,19.461
Car B,2933,195.5333,9,56.764,2,10.066,20.068,-0.068,6.0026,0.3843,0.0953,1.0,0.0724,0.069,-19.461
Car A,2934,195.6,9,76.623,2,-9.792,20.83,-0.83,5.9945,-0.0448,-0.7173,1.0,0.0907,-2.275,19.459
Car B,2934,195.6,9,57.164,2,9.666,20.07,-0.07,6.0085,0.0891,0.6951,1.0,-0.0023,1.808,-19.459
Car A,2935,195.6667,9,77.02,2,-10.19,20.868,-0.868,5.9933,-0.0181,0.2112,1.0,-0.0271,2.26,19.456
Car B,2935,195.6667,9,57.564,2,9.266,20.07,-0.07,6.0025,-0.0905,-0.0286,1.0,0.1247,-0.05,-19.456
Car A,2936,195.7333,9,77.418,2,-10.588,20.903,-0.903,5.9986,0.0792,-0.2715,1.0,0.124,-0.67,19.454
Car B,2936,195.7333,9,57.965,2,8.866,20.068,-0.068,6.0005,-0.0295,0.8758,1.0,-0.0421,3.112,-19.454
Car A,2937,195.8,9,77.817,2,-10.987,20.938,-0.938,5.9976,-0.0146,0.5618,1.0,-0.044,3.094,19.452
Car B,2937,195.8,9,58.364,2,8.466,20.062,-0.062,6.0002,-0.0039,-0.0467,1.0,0.0451,-1.047,-19.452
Car A,2938,195.8667,9,78.215,2,-11.385,20.969,-0.969,5.9979,0.0035,-0.224,1.0,0.2064,-1.093,19.451
Car B,2938,195.8667,9,58.764,2,8.066,20.059,-0.059,5.9982,-0.0309,0.4346,1.0,-0.0309,1.125,-19.451
Car A,2939,195.9333,9,78.614,2,-11.784,21.002,-1.002,5.9952,-0.0402,0.5515,1.0,0.0331,5.149,19.449
Car B,2939,195.9333,9,59.164,2,7.666,20.057,-0.057,6.0001,0.0292,-0.2916,1.0,0.1344,-0.768,-19.449
Car A,2940,196.0,9,79.013,2,-12.183,21.03,-1.03,6.0239,0.4303,0.2922,1.0,0.1453,0.832,19.449
Car B,2940,196.0,9,59.564,2,7.266,20.054,-0.054,5.9991,-0.0152,0.5684,1.0,-0.0398,3.354,-19.449
Car A,2941,196.0667,9,79.414,2,-12.584,21.054,-1.054,6.0199,-0.0593,1.06,1.0,-0.1833,3.628,19.45
Car B,2941,196.0667,9,59.964,2,6.866,20.047,-0.047,5.9993,0.0021,-0.2472,1.0,0.062,-0.988,-19.45
Car A,2942,196.1333,9,79.814,2,-12.984,21.074,-1.074,6.0181,-0.0279,0.0339,1.0,0.2265,-4.569,19.45
Car B,2942,196.1333,9,60.364,2,6.466,20.042,-0.042,5.9972,-0.0304,0.5415,1.0,-0.0958,1.545,-19.45
Car A,2943,196.2,9,80.215,2,-13.385,21.098,-1.098,6.016,-0.0316,0.6692,1.0,0.0428,5.646,19.451
Car B,2943,196.2,9,60.764,2,6.066,20.036,-0.036,5.997,-0.0041,-0.3939,1.0,0.054,-2.39,-19.451
Car A,2944,196.2667,9,80.616,2,-13.786,21.116,-1.116,6.0361,0.3027,0.403,1.0,0.158,1.072,19.452
Car B,2944,196.2667,9,61.163,2,5.667,20.033,-0.033,5.9954,-0.0237,0.3636,1.0,-0.0571,1.345,-19.452
Car A,2945,196.3333,9,81.018,2,-14.188,21.131,-1.131,6.0315,-0.0699,1.0997,1.0,-0.2049,3.944,19.455
Car B,2945,196.3333,9,61.563,2,5.267,20.028,-0.028,5.9939,-0.0228,-0.442,1.0,0.0929,-1.422,-19.455
Car A,2946,196.4,9,81.42,2,-14.589,21.141,-1.141,6.0298,-0.0258,0.1059,1.0,0.2167,-5.108,19.457
Car B,2946,196.4,9,61.962,2,4.868,20.025,-0.025,5.9925,-0.0209,0.4496,1.0,-0.0752,2.315,-19.457
Car A,2947,196.4667,9,81.821,2,-14.991,21.155,-1.155,6.027,-0.0418,0.7073,1.0,-0.0134,5.402,19.459
Car B,2947,196.4667,9,62.362,2,4.468,20.018,-0.018,5.9921,-0.0052,-0.3221,1.0,0.0195,-1.874,-19.459
Car A,2948,196.5333,9,82.223,2,-15.393,21.165,-1.165,6.0186,-0.1255,-0.1212,1.0,0.3395,-0.325,19.461
Car B,2948,196.5333,9,62.761,2,4.069,20.015,-0.015,5.9983,0.0924,0.1959,1.0,-0.058,0.48,-19.461
Car A,2949,196.6,9,82.624,2,-15.794,21.175,-1.175,6.0172,-0.0209,0.8102,1.0,-0.1173,8.475,19.463
Car B,2949,196.6,9,63.161,2,3.669,20.012,-0.012,5.9942,-0.0608,-0.5602,1.0,0.1356,-1.446,-19.463
Car A,2950,196.6667,9,83.025,2,-16.195,21.18,-1.18,6.0175,0.0038,-0.0847,1.0,0.2664,-2.915,19.464
Car B,2950,196.6667,9,63.561,2,3.269,20.01,-0.01,5.9944,0.0029,0.43,1.0,-0.0563,3.382,-19.464
Car A,2951,196.7333,9,83.426,2,-16.596,21.188,-1.188,6.0142,-0.0482,0.5607,1.0,-0.0383,6.645,19.465
Car B,2951,196.7333,9,63.96,2,2.87,20.004,-0.004,5.9952,0.0119,-0.3441,1.0,0.0438,-1.401,-19.465
Car A,2952,196.8,9,83.827,2,-16.996,21.193,-1.193,6.0128,-0.0211,-0.2376,1.0,0.301,-0.946,19.467
Car B,2952,196.8,9,64.36,2,2.47,20.001,-0.001,5.9922,-0.0453,0.4051,1.0,-0.0858,1.09,-19.467
Car A,2953,196.8667,9,84.227,2,-17.397,21.199,-1.199,6.0115,-0.0206,0.6196,1.0,-0.0383,7.511,19.468
Car B,2953,196.8667,9,64.759,2,2.071,19.997,0.003,5.9922,-0.0002,-0.4916,1.0,0.0712,-2.139,-19.468
Car A,2954,196.9333,9,84.628,2,-17.798,21.202,-1.202,6.0125,0.016,-0.2036,1.0,0.2769,-0.945,19.469
Car B,2954,196.9333,9,65.159,2,1.671,19.996,0.004,5.9904,-0.0263,0.3186,1.0,-0.0488,1.773,-19.469
Car A,2955,197.0,9,85.029,2,-18.199,21.205,-1.205,6.0077,-0.0728,0.6407,1.0,0.6444,6.91,19.471
Car B,2955,197.0,9,65.558,2,1.272,19.992,0.008,5.9897,-0.0111,-0.4065,1.0,0.0654,-1.216,-19.471
Car A,2956,197.0667,9,85.429,2,-18.599,21.196,-1.196,6.0,-0.1148,1.5773,1.0,0.5373,16.095,19.472
Car B,2956,197.0667,9,65.957,2,0.873,19.989,0.011,5.9889,-0.0123,0.4721,1.0,-0.0953,1.631,-19.472
Car A,2957,197.1333,9,85.828,2,-18.998,21.172,-1.172,5.9912,-0.1325,2.2749,1.0,1.0,13.437,19.472
Car B,2957,197.1333,9,66.356,2,0.474,19.985,0.015,5.9874,-0.0216,-0.3942,1.0,0.0036,-2.377,-19.472
Car A,2958,197.2,9,86.226,2,-19.396,21.133,-1.133,5.9777,-0.2018,2.8708,1.0,1.0,24.982,19.47
Car B,2958,197.2,9,66.756,2,0.074,19.984,0.016,5.9991,0.1744,0.0502,1.0,-0.0629,0.084,-19.47
Car A,2959,197.2667,9,86.621,2,-19.79,21.075,-1.075,5.9654,-0.1853,3.3068,1.0,0.9236,25.0,19.465
Car B,2959,197.2667,9,67.156,2,-0.325,19.986,0.014,6.0109,0.1778,-0.6039,1.0,0.0975,-1.569,-19.465
Car A,2960,197.3333,9,86.933,2,-20.182,21.0,-1.011,5.9555,-0.1482,3.6429,1.0,1.0,23.092,19.376
Car B,2960,197.3333,9,67.556,2,-0.726,19.987,0.013,6.0111,0.0032,0.4135,1.0,-0.1109,2.432,-19.376
Car A,2961,197.4,9,87.326,2,-20.568,20.906,-0.948,5.9456,-0.1485,3.9142,1.0,0.444,24.997,19.369
Car B,2961,197.4,9,67.957,2,-1.127,19.984,0.016,6.0085,-0.0398,-0.3664,1.0,-0.054,-2.765,-19.369
Car A,2962,197.4667,9,87.718,2,-20.953,20.798,-0.87,5.9891,0.6522,3.442,1.0,0.6511,11.121,19.36
Car B,2962,197.4667,9,68.358,2,-1.528,19.989,0.011,6.0352,0.4016,-0.4174,1.0,-0.0269,-1.331,-19.36
Car A,2963,197.5333,9,87.981,2,-21.334,20.674,-0.82,5.9803,-0.1319,3.7507,1.0,0.9708,16.269,19.221
Car B,2963,197.5333,9,68.76,2,-1.93,19.993,0.007,6.0283,-0.1036,-0.3019,1.0,-0.0644,-0.67,-19.221
Car A,2964,197.6,9,88.378,2,-21.708,20.533,-0.77,5.9708,-0.1427,4.0032,1.0,0.8129,24.257,19.216
Car B,2964,197.6,9,69.162,2,-2.332,20.001,-0.001,5.9975,-0.4628,-0.6268,1.0,-0.0037,-1.606,-19.216
Car A,2965,197.6667,9,88.713,2,-22.074,20.373,-0.702,5.9648,-0.0903,4.1752,1.0,1.0,20.328,19.152
Car B,2965,197.6667,9,69.561,2,-2.731,20.008,-0.008,5.9972,-0.0038,0.0462,1.0,-0.1359,-0.103,-19.152
Car A,2966,197.7333,9,89.059,2,-22.431,20.196,-0.673,5.9569,-0.1181,4.3268,1.0,1.0,24.992,19.098
Car B,2966,197.7333,9,69.961,2,-3.131,20.019,-0.019,5.9952,-0.0307,-0.8832,0.9955,-0.028,-3.392,-19.098
Car A,2967,197.8,9,89.455,3,-22.779,20.0,-0.625,5.9501,-0.1023,4.4395,1.0,1.0,24.999,19.095
Car B,2967,197.8,9,70.36,2,-3.53,20.034,-0.034,5.9853,-0.1483,-0.2804,0.9818,0.0314,-0.698,-19.095
Car A,2968,197.8667,9,89.758,3,-23.115,19.786,-0.58,5.9437,-0.0958,4.5244,1.0,1.0,24.999,19.0
Car B,2968,197.8667,9,70.758,2,-3.928,20.044,-0.044,5.9408,-0.6678,0.3197,1.0,0.0107,0.771,-19.0
Car A,2969,197.9333,9,90.155,3,-23.439,19.556,-0.553,5.9379,-0.0872,4.596,1.0,1.0,24.999,18.999
Car B,2969,197.9333,9,71.156,2,-4.326,20.052,-0.052,5.9939,0.7969,0.1011,1.0,0.0323,0.265,-18.999
Car A,2970,198.0,9,90.55,3,-23.751,19.309,-0.505,5.9325,-0.0802,4.6499,1.0,1.0,24.999,18.994
Car B,2970,198.0,9,71.556,2,-4.726,20.059,-0.059,6.0054,0.1719,0.316,1.0,0.0245,0.801,-18.994
Car A,2971,198.0667,9,90.869,3,-24.049,19.045,-0.484,5.9276,-0.0737,4.6923,1.0,1.0,24.999,18.914
Car B,2971,198.0667,9,71.955,2,-5.125,20.064,-0.064,5.983,-0.3348,0.1678,1.0,0.0287,0.602,-18.914
Car A,2972,198.1333,9,91.265,3,-24.332,18.766,-0.456,5.9229,-0.0699,4.727,1.0,1.0,24.999,18.912
Car B,2972,198.1333,9,72.354,2,-5.523,20.068,-0.068,5.9781,-0.0738,0.1929,1.0,0.0249,0.69,-18.912
Car A,2973,198.2,9,91.594,3,-24.599,18.473,-0.421,5.9185,-0.0663,4.7532,1.0,1.0,24.999,18.842
Car B,2973,198.2,9,72.752,2,-5.922,20.072,-0.072,5.9844,0.0937,0.1694,1.0,0.0257,0.609,-18.842
Car A,2974,198.2667,9,91.99,3,-24.85,18.166,-0.412,5.9144,-0.0619,4.7748,1.0,1.0,24.999,18.839
Car B,2974,198.2667,9,73.152,2,-6.322,20.076,-0.076,5.9907,0.0947,0.1263,1.0,0.0278,0.625,-18.839
Car A,2975,198.3333,9,92.386,3,-25.083,17.846,-0.382,5.9104,-0.0594,4.7905,1.0,1.0,24.999,18.835
Car B,2975,198.3333,9,73.551,2,-6.721,20.079,-0.079,5.9875,-0.0483,0.1176,1.0,0.0238,0.679,-18.835
Car A,2976,198.4,9,92.723,3,-25.299,17.513,-0.373,5.9066,-0.0572,4.8047,1.0,1.0,24.999,18.773
Car B,2976,198.4,9,73.95,2,-7.12,20.081,-0.081,5.985,-0.0375,0.1433,1.0,0.0184,0.582,-18.773
Car A,2977,198.4667,9,93.119,3,-25.497,17.17,-0.361,5.9029,-0.0551,4.8152,1.0,1.0,24.999,18.77
Car B,2977,198.4667,9,74.349,2,-7.519,20.082,-0.082,6.0065,0.3228,0.126,1.0,0.017,0.455,-18.77
Car A,2978,198.5333,9,93.461,3,-25.675,16.817,-0.339,5.8994,-0.0534,4.8223,1.0,1.0,24.999,18.711
Car B,2978,198.5333,9,74.75,2,-7.92,20.082,-0.082,6.0095,0.0451,0.0879,1.0,0.0172,0.415,-18.711
Car A,2979,198.6,9,93.856,3,-25.833,16.454,-0.347,5.896,-0.0514,4.8295,1.0,1.0,24.999,18.705
Car B,2979,198.6,9,75.151,2,-8.321,20.083,-0.083,6.009,-0.0066,0.075,1.0,0.0164,0.417,-18.705
Car A,2980,198.6667,9,94.251,3,-25.971,16.084,-0.333,5.8925,-0.0516,4.8344,1.0,1.0,24.999,18.7
Car B,2980,198.6667,9,75.551,2,-8.721,20.084,-0.084,6.0095,0.0065,0.0655,1.0,0.0149,0.4,-18.7
Car A,2981,198.7333,9,94.595,3,-26.089,15.707,-0.338,5.8892,-0.0492,4.8393,1.0,1.0,24.999,18.643
Car B,2981,198.7333,9,75.952,2,-9.122,20.084,-0.084,6.0092,-0.0046,0.0887,1.0,0.0129,0.363,-18.643
Car A,2982,198.8,9,94.989,3,-26.186,15.324,-0.342,5.886,-0.0486,4.8421,1.0,0.4321,24.999,18.637
Car B,2982,198.8,9,76.353,2,-9.523,20.083,-0.083,6.0096,0.0067,0.0727,1.0,0.0109,0.315,-18.637
Car A,2983,198.8667,9,95.332,3,-26.268,14.937,-0.341,5.9291,0.6462,3.8442,1.0,0.4248,10.824,18.579
Car B,2983,198.8667,9,76.753,2,-9.923,20.083,-0.083,6.0088,-0.0122,0.0544,1.0,0.0084,0.268,-18.579
Car A,2984,198.9333,9,95.728,3,-26.338,14.545,-0.38,5.9667,0.5637,3.7976,1.0,0.3015,10.62,18.574
Car B,2984,198.9333,9,77.154,2,-10.324,20.081,-0.081,6.0083,-0.0075,0.0488,1.0,0.0047,0.207,-18.574
Car A,2985,199.0,9,96.128,3,-26.399,14.149,-0.409,6.0312,0.9675,2.8229,1.0,-0.0906,7.541,18.573
Car B,2985,199.0,9,77.555,2,-10.725,20.08,-0.08,6.0074,-0.0142,0.0028,1.0,0.0007,0.115,-18.573
Car A,2986,199.0667,9,96.494,3,-26.458,13.751,-0.458,6.0432,0.1808,1.2733,1.0,0.1524,-2.25,18.539
Car B,2986,199.0667,9,77.955,2,-11.125,20.078,-0.078,6.0071,-0.0034,0.0132,1.0,-0.003,0.02,-18.539
Car A,2987,199.1333,9,96.893,3,-26.52,13.353,-0.52,6.045,0.0264,1.4679,1.0,0.1293,3.799,18.537
Car B,2987,199.1333,9,78.356,2,-11.526,20.076,-0.076,6.0019,-0.079,-0.0126,1.0,-0.0083,-0.072,-18.537
Car A,2988,199.2,9,97.291,3,-26.574,12.954,-0.574,6.009,-0.5396,1.2778,1.0,0.103,3.233,18.536
Car B,2988,199.2,9,78.756,2,-11.926,20.075,-0.075,6.0,-0.0278,-0.0299,1.0,-0.0165,-0.201,-18.536
Car A,2989,199.2667,9,97.688,3,-26.626,12.557,-0.626,5.983,-0.3894,1.0354,1.0,0.0864,2.575,18.533
Car B,2989,199.2667,9,79.156,2,-12.326,20.075,-0.075,6.0096,0.1436,-0.1262,1.0,-0.0293,-0.4,-18.533
Car A,2990,199.3333,9,98.085,3,-26.674,12.16,-0.674,6.0053,0.3342,0.8244,1.0,0.0957,2.162,18.529
Car B,2990,199.3333,9,79.557,2,-12.726,20.077,-0.077,5.9936,-0.2393,-0.3016,1.0,-0.0323,-0.719,-18.529
Car A,2991,199.4,9,98.48,3,-26.718,11.765,-0.718,5.9237,-1.2239,0.9599,1.0,-0.0025,2.375,18.524
Car B,2991,199.4,9,79.957,2,-13.126,20.08,-0.08,5.9863,-0.1105,-0.3163,1.0,-0.0672,-0.796,-18.524
Car A,2992,199.4667,9,98.873,3,-26.763,11.372,-0.763,5.9526,0.4336,-0.0145,1.0,0.1011,-0.06,18.518
Car B,2992,199.4667,9,80.356,2,-13.525,20.088,-0.088,5.9923,0.0899,-0.6446,1.0,0.0039,-1.677,-18.518
Car A,2993,199.5333,9,99.268,3,-26.807,10.978,-0.807,5.9539,0.0186,0.8177,1.0,-0.0132,2.524,18.513
Car B,2993,199.5333,9,80.755,2,-13.925,20.094,-0.094,5.999,0.1007,0.0804,1.0,-0.0764,0.089,-18.513
Car A,2994,199.6,9,99.663,3,-26.849,10.583,-0.849,5.9658,0.1784,-0.0975,1.0,0.1808,-0.326,18.508
Car B,2994,199.6,9,81.155,2,-14.325,20.102,-0.102,5.9934,-0.0828,-0.7057,1.0,0.1326,-1.906,-18.508
Car A,2995,199.6667,9,100.058,3,-26.891,10.187,-0.891,5.9648,-0.0147,0.7915,1.0,-0.0143,4.513,18.504
Car B,2995,199.6667,9,81.554,2,-14.724,20.111,-0.111,5.9942,0.0118,0.3186,1.0,0.1153,3.306,-18.504
Car A,2996,199.7333,9,100.454,3,-26.928,9.791,-0.928,5.9703,0.082,-0.0618,1.0,0.34,-0.35,18.5
Car B,2996,199.7333,9,81.954,2,-15.124,20.108,-0.108,5.9943,0.0004,1.093,1.0,0.1637,2.883,-18.5
Car A,2997,199.8,9,100.85,3,-26.966,9.395,-0.966,5.9683,-0.0291,0.7933,1.0,-0.0083,8.485,18.497
Car B,2997,199.8,9,82.353,2,-15.523,20.095,-0.095,6.0052,0.1646,1.5483,1.0,-0.155,4.09,-18.497
Car A,2998,199.8667,9,101.247,3,-27.0,8.998,-1.0,5.9753,0.1048,-0.0596,1.0,0.6913,-0.192,18.493
Car B,2998,199.8667,9,82.754,2,-15.923,20.081,-0.081,6.0087,0.0519,0.3009,1.0,-0.1206,-3.864,-18.493
Car A,2999,199.9333,9,101.644,3,-27.033,8.602,-1.033,5.9769,0.0239,0.5623,1.0,0.5853,17.257,18.49
Car B,2999,199.9333,9,83.154,2,-16.324,20.078,-0.078,6.007,-0.025,-0.8114,1.0,0.7418,-3.017,-18.49
Car A,3000,200.0,9,102.041,3,-27.053,8.204,-1.053,5.9636,-0.1995,1.7585,1.0,0.279,14.637,18.487
Car B,3000,200.0,9,83.554,2,-16.724,20.077,-0.077,6.0062,-0.0129,-0.0387,1.0,0.7111,18.514,-18.487
Car A,3001,200.0667,9,102.439,3,-27.058,7.806,-1.058,5.9727,0.1362,2.3233,1.0,1.0,6.987,18.485
Car B,3001,200.0667,9,83.954,2,-17.124,20.064,-0.064,5.9953,-0.1635,1.2563,1.0,0.9459,17.778,-18.485
Car A,3002,200.1333,9,102.837,3,-27.048,7.408,-1.048,5.9694,-0.0496,2.5063,1.0,0.892,24.973,18.485
Car B,3002,200.1333,9,84.352,2,-17.522,20.036,-0.036,5.9815,-0.2063,2.0784,1.0,0.2882,23.639,-18.485
Car A,3003,200.2,9,103.234,3,-27.021,7.011,-1.021,5.9482,-0.3171,3.2722,1.0,0.9814,22.305,18.484
Car B,3003,200.2,9,84.751,2,-17.92,19.998,0.002,6.0011,0.2938,1.9814,0.759,0.059,7.23,-18.484
Car A,3004,200.2667,9,103.629,3,-26.976,6.616,-0.976,5.9375,-0.1613,3.6256,1.0,0.7778,24.531,18.484
Car B,3004,200.2667,9,85.145,2,-18.315,19.955,0.045,5.9082,-1.3935,0.9574,0.7066,-0.529,1.485,-18.484
Car A,3005,200.3333,9,104.021,3,-26.912,6.224,-0.912,5.9307,-0.1018,3.8826,1.0,0.8291,19.453,18.486
Car B,3005,200.3333,9,85.535,2,-18.705,19.922,0.078,5.8552,-0.795,-0.2851,1.0,-0.4301,-13.204,-18.486
Car A,3006,200.4,9,104.343,3,-26.829,5.837,-0.84,5.9237,-0.1046,4.0899,1.0,0.5973,20.725,18.419
Car B,3006,200.4,9,85.925,2,-19.094,19.9,0.1,5.8529,-0.034,-1.1953,1.0,1.0,-10.756,-18.419
Car A,3007,200.4667,9,104.733,3,-26.727,5.453,-0.768,5.9223,-0.0207,4.2203,1.0,0.4433,14.94,18.42
Car B,3007,200.4667,9,86.313,2,-19.483,19.88,0.12,5.8426,-0.1543,-0.2319,1.0,1.0,24.946,-18.42
Car A,3008,200.5333,9,105.122,3,-26.608,5.073,-0.679,5.973,0.7594,3.9196,1.0,1.0,11.086,18.42
Car B,3008,200.5333,9,86.702,2,-19.872,19.853,0.147,5.835,-0.1147,0.9358,1.0,1.0,24.999,-18.42
Car A,3009,200.6,9,105.413,3,-26.474,4.697,-0.618,5.963,-0.149,4.0657,1.0,0.8935,24.977,18.311
Car B,3009,200.6,9,87.102,2,-20.258,19.811,0.168,5.8241,-0.1635,1.8069,1.0,1.0,25.0,-18.311
Car A,3010,200.6667,9,105.807,3,-26.32,4.329,-0.554,5.9563,-0.1012,4.2453,1.0,0.7044,22.34,18.317
Car B,3010,200.6667,9,87.49,2,-20.642,19.753,0.196,5.8125,-0.1738,2.4601,1.0,0.9789,25.0,-18.317
Car A,3011,200.7333,9,106.128,3,-26.148,3.969,-0.476,5.9524,-0.0576,4.3607,1.0,1.0,17.618,18.217
Car B,3011,200.7333,9,87.911,2,-21.023,19.679,0.221,5.8018,-0.1606,2.9762,1.0,1.0,24.473,-18.217
Car A,3012,200.8,9,106.519,3,-25.959,3.619,-0.435,5.9455,-0.1049,4.4681,1.0,1.0,24.988,18.22
Car B,3012,200.8,9,88.299,2,-21.399,19.587,0.222,5.7918,-0.1493,3.3865,1.0,1.0,24.999,-18.22
Car A,3013,200.8667,9,106.912,3,-25.751,3.279,-0.373,5.9396,-0.088,4.5488,1.0,1.0,24.999,18.227
Car B,3013,200.8667,9,88.685,2,-21.771,19.478,0.242,5.7831,-0.1308,3.7065,1.0,1.0,25.0,-18.227
Car A,3014,200.9333,9,107.253,3,-25.525,2.951,-0.323,5.9339,-0.0846,4.6145,1.0,1.0,24.999,18.143
Car B,3014,200.9333,9,89.11,3,-22.136,19.35,0.221,5.7757,-0.1108,3.9539,1.0,1.0,25.0,-18.143
Car A,3015,201.0,9,107.648,3,-25.283,2.636,-0.281,5.9288,-0.0771,4.6631,1.0,1.0,24.999,18.152
Car B,3015,201.0,9,89.496,3,-22.494,19.204,0.219,5.7695,-0.0928,4.1503,1.0,1.0,25.0,-18.152
Car A,3016,201.0667,9,108.011,3,-25.024,2.335,-0.22,5.924,-0.0725,4.705,1.0,1.0,24.999,18.095
Car B,3016,201.0667,9,89.917,3,-22.843,19.04,0.199,5.7643,-0.0789,4.2985,1.0,1.0,24.999,-18.095
Car A,3017,201.1333,9,108.402,3,-24.75,2.048,-0.197,5.9195,-0.0678,4.7362,1.0,1.0,24.999,18.1
Car B,3017,201.1333,9,90.302,3,-23.184,18.857,0.177,5.7599,-0.0655,4.4157,1.0,1.0,24.999,-18.1
Car A,3018,201.2,9,108.797,3,-24.461,1.776,-0.154,5.9152,-0.0642,4.7618,1.0,1.0,24.999,18.082
Car B,3018,201.2,9,90.715,3,-23.514,18.657,0.159,5.7562,-0.0562,4.5073,1.0,1.0,24.999,-18.082
Car A,3019,201.2667,9,109.171,3,-24.158,1.521,-0.125,5.9111,-0.0607,4.7809,1.0,1.0,24.999,18.073
Car B,3019,201.2667,9,91.098,3,-23.832,18.439,0.117,5.753,-0.047,4.5825,1.0,1.0,24.999,-18.073
Car A,3020,201.3333,9,109.566,3,-23.841,1.282,-0.101,5.9072,-0.0586,4.7965,1.0,1.0,24.999,18.083
Car B,3020,201.3333,9,91.483,3,-24.138,18.204,0.097,5.7503,-0.0407,4.6393,1.0,1.0,24.999,-18.083
Car A,3021,201.4,9,109.95,3,-23.513,1.062,-0.065,5.9035,-0.0557,4.8087,1.0,1.0,24.999,18.07
Car B,3021,201.4,9,91.88,3,-24.431,17.953,0.045,5.748,-0.0347,4.684,1.0,1.0,24.999,-18.07
Car A,3022,201.4667,9,110.346,3,-23.173,0.859,-0.059,5.8999,-0.054,4.8178,1.0,1.0,24.999,18.082
Car B,3022,201.4667,9,92.264,3,-24.709,17.686,0.007,5.7461,-0.0292,4.7217,1.0,1.0,24.999,-18.082
Car A,3023,201.5333,9,110.741,3,-22.822,0.676,-0.032,5.8964,-0.0527,4.8254,1.0,0.7165,24.999,18.095
Car B,3023,201.5333,9,92.645,3,-24.972,17.404,-0.036,5.7443,-0.0262,4.7511,1.0,1.0,24.999,-18.095
Car A,3024,201.6,9,111.132,3,-22.462,0.512,-0.031,5.8977,0.0195,4.7917,1.0,1.0,17.922,18.105
Car B,3024,201.6,9,93.027,3,-25.218,17.108,-0.092,5.7428,-0.0232,4.7758,1.0,1.0,24.999,-18.105
Car A,3025,201.6667,9,111.527,3,-22.094,0.368,-0.023,5.8938,-0.058,4.8457,1.0,0.8057,24.989,18.117
Car B,3025,201.6667,9,93.41,3,-25.448,16.799,-0.126,5.7414,-0.0201,4.7914,1.0,1.0,24.999,-18.117
Car A,3026,201.7333,9,111.92,3,-21.719,0.244,-0.017,5.8935,-0.0043,4.7996,1.0,1.0,20.149,18.151
Car B,3026,201.7333,9,93.769,3,-25.66,16.477,-0.196,5.7402,-0.0181,4.8071,1.0,1.0,24.999,-18.151
Car A,3027,201.8,9,112.315,3,-21.338,0.141,-0.028,5.8899,-0.0549,4.8402,1.0,0.4819,24.992,18.164
Car B,3027,201.8,9,94.151,3,-25.854,16.144,-0.247,5.7391,-0.0174,4.8193,1.0,1.0,24.999,-18.164
Car A,3028,201.8667,9,112.711,3,-20.952,0.052,-0.024,5.9235,0.5042,3.9949,1.0,0.1133,12.066,18.222
Car B,3028,201.8667,9,94.489,3,-26.029,15.801,-0.301,5.7381,-0.015,4.8284,1.0,1.0,24.999,-18.222
Car A,3029,201.9333,9,113.101,3,-20.563,-0.029,-0.073,5.9552,0.4756,2.3372,1.0,0.719,2.846,18.233
Car B,3029,201.9333,9,94.868,3,-26.184,15.448,-0.369,5.7372,-0.0138,4.8365,1.0,1.0,24.999,-18.233
Car A,3030,202.0,9,113.495,3,-20.174,-0.109,-0.123,5.9484,-0.1022,2.4544,1.0,0.5679,17.95,18.245
Car B,3030,202.0,9,95.25,3,-26.319,15.088,-0.416,5.7362,-0.014,4.8425,1.0,1.0,24.999,-18.245
Car A,3031,202.0667,9,113.878,3,-19.782,-0.173,-0.173,5.9404,-0.1197,2.9488,1.0,0.7814,14.202,18.317
Car B,3031,202.0667,9,95.561,3,-26.433,14.72,-0.488,5.7354,-0.0129,4.8466,1.0,1.0,24.999,-18.317
Car A,3032,202.1333,9,114.272,3,-19.388,-0.221,-0.221,5.931,-0.141,3.3736,1.0,0.5686,19.526,18.331
Car B,3032,202.1333,9,95.941,3,-26.527,14.347,-0.552,5.7345,-0.0123,4.8497,1.0,1.0,24.999,-18.331
Car A,3033,202.2,9,114.667,3,-18.993,-0.249,-0.249,5.9261,-0.0738,3.6699,1.0,0.3582,14.223,18.391
Car B,3033,202.2,9,96.276,3,-26.599,13.969,-0.599,5.7337,-0.0119,4.8519,1.0,1.0,24.999,-18.391
Car A,3034,202.2667,9,115.065,3,-18.596,-0.264,-0.264,5.9671,0.6155,3.2044,1.0,-0.0774,8.962,18.407
Car B,3034,202.2667,9,96.658,3,-26.65,13.588,-0.65,5.733,-0.0113,4.8539,1.0,1.0,24.999,-18.407
Car A,3035,202.3333,9,115.463,3,-18.197,-0.274,-0.274,5.9845,0.261,1.6609,1.0,0.0185,-1.918,18.422
Car B,3035,202.3333,9,97.041,3,-26.679,13.204,-0.679,5.7323,-0.0108,4.8564,1.0,1.0,24.999,-18.422
Car A,3036,202.4,9,115.862,3,-17.798,-0.294,-0.294,5.9969,0.1863,0.1817,1.0,0.1042,0.451,18.436
Car B,3036,202.4,9,97.426,3,-26.686,12.819,-0.686,5.7315,-0.0108,4.8578,1.0,1.0,24.999,-18.436
Car A,3037,202.4667,9,116.262,3,-17.399,-0.314,-0.314,5.9967,-0.0034,0.9586,1.0,0.0957,2.601,18.451
Car B,3037,202.4667,9,97.81,3,-26.672,12.435,-0.672,5.7309,-0.0102,4.8587,1.0,1.0,24.999,-18.451
Car A,3038,202.5333,9,116.661,3,-16.999,-0.326,-0.326,6.008,0.17,0.9139,1.0,0.0922,2.392,18.468
Car B,3038,202.5333,9,98.193,3,-26.636,12.052,-0.636,5.7302,-0.0097,4.8602,1.0,1.0,24.999,-18.468
Car A,3039,202.6,9,117.061,3,-16.599,-0.334,-0.334,6.0102,0.0326,0.8847,1.0,0.084,2.305,18.488
Car B,3039,202.6,9,98.573,3,-26.579,11.672,-0.579,5.7295,-0.0101,4.8602,1.0,0.0464,24.999,-18.488
Car A,3040,202.6667,9,117.462,3,-16.199,-0.339,-0.339,5.9928,-0.2603,0.8515,1.0,0.046,2.101,18.509
Car B,3040,202.6667,9,98.952,3,-26.509,11.293,-0.509,5.7703,0.6118,3.3879,1.0,-0.1018,1.196,-18.509
Car A,3041,202.7333,9,117.862,3,-15.798,-0.344,-0.344,6.0323,0.5916,0.3902,1.0,0.0926,1.134,18.529
Car B,3041,202.7333,9,99.333,3,-26.444,10.912,-0.444,5.8033,0.495,1.1935,1.0,-0.0977,-2.538,-18.529
Car A,3042,202.8,9,118.264,3,-15.396,-0.347,-0.347,6.0337,0.0216,0.8967,1.0,0.0031,2.313,18.547
Car B,3042,202.8,9,99.717,3,-26.39,10.528,-0.39,5.8153,0.1795,-0.1415,1.0,-0.1059,-2.442,-18.547
Car A,3043,202.8667,9,118.666,3,-14.994,-0.347,-0.347,6.0084,-0.3804,0.0261,1.0,0.0905,0.083,18.563
Car B,3043,202.8667,9,100.103,3,-26.348,10.142,-0.348,5.8492,0.5089,-0.9673,1.0,-0.084,-2.647,-18.563
Car A,3044,202.9333,9,119.066,3,-14.594,-0.347,-0.347,6.0046,-0.0564,0.8243,1.0,-0.1355,2.259,18.572
Car B,3044,202.9333,9,100.495,3,-26.31,9.751,-0.31,5.9396,1.356,-0.7533,1.0,-0.048,-2.101,-18.572
Car A,3045,203.0,9,119.467,3,-14.194,-0.346,-0.346,6.0047,0.0013,-0.2312,1.0,0.089,-3.378,18.577
Car B,3045,203.0,9,100.89,3,-26.272,9.356,-0.272,5.9605,0.3127,-0.4768,1.0,-0.0602,-1.182,-18.577
Car A,3046,203.0667,9,119.867,3,-13.793,-0.347,-0.347,6.004,-0.0106,0.4551,1.0,-0.0595,2.216,18.58
Car B,3046,203.0667,9,101.287,3,-26.236,8.958,-0.236,5.97,0.1435,-0.5845,0.9713,-0.0027,-1.497,-18.58
Car A,3047,203.1333,9,120.267,3,-13.393,-0.346,-0.346,6.0019,-0.0316,-0.3306,1.0,0.0908,-1.482,18.588
Car B,3047,203.1333,9,101.68,3,-26.199,8.566,-0.199,5.8514,-1.7798,-0.0162,1.0,-0.1556,-0.07,-18.588
Car A,3048,203.2,9,120.667,3,-12.993,-0.347,-0.347,5.9988,-0.0469,0.4439,1.0,-0.0553,2.264,18.599
Car B,3048,203.2,9,102.068,3,-26.166,8.177,-0.166,5.8557,0.0653,-0.8558,0.9145,-0.1352,-3.884,-18.599
Car A,3049,203.2667,9,121.067,3,-12.593,-0.345,-0.345,5.9973,-0.0214,-0.3319,1.0,0.0905,-1.377,18.613
Car B,3049,203.2667,9,102.454,3,-26.144,7.792,-0.144,5.7185,-2.059,-1.1824,1.0,0.625,-3.381,-18.613
Car A,3050,203.3333,9,121.467,3,-12.194,-0.346,-0.346,5.9949,-0.0363,0.4621,1.0,-0.0575,2.257,18.632
Car B,3050,203.3333,9,102.834,3,-26.121,7.411,-0.121,5.7273,0.1328,-0.2979,1.0,0.4214,15.596,-18.632
Car A,3051,203.4,9,121.866,3,-11.794,-0.343,-0.343,5.9938,-0.0163,-0.3209,1.0,0.0868,-1.432,18.652
Car B,3051,203.4,9,103.214,3,-26.086,7.031,-0.086,5.7241,-0.0487,0.9894,1.0,1.0,10.541,-18.652
Car A,3052,203.4667,9,122.265,3,-11.395,-0.342,-0.342,5.9914,-0.0364,0.4499,1.0,-0.1031,2.164,18.673
Car B,3052,203.4667,9,103.593,3,-26.038,6.652,-0.038,5.7139,-0.1533,1.8641,0.7411,0.0165,24.977,-18.673
Car A,3053,203.5333,9,122.665,3,-10.996,-0.339,-0.339,5.9893,-0.0308,-0.3472,1.0,0.0812,-2.569,18.696
Car B,3053,203.5333,9,103.969,3,-25.983,6.277,0.017,5.6927,-0.3178,1.0346,1.0,0.9554,0.448,-18.696
Car A,3054,203.6,9,123.064,3,-10.596,-0.339,-0.339,5.9882,-0.0177,0.3896,1.0,-0.1178,2.022,18.716
Car B,3054,203.6,9,104.348,3,-25.927,5.902,0.065,5.6793,-0.2003,1.2,1.0,1.0,23.851,-18.716
Car A,3055,203.6667,9,123.463,3,-10.197,-0.336,-0.336,5.9867,-0.0214,-0.388,1.0,0.0768,-2.938,18.738
Car B,3055,203.6667,9,104.725,3,-25.858,5.53,0.105,5.6656,-0.2065,2.1583,1.0,0.9557,24.998,-18.738
Car A,3056,203.7333,9,123.862,3,-9.798,-0.337,-0.337,5.9868,0.0008,0.3641,1.0,-0.1363,1.913,18.764
Car B,3056,203.7333,9,105.098,3,-25.772,5.162,0.162,5.6568,-0.1313,2.7351,1.0,0.9163,23.893,-18.764
Car A,3057,203.8,9,124.261,3,-9.399,-0.334,-0.334,5.9847,-0.031,-0.4092,1.0,0.0728,-3.398,18.759
Car B,3057,203.8,9,105.502,3,-25.669,4.799,0.189,5.6491,-0.1162,3.1843,1.0,1.0,22.909,-18.759
Car A,3058,203.8667,9,124.66,3,-9.0,-0.335,-0.335,5.9844,-0.0055,0.3505,1.0,-0.1425,1.813,18.781
Car B,3058,203.8667,9,105.879,3,-25.549,4.44,0.221,5.6416,-0.1118,3.5474,1.0,1.0,24.996,-18.781
Car A,3059,203.9333,9,125.059,3,-8.601,-0.333,-0.333,5.9827,-0.0247,-0.4187,1.0,0.0708,-3.553,18.765
Car B,3059,203.9333,9,106.294,3,-25.412,4.089,0.25,5.6355,-0.0913,3.8261,1.0,1.0,25.0,-18.765
Car A,3060,204.0,9,125.458,3,-8.203,-0.335,-0.335,5.9825,-0.0036,0.3418,1.0,-0.1431,1.763,18.787
Car B,3060,204.0,9,106.671,3,-25.256,3.745,0.262,5.6306,-0.0734,4.0405,1.0,1.0,25.0,-18.787
Car A,3061,204.0667,9,125.856,3,-7.804,-0.334,-0.334,5.9807,-0.0261,-0.4247,1.0,0.0709,-3.568,18.763
Car B,3061,204.0667,9,107.093,3,-25.083,3.41,0.294,5.6268,-0.0578,4.2121,1.0,1.0,24.999,-18.763
Car A,3062,204.1333,9,126.255,3,-7.405,-0.336,-0.336,5.9815,0.0109,0.3403,1.0,-0.1404,1.764,18.785
Car B,3062,204.1333,9,107.47,3,-24.892,3.085,0.287,5.6239,-0.0437,4.3471,1.0,1.0,24.999,-18.785
Car A,3063,204.2,9,126.654,3,-7.007,-0.335,-0.335,5.9794,-0.0306,-0.4278,1.0,0.0674,-3.501,18.807
Car B,3063,204.2,9,107.847,3,-24.684,2.77,0.3,5.6217,-0.0321,4.452,1.0,1.0,24.999,-18.807
Car A,3064,204.2667,9,127.052,3,-6.608,-0.338,-0.338,5.9803,0.0131,0.3374,1.0,-0.1346,1.678,18.78
Car B,3064,204.2667,9,108.272,3,-24.459,2.468,0.297,5.6202,-0.0225,4.5376,1.0,1.0,24.999,-18.78
Car A,3065,204.3333,9,127.451,3,-6.21,-0.338,-0.338,5.978,-0.0339,-0.4563,1.0,0.0744,-3.358,18.802
Car B,3065,204.3333,9,108.649,3,-24.217,2.179,0.293,5.6192,-0.0146,4.6037,1.0,1.0,24.999,-18.802
Car A,3066,204.4,9,127.849,3,-5.811,-0.342,-0.342,5.9787,0.0104,0.3191,1.0,-0.1205,1.851,18.776
Car B,3066,204.4,9,109.073,3,-23.959,1.903,0.295,5.6187,-0.0082,4.6573,1.0,1.0,24.999,-18.776
Car A,3067,204.4667,9,128.248,3,-5.413,-0.342,-0.342,5.9775,-0.0189,-0.4288,1.0,0.0762,-3.005,18.798
Car B,3067,204.4667,9,109.45,3,-23.687,1.643,0.274,5.6185,-0.0031,4.701,1.0,1.0,24.999,-18.798
Car A,3068,204.5333,9,128.646,3,-5.014,-0.346,-0.346,5.9776,0.0026,0.3385,1.0,-0.1298,1.897,18.819
Car B,3068,204.5333,9,109.827,3,-23.4,1.398,0.274,5.6186,0.0013,4.735,1.0,1.0,24.999,-18.819
Car A,3069,204.6,9,129.045,3,-4.616,-0.347,-0.347,5.9765,-0.0175,-0.416,1.0,0.0782,-3.237,18.798
Car B,3069,204.6,9,110.246,3,-23.099,1.17,0.244,5.6189,0.0049,4.7628,1.0,1.0,24.999,-18.798
Car A,3070,204.6667,9,129.443,3,-4.217,-0.352,-0.352,5.9762,-0.0045,0.3466,1.0,-0.12,1.948,18.82
Car B,3070,204.6667,9,110.623,3,-22.786,0.959,0.228,5.6194,0.0078,4.7836,1.0,1.0,24.999,-18.82
Car A,3071,204.7333,9,129.841,3,-3.819,-0.353,-0.353,5.9756,-0.0079,-0.4101,1.0,0.0801,-2.993,18.806
Car B,3071,204.7333,9,111.035,3,-22.462,0.767,0.205,5.62,0.0088,4.8022,1.0,1.0,24.999,-18.806
Car A,3072,204.8,9,130.24,3,-3.421,-0.358,-0.358,5.9755,-0.0019,0.3502,1.0,-0.1088,1.995,18.829
Car B,3072,204.8,9,111.411,3,-22.127,0.593,0.172,5.6208,0.0117,4.8151,1.0,1.0,24.999,-18.829
Car A,3073,204.8667,9,130.638,3,-3.022,-0.359,-0.359,5.9752,-0.0045,-0.4002,1.0,0.081,-2.713,18.825
Car B,3073,204.8667,9,111.813,3,-21.782,0.439,0.158,5.6216,0.012,4.8265,1.0,1.0,24.999,-18.825
Car A,3074,204.9333,9,131.036,3,-2.624,-0.364,-0.364,5.9752,-0.0003,0.3589,1.0,-0.1018,2.017,18.848
Car B,3074,204.9333,9,112.188,3,-21.429,0.305,0.11,5.6225,0.013,4.8362,1.0,1.0,24.999,-18.848
Car A,3075,205.0,9,131.435,3,-2.226,-0.366,-0.366,5.9749,-0.0041,-0.3979,1.0,0.081,-2.538,18.87
Car B,3075,205.0,9,112.564,3,-21.069,0.191,0.084,5.6233,0.013,4.843,1.0,1.0,24.999,-18.87
Car A,3076,205.0667,9,131.833,3,-1.828,-0.371,-0.371,5.9748,-0.0016,0.3592,1.0,-0.097,2.017,18.881
Car B,3076,205.0667,9,112.952,3,-20.703,0.098,0.043,5.6243,0.0147,4.8483,1.0,1.0,24.999,-18.881
Car A,3077,205.1333,9,132.231,3,-1.429,-0.373,-0.373,5.9745,-0.0052,-0.3931,1.0,0.0817,-2.417,18.904
Car B,3077,205.1333,9,113.327,3,-20.332,0.027,0.0,5.6252,0.0135,4.8528,1.0,1.0,24.999,-18.904
Car A,3078,205.2,9,132.629,3,-1.031,-0.378,-0.378,5.9744,-0.0016,0.3621,1.0,-0.0994,2.035,18.927
Car B,3078,205.2,9,113.702,3,-19.958,-0.024,-0.024,5.6262,0.0151,4.856,1.0,1.0,24.999,-18.927
Car A,3079,205.2667,9,133.027,3,-0.633,-0.381,-0.381,5.9742,-0.0031,-0.3906,1.0,0.0807,-2.478,18.948
Car B,3079,205.2667,9,114.079,3,-19.581,-0.052,-0.052,5.6271,0.0137,4.8585,1.0,1.0,24.999,-18.948
Car A,3080,205.3333,9,133.426,3,-0.235,-0.386,-0.386,5.9739,-0.0034,0.3647,1.0,-0.1062,2.01,18.969
Car B,3080,205.3333,9,114.457,3,-19.203,-0.059,-0.059,5.6281,0.0151,4.8608,1.0,1.0,24.999,-18.969
Car A,3081,205.4,10,0.164,1,0.164,-0.388,-0.388,5.9737,-0.0037,-0.395,1.0,0.0781,-2.647,18.989
Car B,3081,205.4,9,114.834,3,-18.826,-0.045,-0.045,5.6291,0.0147,4.8623,1.0,0.2696,24.999,-18.989
Car A,3082,205.4667,10,0.562,1,0.562,-0.394,-0.394,5.9738,0.0014,0.3604,1.0,-0.1373,1.944,19.01
Car B,3082,205.4667,9,115.212,3,-18.448,-0.016,-0.016,5.682,0.7938,3.1589,1.0,-0.2735,6.769,-19.01
Car A,3083,205.5333,10,0.96,1,0.96,-0.397,-0.397,5.9728,-0.0147,-0.4094,1.0,0.067,-3.425,19.028
Car B,3083,205.5333,9,115.592,3,-18.068,0.006,0.006,5.7111,0.4365,1.3373,1.0,-0.2637,-6.816,-19.028
Car A,3084,205.6,10,1.358,1,1.358,-0.403,-0.403,5.9734,0.0099,0.3482,1.0,-0.1553,1.667,19.045
Car B,3084,205.6,9,115.973,3,-17.687,0.018,0.018,5.7209,0.147,-0.0424,1.0,-0.2471,-6.593,-19.045
Car A,3085,205.6667,10,1.756,1,1.756,-0.407,-0.407,5.972,-0.021,-0.436,1.0,0.0656,-3.873,19.062
Car B,3085,205.6667,9,116.355,3,-17.305,0.018,0.018,5.7249,0.0601,-1.0411,1.0,-0.1243,-6.178,-19.062
Car A,3086,205.7333,10,2.154,1,2.154,-0.414,-0.414,5.9732,0.0178,0.3302,1.0,-0.1748,1.631,19.075
Car B,3086,205.7333,9,116.739,3,-16.921,0.009,0.009,5.812,1.3056,-1.0722,1.0,-0.01,-3.113,-19.075
Car A,3087,205.8,10,2.552,1,2.552,-0.418,-0.418,5.9714,-0.028,-0.4532,1.0,0.0538,-4.361,19.085
Car B,3087,205.8,9,117.128,3,-16.533,0.0,0.0,5.8421,0.4519,-0.1361,1.0,-0.036,-0.255,-19.085
Car A,3088,205.8667,10,2.95,1,2.95,-0.426,-0.426,5.9734,0.0305,0.3139,1.0,-0.1994,1.336,19.089
Car B,3088,205.8667,9,117.521,3,-16.139,-0.006,-0.006,5.9463,1.5634,-0.3495,1.0,0.001,-0.885,-19.089
Car A,3089,205.9333,10,3.348,1,3.348,-0.432,-0.432,5.9718,-0.024,-0.4974,1.0,0.0432,-4.974,19.089
Car B,3089,205.9333,9,117.92,3,-15.741,-0.012,-0.012,5.9933,0.7045,0.0236,1.0,-0.0123,0.017,-19.089
Car A,3090,206.0,10,3.746,1,3.746,-0.441,-0.441,5.9738,0.0292,0.2786,1.0,-0.2002,1.07,19.087
Car B,3090,206.0,9,118.32,3,-15.341,-0.018,-0.018,5.999,0.0861,-0.1235,1.0,0.0042,-0.298,-19.087
Car A,3091,206.0667,10,4.145,1,4.145,-0.449,-0.449,5.973,-0.0118,-0.5489,1.0,0.0624,-4.996,19.085
Car B,3091,206.0667,9,118.719,3,-14.941,-0.024,-0.024,5.9966,-0.0373,-0.0481,1.0,0.0052,0.096,-19.085
Car A,3092,206.1333,10,4.543,1,4.543,-0.461,-0.461,5.975,0.0308,0.2465,1.0,-0.1806,1.55,19.084
Car B,3092,206.1333,9,119.119,3,-14.541,-0.03,-0.03,6.0015,0.0735,0.0103,1.0,0.0061,0.126,-19.084
Car A,3093,206.2,10,4.941,1,4.941,-0.47,-0.47,5.9723,-0.041,-0.4917,1.0,0.0605,-4.506,19.081
Car B,3093,206.2,9,119.52,3,-14.141,-0.035,-0.035,6.0028,0.0204,0.0204,1.0,0.0085,0.147,-19.081
Car A,3094,206.2667,10,5.339,1,5.339,-0.482,-0.482,5.9736,0.0206,0.2886,1.0,-0.1853,1.504,19.079
Car B,3094,206.2667,9,119.92,3,-13.741,-0.041,-0.041,6.0018,-0.0156,0.0166,1.0,0.0121,0.204,-19.079
Car A,3095,206.3333,10,5.737,1,5.737,-0.492,-0.492,5.9714,-0.0333,-0.4802,1.0,0.0633,-4.622,19.077
Car B,3095,206.3333,9,120.32,3,-13.341,-0.046,-0.046,5.9941,-0.1153,0.2064,1.0,0.0043,0.301,-19.077
Car A,3096,206.4,10,6.134,1,6.135,-0.505,-0.505,5.9729,0.0218,0.298,1.0,-0.178,1.572,19.075
Car B,3096,206.4,9,120.719,3,-12.941,-0.051,-0.051,5.9991,0.0744,0.0299,1.0,0.0127,0.112,-19.075
Car A,3097,206.4667,10,6.532,1,6.532,-0.516,-0.516,5.9707,-0.0324,-0.4667,1.0,0.0617,-4.442,19.074
Car B,3097,206.4667,9,121.119,3,-12.541,-0.055,-0.055,6.0002,0.0169,-0.0716,1.0,0.0173,0.304,-19.074
Car A,3098,206.5333,10,6.93,1,6.93,-0.53,-0.53,5.9724,0.0256,0.3054,1.0,-0.1746,1.534,19.072
Car B,3098,206.5333,9,121.519,3,-12.141,-0.058,-0.058,6.0063,0.0923,0.0601,1.0,0.0083,0.423,-19.072
Car A,3099,206.6,10,7.328,1,7.328,-0.542,-0.542,5.9705,-0.0288,-0.4728,1.0,0.0604,-4.357,19.069
Car B,3099,206.6,9,121.92,3,-11.741,-0.061,-0.061,6.0043,-0.0306,0.0692,1.0,0.005,0.205,-19.069
Car A,3100,206.6667,10,7.726,1,7.726,-0.557,-0.557,5.972,0.0222,0.3025,1.0,-0.1563,1.502,19.067
Car B,3100,206.6667,9,122.32,3,-11.341,-0.064,-0.064,5.9964,-0.1181,0.0725,1.0,0.0022,0.126,-19.067
Car A,3101,206.7333,10,8.124,1,8.124,-0.569,-0.569,5.97,-0.0296,-0.4706,1.0,0.0569,-3.898,19.065
Car B,3101,206.7333,9,122.719,3,-10.941,-0.066,-0.066,5.9959,-0.008,0.0387,1.0,0.0014,0.056,-19.065
Car A,3102,206.8,10,8.521,1,8.521,-0.585,-0.585,5.9724,0.0363,0.3031,1.0,-0.145,1.415,19.062
Car B,3102,206.8,9,123.119,3,-10.541,-0.069,-0.069,6.0011,0.0789,0.0096,1.0,0.0021,0.036,-19.062
Car A,3103,206.8667,10,8.919,1,8.919,-0.599,-0.599,5.9703,-0.0323,-0.4981,1.0,0.0527,-3.617,19.06
Car B,3103,206.8667,9,123.519,3,-10.141,-0.072,-0.072,6.0014,0.0039,-0.0051,1.0,0.0027,0.051,-19.06
Car A,3104,206.9333,10,9.317,1,9.317,-0.617,-0.617,5.9724,0.0319,0.2839,1.0,-0.1219,1.31,19.058
Car B,3104,206.9333,9,123.919,3,-9.741,-0.075,-0.075,6.0015,0.0008,0.0076,1.0,0.0006,0.066,-19.058
Car A,3105,207.0,10,9.715,1,9.715,-0.632,-0.632,5.9707,-0.0255,-0.4892,1.0,0.0438,-3.042,19.055
Car B,3105,207.0,9,124.32,3,-9.341,-0.077,-0.077,6.0022,0.0107,0.0007,1.0,-0.0028,0.017,-19.055
Car A,3106,207.0667,10,10.112,1,10.112,-0.651,-0.651,5.9734,0.0405,0.288,1.0,-0.1096,1.089,19.053
Car B,3106,207.0667,9,124.72,3,-8.941,-0.08,-0.08,5.9995,-0.0404,0.0124,1.0,-0.0095,-0.065,-19.053
Car A,3107,207.1333,10,10.51,1,10.51,-0.668,-0.668,5.9727,-0.0111,-0.5534,1.0,0.0395,-2.734,19.051
Car B,3107,207.1333,9,125.12,3,-8.54,-0.083,-0.083,6.0031,0.055,-0.0045,1.0,-0.0086,-0.221,-19.051
Car A,3108,207.2,10,10.908,1,10.908,-0.688,-0.688,5.9744,0.0256,0.2458,1.0,-0.087,0.982,19.048
Car B,3108,207.2,9,125.52,3,-8.14,-0.086,-0.086,6.0051,0.0296,-0.0427,1.0,-0.009,-0.21,-19.048
Car A,3109,207.2667,10,11.306,1,11.306,-0.707,-0.707,5.9743,-0.0016,-0.5474,1.0,0.0272,-2.169,19.045
Car B,3109,207.2667,9,125.921,3,-7.74,-0.09,-0.09,6.0045,-0.0093,-0.036,1.0,-0.0128,-0.219,-19.045
Car A,3110,207.3333,10,11.703,1,11.703,-0.729,-0.729,5.9793,0.0748,0.2427,1.0,-0.0788,0.674,19.043
Car B,3110,207.3333,9,126.321,3,-7.339,-0.094,-0.094,6.0128,0.1246,-0.1556,1.0,0.0066,-0.298,-19.043
Car A,3111,207.4,10,12.101,1,12.102,-0.75,-0.75,5.9793,0.0008,-0.631,1.0,0.026,-1.965,19.04
Car B,3111,207.4,9,126.722,3,-6.939,-0.098,-0.098,6.006,-0.1025,-0.1009,1.0,-0.0027,0.155,-19.04
Car A,3112,207.4667,10,12.499,1,12.499,-0.774,-0.774,5.9842,0.0729,0.236,1.0,-0.0716,0.646,19.038
Car B,3112,207.4667,9,127.122,3,-6.539,-0.101,-0.101,5.9994,-0.099,0.004,1.0,-0.0225,-0.06,-19.038
Car A,3113,207.5333,10,12.898,1,12.898,-0.797,-0.797,5.9832,-0.014,-0.6222,1.0,0.0219,-1.785,19.036
Car B,3113,207.5333,9,127.522,3,-6.138,-0.107,-0.107,5.9943,-0.0765,-0.226,1.0,0.0447,-0.547,-19.036
Car A,3114,207.6,10,13.296,1,13.296,-0.823,-0.823,5.9916,0.1259,0.2119,1.0,-0.0708,0.543,19.035
Car B,3114,207.6,9,127.922,3,-5.739,-0.109,-0.109,6.0143,0.3003,0.4569,1.0,-0.074,1.116,-19.035
Car A,3115,207.6667,10,13.695,1,13.695,-0.848,-0.848,5.9897,-0.0295,-0.6179,1.0,0.0253,-1.764,19.032
Car B,3115,207.6667,9,128.323,3,-5.338,-0.112,-0.112,6.0123,-0.0306,-0.4785,1.0,0.0803,-1.845,-19.032
Car A,3116,207.7333,10,14.093,1,14.093,-0.875,-0.875,5.9924,0.0409,0.2431,1.0,-0.0769,0.628,19.03
Car B,3116,207.7333,9,128.723,3,-4.937,-0.117,-0.117,6.0084,-0.0581,0.3566,1.0,0.0519,2.002,-19.03
Car A,3117,207.8,10,14.492,1,14.492,-0.902,-0.902,5.9904,-0.0294,-0.6374,1.0,0.0533,-1.918,19.028
Car B,3117,207.8,9,129.124,3,-4.536,-0.115,-0.115,6.0238,0.2313,0.5127,1.0,-0.0229,1.299,-19.028
Car A,3118,207.8667,10,14.89,1,14.89,-0.931,-0.931,5.9902,-0.0027,0.2979,1.0,-0.074,1.328,19.025
Car B,3118,207.8667,9,129.525,3,-4.135,-0.116,-0.116,6.0066,-0.2573,-0.2395,1.0,0.1372,-0.567,-19.025
Car A,3119,207.9333,10,15.288,1,15.288,-0.957,-0.957,5.9883,-0.0295,-0.4701,1.0,0.1892,-1.844,19.023
Car B,3119,207.9333,9,129.926,3,-3.735,-0.115,-0.115,6.0053,-0.0203,0.6477,1.0,0.0241,3.423,-19.023
Car A,3120,208.0,10,15.686,1,15.686,-0.986,-0.986,5.9861,-0.0325,0.3931,1.0,-0.0179,4.721,19.02
Car B,3120,208.0,9,130.326,3,-3.334,-0.11,-0.11,6.0229,0.2645,0.2744,1.0,0.0168,0.609,-19.02
Car A,3121,208.0667,10,16.085,1,16.085,-1.011,-1.011,5.9962,0.1519,-0.1848,1.0,0.245,-0.432,19.017
Car B,3121,208.0667,9,130.728,3,-2.932,-0.106,-0.106,6.0176,-0.0795,0.1153,1.0,0.0426,0.416,-19.017
Car A,3122,208.1333,10,16.484,1,16.484,-1.035,-1.035,5.9952,-0.015,0.6856,1.0,-0.0713,6.116,19.015
Car B,3122,208.1333,9,131.129,3,-2.531,-0.1,-0.1,6.0209,0.0487,0.4215,1.0,-0.0541,1.062,-19.015
Car A,3123,208.2,10,16.883,1,16.883,-1.056,-1.056,5.9968,0.0233,-0.1468,1.0,0.2561,-1.77,19.013
Car B,3123,208.2,9,131.53,3,-2.13,-0.096,-0.096,6.0158,-0.0761,-0.4823,1.0,0.1501,-1.348,-19.013
Car A,3124,208.2667,10,17.282,1,17.282,-1.079,-1.079,5.992,-0.0716,0.5542,1.0,0.2592,6.39,19.011
Car B,3124,208.2667,9,131.931,3,-1.729,-0.093,-0.093,6.0144,-0.0213,0.4788,1.0,-0.0316,3.743,-19.011
Car A,3125,208.3333,10,17.681,1,17.681,-1.089,-1.089,5.9868,-0.0784,1.4874,1.0,-0.2401,6.479,19.009
Car B,3125,208.3333,9,132.332,3,-1.328,-0.086,-0.086,6.0108,-0.0531,-0.2886,1.0,0.0772,-0.783,-19.009
Car A,3126,208.4,10,18.08,1,18.08,-1.094,-1.094,5.9896,0.0421,0.4313,1.0,1.0,-5.983,19.008
Car B,3126,208.4,9,132.733,3,-0.928,-0.08,-0.08,6.0082,-0.0388,0.6042,1.0,-0.1187,1.926,-19.008
Car A,3127,208.4667,10,18.478,1,18.478,-1.1,-1.1,5.9762,-0.2011,0.9127,1.0,0.9101,24.953,19.006
Car B,3127,208.4667,9,133.133,3,-0.527,-0.072,-0.072,6.0065,-0.0255,-0.325,1.0,-0.0047,-2.96,-19.006
Car A,3128,208.5333,10,18.877,1,18.877,-1.095,-1.095,5.9648,-0.1712,1.8736,1.0,1.0,22.755,19.003
Car B,3128,208.5333,9,133.534,3,-0.127,-0.068,-0.068,6.0054,-0.0177,0.0141,1.0,-0.049,-0.132,-19.003
Car A,3129,208.6,10,19.274,1,19.274,-1.073,-1.073,5.9511,-0.205,2.5364,1.0,1.0,24.996,19.001
Car B,3129,208.6,10,0.273,1,0.273,-0.067,-0.067,5.968,-0.5603,-0.4828,1.0,0.1172,-1.207,-19.001
Car A,3130,208.6667,10,19.669,1,19.669,-1.034,-1.034,5.9384,-0.1912,3.0513,1.0,0.9812,25.0,18.998
Car B,3130,208.6667,10,0.671,1,0.671,-0.061,-0.061,5.9695,0.0227,0.6167,1.0,-0.1462,2.923,-18.998
Car A,3131,208.7333,10,20.0,1,20.061,-0.978,-0.979,5.927,-0.1707,3.4512,1.0,0.8163,24.529,18.931
Car B,3131,208.7333,10,1.069,1,1.069,-0.053,-0.053,5.969,-0.0072,-0.2185,1.0,-0.1224,-3.644,-18.931
Car A,3132,208.8,10,20.378,1,20.45,-0.903,-0.935,5.9192,-0.1165,3.7454,1.0,0.8399,20.412,18.911
Car B,3132,208.8,10,1.467,1,1.467,-0.056,-0.056,5.9715,0.037,-1.1202,1.0,0.0993,-3.061,-18.911
Car A,3133,208.8667,10,20.769,1,20.835,-0.809,-0.872,5.9118,-0.1108,3.9864,1.0,1.0,20.996,18.904
Car B,3133,208.8667,10,1.865,1,1.865,-0.061,-0.061,5.9741,0.0393,0.0005,1.0,-0.0753,2.475,-18.904
Car A,3134,208.9333,10,21.029,1,21.214,-0.697,-0.814,5.904,-0.1173,4.1834,1.0,1.0,24.993,18.766
Car B,3134,208.9333,10,2.263,1,2.263,-0.063,-0.063,5.9751,0.0147,-0.5969,1.0,-0.0931,-1.876,-18.766
Car A,3135,209.0,10,21.422,1,21.587,-0.565,-0.773,5.8972,-0.1021,4.3237,1.0,1.0,24.999,18.76
Car B,3135,209.0,10,2.662,1,2.662,-0.074,-0.074,5.9739,-0.0178,-0.9135,1.0,0.0274,-2.325,-18.76
Car A,3136,209.0667,10,21.812,1,21.952,-0.415,-0.712,5.891,-0.0925,4.4363,1.0,1.0,24.999,18.752
Car B,3136,209.0667,10,3.06,1,3.06,-0.084,-0.084,5.9791,0.0783,0.1304,1.0,-0.0227,0.681,-18.752
Car A,3137,209.1333,10,22.096,1,22.308,-0.245,-0.672,5.8855,-0.0834,4.5231,1.0,1.0,24.999,18.637
Car B,3137,209.1333,10,3.459,1,3.459,-0.091,-0.091,5.9824,0.0489,-0.2564,1.0,0.0437,-0.549,-18.637
Car A,3138,209.2,10,22.488,1,22.655,-0.057,-0.631,5.8805,-0.0739,4.595,1.0,1.0,24.999,18.63
Car B,3138,209.2,10,3.858,1,3.858,-0.096,-0.096,6.0086,0.3932,0.4438,1.0,0.0077,1.091,-18.63
Car A,3139,209.2667,10,22.824,1,22.99,0.149,-0.571,5.876,-0.068,4.6492,1.0,1.0,24.999,18.566
Car B,3139,209.2667,10,4.259,1,4.259,-0.099,-0.099,5.9933,-0.2304,0.1399,1.0,0.0357,0.196,-18.566
Car A,3140,209.3333,10,23.181,1,23.314,0.373,-0.548,5.8719,-0.0618,4.6924,1.0,1.0,24.999,18.523
Car B,3140,209.3333,10,4.658,1,4.658,-0.102,-0.102,5.978,-0.2281,0.258,1.0,0.0275,0.871,-18.523
Car A,3141,209.4,10,23.572,1,23.626,0.613,-0.506,5.8681,-0.0574,4.7264,1.0,1.0,24.999,18.516
Car B,3141,209.4,10,5.057,1,5.057,-0.103,-0.103,5.9805,0.0369,0.1645,1.0,0.0329,0.677,-18.516
Car A,3142,209.4667,10,23.889,1,23.923,0.871,-0.467,5.8645,-0.0533,4.7532,1.0,1.0,24.999,18.433
Car B,3142,209.4667,10,5.455,1,5.455,-0.103,-0.103,6.0002,0.2955,0.3196,1.0,0.0257,0.816,-18.433
Car A,3143,209.5333,10,24.281,1,24.206,1.144,-0.443,5.8612,-0.0494,4.7761,1.0,1.0,24.999,18.425
Car B,3143,209.5333,10,5.856,1,5.856,-0.101,-0.101,5.9906,-0.1445,0.2689,1.0,0.0192,0.635,-18.425
Car A,3144,209.6,10,24.672,1,24.474,1.432,-0.398,5.8581,-0.0473,4.7937,1.0,1.0,24.999,18.416
Car B,3144,209.6,10,6.255,1,6.255,-0.1,-0.1,5.986,-0.0686,0.1241,1.0,0.0199,0.475,-18.416
Car A,3145,209.6667,10,25.002,1,24.725,1.734,-0.382,5.855,-0.0456,4.8061,1.0,1.0,24.999,18.348
Car B,3145,209.6667,10,6.654,1,6.654,-0.099,-0.099,5.9926,0.0991,0.0951,1.0,0.0207,0.485,-18.348
Car A,3146,209.7333,10,25.394,1,24.959,2.049,-0.355,5.8521,-0.0436,4.8163,1.0,1.0,24.999,18.34
Car B,3146,209.7333,10,7.054,1,7.054,-0.097,-0.097,5.9934,0.0122,0.0973,1.0,0.0177,0.505,-18.34
Car A,3147,209.8,10,25.734,1,25.175,2.376,-0.324,5.8493,-0.0419,4.8247,1.0,1.0,24.999,18.281
Car B,3147,209.8,10,7.453,1,7.453,-0.094,-0.094,5.9893,-0.0617,0.1146,1.0,0.0123,0.434,-18.281
Car A,3148,209.8667,10,26.126,1,25.373,2.715,-0.316,5.8467,-0.0401,4.832,1.0,1.0,24.999,18.273
Car B,3148,209.8667,10,7.853,1,7.853,-0.092,-0.092,5.995,0.0853,0.1389,1.0,0.0078,0.303,-18.273
Car A,3149,209.9333,10,26.517,1,25.551,3.064,-0.286,5.844,-0.0392,4.8366,1.0,1.0,24.999,18.264
Car B,3149,209.9333,10,8.253,1,8.253,-0.089,-0.089,6.0063,0.17,0.0505,1.0,0.009,0.193,-18.264
Car A,3150,210.0,10,26.865,1,25.71,3.422,-0.28,5.8415,-0.0381,4.8414,1.0,1.0,24.999,18.211
Car B,3150,210.0,10,8.654,1,8.654,-0.086,-0.086,6.0042,-0.0322,0.0314,1.0,0.0083,0.218,-18.211
Car A,3151,210.0667,10,27.256,1,25.849,3.789,-0.269,5.839,-0.0372,4.8453,1.0,0.76,24.999,18.203
Car B,3151,210.0667,10,9.054,1,9.054,-0.083,-0.083,6.0055,0.0195,0.0417,1.0,0.005,0.201,-18.203
Car A,3152,210.1333,10,27.609,1,25.967,4.162,-0.25,5.8407,0.0253,4.811,1.0,0.9149,19.009,18.154
Car B,3152,210.1333,10,9.454,1,9.455,-0.079,-0.079,6.0071,0.0238,0.0299,1.0,0.002,0.124,-18.154
Car A,3153,210.2,10,28.0,1,26.065,4.541,-0.257,5.8389,-0.028,4.843,1.0,0.317,22.866,18.145
Car B,3153,210.2,10,9.855,1,9.855,-0.075,-0.075,6.003,-0.0603,0.0233,1.0,-0.0024,0.05,-18.145
Car A,3154,210.2667,10,28.393,1,26.15,4.924,-0.25,5.8867,0.7172,3.0414,1.0,-0.2118,7.948,18.138
Car B,3154,210.2667,10,10.255,1,10.255,-0.072,-0.072,6.0017,-0.0199,-0.0058,1.0,-0.0054,-0.056,-18.138
Car A,3155,210.3333,10,28.744,1,26.239,5.308,-0.293,5.9073,0.3092,1.4189,1.0,0.4496,-5.275,18.089
Car B,3155,210.3333,10,10.655,1,10.655,-0.068,-0.068,6.0049,0.047,-0.0483,1.0,-0.0055,-0.133,-18.089
Car A,3156,210.4,10,29.133,1,26.33,5.691,-0.353,5.9034,-0.0578,1.6976,1.0,0.3351,11.213,18.078
Car B,3156,210.4,10,11.056,1,11.056,-0.065,-0.065,6.0031,-0.027,-0.0203,1.0,-0.0084,-0.133,-18.078
Car A,3157,210.4667,10,29.493,1,26.405,6.078,-0.405,5.9003,-0.0468,2.362,1.0,0.5349,8.382,18.037
Car B,3157,210.4667,10,11.456,1,11.456,-0.062,-0.062,6.0011,-0.0296,-0.0057,1.0,-0.0143,-0.203,-18.037
Car A,3158,210.5333,10,29.882,1,26.465,6.467,-0.465,5.8936,-0.101,2.8897,1.0,0.2814,13.364,18.026
Car B,3158,210.5333,10,11.856,1,11.856,-0.06,-0.06,6.0121,0.1647,-0.1574,1.0,-0.012,-0.337,-18.026
Car A,3159,210.6,10,30.274,1,26.514,6.859,-0.514,5.9385,0.6742,2.4998,1.0,0.134,7.044,18.017
Car B,3159,210.6,10,12.257,1,12.257,-0.058,-0.058,6.0087,-0.0499,-0.0701,1.0,-0.0254,-0.294,-18.017
Car A,3160,210.6667,10,30.669,1,26.559,7.254,-0.559,5.9903,0.777,1.2059,1.0,0.1378,3.356,18.011
Car B,3160,210.6667,10,12.657,1,12.657,-0.058,-0.058,5.9945,-0.2137,-0.2532,1.0,-0.0228,-0.625,-18.011
Car A,3161,210.7333,10,31.067,1,26.604,7.652,-0.604,6.0017,0.1709,1.3815,1.0,0.1304,3.442,18.01
Car B,3161,210.7333,10,13.057,1,13.057,-0.058,-0.058,5.9873,-0.1083,-0.1267,1.0,-0.049,-0.558,-18.01
Car A,3162,210.8,10,31.467,1,26.645,8.052,-0.645,6.0479,0.6929,1.2859,1.0,0.1273,3.26,18.011
Car B,3162,210.8,10,13.455,1,13.455,-0.062,-0.062,5.9661,-0.317,-0.4835,1.0,-0.0192,-1.204,-18.011
Car A,3163,210.8667,10,31.867,1,26.679,8.452,-0.679,6.0193,-0.4285,1.2313,1.0,0.1224,3.183,18.013
Car B,3163,210.8667,10,13.855,1,13.855,-0.065,-0.065,6.0085,0.6359,-0.1617,1.0,-0.0591,-0.476,-18.013
Car A,3164,210.9333,10,32.268,1,26.709,8.853,-0.709,6.0412,0.3282,1.1877,1.0,0.1201,3.06,18.013
Car B,3164,210.9333,10,14.255,1,14.255,-0.072,-0.072,5.9849,-0.3547,-0.5874,1.0,0.0019,-1.471,-18.013
Car A,3165,211.0,10,32.672,1,26.734,9.257,-0.734,6.0819,0.6102,1.2042,1.0,0.1287,2.995,18.018
Car B,3165,211.0,10,14.654,1,14.654,-0.079,-0.079,5.9955,0.1597,0.058,1.0,-0.0576,0.038,-18.018
Car A,3166,211.0667,10,33.077,1,26.753,9.662,-0.753,6.0891,0.1088,1.2911,1.0,0.1253,3.208,18.023
Car B,3166,211.0667,10,15.054,1,15.054,-0.087,-0.087,5.9762,-0.2906,-0.5907,0.9964,0.1523,-1.434,-18.023
Car A,3167,211.1333,10,33.483,1,26.766,10.067,-0.766,6.0889,-0.0032,1.2473,1.0,0.15,3.122,18.03
Car B,3167,211.1333,10,15.452,1,15.452,-0.095,-0.095,5.9769,0.0116,0.4503,1.0,0.0619,3.799,-18.03
Car A,3168,211.2,10,33.888,1,26.773,10.473,-0.773,6.0936,0.0697,1.497,1.0,0.1118,3.747,18.037
Car B,3168,211.2,10,15.851,1,15.851,-0.094,-0.094,5.9589,-0.2706,0.5106,1.0,-0.0358,1.531,-18.037
Car A,3169,211.2667,10,34.293,1,26.775,10.878,-0.775,6.0718,-0.327,1.1249,1.0,0.1127,2.794,18.045
Car B,3169,211.2667,10,16.248,1,16.248,-0.098,-0.098,5.9731,0.2127,-0.3488,1.0,0.8281,-0.889,-18.045
Car A,3170,211.3333,10,34.698,1,26.772,11.283,-0.772,6.0798,0.1198,1.144,1.0,0.1735,2.809,18.052
Car B,3170,211.3333,10,16.646,1,16.646,-0.1,-0.1,5.9732,0.0016,0.4121,1.0,0.6983,20.671,-18.052
Car A,3171,211.4,10,35.103,1,26.762,11.688,-0.762,6.0699,-0.1477,1.6611,1.0,-0.0517,4.334,18.059
Car B,3171,211.4,10,17.044,1,17.044,-0.089,-0.089,5.9612,-0.1796,1.5854,1.0,0.9629,17.462,-18.059
Car A,3172,211.4667,10,35.508,1,26.749,12.093,-0.749,6.0735,0.0533,0.372,1.0,0.8332,-1.283,18.067
Car B,3172,211.4667,10,17.44,1,17.441,-0.064,-0.064,5.948,-0.1983,2.3137,1.0,0.4172,24.061,-18.067
Car A,3173,211.5333,10,35.912,1,26.737,12.497,-0.737,6.0643,-0.1374,0.726,1.0,0.6194,20.797,18.076
Car B,3173,211.5333,10,17.835,1,17.835,-0.021,-0.021,5.9446,-0.0516,2.8011,0.5848,-0.2048,10.451,-18.076
Car A,3174,211.6,10,36.315,1,26.713,12.9,-0.713,6.0499,-0.2166,1.8443,1.0,1.0,15.492,18.089
Car B,3174,211.6,10,18.226,1,18.226,0.028,0.028,5.8807,-0.9575,1.4387,0.4072,-1.0,-5.096,-18.089
Car A,3175,211.6667,10,36.716,1,26.673,13.301,-0.673,6.0352,-0.2196,2.5377,1.0,0.7606,24.985,18.105
Car B,3175,211.6667,10,18.611,1,18.611,0.07,0.07,5.7664,-1.7155,0.3257,0.9268,-1.0,-24.97,-18.105
Car A,3176,211.7333,10,37.115,1,26.616,13.7,-0.616,6.0244,-0.1628,3.032,1.0,0.1985,19.023,18.121
Car B,3176,211.7333,10,18.994,1,18.994,0.102,0.102,5.7535,-0.1927,-0.7229,1.0,0.8676,-25.0,-18.121
Car A,3177,211.8,10,37.469,1,26.551,14.097,-0.556,6.0742,0.7469,1.8882,1.0,0.9923,4.984,18.094
Car B,3177,211.8,10,19.375,1,19.375,0.134,0.134,5.7391,-0.2168,0.2306,1.0,0.9259,21.619,-18.094
Car A,3178,211.8667,10,37.871,1,26.478,14.495,-0.516,6.0686,-0.0834,2.1463,1.0,0.9881,24.777,18.115
Car B,3178,211.8667,10,19.756,1,19.756,0.17,0.17,5.739,-0.0012,1.1835,1.0,0.9103,23.143,-18.115
Car A,3179,211.9333,10,38.271,1,26.39,14.89,-0.459,6.0456,-0.3457,2.9991,1.0,1.0,24.703,18.119
Car B,3179,211.9333,10,20.152,1,20.135,0.224,0.213,5.7303,-0.1308,1.9604,1.0,1.0,22.758,-18.119
Car A,3180,212.0,10,38.604,1,26.284,15.279,-0.428,6.0323,-0.1985,3.4209,1.0,1.0,24.999,18.072
Car B,3180,212.0,10,20.532,1,20.511,0.294,0.253,5.7199,-0.1551,2.5804,1.0,0.8998,24.996,-18.072
Car A,3181,212.0667,10,39.006,1,26.161,15.663,-0.397,6.0205,-0.1772,3.7395,1.0,1.0,25.0,18.096
Car B,3181,212.0667,10,20.91,1,20.883,0.379,0.309,5.712,-0.1194,3.0528,1.0,0.8891,22.499,-18.096
Car A,3182,212.1333,10,39.349,1,26.02,16.039,-0.36,6.01,-0.1581,3.9886,1.0,1.0,25.0,18.009
Car B,3182,212.1333,10,21.34,1,21.25,0.482,0.324,5.7046,-0.1101,3.439,1.0,1.0,22.227,-18.009
Car A,3183,212.2,10,39.751,1,25.86,16.408,-0.354,6.0007,-0.1398,4.1744,1.0,1.0,25.0,18.031
Car B,3183,212.2,10,21.72,1,21.612,0.603,0.357,5.6974,-0.1085,3.7489,1.0,1.0,24.995,-18.031
Car A,3184,212.2667,10,40.152,1,25.682,16.768,-0.327,5.9923,-0.1257,4.32,1.0,1.0,24.999,17.993
Car B,3184,212.2667,10,22.159,1,21.967,0.742,0.371,5.6913,-0.0906,3.9849,1.0,1.0,24.999,-17.993
Car A,3185,212.3333,10,40.502,1,25.486,17.118,-0.326,5.9848,-0.1125,4.4349,1.0,1.0,24.999,17.962
Car B,3185,212.3333,10,22.54,1,22.315,0.899,0.383,5.6864,-0.0742,4.1679,1.0,1.0,24.999,-17.962
Car A,3186,212.4,10,40.903,1,25.273,17.457,-0.321,5.9779,-0.1036,4.5234,1.0,1.0,24.999,17.919
Car B,3186,212.4,10,22.984,1,22.653,1.074,0.395,5.6825,-0.059,4.3123,1.0,1.0,24.999,-17.919
Car A,3187,212.4667,10,41.255,1,25.043,17.785,-0.311,5.9716,-0.0947,4.5951,1.0,1.0,24.999,17.89
Car B,3187,212.4667,10,23.364,1,22.981,1.267,0.388,5.6793,-0.0473,4.4265,1.0,1.0,24.999,-17.89
Car A,3188,212.5333,10,41.654,1,24.795,18.099,-0.327,5.9657,-0.0875,4.6486,1.0,1.0,24.999,17.846
Car B,3188,212.5333,10,23.808,1,23.299,1.477,0.4,5.6768,-0.0372,4.5171,1.0,1.0,24.999,-17.846
Car A,3189,212.6,10,42.054,1,24.532,18.399,-0.322,5.9603,-0.0818,4.6902,1.0,1.0,24.999,17.866
Car B,3189,212.6,10,24.188,1,23.604,1.705,0.375,5.6749,-0.0294,4.5875,1.0,1.0,24.999,-17.866
Car A,3190,212.6667,10,42.402,1,24.253,18.685,-0.343,5.9552,-0.0768,4.7264,1.0,1.0,24.999,17.834
Car B,3190,212.6667,10,24.569,1,23.896,1.949,0.371,5.6733,-0.0231,4.6433,1.0,1.0,24.999,-17.834
Car A,3191,212.7333,10,42.801,1,23.96,18.956,-0.358,5.9503,-0.0726,4.7517,1.0,1.0,24.999,17.794
Car B,3191,212.7333,10,25.006,1,24.174,2.209,0.345,5.6722,-0.0161,4.6903,1.0,1.0,24.999,-17.794
Car A,3192,212.8,10,43.143,1,23.652,19.209,-0.369,5.9456,-0.0705,4.7737,1.0,1.0,24.999,17.756
Car B,3192,212.8,10,25.386,1,24.437,2.484,0.324,5.6714,-0.0122,4.7262,1.0,1.0,24.999,-17.756
Car A,3193,212.8667,10,43.54,1,23.332,19.446,-0.403,5.9412,-0.0661,4.791,1.0,1.0,24.999,17.723
Car B,3193,212.8667,10,25.816,1,24.685,2.773,0.301,5.6709,-0.0085,4.7549,1.0,1.0,24.999,-17.723
Car A,3194,212.9333,10,43.938,1,22.999,19.665,-0.416,5.9369,-0.0647,4.8034,1.0,1.0,24.999,17.743
Car B,3194,212.9333,10,26.195,1,24.915,3.076,0.263,5.6705,-0.0054,4.7782,1.0,1.0,24.999,-17.743
Car A,3195,213.0,10,44.268,1,22.655,19.866,-0.454,5.9327,-0.0622,4.8138,1.0,1.0,24.999,17.654
Car B,3195,213.0,10,26.614,1,25.128,3.392,0.246,5.6703,-0.0031,4.7969,1.0,1.0,24.999,-17.654
Car A,3196,213.0667,10,44.664,2,22.302,20.047,-0.486,5.9287,-0.0603,4.822,1.0,1.0,24.999,17.673
Car B,3196,213.0667,10,26.991,1,25.323,3.719,0.191,5.6702,-0.0016,4.8107,1.0,1.0,24.999,-17.673
Car A,3197,213.1333,10,44.982,2,21.939,20.209,-0.508,5.9248,-0.0587,4.8283,1.0,1.0,24.999,17.612
Car B,3197,213.1333,10,27.37,1,25.499,4.056,0.157,5.6702,-0.0001,4.8229,1.0,1.0,24.999,-17.612
Car A,3198,213.2,10,45.376,2,21.568,20.35,-0.559,5.921,-0.057,4.8326,1.0,1.0,24.999,17.606
Car B,3198,213.2,10,27.77,1,25.655,4.403,0.11,5.6703,0.0009,4.8325,1.0,1.0,24.999,-17.606
Car A,3199,213.2667,10,45.772,2,21.19,20.471,-0.589,5.9172,-0.0568,4.8375,1.0,0.479,24.999,17.624
Car B,3199,213.2667,10,28.148,1,25.792,4.758,0.06,5.6704,0.0018,4.8387,1.0,1.0,24.999,-17.624
Car A,3200,213.3333,10,46.071,2,20.807,20.578,-0.64,5.9493,0.4812,3.9928,1.0,1.0,11.994,17.54
Car B,3200,213.3333,10,28.531,1,25.908,5.121,0.023,5.6706,0.0029,4.8453,1.0,1.0,24.999,-17.54
Car A,3201,213.4,10,46.465,2,20.419,20.669,-0.7,5.9395,-0.1477,4.1525,1.0,1.0,24.979,17.558
Car B,3201,213.4,10,28.906,1,26.003,5.49,-0.043,5.6708,0.0029,4.8502,1.0,1.0,24.999,-17.558
Car A,3202,213.4667,10,46.83,2,20.028,20.74,-0.741,5.9319,-0.1131,4.318,1.0,0.8131,24.999,17.546
Car B,3202,213.4667,10,29.284,1,26.077,5.863,-0.088,5.671,0.0033,4.8531,1.0,1.0,24.999,-17.546
Car A,3203,213.5333,10,47.196,2,19.634,20.791,-0.791,5.9278,-0.0617,4.417,1.0,0.967,20.334,17.541
Car B,3203,213.5333,10,29.655,1,26.13,6.24,-0.13,5.6712,0.0036,4.8565,1.0,1.0,24.999,-17.541
Car A,3204,213.6,10,47.592,2,19.239,20.821,-0.821,5.9219,-0.0878,4.5118,1.0,0.7065,24.168,17.557
Car B,3204,213.6,10,30.034,1,26.161,6.619,-0.161,5.6715,0.0036,4.8583,1.0,1.0,24.999,-17.557
Car A,3205,213.6667,10,47.988,2,18.842,20.83,-0.83,5.9207,-0.0184,4.5626,1.0,0.5686,17.672,17.573
Car B,3205,213.6667,10,30.415,1,26.17,7.0,-0.17,5.6717,0.004,4.8599,1.0,1.0,24.999,-17.573
Car A,3206,213.7333,10,48.385,2,18.445,20.819,-0.819,5.9264,0.0849,4.5663,1.0,0.382,14.22,17.589
Car B,3206,213.7333,10,30.796,1,26.158,7.381,-0.158,5.672,0.0036,4.8612,1.0,0.8748,24.999,-17.589
Car A,3207,213.8,10,48.783,2,18.047,20.794,-0.794,5.9905,0.9625,3.4871,1.0,-0.0305,9.556,17.608
Car B,3207,213.8,10,31.175,1,26.124,7.76,-0.124,5.6747,0.0417,4.8409,1.0,-0.2732,21.875,-17.608
Car A,3208,213.8667,10,49.183,2,17.648,20.766,-0.766,6.0106,0.3003,1.8309,1.0,0.0731,-0.746,17.629
Car B,3208,213.8667,10,31.554,1,26.078,8.139,-0.078,5.7147,0.5989,3.294,1.0,-0.277,-6.788,-17.629
Car A,3209,213.9333,10,49.583,2,17.248,20.746,-0.746,6.002,-0.1281,0.7044,1.0,0.099,1.824,17.648
Car B,3209,213.9333,10,31.934,1,26.036,8.519,-0.036,5.7446,0.4492,1.213,1.0,-0.2954,-6.925,-17.648
Car A,3210,214.0,10,49.982,2,16.848,20.724,-0.724,5.9867,-0.2291,0.9663,1.0,0.0893,2.472,17.665
Car B,3210,214.0,10,32.317,1,26.006,8.902,-0.006,5.7537,0.1357,-0.1317,1.0,-0.2888,-7.384,-17.665
Car A,3211,214.0667,10,50.38,2,16.45,20.698,-0.698,5.9963,0.1438,0.8542,1.0,0.0843,2.234,17.68
Car B,3211,214.0667,10,32.7,1,25.988,9.285,0.012,5.7552,0.0231,-1.1198,1.0,-0.2535,-7.22,-17.68
Car A,3212,214.1333,10,50.78,2,16.05,20.668,-0.668,6.0357,0.5901,0.824,1.0,0.0809,2.105,17.696
Car B,3212,214.1333,10,33.084,1,25.984,9.669,0.016,5.7633,0.1222,-1.8545,1.0,-0.2082,-6.339,-17.696
Car A,3213,214.2,10,51.182,2,15.649,20.635,-0.635,6.0541,0.2758,0.7877,1.0,0.0506,2.017,17.71
Car B,3213,214.2,10,33.471,1,25.99,10.056,0.01,5.844,1.2093,-1.8322,0.9465,-0.0893,-5.206,-17.71
Car A,3214,214.2667,10,51.582,2,15.248,20.601,-0.601,6.0359,-0.2724,0.4563,1.0,0.0671,1.246,17.722
Car B,3214,214.2667,10,33.86,1,25.998,10.445,0.002,5.7968,-0.7071,-0.8044,0.9785,-0.0241,-2.236,-17.722
Car A,3215,214.3333,10,51.982,2,14.848,20.565,-0.565,6.0445,0.1289,0.671,1.0,-0.0702,1.668,17.735
Car B,3215,214.3333,10,34.247,1,26.001,10.832,-0.001,5.8458,0.7338,-0.2134,0.9517,-0.0939,-0.597,-17.735
Car A,3216,214.4,10,52.384,2,14.446,20.53,-0.53,6.0427,-0.0269,-0.3665,1.0,0.0896,-1.75,17.748
Car B,3216,214.4,10,34.636,1,26.007,11.221,-0.007,5.8076,-0.5716,-0.837,1.0,0.965,-2.345,-17.748
Car A,3217,214.4667,10,52.785,2,14.045,20.498,-0.498,6.0374,-0.0792,0.4335,1.0,-0.0614,2.233,17.762
Car B,3217,214.4667,10,35.023,1,26.011,11.608,-0.011,5.8097,0.0303,0.0685,1.0,0.9547,24.084,-17.762
Car A,3218,214.5333,10,53.186,2,13.644,20.463,-0.463,6.0314,-0.0907,-0.3557,1.0,0.0781,-1.529,17.776
Car B,3218,214.5333,10,35.41,1,26.006,11.995,-0.006,5.7992,-0.1576,1.2335,1.0,1.0,23.867,-17.776
Car A,3219,214.6,10,53.586,2,13.244,20.431,-0.431,6.0255,-0.0878,0.4374,1.0,-0.1738,1.947,17.79
Car B,3219,214.6,10,35.796,1,25.985,12.381,0.015,5.7875,-0.1746,2.0184,1.0,0.7774,24.998,-17.79
Car A,3220,214.6667,10,53.986,2,12.844,20.396,-0.396,6.0207,-0.0728,-0.395,1.0,0.0402,-4.336,17.806
Car B,3220,214.6667,10,36.18,1,25.948,12.765,0.052,5.7796,-0.1189,2.6067,0.3863,-0.6479,19.442,-17.806
Car A,3221,214.7333,10,54.386,2,12.444,20.365,-0.365,6.0181,-0.0389,0.3399,1.0,-0.2394,0.996,17.826
Car B,3221,214.7333,10,36.56,1,25.905,13.145,0.095,5.6921,-1.3128,1.4293,1.0,0.9087,-16.143,-17.826
Car A,3222,214.8,10,54.786,2,12.044,20.332,-0.332,6.0172,-0.0128,-0.5779,1.0,0.034,-5.975,17.85
Car B,3222,214.8,10,36.936,1,25.857,13.521,0.143,5.6807,-0.1707,1.7998,1.0,-0.3866,22.658,-17.85
Car A,3223,214.8667,10,55.186,2,11.644,20.304,-0.304,6.0167,-0.0075,0.2237,1.0,-0.3071,0.838,17.874
Car B,3223,214.8667,10,37.312,1,25.808,13.897,0.192,5.6977,0.2559,0.3579,1.0,0.2434,-9.617,-17.874
Car A,3224,214.9333,10,55.586,2,11.244,20.275,-0.275,6.0141,-0.0392,-0.6689,1.0,-0.0011,-7.665,17.879
Car B,3224,214.9333,10,37.707,1,25.758,14.274,0.219,5.7015,0.0557,1.401,1.0,1.0,6.06,-17.879
Car A,3225,215.0,10,55.986,2,10.844,20.25,-0.25,6.0095,-0.0693,-0.0009,1.0,-0.3066,-0.048,17.901
Car B,3225,215.0,10,38.086,1,25.693,14.648,0.255,5.6982,-0.0486,1.8389,1.0,0.9175,24.971,-17.901
Car A,3226,215.0667,10,56.386,2,10.444,20.226,-0.226,6.0074,-0.0313,-0.8221,1.0,0.0103,-7.652,17.878
Car B,3226,215.0667,10,38.509,1,25.612,15.019,0.287,5.6821,-0.2414,2.7103,1.0,1.0,22.941,-17.878
Car A,3227,215.1333,10,56.786,2,10.044,20.206,-0.206,6.0085,0.017,0.0574,1.0,-0.3334,0.245,17.898
Car B,3227,215.1333,10,38.888,1,25.514,15.386,0.297,5.6731,-0.1349,3.1729,1.0,1.0,24.996,-17.898
Car A,3228,215.2,10,57.186,2,9.644,20.186,-0.186,6.0066,-0.0288,-0.8193,1.0,0.0028,-8.321,17.92
Car B,3228,215.2,10,39.266,1,25.398,15.747,0.324,5.6655,-0.115,3.5268,1.0,1.0,25.0,-17.92
Car A,3229,215.2667,10,57.586,2,9.244,20.17,-0.17,6.0072,0.008,0.0429,1.0,-0.3061,0.055,17.89
Car B,3229,215.2667,10,39.696,1,25.265,16.102,0.313,5.6589,-0.0983,3.8193,1.0,1.0,25.0,-17.89
Car A,3230,215.3333,10,57.986,2,8.844,20.154,-0.154,6.005,-0.0328,-0.8345,1.0,0.0199,-7.639,17.912
Car B,3230,215.3333,10,40.075,1,25.114,16.45,0.319,5.6536,-0.0791,4.0358,1.0,1.0,25.0,-17.912
Car A,3231,215.4,10,58.387,2,8.443,20.142,-0.142,6.0061,0.0169,0.0305,1.0,-0.2328,0.485,17.883
Car B,3231,215.4,10,40.504,1,24.945,16.788,0.308,5.6495,-0.0623,4.2061,1.0,1.0,24.999,-17.883
Car A,3232,215.4667,10,58.787,2,8.043,20.129,-0.129,6.0026,-0.0526,-0.7545,1.0,0.0247,-5.809,17.904
Car B,3232,215.4667,10,40.882,1,24.759,17.118,0.295,5.6462,-0.0487,4.3412,1.0,1.0,24.999,-17.904
Car A,3233,215.5333,10,59.187,2,7.643,20.12,-0.12,6.0034,0.0119,0.1009,1.0,-0.2153,0.607,17.88
Car B,3233,215.5333,10,41.307,1,24.554,17.436,0.287,5.6437,-0.0376,4.4509,1.0,1.0,24.999,-17.88
Car A,3234,215.6,10,59.587,2,7.243,20.11,-0.11,6.0015,-0.0284,-0.6955,1.0,0.0311,-5.373,17.902
Car B,3234,215.6,10,41.684,1,24.333,17.743,0.256,5.6419,-0.0276,4.5339,1.0,1.0,24.999,-17.902
Car A,3235,215.6667,10,59.987,2,6.843,20.104,-0.104,6.003,0.0226,0.124,1.0,-0.1802,0.768,17.924
Car B,3235,215.6667,10,42.063,1,24.095,18.038,0.246,5.6406,-0.0198,4.6019,1.0,1.0,24.999,-17.924
Car A,3236,215.7333,10,60.387,2,6.443,20.096,-0.096,5.9995,-0.0525,-0.6452,1.0,0.0395,-4.497,17.91
Car B,3236,215.7333,10,42.477,1,23.84,18.318,0.204,5.6397,-0.0131,4.6549,1.0,1.0,24.999,-17.91
Car A,3237,215.8,10,60.787,2,6.043,20.092,-0.092,6.0007,0.0185,0.1818,1.0,-0.1487,0.979,17.932
Car B,3237,215.8,10,42.855,1,23.571,18.584,0.177,5.6392,-0.0079,4.6996,1.0,1.0,24.999,-17.932
Car A,3238,215.8667,10,61.187,2,5.643,20.086,-0.086,5.9966,-0.0614,-0.5769,1.0,0.044,-3.711,17.929
Car B,3238,215.8667,10,43.258,1,23.287,18.834,0.142,5.6389,-0.0034,4.7339,1.0,1.0,24.999,-17.929
Car A,3239,215.9333,10,61.586,2,5.244,20.084,-0.084,5.9977,0.0166,0.2292,1.0,-0.127,1.091,17.952
Car B,3239,215.9333,10,43.634,1,22.989,19.068,0.099,5.6389,-0.0002,4.7615,1.0,1.0,24.999,-17.952
Car A,3240,216.0,10,61.986,2,4.844,20.079,-0.079,5.9942,-0.0527,-0.5749,1.0,0.0543,-3.168,17.962
Car B,3240,216.0,10,44.024,1,22.679,19.284,0.075,5.6391,0.0022,4.7831,1.0,1.0,24.999,-17.962
Car A,3241,216.0667,10,62.386,2,4.444,20.078,-0.078,5.9947,0.0072,0.2275,1.0,-0.0852,1.351,17.988
Car B,3241,216.0667,10,44.398,1,22.356,19.483,0.015,5.6394,0.0052,4.8008,1.0,1.0,24.999,-17.988
Car A,3242,216.1333,10,62.785,2,4.045,20.075,-0.075,5.9917,-0.0443,-0.4945,1.0,0.0568,-2.123,18.011
Car B,3242,216.1333,10,44.774,2,22.023,19.662,-0.024,5.6399,0.0066,4.8158,1.0,1.0,24.999,-18.011
Car A,3243,216.2,10,63.185,2,3.646,20.074,-0.074,5.9909,-0.0126,0.3071,1.0,-0.1017,1.414,18.041
Car B,3243,216.2,10,45.144,2,21.68,19.823,-0.073,5.6404,0.0075,4.8271,1.0,1.0,24.999,-18.041
Car A,3244,216.2667,10,63.584,2,3.246,20.072,-0.072,5.9884,-0.038,-0.4633,1.0,0.0576,-2.536,18.065
Car B,3244,216.2667,10,45.518,2,21.328,19.964,-0.128,5.6409,0.0078,4.8358,1.0,1.0,24.999,-18.065
Car A,3245,216.3333,10,63.983,2,2.847,20.072,-0.072,5.9881,-0.0044,0.3162,1.0,-0.09,1.434,18.094
Car B,3245,216.3333,10,45.889,2,20.969,20.084,-0.161,5.6415,0.0099,4.8429,1.0,1.0,24.999,-18.094
Car A,3246,216.4,10,64.382,2,2.448,20.07,-0.07,5.9865,-0.0242,-0.4494,1.0,0.0609,-2.244,18.139
Car B,3246,216.4,10,46.242,2,20.604,20.184,-0.23,5.6422,0.0093,4.8473,1.0,1.0,24.999,-18.139
Car A,3247,216.4667,10,64.781,2,2.049,20.071,-0.071,5.9856,-0.0134,0.3225,1.0,-0.0748,1.516,18.163
Car B,3247,216.4667,10,46.618,2,20.233,20.262,-0.28,5.6428,0.0091,4.8517,1.0,1.0,24.999,-18.163
Car A,3248,216.5333,10,65.18,2,1.65,20.069,-0.069,5.9841,-0.0228,-0.4336,1.0,0.0632,-1.865,18.209
Car B,3248,216.5333,10,46.971,2,19.859,20.319,-0.319,5.6434,0.0098,4.8555,1.0,1.0,24.999,-18.209
Car A,3249,216.6,10,65.579,2,1.251,20.07,-0.07,5.9834,-0.0091,0.3492,1.0,-0.0817,1.573,18.23
Car B,3249,216.6,10,47.349,2,19.482,20.355,-0.355,5.6441,0.0105,4.8583,1.0,1.0,24.999,-18.23
Car A,3250,216.6667,10,65.977,2,0.853,20.069,-0.069,5.982,-0.0211,-0.4135,1.0,0.0631,-2.036,18.25
Car B,3250,216.6667,10,47.727,2,19.103,20.369,-0.369,5.6449,0.0111,4.8606,1.0,1.0,24.999,-18.25
Car A,3251,216.7333,10,66.376,2,0.454,20.071,-0.071,5.9813,-0.0112,0.3651,1.0,-0.0869,1.573,18.27
Car B,3251,216.7333,10,48.106,2,18.724,20.361,-0.361,5.6456,0.0107,4.8617,1.0,1.0,24.999,-18.27
Car A,3252,216.8,10,66.775,2,0.055,20.07,-0.07,5.9805,-0.0118,-0.4263,1.0,0.0661,-2.167,18.291
Car B,3252,216.8,10,48.484,2,18.346,20.332,-0.332,5.6462,0.0099,4.8627,1.0,0.2129,24.999,-18.291
Car A,3253,216.8667,10,67.173,2,-0.343,20.072,-0.072,5.98,-0.0078,0.342,1.0,-0.1091,1.645,18.312
Car B,3253,216.8667,10,48.862,2,17.968,20.289,-0.289,5.6992,0.7941,3.0422,1.0,-0.0582,5.353,-18.312
Car A,3254,216.9333,10,67.572,2,-0.742,20.071,-0.071,5.9789,-0.0169,-0.4292,1.0,0.0657,-2.721,18.33
Car B,3254,216.9333,10,49.242,2,17.588,20.252,-0.252,5.7302,0.466,1.2519,1.0,-0.0685,-1.444,-18.33
Car A,3255,217.0,10,67.971,2,-1.14,20.074,-0.074,5.9794,0.0078,0.3356,1.0,-0.1398,1.637,18.347
Car B,3255,217.0,10,49.624,2,17.207,20.226,-0.226,5.7466,0.2454,-0.0735,1.0,-0.0649,-1.712,-18.347
Car A,3256,217.0667,10,68.369,2,-1.539,20.075,-0.075,5.9772,-0.0326,-0.4461,1.0,0.0663,-3.487,18.36
Car B,3256,217.0667,10,50.009,2,16.821,20.21,-0.21,5.8406,1.4108,-0.5986,1.0,-0.0504,-1.624,-18.36
Car A,3257,217.1333,10,68.768,2,-1.937,20.078,-0.078,5.9784,0.0177,0.3141,1.0,-0.2339,1.65,18.364
Car B,3257,217.1333,10,50.403,2,16.427,20.196,-0.196,5.965,1.8649,-0.4524,1.0,-0.0352,-1.263,-18.364
Car A,3258,217.2,10,69.166,2,-2.336,20.08,-0.08,5.9751,-0.0494,-0.4736,1.0,0.0663,-5.836,18.365
Car B,3258,217.2,10,50.801,2,16.029,20.182,-0.182,5.9727,0.1163,-0.2238,1.0,-0.0356,-0.867,-18.365
Car A,3259,217.2667,10,69.564,2,-2.734,20.084,-0.084,5.977,0.0279,0.3083,1.0,-0.2013,1.645,18.365
Car B,3259,217.2667,10,51.199,2,15.631,20.167,-0.167,5.9845,0.1766,-0.1791,1.0,-0.0355,-0.868,-18.365
Car A,3260,217.3333,10,69.962,2,-3.132,20.087,-0.087,5.9736,-0.0499,-0.4721,1.0,0.0721,-5.022,18.364
Car B,3260,217.3333,10,51.598,2,15.232,20.153,-0.153,5.986,0.0219,-0.1681,1.0,-0.0365,-0.865,-18.364
Car A,3261,217.4,10,70.361,2,-3.531,20.092,-0.092,5.975,0.0212,0.3179,1.0,-0.1658,1.791,18.364
Car B,3261,217.4,10,51.997,2,14.833,20.141,-0.141,5.9745,-0.1719,-0.3629,1.0,-0.0342,-0.891,-18.364
Car A,3262,217.4667,10,70.759,2,-3.929,20.095,-0.095,5.9729,-0.0328,-0.4512,1.0,0.0758,-4.136,18.363
Car B,3262,217.4667,10,52.395,2,14.435,20.13,-0.13,5.9834,0.133,-0.1769,1.0,-0.0361,-0.834,-18.363
Car A,3263,217.5333,10,71.157,2,-4.327,20.102,-0.102,5.9748,0.0296,0.3278,1.0,-0.1536,1.886,18.363
Car B,3263,217.5333,10,52.794,2,14.036,20.12,-0.12,6.0025,0.2866,-0.348,1.0,-0.0278,-0.897,-18.363
Car A,3264,217.6,10,71.555,2,-4.725,20.105,-0.105,5.9726,-0.0336,-0.4389,1.0,0.0787,-3.831,18.362
Car B,3264,217.6,10,53.194,2,13.637,20.111,-0.111,5.9825,-0.2999,-0.1656,1.0,-0.0331,-0.683,-18.362
Car A,3265,217.6667,10,71.953,2,-5.123,20.112,-0.112,5.9739,0.0191,0.3395,1.0,-0.137,1.959,18.361
Car B,3265,217.6667,10,53.592,2,13.238,20.104,-0.104,6.0007,0.2732,-0.3212,1.0,-0.0245,-0.821,-18.361
Car A,3266,217.7333,10,72.351,2,-5.521,20.115,-0.115,5.9726,-0.0196,-0.4169,1.0,0.0782,-3.416,18.358
Car B,3266,217.7333,10,53.993,2,12.837,20.097,-0.097,6.0145,0.2075,-0.1344,1.0,-0.0248,-0.601,-18.358
Car A,3267,217.8,10,72.749,2,-5.919,20.123,-0.123,5.9731,0.0088,0.3405,1.0,-0.1252,1.945,18.356
Car B,3267,217.8,10,54.394,2,12.436,20.09,-0.09,6.0129,-0.0236,-0.1111,1.0,-0.0262,-0.601,-18.356
Car A,3268,217.8667,10,73.148,2,-6.317,20.127,-0.127,5.972,-0.0166,-0.4165,1.0,0.0809,-3.123,18.353
Car B,3268,217.8667,10,54.795,2,12.036,20.083,-0.083,6.011,-0.0293,-0.0934,1.0,-0.0281,-0.634,-18.353
Car A,3269,217.9333,10,73.546,2,-6.715,20.134,-0.134,5.973,0.0149,0.3597,1.0,-0.1097,2.015,18.35
Car B,3269,217.9333,10,55.195,2,11.635,20.078,-0.078,5.9937,-0.2594,-0.2794,1.0,-0.0238,-0.691,-18.35
Car A,3270,218.0,10,73.944,2,-7.114,20.139,-0.139,5.9722,-0.0122,-0.4054,1.0,0.0839,-2.735,18.349
Car B,3270,218.0,10,55.594,2,11.236,20.074,-0.074,5.9851,-0.1287,-0.1409,1.0,-0.0259,-0.585,-18.349
Car A,3271,218.0667,10,74.342,2,-7.512,20.146,-0.146,5.9718,-0.007,0.3625,1.0,-0.0998,2.089,18.348
Car B,3271,218.0667,10,55.994,2,10.837,20.07,-0.07,5.9921,0.1046,-0.1152,1.0,-0.0252,-0.63,-18.348
Car A,3272,218.1333,10,74.74,2,-7.91,20.151,-0.151,5.9723,0.0075,-0.3919,1.0,0.0846,-2.489,18.347
Car B,3272,218.1333,10,56.393,2,10.437,20.067,-0.067,5.9901,-0.0304,-0.134,1.0,-0.024,-0.615,-18.347
Car A,3273,218.2,10,75.138,2,-8.308,20.159,-0.159,5.9724,0.002,0.3656,1.0,-0.0876,2.108,18.346
Car B,3273,218.2,10,56.792,2,10.038,20.064,-0.064,5.9892,-0.0134,-0.1223,1.0,-0.0227,-0.586,-18.346
Car A,3274,218.2667,10,75.536,2,-8.706,20.163,-0.163,5.9724,-0.0003,-0.3865,1.0,0.0858,-2.183,18.344
Car B,3274,218.2667,10,57.192,2,9.639,20.061,-0.061,5.9901,0.0131,-0.1261,1.0,-0.0207,-0.554,-18.344
Car A,3275,218.3333,10,75.934,2,-9.104,20.171,-0.171,5.9727,0.0054,0.3757,1.0,-0.0808,2.137,18.343
Car B,3275,218.3333,10,57.591,2,9.239,20.06,-0.06,5.989,-0.0162,-0.1048,1.0,-0.0191,-0.506,-18.343
Car A,3276,218.4,10,76.332,2,-9.502,20.176,-0.176,5.9731,0.0052,-0.3776,1.0,0.0866,-2.014,18.342
Car B,3276,218.4,10,57.99,2,8.84,20.058,-0.058,5.9909,0.0289,-0.0923,1.0,-0.017,-0.467,-18.342
Car A,3277,218.4667,10,76.73,2,-9.9,20.183,-0.183,5.9726,-0.0074,0.3925,1.0,-0.0796,2.159,18.34
Car B,3277,218.4667,10,58.39,2,8.44,20.058,-0.058,5.9905,-0.0057,-0.0899,1.0,-0.0145,-0.416,-18.34
Car A,3278,218.5333,10,77.128,2,-10.298,20.188,-0.188,5.9729,0.0054,-0.3704,1.0,0.0873,-1.982,18.339
Car B,3278,218.5333,10,58.789,2,8.041,20.057,-0.057,5.9914,0.0129,-0.0793,1.0,-0.012,-0.355,-18.339
Car A,3279,218.6,10,77.526,2,-10.696,20.195,-0.195,5.9731,0.0029,0.3753,1.0,-0.0641,2.175,18.338
Car B,3279,218.6,10,59.189,2,7.642,20.057,-0.057,5.9926,0.019,-0.0641,1.0,-0.0095,-0.295,-18.338
Car A,3280,218.6667,10,77.924,2,-11.094,20.2,-0.2,5.9736,0.0073,-0.3714,1.0,0.0878,-1.595,18.336
Car B,3280,218.6667,10,59.588,2,7.242,20.058,-0.058,6.0051,0.1865,-0.1178,1.0,-0.0026,-0.231,-18.336
Car A,3281,218.7333,10,78.322,2,-11.492,20.207,-0.207,5.973,-0.0096,0.404,1.0,-0.0759,2.189,18.334
Car B,3281,218.7333,10,59.989,2,6.842,20.059,-0.059,6.0047,-0.0052,-0.0358,1.0,-0.0031,-0.063,-18.334
Car A,3282,218.8,10,78.721,2,-11.89,20.211,-0.211,5.9727,-0.0049,-0.3636,1.0,0.0879,-1.891,18.332
Car B,3282,218.8,10,60.389,2,6.441,20.059,-0.059,6.0005,-0.0641,-0.0151,1.0,-0.0041,-0.076,-18.332
Car A,3283,218.8667,10,79.119,2,-12.288,20.217,-0.217,5.9727,0.0009,0.393,1.0,-0.065,2.191,18.33
Car B,3283,218.8667,10,60.789,2,6.041,20.059,-0.059,6.0006,0.0016,0.0008,1.0,-0.0042,-0.099,-18.33
Car A,3284,218.9333,10,79.517,2,-12.687,20.221,-0.221,5.9735,0.0111,-0.3565,1.0,0.0884,-1.619,18.328
Car B,3284,218.9333,10,61.189,2,5.641,20.059,-0.059,5.9993,-0.0188,-0.0084,1.0,-0.0034,-0.102,-18.328
Car A,3285,219.0,10,79.915,2,-13.085,20.227,-0.227,5.9727,-0.011,0.4179,1.0,-0.072,2.204,18.326
Car B,3285,219.0,10,61.589,2,5.241,20.06,-0.06,6.0025,0.0474,-0.043,1.0,-0.0002,-0.082,-18.326
Car A,3286,219.0667,10,80.313,2,-13.483,20.23,-0.23,5.9733,0.0079,-0.3464,1.0,0.0882,-1.793,18.324
Car B,3286,219.0667,10,61.989,2,4.841,20.061,-0.061,6.0055,0.0453,-0.0146,1.0,0.0016,-0.006,-18.324
Car A,3287,219.1333,10,80.711,2,-13.881,20.236,-0.236,5.9724,-0.0129,0.4035,1.0,-0.0628,2.198,18.321
Car B,3287,219.1333,10,62.39,2,4.44,20.062,-0.062,6.0032,-0.0339,-0.0046,1.0,0.0025,0.037,-18.321
Car A,3288,219.2,10,81.109,2,-14.279,20.239,-0.239,5.9735,0.0162,-0.3579,1.0,0.0891,-1.563,18.319
Car B,3288,219.2,10,62.79,2,4.04,20.063,-0.063,6.0011,-0.0326,0.0036,1.0,0.0025,0.059,-18.319
Car A,3289,219.2667,10,81.507,2,-14.677,20.245,-0.245,5.9728,-0.0096,0.4358,1.0,-0.0719,2.22,18.317
Car B,3289,219.2667,10,63.19,2,3.64,20.063,-0.063,5.9997,-0.0208,0.0025,1.0,0.0027,0.06,-18.317
Car A,3290,219.3333,10,81.905,2,-15.075,20.247,-0.247,5.9731,0.0041,-0.34,1.0,0.0824,-1.792,18.316
Car B,3290,219.3333,10,63.59,2,3.24,20.064,-0.064,5.9997,0.0003,0.0215,1.0,0.0023,0.065,-18.316
Car A,3291,219.4,10,82.304,2,-15.473,20.252,-0.252,5.9734,0.0036,0.4035,1.0,-0.1179,2.054,18.314
Car B,3291,219.4,10,63.99,2,2.84,20.064,-0.064,5.9996,-0.0014,0.0276,1.0,0.0021,0.056,-18.314
Car A,3292,219.4667,10,82.702,2,-15.872,20.255,-0.255,5.9723,-0.0152,-0.3719,1.0,0.0848,-2.94,18.312
Car B,3292,219.4667,10,64.39,2,2.44,20.065,-0.065,5.9997,0.0017,0.0139,1.0,0.0026,0.051,-18.312
Car A,3293,219.5333,10,83.1,2,-16.27,20.26,-0.26,5.9733,0.0137,0.368,1.0,-0.1571,2.111,18.31
Car B,3293,219.5333,10,64.79,2,2.04,20.065,-0.065,6.0004,0.0097,0.0125,1.0,0.0031,0.063,-18.31
Car A,3294,219.6,10,83.498,2,-16.668,20.263,-0.263,5.9712,-0.0304,-0.4043,1.0,0.0566,-3.918,18.308
Car B,3294,219.6,10,65.19,2,1.64,20.066,-0.066,6.0005,0.0016,0.0256,1.0,0.0032,0.076,-18.308
Car A,3295,219.6667,10,83.896,2,-17.066,20.269,-0.269,5.9732,0.0296,0.3481,1.0,-0.1266,1.406,18.306
Car B,3295,219.6667,10,65.59,2,1.24,20.066,-0.066,5.9993,-0.0178,0.0022,1.0,0.0037,0.077,-18.306
Car A,3296,219.7333,10,84.294,2,-17.464,20.273,-0.273,5.9723,-0.0137,-0.4888,1.0,0.0937,-3.159,18.304
Car B,3296,219.7333,10,65.99,2,0.84,20.066,-0.066,5.9999,0.0094,0.0187,1.0,0.0035,0.089,-18.304
Car A,3297,219.8,10,84.692,2,-17.862,20.281,-0.281,5.9721,-0.0023,0.3132,1.0,0.8771,2.335,18.302
Car B,3297,219.8,10,66.39,2,0.44,20.067,-0.067,5.9989,-0.0148,0.0076,1.0,0.0036,0.085,-18.302
Car A,3298,219.8667,10,85.09,2,-18.26,20.277,-0.277,5.9679,-0.0638,0.9569,1.0,0.3953,21.899,18.299
Car B,3298,219.8667,10,66.79,2,0.04,20.067,-0.067,5.9992,0.0043,0.0179,1.0,0.0031,0.086,-18.299
Car A,3299,219.9333,10,85.487,2,-18.656,20.259,-0.259,5.9513,-0.2483,2.0068,1.0,-0.1752,9.899,18.296
Car B,3299,219.9333,10,67.19,2,-0.36,20.067,-0.067,5.999,-0.0033,0.0188,1.0,0.003,0.076,-18.296
Car A,3300,220.0,10,85.883,2,-19.053,20.234,-0.234,5.9594,0.1204,0.8544,1.0,0.7967,-4.358,18.293
Car B,3300,220.0,10,67.59,2,-0.76,20.067,-0.067,5.9993,0.0042,0.0138,1.0,0.0014,0.072,-18.293
Car A,3301,220.0667,10,86.279,2,-19.449,20.211,-0.211,5.9543,-0.0762,1.0416,1.0,0.4945,19.88,18.289
Car B,3301,220.0667,10,67.99,2,-1.16,20.066,-0.066,5.9986,-0.0105,-0.0015,1.0,0.0002,0.037,-18.289
Car A,3302,220.1333,10,86.674,2,-19.844,20.175,-0.175,5.9414,-0.1931,2.042,1.0,1.0,12.372,18.284
Car B,3302,220.1333,10,68.39,2,-1.56,20.066,-0.066,5.9992,0.0099,0.0352,1.0,-0.002,0.007,-18.284
Car A,3303,220.2,10,87.056,2,-20.237,20.123,-0.141,5.9282,-0.1988,2.6784,1.0,1.0,24.98,18.266
Car B,3303,220.2,10,68.79,2,-1.96,20.065,-0.065,5.9988,-0.0064,0.0261,1.0,-0.0031,-0.048,-18.266
Car A,3304,220.2667,10,87.45,2,-20.626,20.054,-0.103,5.9162,-0.1797,3.1647,1.0,1.0,25.0,18.26
Car B,3304,220.2667,10,69.19,2,-2.36,20.065,-0.065,6.0006,0.0277,0.0005,1.0,-0.0032,-0.075,-18.26
Car A,3305,220.3333,10,87.833,2,-21.012,19.967,-0.057,5.9053,-0.1638,3.5347,1.0,1.0,25.0,18.243
Car B,3305,220.3333,10,69.59,2,-2.76,20.064,-0.064,6.0021,0.0215,-0.0174,1.0,-0.0031,-0.078,-18.243
Car A,3306,220.4,10,88.228,2,-21.392,19.862,-0.043,5.8955,-0.1456,3.8249,1.0,1.0,25.0,18.237
Car B,3306,220.4,10,69.99,2,-3.16,20.064,-0.064,6.0024,0.0041,-0.0283,1.0,-0.0022,-0.075,-18.237
Car A,3307,220.4667,10,88.62,2,-21.766,19.739,-0.011,5.887,-0.1276,4.0494,1.0,1.0,25.0,18.23
Car B,3307,220.4667,10,70.391,2,-3.56,20.064,-0.064,6.0004,-0.0299,-0.028,1.0,-0.0027,-0.055,-18.23
Car A,3308,220.5333,10,89.014,2,-22.134,19.596,-0.005,5.8797,-0.1095,4.2233,1.0,1.0,25.0,18.223
Car B,3308,220.5333,10,70.791,2,-3.961,20.064,-0.064,6.0023,0.0297,-0.0375,1.0,-0.0011,-0.064,-18.223
Car A,3309,220.6,10,89.407,3,-22.493,19.436,0.005,5.8733,-0.096,4.3581,1.0,1.0,24.999,18.216
Car B,3309,220.6,10,71.191,2,-4.361,20.065,-0.065,6.0018,-0.0082,-0.0069,1.0,-0.001,-0.027,-18.216
Car A,3310,220.6667,10,89.803,3,-22.843,19.257,0.014,5.8677,-0.0852,4.4614,1.0,1.0,24.999,18.212
Car B,3310,220.6667,10,71.591,2,-4.761,20.065,-0.065,6.0008,-0.0145,-0.0235,1.0,-0.0002,-0.025,-18.212
Car A,3311,220.7333,10,90.196,3,-23.183,19.059,0.004,5.8626,-0.0762,4.5453,1.0,1.0,24.999,18.205
Car B,3311,220.7333,10,71.991,2,-5.161,20.065,-0.065,5.9999,-0.014,0.0079,1.0,0.0002,-0.006,-18.205
Car A,3312,220.8,10,90.589,3,-23.512,18.844,0.016,5.8581,-0.0676,4.6088,1.0,1.0,24.999,18.198
Car B,3312,220.8,10,72.391,2,-5.561,20.065,-0.065,6.0005,0.0095,-0.0222,1.0,0.0015,0.005,-18.198
Car A,3313,220.8667,10,90.983,3,-23.829,18.612,-0.012,5.854,-0.0608,4.6628,1.0,1.0,24.999,18.192
Car B,3313,220.8667,10,72.791,2,-5.961,20.066,-0.066,5.9999,-0.0093,-0.0154,1.0,0.0035,0.037,-18.192
Car A,3314,220.9333,10,91.375,3,-24.132,18.363,-0.02,5.8503,-0.0556,4.7031,1.0,1.0,24.999,18.184
Car B,3314,220.9333,10,73.191,2,-6.361,20.066,-0.066,6.0,0.001,-0.0103,1.0,0.005,0.084,-18.184
Car A,3315,221.0,10,91.763,3,-24.421,18.098,-0.042,5.8469,-0.0514,4.7344,1.0,1.0,24.999,18.172
Car B,3315,221.0,10,73.591,2,-6.761,20.067,-0.067,6.0012,0.0179,-0.0016,1.0,0.0069,0.121,-18.172
Car A,3316,221.0667,10,92.155,3,-24.695,17.818,-0.068,5.8437,-0.0479,4.7604,1.0,1.0,24.999,18.163
Car B,3316,221.0667,10,73.991,2,-7.161,20.067,-0.067,6.0018,0.0092,0.0187,1.0,0.0084,0.167,-18.163
Car A,3317,221.1333,10,92.534,3,-24.954,17.523,-0.083,5.8408,-0.0435,4.7821,1.0,1.0,24.999,18.143
Car B,3317,221.1333,10,74.391,2,-7.561,20.068,-0.068,6.0029,0.0162,0.0197,1.0,0.0099,0.204,-18.143
Car A,3318,221.2,10,92.923,3,-25.195,17.215,-0.128,5.8379,-0.0435,4.7979,1.0,1.0,24.999,18.131
Car B,3318,221.2,10,74.792,2,-7.962,20.068,-0.068,6.0037,0.0132,0.0251,1.0,0.0119,0.24,-18.131
Car A,3319,221.2667,10,93.314,3,-25.419,16.894,-0.151,5.8352,-0.0396,4.8103,1.0,1.0,24.999,18.122
Car B,3319,221.2667,10,75.192,2,-8.362,20.068,-0.068,6.0047,0.0149,0.0315,1.0,0.0128,0.287,-18.122
Car A,3320,221.3333,10,93.678,3,-25.625,16.562,-0.196,5.8327,-0.0386,4.8211,1.0,1.0,24.999,18.085
Car B,3320,221.3333,10,75.592,2,-8.762,20.068,-0.068,6.006,0.0188,0.044,1.0,0.0138,0.31,-18.085
Car A,3321,221.4,10,94.067,3,-25.812,16.218,-0.237,5.8302,-0.0372,4.8289,1.0,1.0,24.999,18.074
Car B,3321,221.4,10,75.993,2,-9.163,20.068,-0.068,6.0066,0.0091,0.0552,1.0,0.0134,0.335,-18.074
Car A,3322,221.4667,10,94.416,3,-25.98,15.865,-0.269,5.8278,-0.0353,4.835,1.0,1.0,24.999,18.022
Car B,3322,221.4667,10,76.393,2,-9.563,20.067,-0.067,6.0078,0.0187,0.0547,1.0,0.0127,0.324,-18.022
Car A,3323,221.5333,10,94.802,3,-26.128,15.503,-0.328,5.8255,-0.0348,4.8395,1.0,1.0,24.999,18.008
Car B,3323,221.5333,10,76.794,2,-9.964,20.066,-0.066,6.0079,0.0002,0.0579,1.0,0.0097,0.31,-18.008
Car A,3324,221.6,10,95.191,3,-26.256,15.134,-0.366,5.8233,-0.0335,4.8433,1.0,1.0,24.999,17.997
Car B,3324,221.6,10,77.194,2,-10.364,20.064,-0.064,6.0,-0.1172,0.0317,1.0,0.0041,0.238,-17.997
Car A,3325,221.6667,10,95.518,3,-26.363,14.758,-0.421,5.8211,-0.0332,4.8474,1.0,1.0,24.999,17.924
Car B,3325,221.6667,10,77.594,2,-10.764,20.062,-0.062,5.9979,-0.0321,0.0392,1.0,-0.0037,0.107,-17.924
Car A,3326,221.7333,10,95.904,3,-26.449,14.377,-0.477,5.8189,-0.0318,4.849,1.0,1.0,24.999,17.91
Car B,3326,221.7333,10,77.994,2,-11.164,20.061,-0.061,5.9953,-0.0383,0.0781,1.0,-0.0179,-0.084,-17.91
Car A,3327,221.8,10,96.253,3,-26.513,13.992,-0.513,5.8168,-0.0319,4.85,1.0,0.9315,24.999,17.859
Car B,3327,221.8,10,78.394,2,-11.564,20.061,-0.061,5.9951,-0.0037,-0.1632,1.0,-0.0104,-0.435,-17.859
Car A,3328,221.8667,10,96.641,3,-26.556,13.605,-0.556,5.8155,-0.0192,4.845,1.0,0.5242,23.29,17.847
Car B,3328,221.8667,10,78.794,2,-11.964,20.061,-0.061,6.0001,0.0746,-0.1063,1.0,-0.025,-0.258,-17.847
Car A,3329,221.9333,10,97.031,3,-26.583,13.214,-0.583,5.8655,0.7499,4.1774,1.0,0.0509,13.12,17.837
Car B,3329,221.9333,10,79.194,2,-12.364,20.063,-0.063,5.9937,-0.0955,-0.2569,1.0,-0.0121,-0.609,-17.837
Car A,3330,222.0,10,97.424,3,-26.601,12.821,-0.601,5.899,0.5025,2.5032,1.0,-0.1002,1.29,17.83
Car B,3330,222.0,10,79.594,2,-12.764,20.066,-0.066,6.0111,0.2606,-0.081,1.0,-0.0191,-0.301,-17.83
Car A,3331,222.0667,10,97.818,3,-26.627,12.427,-0.627,5.9174,0.276,0.735,1.0,0.1198,-2.499,17.823
Car B,3331,222.0667,10,79.995,2,-13.165,20.069,-0.069,6.0225,0.1718,-0.3124,1.0,-0.0003,-0.465,-17.823
Car A,3332,222.1333,10,98.211,3,-26.657,12.034,-0.657,5.93,0.189,1.0739,1.0,0.1189,2.986,17.816
Car B,3332,222.1333,10,80.396,2,-13.566,20.073,-0.073,5.9997,-0.343,-0.0561,1.0,-0.0315,-0.009,-17.816
Car A,3333,222.2,10,98.608,3,-26.678,11.637,-0.678,5.9525,0.3368,1.2057,1.0,0.1186,2.972,17.812
Car B,3333,222.2,10,80.795,2,-13.965,20.077,-0.077,5.9815,-0.2729,-0.2204,1.0,-0.0114,-0.766,-17.812
Car A,3334,222.2667,10,99.006,3,-26.695,11.239,-0.695,5.9937,0.6186,1.1196,1.0,0.1221,2.964,17.811
Car B,3334,222.2667,10,81.195,2,-14.365,20.082,-0.082,5.9997,0.2741,-0.0779,1.0,-0.0126,-0.283,-17.811
Car A,3335,222.3333,10,99.405,3,-26.706,10.84,-0.706,5.9721,-0.3248,1.228,1.0,0.1165,3.05,17.81
Car B,3335,222.3333,10,81.595,2,-14.765,20.087,-0.087,5.9971,-0.0394,-0.0513,1.0,-0.0136,-0.305,-17.81
Car A,3336,222.4,10,99.806,3,-26.712,10.44,-0.712,6.0251,0.7959,1.1306,1.0,0.1254,2.912,17.811
Car B,3336,222.4,10,81.995,2,-15.165,20.092,-0.092,5.9967,-0.0058,-0.0574,1.0,0.0288,-0.331,-17.811
Car A,3337,222.4667,10,100.206,3,-26.713,10.039,-0.713,6.0244,-0.0109,1.2044,1.0,0.099,3.134,17.811
Car B,3337,222.4667,10,82.395,2,-15.565,20.094,-0.094,5.9869,-0.1479,0.3278,1.0,-0.0241,0.706,-17.811
Car A,3338,222.5333,10,100.605,3,-26.71,9.64,-0.71,5.9722,-0.7838,0.989,1.0,0.0336,2.476,17.811
Car B,3338,222.5333,10,82.794,2,-15.964,20.098,-0.098,5.9827,-0.0622,-0.2427,1.0,0.4888,-0.586,-17.811
Car A,3339,222.6,10,101.004,3,-26.709,9.241,-0.709,6.0035,0.4697,0.3365,1.0,0.1256,0.844,17.812
Car B,3339,222.6,10,83.193,2,-16.363,20.099,-0.099,5.9816,-0.0167,0.78,1.0,0.2718,12.2,-17.812
Car A,3340,222.6667,10,101.405,3,-26.703,8.841,-0.703,5.9999,-0.053,1.1032,1.0,0.0207,3.136,17.813
Car B,3340,222.6667,10,83.591,2,-16.761,20.086,-0.086,5.9761,-0.0825,1.6362,1.0,-0.1241,6.802,-17.813
Car A,3341,222.7333,10,101.804,3,-26.694,8.441,-0.694,5.9981,-0.0269,0.182,1.0,0.1636,0.518,17.815
Car B,3341,222.7333,10,83.99,2,-17.159,20.068,-0.068,5.9827,0.0985,0.5292,1.0,0.64,-3.086,-17.815
Car A,3342,222.8,10,102.204,3,-26.684,8.041,-0.684,5.9942,-0.0589,0.9747,1.0,0.6663,4.084,17.816
Car B,3342,222.8,10,84.388,2,-17.557,20.052,-0.052,5.9796,-0.0461,0.7204,1.0,0.3032,15.972,-17.816
Car A,3343,222.8667,10,102.603,3,-26.661,7.643,-0.661,5.9831,-0.167,1.8402,1.0,0.3143,16.637,17.818
Car B,3343,222.8667,10,84.785,2,-17.955,20.023,-0.023,5.9679,-0.1749,1.848,0.7934,0.1455,7.593,-17.818
Car A,3344,222.9333,10,103.0,3,-26.623,7.245,-0.623,5.9823,-0.0121,2.4253,1.0,-0.0336,7.871,17.824
Car B,3344,222.9333,10,85.176,2,-18.346,19.985,0.015,5.838,-1.9495,1.3508,0.5105,-0.6141,3.644,-17.824
Car A,3345,223.0,10,103.397,3,-26.578,6.848,-0.578,5.995,0.191,1.1124,1.0,1.0,-0.827,17.838
Car B,3345,223.0,10,85.559,2,-18.729,19.951,0.049,5.7366,-1.5212,0.163,0.7763,-0.8139,-15.323,-17.838
Car A,3346,223.0667,10,103.793,3,-26.533,6.452,-0.533,5.9834,-0.1737,1.3341,1.0,0.6454,24.961,17.853
Car B,3346,223.0667,10,85.94,2,-19.11,19.928,0.072,5.7094,-0.4072,-0.8525,1.0,0.8586,-20.34,-17.853
Car A,3347,223.1333,10,104.188,3,-26.476,6.057,-0.476,5.9723,-0.1664,2.2407,1.0,1.0,16.149,17.869
Car B,3347,223.1333,10,86.319,2,-19.489,19.907,0.093,5.7011,-0.1243,0.0607,1.0,1.0,21.403,-17.869
Car A,3348,223.2,10,104.547,3,-26.402,5.666,-0.427,5.9588,-0.2025,2.8423,1.0,1.0,24.986,17.848
Car B,3348,223.2,10,86.699,2,-19.868,19.879,0.121,5.6991,-0.0299,1.0958,1.0,1.0,24.993,-17.848
Car A,3349,223.2667,10,104.94,3,-26.311,5.279,-0.367,5.9467,-0.1815,3.2807,1.0,1.0,25.0,17.852
Car B,3349,223.2667,10,87.088,2,-20.246,19.834,0.146,5.69,-0.137,1.9134,1.0,1.0,25.0,-17.852
Car A,3350,223.3333,10,105.282,3,-26.202,4.897,-0.307,5.9356,-0.167,3.6347,1.0,1.0,25.0,17.816
Car B,3350,223.3333,10,87.466,2,-20.62,19.774,0.176,5.6801,-0.1487,2.5299,1.0,0.9387,25.0,-17.816
Car A,3351,223.4,10,105.678,3,-26.076,4.521,-0.271,5.9259,-0.1454,3.901,1.0,1.0,25.0,17.801
Car B,3351,223.4,10,87.877,2,-20.992,19.698,0.21,5.6721,-0.1204,3.0199,1.0,1.0,23.469,-17.801
Car A,3352,223.4667,10,106.07,3,-25.93,4.152,-0.217,5.9173,-0.1286,4.1118,1.0,1.0,25.0,17.814
Car B,3352,223.4667,10,88.256,2,-21.359,19.604,0.215,5.664,-0.1213,3.4118,1.0,1.0,24.997,-17.814
Car A,3353,223.5333,10,106.433,3,-25.767,3.791,-0.192,5.9099,-0.1121,4.2701,1.0,1.0,25.0,17.799
Car B,3353,223.5333,10,88.634,2,-21.721,19.492,0.239,5.657,-0.104,3.7233,1.0,1.0,25.0,-17.799
Car A,3354,223.6,10,106.827,3,-25.586,3.44,-0.159,5.9033,-0.0992,4.3928,1.0,1.0,24.999,17.776
Car B,3354,223.6,10,89.05,2,-22.077,19.363,0.232,5.6513,-0.0859,3.9633,1.0,1.0,24.999,-17.776
Car A,3355,223.6667,10,107.2,3,-25.386,3.098,-0.127,5.8973,-0.0887,4.4921,1.0,1.0,24.999,17.771
Car B,3355,223.6667,10,89.429,3,-22.425,19.215,0.236,5.6468,-0.0672,4.1502,1.0,1.0,24.999,-17.771
Car A,3356,223.7333,10,107.595,3,-25.169,2.768,-0.114,5.892,-0.0794,4.5652,1.0,1.0,24.999,17.75
Car B,3356,223.7333,10,89.845,3,-22.765,19.048,0.233,5.6433,-0.0523,4.298,1.0,1.0,24.999,-17.75
Car A,3357,223.8,10,107.988,3,-24.935,2.451,-0.081,5.8872,-0.0723,4.6275,1.0,1.0,24.999,17.765
Car B,3357,223.8,10,90.223,3,-23.095,18.864,0.217,5.6407,-0.0401,4.4158,1.0,1.0,24.999,-17.765
Car A,3358,223.8667,10,108.371,3,-24.684,2.146,-0.083,5.8828,-0.066,4.675,1.0,1.0,24.999,17.734
Car B,3358,223.8667,10,90.636,3,-23.415,18.662,0.219,5.6387,-0.0302,4.5059,1.0,1.0,24.999,-17.734
Car A,3359,223.9333,10,108.765,3,-24.418,1.856,-0.069,5.8788,-0.0609,4.7128,1.0,1.0,24.999,17.751
Car B,3359,223.9333,10,91.013,3,-23.723,18.442,0.186,5.6373,-0.0211,4.5813,1.0,1.0,24.999,-17.751
Car A,3360,224.0,10,109.149,3,-24.136,1.58,-0.065,5.875,-0.0569,4.7434,1.0,1.0,24.999,17.758
Car B,3360,224.0,10,91.391,3,-24.018,18.206,0.174,5.6363,-0.014,4.6405,1.0,1.0,24.999,-17.758
Car A,3361,224.0667,10,109.543,3,-23.839,1.321,-0.07,5.8714,-0.0536,4.7684,1.0,1.0,24.999,17.748
Car B,3361,224.0667,10,91.795,3,-24.3,17.953,0.144,5.6357,-0.0101,4.6858,1.0,1.0,24.999,-17.748
Car A,3362,224.1333,10,109.927,3,-23.53,1.078,-0.06,5.868,-0.0505,4.7868,1.0,1.0,24.999,17.755
Car B,3362,224.1333,10,92.172,3,-24.567,17.685,0.115,5.6354,-0.0036,4.7231,1.0,1.0,24.999,-17.755
Car A,3363,224.2,10,110.32,3,-23.207,0.852,-0.083,5.8648,-0.0477,4.8008,1.0,1.0,24.999,17.754
Car B,3363,224.2,10,92.566,3,-24.818,17.403,0.095,5.6354,-0.0008,4.7528,1.0,1.0,24.999,-17.754
Car A,3364,224.2667,10,110.713,3,-22.873,0.645,-0.085,5.8618,-0.0461,4.8124,1.0,1.0,24.999,17.771
Car B,3364,224.2667,10,92.942,3,-25.053,17.106,0.05,5.6355,0.0026,4.7772,1.0,1.0,24.999,-17.771
Car A,3365,224.3333,10,111.092,3,-22.528,0.457,-0.107,5.8588,-0.0447,4.8221,1.0,1.0,24.999,17.773
Car B,3365,224.3333,10,93.319,3,-25.271,16.797,0.026,5.6359,0.0055,4.796,1.0,1.0,24.999,-17.773
Car A,3366,224.4,10,111.484,3,-22.174,0.288,-0.128,5.8559,-0.0431,4.8298,1.0,1.0,24.999,17.786
Car B,3366,224.4,10,93.698,3,-25.471,16.476,-0.021,5.6363,0.0065,4.8102,1.0,1.0,24.999,-17.786
Car A,3367,224.4667,10,111.856,3,-21.811,0.138,-0.141,5.8532,-0.0408,4.8344,1.0,1.0,24.999,17.782
Car B,3367,224.4667,10,94.074,3,-25.652,16.143,-0.061,5.6369,0.0082,4.8222,1.0,1.0,24.999,-17.782
Car A,3368,224.5333,10,112.247,3,-21.44,0.009,-0.18,5.8505,-0.0407,4.8389,1.0,1.0,24.999,17.808
Car B,3368,224.5333,10,94.439,3,-25.814,15.801,-0.093,5.6375,0.009,4.8331,1.0,1.0,24.999,-17.808
Car A,3369,224.6,10,112.638,3,-21.063,-0.099,-0.197,5.8479,-0.0393,4.8428,1.0,0.541,24.999,17.825
Car B,3369,224.6,10,94.813,3,-25.956,15.45,-0.149,5.6381,0.0097,4.8401,1.0,1.0,24.999,-17.825
Car A,3370,224.6667,10,112.998,3,-20.679,-0.191,-0.244,5.902,0.8112,4.2615,1.0,1.0,13.541,17.808
Car B,3370,224.6667,10,95.19,3,-26.078,15.092,-0.184,5.6388,0.0099,4.8467,1.0,1.0,24.999,-17.808
Car A,3371,224.7333,10,113.39,3,-20.292,-0.267,-0.289,5.8944,-0.1128,4.3797,1.0,0.8127,24.982,17.856
Car B,3371,224.7333,10,95.534,3,-26.179,14.727,-0.236,5.6395,0.0106,4.8502,1.0,1.0,24.999,-17.856
Car A,3372,224.8,10,113.76,3,-19.901,-0.321,-0.321,5.8914,-0.0463,4.4621,1.0,0.8475,20.325,17.85
Car B,3372,224.8,10,95.91,3,-26.26,14.357,-0.287,5.6402,0.0111,4.8542,1.0,1.0,24.999,-17.85
Car A,3373,224.8667,10,114.153,3,-19.508,-0.355,-0.355,5.8874,-0.06,4.5383,1.0,0.3903,21.185,17.891
Car B,3373,224.8667,10,96.262,3,-26.318,13.983,-0.318,5.641,0.0111,4.8573,1.0,1.0,24.999,-17.891
Car A,3374,224.9333,10,114.548,3,-19.112,-0.375,-0.375,5.9422,0.8223,3.5265,1.0,0.1204,9.775,17.909
Car B,3374,224.9333,10,96.639,3,-26.355,13.606,-0.355,5.6417,0.0107,4.8589,1.0,1.0,24.999,-17.909
Car A,3375,225.0,10,114.945,3,-18.715,-0.392,-0.392,5.9685,0.3946,1.8849,1.0,0.1049,3.022,17.928
Car B,3375,225.0,10,97.018,3,-26.371,13.228,-0.371,5.6424,0.011,4.8609,1.0,1.0,24.999,-17.928
Car A,3376,225.0667,10,115.343,3,-18.317,-0.416,-0.416,5.9872,0.2803,0.9991,1.0,0.1085,2.624,17.947
Car B,3376,225.0667,10,97.397,3,-26.365,12.849,-0.365,5.6432,0.0112,4.8622,1.0,1.0,24.999,-17.947
Car A,3377,225.1333,10,115.742,3,-17.918,-0.436,-0.436,5.9756,-0.174,1.0865,1.0,0.1039,2.71,17.968
Car B,3377,225.1333,10,97.774,3,-26.337,12.471,-0.337,5.6439,0.0111,4.8632,1.0,0.1587,24.999,-17.968
Car A,3378,225.2,10,116.142,3,-17.518,-0.452,-0.452,6.0196,0.6604,0.9995,1.0,0.1048,2.599,17.99
Car B,3378,225.2,10,98.152,3,-26.296,12.093,-0.296,5.6874,0.6522,3.464,1.0,-0.0529,4.0,-17.99
Car A,3379,225.2667,10,116.542,3,-17.118,-0.464,-0.464,5.9773,-0.6341,1.0301,1.0,0.0999,2.618,18.01
Car B,3379,225.2667,10,98.532,3,-26.26,11.713,-0.26,5.726,0.5795,1.257,1.0,-0.0576,-1.315,-18.01
Car A,3380,225.3333,10,116.942,3,-16.719,-0.471,-0.471,5.9999,0.3381,0.9615,1.0,0.0993,2.498,18.028
Car B,3380,225.3333,10,98.914,3,-26.236,11.332,-0.236,5.7444,0.2751,-0.0834,1.0,-0.0477,-1.44,-18.028
Car A,3381,225.4,10,117.342,3,-16.318,-0.475,-0.475,6.0196,0.2968,0.954,1.0,0.0987,2.483,18.042
Car B,3381,225.4,10,99.3,3,-26.22,10.945,-0.22,5.8549,1.6583,-0.4411,1.0,-0.0131,-1.193,-18.042
Car A,3382,225.4667,10,117.743,3,-15.917,-0.474,-0.474,6.0189,-0.0119,0.9483,1.0,0.0895,2.468,18.05
Car B,3382,225.4667,10,99.694,3,-26.204,10.552,-0.204,5.9591,1.5629,-0.132,1.0,-0.0036,-0.329,-18.05
Car A,3383,225.5333,10,118.144,3,-15.516,-0.469,-0.469,6.0008,-0.2705,0.9025,1.0,0.0597,2.236,18.052
Car B,3383,225.5333,10,100.092,3,-26.186,10.153,-0.186,5.9927,0.5039,-0.0565,1.0,-0.0038,-0.093,-18.052
Car A,3384,225.6,10,118.545,3,-15.115,-0.464,-0.464,6.0278,0.405,0.5796,1.0,0.0918,1.492,18.053
Car B,3384,225.6,10,100.492,3,-26.168,9.754,-0.168,5.9983,0.0835,0.0326,1.0,0.0245,-0.094,-18.053
Car A,3385,225.6667,10,118.946,3,-14.714,-0.454,-0.454,5.999,-0.4329,0.9004,1.0,-0.0337,2.292,18.055
Car B,3385,225.6667,10,100.891,3,-26.148,9.354,-0.148,5.9892,-0.1364,0.1087,1.0,-0.0047,0.595,-18.055
Car A,3386,225.7333,10,119.346,3,-14.314,-0.445,-0.445,6.0004,0.0216,-0.1626,1.0,0.0948,-0.837,18.056
Car B,3386,225.7333,10,101.29,3,-26.129,8.955,-0.129,5.9978,0.1293,0.0652,0.8601,0.0172,-0.105,-18.056
Car A,3387,225.8,10,119.746,3,-13.914,-0.437,-0.437,5.9979,-0.0377,0.5984,1.0,0.0616,2.365,18.064
Car B,3387,225.8,10,101.682,3,-26.11,8.563,-0.11,5.819,-2.6824,0.1192,0.8943,-0.0968,0.43,-18.064
Car A,3388,225.8667,10,120.145,3,-13.515,-0.423,-0.423,5.9957,-0.0333,0.5831,1.0,0.0438,1.543,18.079
Car B,3388,225.8667,10,102.066,3,-26.094,8.179,-0.094,5.7427,-1.1436,-0.6558,0.9027,-0.0151,-2.416,-18.079
Car A,3389,225.9333,10,120.546,3,-13.114,-0.408,-0.408,6.0343,0.5793,0.3441,1.0,0.0867,1.077,18.101
Car B,3389,225.9333,10,102.445,3,-26.082,7.8,-0.082,5.6294,-1.7004,-0.1326,1.0,1.0,-0.381,-18.101
Car A,3390,226.0,10,120.948,3,-12.713,-0.391,-0.391,6.0357,0.0219,0.8455,1.0,-0.0607,2.164,18.128
Car B,3390,226.0,10,102.82,3,-26.062,7.426,-0.062,5.6303,0.0141,0.5963,1.0,0.9583,24.962,-18.128
Car A,3391,226.0667,10,121.35,3,-12.311,-0.372,-0.372,6.0343,-0.0211,-0.1959,1.0,0.09,-1.511,18.156
Car B,3391,226.0667,10,103.194,3,-26.031,7.052,-0.031,5.6208,-0.1429,1.6483,1.0,1.0,23.959,-18.156
Car A,3392,226.1333,10,121.751,3,-11.909,-0.357,-0.357,6.029,-0.0801,0.5043,1.0,-0.0337,2.244,18.186
Car B,3392,226.1333,10,103.565,3,-25.984,6.68,0.016,5.612,-0.1312,2.3317,1.0,0.9651,24.998,-18.186
Car A,3393,226.2,10,122.153,3,-11.508,-0.338,-0.338,6.0201,-0.1334,-0.2833,1.0,0.0824,-0.836,18.218
Car B,3393,226.2,10,103.935,3,-25.92,6.311,0.08,5.6041,-0.1196,2.8609,1.0,-0.3983,24.128,-18.218
Car A,3394,226.2667,10,122.554,3,-11.107,-0.32,-0.32,6.0176,-0.0371,0.5759,1.0,-0.1784,2.054,18.239
Car B,3394,226.2667,10,104.314,3,-25.85,5.943,0.145,5.621,0.2544,1.6222,1.0,0.9786,-9.907,-18.239
Car A,3395,226.3333,10,122.954,3,-10.706,-0.3,-0.3,6.0149,-0.0412,-0.333,1.0,0.0513,-4.449,18.268
Car B,3395,226.3333,10,104.686,3,-25.773,5.576,0.194,5.6133,-0.116,2.3661,1.0,0.7618,24.414,-18.268
Car A,3396,226.4,10,123.355,3,-10.306,-0.284,-0.284,6.0135,-0.0203,0.3952,1.0,-0.2069,1.273,18.299
Car B,3396,226.4,10,105.055,3,-25.681,5.212,0.257,5.6085,-0.0718,2.9208,1.0,0.8602,19.054,-18.299
Car A,3397,226.4667,10,123.755,3,-9.905,-0.266,-0.266,6.0117,-0.0269,-0.4927,1.0,0.0469,-5.162,18.284
Car B,3397,226.4667,10,105.471,3,-25.57,4.854,0.298,5.6025,-0.0907,3.3321,1.0,1.0,21.5,-18.284
Car A,3398,226.5333,10,124.156,3,-9.505,-0.252,-0.252,6.0115,-0.003,0.2926,1.0,-0.2213,1.162,18.312
Car B,3398,226.5333,10,105.844,3,-25.442,4.502,0.34,5.5962,-0.0943,3.6559,1.0,1.0,24.994,-18.312
Car A,3399,226.6,10,124.556,3,-9.104,-0.236,-0.236,6.0087,-0.042,-0.5679,1.0,0.0438,-5.522,18.281
Car B,3399,226.6,10,106.275,3,-25.297,4.157,0.383,5.5911,-0.0754,3.9112,1.0,1.0,25.0,-18.281
Car A,3400,226.6667,10,124.956,3,-8.704,-0.224,-0.224,6.0086,-0.0018,0.2318,1.0,-0.2289,1.084,18.308
Car B,3400,226.6667,10,106.649,3,-25.133,3.82,0.405,5.5872,-0.0593,4.111,1.0,1.0,24.999,-18.308
Car A,3401,226.7333,10,125.356,3,-8.304,-0.211,-0.211,6.0055,-0.047,-0.5693,1.0,0.0221,-5.712,18.336
Car B,3401,226.7333,10,107.021,3,-24.952,3.492,0.447,5.5843,-0.0429,4.2644,1.0,1.0,24.999,-18.336
Car A,3402,226.8,10,125.757,3,-7.904,-0.201,-0.201,6.0067,0.0189,0.2096,1.0,-0.2339,0.542,18.291
Car B,3402,226.8,10,107.466,3,-24.753,3.175,0.453,5.5823,-0.0305,4.3879,1.0,1.0,24.999,-18.291
Car A,3403,226.8667,10,126.157,3,-7.503,-0.191,-0.191,6.0043,-0.0362,-0.7077,1.0,0.0572,-5.836,18.318
Car B,3403,226.8667,10,107.839,3,-24.537,2.869,0.477,5.581,-0.0194,4.4843,1.0,1.0,24.999,-18.318
Car A,3404,226.9333,10,126.557,3,-7.103,-0.184,-0.184,6.0051,0.0118,0.1347,1.0,-0.1739,1.419,18.267
Car B,3404,226.9333,10,108.29,3,-24.305,2.576,0.484,5.5803,-0.0108,4.5634,1.0,1.0,24.999,-18.267
Car A,3405,227.0,10,126.957,3,-6.703,-0.175,-0.175,6.0008,-0.0652,-0.5631,1.0,0.0488,-4.338,18.292
Car B,3405,227.0,10,108.665,3,-24.056,2.296,0.492,5.5801,-0.003,4.6247,1.0,1.0,24.999,-18.292
Car A,3406,227.0667,10,127.357,3,-6.303,-0.17,-0.17,6.0015,0.0104,0.2359,1.0,-0.1991,1.211,18.239
Car B,3406,227.0667,10,109.119,3,-23.792,2.03,0.5,5.5803,0.0027,4.6749,1.0,1.0,24.999,-18.239
Car A,3407,227.1333,10,127.757,3,-5.903,-0.163,-0.163,5.9978,-0.0556,-0.54,1.0,0.055,-4.969,18.264
Car B,3407,227.1333,10,109.493,3,-23.513,1.78,0.491,5.5808,0.0078,4.7143,1.0,1.0,24.999,-18.264
Car A,3408,227.2,10,128.157,3,-5.503,-0.159,-0.159,5.9983,0.0086,0.262,1.0,-0.1887,1.364,18.21
Car B,3408,227.2,10,109.947,3,-23.22,1.546,0.502,5.5815,0.0109,4.747,1.0,1.0,24.999,-18.21
Car A,3409,227.2667,10,128.557,3,-5.104,-0.153,-0.153,5.9951,-0.0488,-0.5378,1.0,0.064,-4.707,18.236
Car B,3409,227.2667,10,110.321,3,-22.914,1.329,0.476,5.5825,0.0152,4.7713,1.0,1.0,24.999,-18.236
Car A,3410,227.3333,10,128.956,3,-4.704,-0.15,-0.15,5.9956,0.0074,0.2576,1.0,-0.1813,1.59,18.261
Car B,3410,227.3333,10,110.696,3,-22.596,1.13,0.473,5.5836,0.0165,4.7924,1.0,1.0,24.999,-18.261
Car A,3411,227.4,10,129.356,3,-4.305,-0.145,-0.145,5.9918,-0.0573,-0.4871,1.0,0.067,-4.523,18.212
Car B,3411,227.4,10,111.144,3,-22.268,0.95,0.448,5.5849,0.019,4.8081,1.0,1.0,24.999,-18.212
Car A,3412,227.4667,10,129.755,3,-3.905,-0.144,-0.144,5.9923,0.0081,0.2999,1.0,-0.1686,1.665,18.236
Car B,3412,227.4667,10,111.519,3,-21.929,0.789,0.429,5.5862,0.0196,4.8213,1.0,1.0,24.999,-18.236
Car A,3413,227.5333,10,130.154,3,-3.506,-0.139,-0.139,5.9893,-0.0455,-0.4643,1.0,0.0712,-4.205,18.194
Car B,3413,227.5333,10,111.96,3,-21.581,0.647,0.407,5.5876,0.0213,4.8316,1.0,1.0,24.999,-18.194
Car A,3414,227.6,10,130.554,3,-3.107,-0.139,-0.139,5.9899,0.0095,0.3109,1.0,-0.1407,1.771,18.22
Car B,3414,227.6,10,112.334,3,-21.226,0.526,0.372,5.589,0.0209,4.8398,1.0,1.0,24.999,-18.22
Car A,3415,227.6667,10,130.953,3,-2.708,-0.135,-0.135,5.9872,-0.0411,-0.4388,1.0,0.0741,-3.51,18.188
Car B,3415,227.6667,10,112.765,3,-20.865,0.425,0.356,5.5905,0.0227,4.8466,1.0,1.0,24.999,-18.188
Car A,3416,227.7333,10,131.352,3,-2.308,-0.135,-0.135,5.9875,0.0052,0.3318,1.0,-0.1213,1.845,18.215
Car B,3416,227.7333,10,113.137,3,-20.498,0.346,0.306,5.592,0.0217,4.8514,1.0,1.0,24.999,-18.215
Car A,3417,227.8,10,131.751,3,-1.909,-0.131,-0.131,5.9855,-0.0301,-0.4248,1.0,0.0752,-3.024,18.239
Car B,3417,227.8,10,113.512,3,-20.126,0.288,0.277,5.5935,0.0222,4.8552,1.0,1.0,24.999,-18.239
Car A,3418,227.8667,10,132.15,3,-1.51,-0.131,-0.131,5.9849,-0.0095,0.3432,1.0,-0.1201,1.871,18.242
Car B,3418,227.8667,10,113.908,3,-19.753,0.251,0.251,5.595,0.0231,4.8584,1.0,1.0,24.999,-18.242
Car A,3419,227.9333,10,132.549,3,-1.112,-0.128,-0.128,5.9834,-0.0222,-0.4117,1.0,0.0752,-2.994,18.265
Car B,3419,227.9333,10,114.283,3,-19.377,0.236,0.236,5.5964,0.0214,4.8616,1.0,0.8749,24.999,-18.265
Car A,3420,228.0,10,132.948,3,-0.713,-0.129,-0.129,5.9832,-0.0033,0.3451,1.0,-0.1398,1.871,18.288
Car B,3420,228.0,10,114.659,3,-19.001,0.243,0.243,5.6007,0.0643,4.8409,1.0,-0.2865,21.877,-18.288
Car A,3421,228.0667,10,133.346,3,-0.314,-0.126,-0.126,5.9814,-0.0263,-0.4152,1.0,0.0677,-3.486,18.311
Car B,3421,228.0667,10,115.035,3,-18.625,0.261,0.261,5.6423,0.6243,3.3116,1.0,-0.4251,-7.118,-18.311
Car A,3422,228.1333,11,0.085,1,0.085,-0.127,-0.127,5.9822,0.0115,0.3436,1.0,-0.1914,1.684,18.332
Car B,3422,228.1333,10,115.413,3,-18.247,0.275,0.275,5.6734,0.4654,1.1905,1.0,-0.8637,-10.623,-18.332
Car A,3423,228.2,11,0.483,1,0.483,-0.125,-0.125,5.9793,-0.0424,-0.4676,1.0,0.0666,-4.774,18.352
Car B,3423,228.2,10,115.792,3,-17.868,0.277,0.277,5.6784,0.0756,-0.1814,1.0,-0.4879,-21.576,-18.352
Car A,3424,228.2667,11,0.882,1,0.882,-0.128,-0.128,5.9805,0.0174,0.3093,1.0,-0.1732,1.656,18.372
Car B,3424,228.2667,10,116.17,3,-17.49,0.266,0.266,5.6772,-0.0177,-1.1188,0.9818,-0.2232,-12.212,-18.372
Car A,3425,228.3333,11,1.281,1,1.281,-0.127,-0.127,5.9781,-0.0362,-0.4613,1.0,0.0673,-4.321,18.392
Car B,3425,228.3333,10,116.549,3,-17.111,0.242,0.242,5.7021,0.373,-1.7472,0.9179,-0.1833,-5.589,-18.392
Car A,3426,228.4,11,1.679,1,1.679,-0.13,-0.13,5.9792,0.0163,0.3173,1.0,-0.1405,1.673,18.414
Car B,3426,228.4,10,116.926,3,-16.735,0.21,0.21,5.6341,-1.0191,-1.5494,0.9066,-0.1452,-4.58,-18.414
Car A,3427,228.4667,11,2.078,1,2.078,-0.13,-0.13,5.9771,-0.0306,-0.4471,1.0,0.0805,-3.504,18.441
Car B,3427,228.4667,10,117.297,3,-16.363,0.175,0.175,5.5551,-1.1855,-1.1916,0.887,0.0574,-3.625,-18.441
Car A,3428,228.5333,11,2.476,1,2.476,-0.134,-0.134,5.9776,0.007,0.325,1.0,-0.0911,2.003,18.471
Car B,3428,228.5333,10,117.665,3,-15.995,0.142,0.142,5.5413,-0.2077,-0.108,0.9292,0.155,1.428,-18.471
Car A,3429,228.6,11,2.874,1,2.874,-0.134,-0.134,5.9773,-0.0053,-0.4069,1.0,0.0802,-2.271,18.501
Car B,3429,228.6,10,118.034,3,-15.626,0.12,0.12,5.5412,-0.0006,0.8802,0.9309,0.0973,3.87,-18.501
Car A,3430,228.6667,11,3.273,1,3.273,-0.137,-0.137,5.9767,-0.0077,0.3561,1.0,-0.1115,1.998,18.53
Car B,3430,228.6667,10,118.403,3,-15.257,0.106,0.106,5.5404,-0.013,0.7851,0.9334,0.0411,2.434,-18.53
Car A,3431,228.7333,11,3.671,1,3.671,-0.138,-0.138,5.9758,-0.0142,-0.3972,1.0,0.0739,-2.78,18.558
Car B,3431,228.7333,10,118.774,3,-14.886,0.091,0.091,5.6044,0.9603,0.3415,0.9345,0.0331,1.03,-18.558
Car A,3432,228.8,11,4.07,1,4.07,-0.142,-0.142,5.9762,0.0065,0.358,1.0,-0.147,1.84,18.581
Car B,3432,228.8,10,119.148,3,-14.512,0.075,0.075,5.6272,0.3427,0.1744,0.9391,0.0347,0.813,-18.581
Car A,3433,228.8667,11,4.468,1,4.468,-0.142,-0.142,5.9747,-0.0231,-0.4183,1.0,0.0707,-3.665,18.604
Car B,3433,228.8667,10,119.524,3,-14.136,0.06,0.06,5.6552,0.42,0.3078,0.9608,0.0285,0.856,-18.604
Car A,3434,228.9333,11,4.866,1,4.866,-0.147,-0.147,5.9753,0.0095,0.3412,1.0,-0.1663,1.758,18.621
Car B,3434,228.9333,10,119.905,3,-13.755,0.046,0.046,5.7351,1.1985,0.3424,0.9906,0.022,0.694,-18.621
Car A,3435,229.0,11,5.264,1,5.264,-0.149,-0.149,5.9736,-0.0254,-0.4337,1.0,0.0433,-4.149,18.633
Car B,3435,229.0,10,120.292,3,-13.368,0.032,0.032,5.8647,1.9428,0.2008,1.0,0.0253,0.551,-18.633
Car A,3436,229.0667,11,5.663,1,5.663,-0.154,-0.154,5.9768,0.0471,0.3225,1.0,-0.1868,1.074,18.635
Car B,3436,229.0667,10,120.687,3,-12.973,0.018,0.018,5.9706,1.5889,0.2832,1.0,0.0265,0.632,-18.635
Car A,3437,229.1333,11,6.061,1,6.061,-0.158,-0.158,5.9759,-0.0138,-0.565,1.0,0.063,-4.662,18.635
Car B,3437,229.1333,10,121.086,3,-12.574,0.006,0.006,5.9775,0.1034,0.3575,1.0,0.0239,0.646,-18.635
Car A,3438,229.2,11,6.459,1,6.459,-0.165,-0.165,5.9776,0.0259,0.2349,1.0,-0.1566,1.566,18.635
Car B,3438,229.2,10,121.485,3,-12.175,-0.006,-0.006,5.9875,0.1508,0.1358,1.0,0.0367,0.584,-18.635
Car A,3439,229.2667,11,6.858,1,6.858,-0.17,-0.17,5.9751,-0.0371,-0.4907,1.0,0.0627,-3.905,18.634
Car B,3439,229.2667,10,121.884,3,-11.776,-0.016,-0.016,6.0022,0.2207,0.356,1.0,0.0254,0.912,-18.634
Car A,3440,229.3333,11,7.256,1,7.256,-0.179,-0.179,5.9762,0.017,0.2899,1.0,-0.1564,1.558,18.631
Car B,3440,229.3333,10,122.285,3,-11.376,-0.024,-0.024,6.0225,0.3036,0.1991,1.0,0.0323,0.624,-18.631
Car A,3441,229.4,11,7.654,1,7.654,-0.184,-0.184,5.9741,-0.0326,-0.4686,1.0,0.0676,-3.901,18.629
Car B,3441,229.4,10,122.686,3,-10.974,-0.032,-0.032,6.0243,0.0267,0.3351,1.0,0.0231,0.79,-18.629
Car A,3442,229.4667,11,8.052,1,8.052,-0.194,-0.194,5.9752,0.0174,0.3081,1.0,-0.1448,1.68,18.626
Car B,3442,229.4667,10,123.087,3,-10.573,-0.038,-0.038,6.017,-0.1097,0.2384,1.0,0.023,0.566,-18.626
Car A,3443,229.5333,11,8.45,1,8.45,-0.2,-0.2,5.9736,-0.0239,-0.4466,1.0,0.0747,-3.612,18.623
Car B,3443,229.5333,10,123.488,3,-10.173,-0.046,-0.046,6.0128,-0.0623,0.1044,1.0,0.0294,0.559,-18.623
Car A,3444,229.6,11,8.849,1,8.849,-0.21,-0.21,5.9745,0.0124,0.3237,1.0,-0.1346,1.86,18.62
Car B,3444,229.6,10,123.889,3,-9.772,-0.051,-0.051,6.0216,0.1321,0.3117,1.0,0.0184,0.718,-18.62
Car A,3445,229.6667,11,9.247,1,9.247,-0.217,-0.217,5.973,-0.0223,-0.4307,1.0,0.0805,-3.356,18.618
Car B,3445,229.6667,10,124.289,3,-9.372,-0.055,-0.055,5.9901,-0.4733,0.115,1.0,0.0182,0.453,-18.618
Car A,3446,229.7333,11,9.645,1,9.645,-0.227,-0.227,5.9737,0.0106,0.3356,1.0,-0.1149,2.003,18.617
Car B,3446,229.7333,10,124.688,3,-8.972,-0.06,-0.06,5.9925,0.0366,0.0928,1.0,0.0198,0.445,-18.617
Car A,3447,229.8,11,10.043,1,10.043,-0.234,-0.234,5.973,-0.0106,-0.4139,1.0,0.0829,-2.866,18.615
Car B,3447,229.8,10,125.088,3,-8.573,-0.065,-0.065,5.9946,0.0321,0.0896,1.0,0.0213,0.481,-18.615
Car A,3448,229.8667,11,10.441,1,10.441,-0.245,-0.245,5.973,-0.0003,0.3474,1.0,-0.1035,2.065,18.614
Car B,3448,229.8667,10,125.487,3,-8.173,-0.069,-0.069,5.9943,-0.0056,0.0945,1.0,0.022,0.519,-18.614
Car A,3449,229.9333,11,10.839,1,10.839,-0.252,-0.252,5.9729,-0.0005,-0.3977,1.0,0.085,-2.58,18.612
Car B,3449,229.9333,10,125.887,3,-7.773,-0.073,-0.073,5.9929,-0.0207,0.1028,1.0,0.0212,0.536,-18.612
Car A,3450,230.0,11,11.237,1,11.237,-0.263,-0.263,5.9727,-0.0028,0.3596,1.0,-0.0909,2.117,18.611
Car B,3450,230.0,10,126.286,3,-7.374,-0.076,-0.076,5.9909,-0.0298,0.1091,1.0,0.0196,0.518,-18.611
Car A,3451,230.0667,11,11.635,1,11.635,-0.27,-0.27,5.9732,0.0065,-0.3868,1.0,0.0867,-2.266,18.609
Car B,3451,230.0667,10,126.686,3,-6.974,-0.078,-0.078,5.9908,-0.0011,0.1087,1.0,0.0177,0.478,-18.609
Car A,3452,230.1333,11,12.033,1,12.033,-0.281,-0.281,5.9731,-0.0011,0.3651,1.0,-0.0773,2.161,18.608
Car B,3452,230.1333,10,127.085,3,-6.575,-0.08,-0.08,5.9905,-0.0055,0.1017,1.0,0.016,0.432,-18.608
Car A,3453,230.2,11,12.431,1,12.431,-0.288,-0.288,5.9736,0.0073,-0.3789,1.0,0.0881,-1.926,18.607
Car B,3453,230.2,10,127.485,3,-6.176,-0.082,-0.082,5.9914,0.0148,0.0943,1.0,0.0145,0.391,-18.607
Car A,3454,230.2667,11,12.829,1,12.829,-0.299,-0.299,5.9728,-0.0114,0.3828,1.0,-0.073,2.195,18.605
Car B,3454,230.2667,10,127.884,3,-5.776,-0.083,-0.083,5.9926,0.0175,0.0845,1.0,0.0135,0.355,-18.605
Car A,3455,230.3333,11,13.227,1,13.227,-0.306,-0.306,5.9733,0.0074,-0.3662,1.0,0.0887,-1.818,18.604
Car B,3455,230.3333,10,128.284,3,-5.377,-0.084,-0.084,5.9935,0.0136,0.0716,1.0,0.0126,0.33,-18.604
Car A,3456,230.4,11,13.625,1,13.625,-0.316,-0.316,5.9728,-0.0075,0.3972,1.0,-0.0689,2.21,18.602
Car B,3456,230.4,10,128.683,3,-4.977,-0.085,-0.085,5.9944,0.0138,0.0674,1.0,0.0115,0.307,-18.602
Car A,3457,230.4667,11,14.023,1,14.023,-0.323,-0.323,5.9736,0.0123,-0.3607,1.0,0.0894,-1.717,18.601
Car B,3457,230.4667,10,129.083,3,-4.577,-0.085,-0.085,5.9959,0.0218,0.069,1.0,0.0101,0.282,-18.601
Car A,3458,230.5333,11,14.421,1,14.422,-0.333,-0.333,5.9728,-0.0124,0.404,1.0,-0.0631,2.228,18.599
Car B,3458,230.5333,10,129.483,3,-4.177,-0.085,-0.085,5.9945,-0.0214,0.067,1.0,0.0083,0.247,-18.599
Car A,3459,230.6,11,14.82,1,14.82,-0.339,-0.339,5.9737,0.0135,-0.3532,1.0,0.0898,-1.572,18.597
Car B,3459,230.6,10,129.883,3,-3.778,-0.085,-0.085,5.9948,0.0046,0.0702,1.0,0.0062,0.203,-18.597
Car A,3460,230.6667,11,15.218,1,15.218,-0.348,-0.348,5.9729,-0.0125,0.4219,1.0,-0.1332,2.24,18.596
Car B,3460,230.6667,10,130.282,3,-3.378,-0.084,-0.084,6.0013,0.0978,0.1026,1.0,0.004,0.149,-18.596
Car A,3461,230.7333,11,15.616,1,15.616,-0.354,-0.354,5.9722,-0.0104,-0.3639,1.0,0.0825,-3.322,18.594
Car B,3461,230.7333,10,130.682,3,-2.978,-0.083,-0.083,5.9988,-0.0373,0.06,1.0,0.003,0.099,-18.594
Car A,3462,230.8,11,16.014,1,16.014,-0.364,-0.364,5.9724,0.0039,0.3784,1.0,-0.1636,2.054,18.592
Car B,3462,230.8,10,131.082,3,-2.578,-0.082,-0.082,5.9991,0.005,0.0193,1.0,0.0032,0.074,-18.592
Car A,3463,230.8667,11,16.412,1,16.412,-0.371,-0.371,5.9708,-0.0249,-0.4014,1.0,0.0396,-4.079,18.59
Car B,3463,230.8667,10,131.482,3,-2.178,-0.081,-0.081,5.9994,0.0038,0.0095,1.0,0.003,0.078,-18.59
Car A,3464,230.9333,11,16.81,1,16.81,-0.381,-0.381,5.9753,0.0674,0.3342,1.0,-0.1565,0.981,18.588
Car B,3464,230.9333,10,131.882,3,-1.778,-0.08,-0.08,5.9992,-0.0021,0.0129,1.0,0.0019,0.074,-18.588
Car A,3465,231.0,11,17.208,1,17.208,-0.39,-0.39,5.9753,0.001,-0.5731,1.0,0.1188,-3.904,18.586
Car B,3465,231.0,10,132.282,3,-1.378,-0.079,-0.079,6.0003,0.0165,0.0071,1.0,0.0011,0.048,-18.586
Car A,3466,231.0667,11,17.606,1,17.606,-0.403,-0.403,5.9758,0.0073,0.2336,1.0,-0.0586,2.96,18.584
Car B,3466,231.0667,10,132.682,3,-0.978,-0.078,-0.078,6.0015,0.0174,0.0073,1.0,0.0001,0.026,-18.584
Car A,3467,231.1333,11,18.004,1,18.004,-0.413,-0.413,5.9763,0.0073,-0.4601,1.0,1.0,-1.458,18.582
Car B,3467,231.1333,10,133.082,3,-0.578,-0.077,-0.077,6.0017,0.003,-0.0085,1.0,-0.0006,0.002,-18.582
Car A,3468,231.2,11,18.402,1,18.402,-0.422,-0.422,5.9745,-0.0281,0.3529,1.0,1.0,24.96,18.58
Car B,3468,231.2,10,133.483,3,-0.178,-0.076,-0.076,6.0003,-0.0214,-0.0045,1.0,-0.0019,-0.015,-18.58
Car A,3469,231.2667,11,18.8,1,18.8,-0.421,-0.421,5.958,-0.2464,1.5172,1.0,0.8991,25.0,18.578
Car B,3469,231.2667,11,0.222,1,0.222,-0.075,-0.075,6.0001,-0.0033,0.0126,1.0,-0.0034,-0.045,-18.578
