car,step,t_s,lap,lap_dist_m,sector,x_m,y_m,lateral_m,speed_mps,accel_long_mps2,accel_lat_mps2,throttle_cmd,steer_cmd,steer_deg,gap_m
Car A,0,0.0,1,0.0,1,0.0,1.5,1.5,0.0005,0.0,0.0,1.0,-1.0,0.0,0.0
Car B,0,0.0,1,0.0,1,0.0,-1.5,-1.5,0.0005,0.0,-0.0,1.0,1.0,0.0,0.0
Car A,1,0.0667,1,0.004,1,0.004,1.497,1.497,0.0735,1.0943,-0.0055,1.0,-1.0,-24.962,0.001
Car B,1,0.0667,1,0.003,1,0.003,-1.496,-1.496,0.0615,0.9144,0.0067,1.0,1.0,24.962,-0.001
Car A,2,0.1333,1,0.014,1,0.014,1.493,1.493,0.2109,2.0609,-0.0152,1.0,-1.0,-25.0,0.002
Car B,2,0.1333,1,0.012,1,0.013,-1.488,-1.488,0.2007,2.0879,0.0315,1.0,1.0,25.0,-0.002
Car A,3,0.2,1,0.033,1,0.033,1.488,1.488,0.328,1.7576,-0.0363,1.0,-1.0,-25.0,0.002
Car B,3,0.2,1,0.031,1,0.031,-1.481,-1.481,0.3341,2.0022,0.0355,1.0,1.0,25.0,-0.002
Car A,4,0.2667,1,0.059,1,0.059,1.481,1.481,0.4413,1.6985,-0.0638,1.0,-1.0,-25.0,0.002
Car B,4,0.2667,1,0.058,1,0.058,-1.473,-1.473,0.4381,1.5599,0.0588,1.0,1.0,25.0,-0.002
Car A,5,0.3333,1,0.093,1,0.093,1.471,1.471,0.5483,1.6051,-0.0945,1.0,-1.0,-25.0,0.002
Car B,5,0.3333,1,0.09,1,0.09,-1.464,-1.464,0.5365,1.4754,0.0834,1.0,1.0,25.0,-0.002
Car A,6,0.4,1,0.133,1,0.133,1.459,1.459,0.6491,1.5125,-0.1296,1.0,-1.0,-25.0,0.004
Car B,6,0.4,1,0.129,1,0.13,-1.452,-1.452,0.6333,1.4517,0.1124,1.0,1.0,25.0,-0.004
Car A,7,0.4667,1,0.18,1,0.18,1.444,1.444,0.7464,1.4589,-0.1649,1.0,-1.0,-25.0,0.005
Car B,7,0.4667,1,0.175,1,0.175,-1.439,-1.439,0.7324,1.4876,0.1446,1.0,1.0,25.0,-0.005
Car A,8,0.5333,1,0.232,1,0.232,1.428,1.428,0.8425,1.4428,-0.1993,1.0,-1.0,-25.0,0.005
Car B,8,0.5333,1,0.227,1,0.227,-1.423,-1.423,0.8339,1.5215,0.1831,1.0,1.0,25.0,-0.005
Car A,9,0.6,1,0.29,1,0.29,1.409,1.409,0.9392,1.4497,-0.2383,1.0,-1.0,-25.0,0.006
Car B,9,0.6,1,0.285,1,0.285,-1.405,-1.405,0.9366,1.5403,0.2298,1.0,1.0,25.0,-0.006
Car A,10,0.6667,1,0.355,1,0.355,1.387,1.387,1.0373,1.4719,-0.2829,1.0,-1.0,-25.0,0.006
Car B,10,0.6667,1,0.349,1,0.349,-1.383,-1.383,1.0422,1.5851,0.279,1.0,1.0,25.0,-0.006
Car A,11,0.7333,1,0.425,1,0.425,1.362,1.362,1.1379,1.5086,-0.3355,1.0,-1.0,-25.0,0.005
Car B,11,0.7333,1,0.42,1,0.42,-1.358,-1.358,1.1499,1.6153,0.3345,1.0,1.0,25.0,-0.005
Car A,12,0.8,1,0.501,1,0.501,1.333,1.333,1.2418,1.559,-0.388,1.0,-1.0,-25.0,0.004
Car B,12,0.8,1,0.497,1,0.497,-1.329,-1.329,1.2597,1.6462,0.3958,1.0,1.0,25.0,-0.004
Car A,13,0.8667,1,0.584,1,0.584,1.301,1.301,1.3482,1.5962,-0.448,-0.0544,-1.0,-25.0,0.003
Car B,13,0.8667,1,0.581,1,0.581,-1.296,-1.296,1.3688,1.6365,0.4687,1.0,1.0,25.0,-0.003
Car A,14,0.9333,1,0.66,1,0.661,1.27,1.27,1.1592,-2.836,-0.3229,0.3358,-1.0,-25.0,-0.01
Car B,14,0.9333,1,0.671,1,0.671,-1.259,-1.259,1.4822,1.7011,0.5428,1.0,1.0,25.0,0.01
Car A,15,1.0,1,0.735,1,0.735,1.237,1.237,1.2443,1.2763,-0.3773,0.0904,-1.0,-25.0,-0.031
Car B,15,1.0,1,0.767,1,0.767,-1.216,-1.216,1.5951,1.6934,0.6269,1.0,1.0,25.0,0.031
Car A,16,1.0667,1,0.806,1,0.806,1.205,1.205,1.0788,-2.4817,-0.2859,1.0,-1.0,-25.0,-0.063
Car B,16,1.0667,1,0.868,1,0.869,-1.167,-1.167,1.7072,1.6823,0.7183,1.0,0.9462,25.0,0.063
Car A,17,1.1333,1,0.875,1,0.875,1.172,1.172,1.1622,1.2509,-0.3562,1.0,-1.0,-25.0,-0.102
Car B,17,1.1333,1,0.976,1,0.976,-1.113,-1.113,1.8269,1.7954,0.7756,1.0,0.4545,23.657,0.102
Car A,18,1.2,1,0.949,1,0.949,1.133,1.133,1.2664,1.5625,-0.4173,1.0,-0.5131,-25.0,-0.142
Car B,18,1.2,1,1.091,1,1.091,-1.057,-1.057,1.9403,1.7001,0.502,1.0,0.2309,11.381,0.142
Car A,19,1.2667,1,1.03,1,1.03,1.094,1.094,1.3831,1.7504,-0.2782,1.0,0.3064,-12.847,-0.185
Car B,19,1.2667,1,1.215,1,1.215,-1.005,-1.005,2.0596,1.7895,0.2756,1.0,0.2419,5.78,0.185
Car A,20,1.3333,1,1.12,1,1.12,1.058,1.058,1.4614,1.1741,-0.1383,1.0,1.0,7.63,-0.229
Car B,20,1.3333,1,1.348,1,1.348,-0.952,-0.952,2.1986,2.085,0.3128,1.0,-0.0156,6.047,0.229
Car A,21,1.4,1,1.216,1,1.217,1.031,1.031,1.5276,0.9934,0.22,1.0,0.9627,24.974,-0.273
Car B,21,1.4,1,1.489,1,1.489,-0.898,-0.898,2.3023,1.556,0.0142,1.0,-0.3503,-0.381,0.273
Car A,22,1.4667,1,1.319,1,1.319,1.014,1.014,1.5598,0.4837,0.4997,1.0,1.0,24.069,-0.32
Car B,22,1.4667,1,1.639,1,1.639,-0.85,-0.85,2.3777,1.1318,-0.348,1.0,-0.3089,-8.744,0.32
Car A,23,1.5333,1,1.427,1,1.428,1.006,1.006,1.6427,1.2428,0.6633,1.0,0.9981,24.999,-0.369
Car B,23,1.5333,1,1.797,1,1.797,-0.808,-0.808,2.4979,1.8018,-0.4979,1.0,-0.7128,-7.723,0.369
Car A,24,1.6,1,1.543,1,1.543,1.0,1.0,1.7545,1.6779,0.7573,1.0,0.5353,24.953,-0.419
Car B,24,1.6,1,1.962,1,1.962,-0.77,-0.77,2.551,0.7974,-0.8774,1.0,-1.0,-17.803,0.419
Car A,25,1.6667,1,1.665,1,1.665,1.036,1.036,1.722,-0.4878,1.5521,1.0,-0.5053,13.401,-0.467
Car B,25,1.6667,1,2.131,1,2.131,-0.786,-0.786,2.3916,-2.3915,-2.4548,1.0,0.324,-24.989,0.467
Car A,26,1.7333,1,1.792,1,1.792,1.06,1.06,1.8998,2.6667,1.252,1.0,-0.738,-12.593,-0.508
Car B,26,1.7333,1,2.3,1,2.3,-0.804,-0.804,2.4576,0.9898,-2.307,1.0,1.0,8.05,0.508
Car A,27,1.8,1,1.927,1,1.927,1.076,1.076,2.0583,2.377,0.8422,1.0,-1.0,-18.441,-0.544
Car B,27,1.8,1,2.471,1,2.471,-0.828,-0.828,2.5161,0.878,-2.0757,0.4446,1.0,24.975,0.544
Car A,28,1.8667,1,2.069,1,2.069,1.081,1.081,2.1598,1.5226,0.3715,1.0,-1.0,-24.99,-0.574
Car B,28,1.8667,1,2.643,1,2.643,-0.855,-0.855,2.5668,0.7605,-1.8704,1.0,1.0,25.0,0.574
Car A,29,1.9333,1,2.216,1,2.216,1.076,1.076,2.2246,0.9724,-0.0467,0.833,-1.0,-25.0,-0.606
Car B,29,1.9333,1,2.822,1,2.822,-0.877,-0.877,2.8023,3.5319,-0.7382,1.0,1.0,24.999,0.606
Car A,30,2.0,1,2.365,1,2.365,1.06,1.06,2.2604,0.5367,-0.4864,0.1523,-1.0,-25.0,-0.647
Car B,30,2.0,1,3.012,1,3.012,-0.881,-0.881,2.8682,0.9886,-0.1041,1.0,1.0,25.0,0.647
Car A,31,2.0667,1,2.507,1,2.507,1.033,1.033,2.0968,-2.4538,-0.7138,-0.0457,-1.0,-24.999,-0.698
Car B,31,2.0667,1,3.205,1,3.205,-0.873,-0.873,2.9083,0.6014,0.4386,1.0,1.0,25.0,0.698
Car A,32,2.1333,1,2.638,1,2.638,1.005,1.005,1.9316,-2.4784,-0.5211,0.0414,-1.0,-25.0,-0.762
Car B,32,2.1333,1,3.399,1,3.4,-0.854,-0.854,2.9339,0.3851,0.9464,1.0,1.0,25.0,0.762
Car A,33,2.2,1,2.757,1,2.757,0.977,0.977,1.754,-2.6638,-0.4707,0.1584,-1.0,-25.0,-0.837
Car B,33,2.2,1,3.594,1,3.594,-0.821,-0.821,2.9512,0.2594,1.401,1.0,0.741,25.0,0.837
Car A,34,2.2667,1,2.865,1,2.865,0.945,0.945,1.6064,-2.2141,-0.5884,0.632,-1.0,-24.999,-0.926
Car B,34,2.2667,1,3.791,1,3.791,-0.777,-0.777,3.0321,1.2134,1.6117,1.0,0.0118,18.535,0.926
Car A,35,2.3333,1,2.97,1,2.97,0.906,0.906,1.6981,1.3764,-0.7072,1.0,-0.7901,-25.0,-1.022
Car B,35,2.3333,1,3.992,1,3.992,-0.729,-0.729,3.1157,1.2543,0.9815,1.0,-0.2563,0.323,1.022
Car A,36,2.4,1,3.082,1,3.082,0.864,0.864,1.8209,1.8413,-0.6426,1.0,-0.2419,-19.761,-1.117
Car B,36,2.4,1,4.199,1,4.199,-0.691,-0.691,3.1716,0.837,0.2737,1.0,-0.5658,-6.398,1.117
Car A,37,2.4667,1,3.202,1,3.202,0.823,0.823,1.9209,1.5,-0.3561,1.0,0.7922,-6.069,-1.208
Car B,37,2.4667,1,4.41,1,4.41,-0.663,-0.663,3.2083,0.5511,-0.3607,1.0,-0.0983,-14.134,1.208
Car A,38,2.5333,1,3.332,1,3.332,0.818,0.818,1.9927,1.0773,1.2915,1.0,1.0,19.766,-1.295
Car B,38,2.5333,1,4.627,1,4.627,-0.664,-0.664,3.1956,-0.1904,1.9763,1.0,-0.4534,-2.474,1.295
Car A,39,2.6,1,3.472,1,3.473,0.825,0.825,2.1304,2.0647,1.1229,1.0,0.415,24.992,-1.374
Car B,39,2.6,1,4.847,1,4.847,-0.665,-0.665,3.2572,0.9236,0.4567,1.0,-0.9229,-11.32,1.374
Car A,40,2.6667,1,3.621,1,3.621,0.83,0.83,2.2401,1.6458,0.7586,1.0,-0.8159,10.397,-1.447
Car B,40,2.6667,1,5.068,1,5.068,-0.664,-0.664,3.2546,-0.0391,-1.0424,1.0,0.2064,-23.054,1.447
Car A,41,2.7333,1,3.776,1,3.776,0.826,0.826,2.4239,2.7572,1.076,1.0,-0.8034,-20.35,-1.509
Car B,41,2.7333,1,5.285,1,5.285,-0.658,-0.658,3.1329,-1.8244,-0.6161,1.0,0.9376,5.117,1.509
Car A,42,2.8,1,3.944,1,3.944,0.833,0.833,2.5715,2.2139,0.9749,1.0,-1.0,-20.085,-1.549
Car B,42,2.8,1,5.493,1,5.493,-0.64,-0.64,3.1322,-0.0104,-0.0373,1.0,0.002,23.411,1.549
Car A,43,2.8667,1,4.125,1,4.125,0.849,0.849,2.7326,2.417,0.9963,1.0,-1.0,-24.992,-1.573
Car B,43,2.8667,1,5.698,1,5.698,-0.615,-0.615,3.1551,0.3425,-0.3577,1.0,0.1657,0.086,1.573
Car A,44,2.9333,1,4.312,1,4.312,0.86,0.86,2.8513,1.7807,0.8551,1.0,-1.0,-25.0,-1.597
Car B,44,2.9333,1,5.909,1,5.909,-0.583,-0.583,3.2315,1.1458,0.2576,1.0,0.0117,4.136,1.597
Car A,45,3.0,1,4.506,1,4.506,0.876,0.876,2.9447,1.4012,0.8473,1.0,-1.0,-25.0,-1.62
Car B,45,3.0,1,6.126,1,6.126,-0.547,-0.547,3.3532,1.8261,0.0277,1.0,-0.0544,0.299,1.62
Car A,46,3.0667,1,4.707,1,4.707,0.895,0.895,3.056,1.6692,0.8359,1.0,-1.0,-25.0,-1.645
Car B,46,3.0667,1,6.352,1,6.352,-0.513,-0.513,3.472,1.7813,-0.1725,1.0,-0.0922,-1.357,1.645
Car A,47,3.1333,1,4.914,1,4.914,0.913,0.913,3.131,1.1242,0.6126,1.0,-1.0,-25.0,-1.673
Car B,47,3.1333,1,6.587,1,6.587,-0.482,-0.482,3.6134,2.1216,-0.3537,1.0,-0.1028,-2.304,1.673
Car A,48,3.2,1,5.124,1,5.124,0.931,0.931,3.1854,0.8162,0.5007,1.0,-1.0,-25.0,-1.709
Car B,48,3.2,1,6.833,1,6.833,-0.452,-0.452,3.7841,2.5607,-0.4185,1.0,-0.165,-2.57,1.709
Car A,49,3.2667,1,5.338,1,5.338,0.949,0.949,3.239,0.8043,0.344,1.0,-1.0,-25.0,-1.752
Car B,49,3.2667,1,7.09,1,7.09,-0.426,-0.426,3.9327,2.2284,-0.6452,1.0,-0.0907,-4.123,1.752
Car A,50,3.3333,1,5.555,1,5.555,0.968,0.968,3.2896,0.7592,0.2973,1.0,-1.0,-25.0,-1.802
Car B,50,3.3333,1,7.357,1,7.357,-0.4,-0.4,4.0789,2.1926,-0.4275,1.0,-0.353,-2.271,1.802
Car A,51,3.4,1,5.776,1,5.776,0.987,0.987,3.3348,0.6777,0.2242,1.0,-1.0,-25.0,-1.856
Car B,51,3.4,1,7.632,1,7.632,-0.378,-0.378,4.1467,1.0185,-1.0225,1.0,0.3552,-8.816,1.856
Car A,52,3.4667,1,5.999,1,5.999,1.005,1.005,3.376,0.6186,0.1113,1.0,-1.0,-25.0,-1.91
Car B,52,3.4667,1,7.909,1,7.91,-0.361,-0.361,4.1858,0.5859,-0.3919,1.0,-0.0581,8.851,1.91
Car A,53,3.5333,1,6.225,1,6.225,1.024,1.024,3.4157,0.5943,0.1372,1.0,-1.0,-25.0,-1.966
Car B,53,3.5333,1,8.191,1,8.191,-0.338,-0.338,4.275,1.3382,-0.3339,1.0,-0.1482,-1.437,1.966
Car A,54,3.6,1,6.453,1,6.454,1.042,1.042,3.4529,0.5589,0.0851,1.0,-1.0,-25.0,-2.025
Car B,54,3.6,1,8.479,1,8.479,-0.319,-0.319,4.3615,1.2967,-0.6277,1.0,-0.0685,-3.703,2.025
Car A,55,3.6667,1,6.684,1,6.685,1.06,1.06,3.4903,0.56,0.0224,1.0,-1.0,-25.0,-2.089
Car B,55,3.6667,1,8.773,1,8.773,-0.302,-0.302,4.4624,1.5133,-0.3346,1.0,-0.1993,-1.716,2.089
Car A,56,3.7333,1,6.918,1,6.918,1.078,1.078,3.5275,0.5593,0.0104,1.0,-1.0,-25.0,-2.154
Car B,56,3.7333,1,9.072,1,9.072,-0.287,-0.287,4.4967,0.5158,-0.7461,1.0,-0.0108,-4.978,2.154
Car A,57,3.8,1,7.154,1,7.154,1.096,1.096,3.5644,0.5535,-0.0851,1.0,-1.0,-25.0,-2.219
Car B,57,3.8,1,9.373,1,9.373,-0.273,-0.273,4.5434,0.6998,-0.1012,1.0,-0.0849,-0.277,2.219
Car A,58,3.8667,1,7.393,1,7.393,1.108,1.108,3.5945,0.4506,-0.5849,1.0,-1.0,-25.0,-2.287
Car B,58,3.8667,1,9.68,1,9.68,-0.258,-0.258,4.6459,1.5371,-0.4408,1.0,-0.1336,-2.12,2.287
Car A,59,3.9333,1,7.634,1,7.634,1.108,1.108,3.6133,0.2819,-1.1818,0.953,-1.0,-25.0,-2.361
Car B,59,3.9333,1,9.994,1,9.994,-0.249,-0.249,4.765,1.7866,-0.7595,1.0,-0.1523,-3.338,2.361
Car A,60,4.0,1,7.875,1,7.876,1.094,1.094,3.6232,0.1487,-1.7079,0.9429,-1.0,-25.0,-2.442
Car B,60,4.0,1,10.317,1,10.317,-0.245,-0.245,4.8933,1.9245,-0.9033,1.0,-0.0581,-3.807,2.442
Car A,61,4.0667,1,8.117,1,8.117,1.066,1.066,3.6305,0.1093,-2.1596,0.9222,-1.0,-25.0,-2.531
Car B,61,4.0667,1,10.648,1,10.648,-0.242,-0.242,5.0078,1.717,-0.4073,1.0,-0.3897,-1.456,2.531
Car A,62,4.1333,1,8.358,1,8.358,1.021,1.021,3.6397,0.1381,-2.5491,0.9068,-1.0,-24.999,-2.626
Car B,62,4.1333,1,10.984,1,10.984,-0.243,-0.243,5.0483,0.6076,-1.102,1.0,0.6445,-9.73,2.626
Car A,63,4.2,1,8.597,1,8.597,0.961,0.961,3.655,0.2293,-2.873,1.0,-1.0,-24.999,-2.724
Car B,63,4.2,1,11.321,1,11.321,-0.247,-0.247,5.0603,0.1809,-0.4238,1.0,-0.1465,16.073,2.724
Car A,64,4.2667,1,8.834,1,8.834,0.883,0.883,3.6936,0.5802,-3.12,1.0,-0.5559,-25.0,-2.825
Car B,64,4.2667,1,11.659,1,11.659,-0.25,-0.25,5.0746,0.2139,-0.48,1.0,0.0561,-3.633,2.825
Car A,65,4.3333,1,9.072,1,9.072,0.796,0.796,3.8043,1.6604,-2.3646,1.0,-0.4283,-13.915,-2.928
Car B,65,4.3333,1,12.0,1,12.0,-0.255,-0.255,5.135,0.906,0.0265,1.0,0.0609,1.394,2.928
Car A,66,4.4,1,9.318,1,9.318,0.711,0.711,3.943,2.08,-1.6674,1.0,0.6609,-10.714,-3.029
Car B,66,4.4,1,12.347,1,12.347,-0.251,-0.251,5.2518,1.7531,0.4274,1.0,0.0692,1.522,3.029
Car A,67,4.4667,1,9.57,1,9.57,0.629,0.629,3.9929,0.749,-0.8554,1.0,1.0,16.48,-3.132
Car B,67,4.4667,1,12.703,1,12.703,-0.244,-0.244,5.3878,2.0386,0.5286,1.0,-0.0605,1.729,3.132
Car A,68,4.5333,1,9.827,1,9.827,0.555,0.555,4.0269,0.5093,0.1885,1.0,1.0,24.987,-3.237
Car B,68,4.5333,1,13.065,1,13.065,-0.24,-0.24,5.4547,1.0044,-0.3131,1.0,-0.0768,-1.507,3.237
Car A,69,4.6,1,10.09,1,10.09,0.493,0.493,4.0456,0.2814,0.9198,1.0,1.0,25.0,-3.344
Car B,69,4.6,1,13.433,1,13.434,-0.243,-0.243,5.5789,1.8627,-0.6306,1.0,-0.0084,-1.92,3.344
Car A,70,4.6667,1,10.356,1,10.356,0.445,0.445,4.0574,0.1759,1.5377,1.0,1.0,25.0,-3.453
Car B,70,4.6667,1,13.809,1,13.81,-0.247,-0.247,5.6856,1.6,-0.0631,1.0,-0.1918,-0.212,3.453
Car A,71,4.7333,1,10.626,1,10.626,0.41,0.41,4.0654,0.1211,2.0549,1.0,1.0,25.0,-3.563
Car B,71,4.7333,1,14.189,1,14.189,-0.253,-0.253,5.692,0.0963,-0.8785,1.0,0.6489,-4.788,3.563
Car A,72,4.8,1,10.898,1,10.898,0.391,0.391,4.0726,0.1074,2.5052,1.0,1.0,25.0,-3.67
Car B,72,4.8,1,14.568,1,14.568,-0.262,-0.262,5.6928,0.0122,-0.2348,1.0,0.1911,16.19,3.67
Car A,73,4.8667,1,11.172,1,11.172,0.389,0.389,4.0812,0.1286,2.8834,1.0,0.6913,25.0,-3.775
Car B,73,4.8667,1,14.948,1,14.948,-0.26,-0.26,5.7023,0.1425,0.9823,1.0,-0.0824,4.793,3.775
Car A,74,4.9333,1,11.45,1,11.45,0.4,0.4,4.1684,1.3089,2.8408,1.0,-0.308,17.294,-3.879
Car B,74,4.9333,1,15.328,1,15.328,-0.253,-0.253,5.7159,0.2034,0.0922,1.0,0.0728,-2.049,3.879
Car A,75,5.0,1,11.731,1,11.731,0.416,0.416,4.2269,0.8765,2.0242,1.0,-0.2671,-7.663,-3.979
Car B,75,5.0,1,15.71,1,15.71,-0.25,-0.25,5.752,0.5425,0.595,1.0,0.0192,1.813,3.979
Car A,76,5.0667,1,12.016,1,12.016,0.424,0.424,4.281,0.8117,0.6305,1.0,-1.0,-6.679,-4.082
Car B,76,5.0667,1,16.097,1,16.098,-0.244,-0.244,5.8553,1.5488,0.1762,1.0,0.5616,0.482,4.082
Car A,77,5.1333,1,12.302,1,12.302,0.42,0.42,4.3023,0.3203,-0.0515,1.0,-1.0,-24.972,-4.185
Car B,77,5.1333,1,16.488,1,16.488,-0.234,-0.234,5.8523,-0.0453,1.0193,1.0,0.0182,14.018,4.185
Car A,78,5.2,1,12.589,1,12.589,0.404,0.404,4.3179,0.2328,-1.0477,1.0,-0.6547,-25.0,-4.288
Car B,78,5.2,1,16.878,1,16.878,-0.219,-0.219,5.8714,0.2871,0.1272,1.0,0.2443,0.475,4.288
Car A,79,5.2667,1,12.877,1,12.877,0.373,0.373,4.3311,0.199,-1.6684,1.0,-0.4883,-16.379,-4.392
Car B,79,5.2667,1,17.269,1,17.269,-0.203,-0.203,5.8721,0.0103,0.9651,1.0,-0.2526,6.098,4.392
Car A,80,5.3333,1,13.165,1,13.165,0.329,0.329,4.3763,0.6782,-2.0785,0.8846,-0.1147,-12.214,-4.495
Car B,80,5.3333,1,17.66,1,17.66,-0.183,-0.183,5.8745,0.0357,0.0458,1.0,-0.2687,-6.296,4.495
Car A,81,5.4,1,13.455,1,13.455,0.279,0.279,4.431,0.8201,-1.138,0.8916,0.0889,-2.883,-4.597
Car B,81,5.4,1,18.052,1,18.052,-0.176,-0.176,5.8751,0.0093,-0.9998,1.0,0.5037,-6.716,4.597
Car A,82,5.4667,1,13.749,1,13.75,0.239,0.239,4.4718,0.612,-0.0878,1.0,0.7577,2.215,-4.693
Car B,82,5.4667,1,18.443,1,18.443,-0.172,-0.172,5.8764,0.0198,-0.3787,1.0,0.1627,12.562,4.693
Car A,83,5.5333,1,14.047,1,14.047,0.21,0.21,4.4926,0.3124,0.7499,1.0,0.9628,18.915,-4.787
Car B,83,5.5333,1,18.834,1,18.834,-0.157,-0.157,5.8773,0.0137,0.9404,1.0,-0.1162,4.081,4.787
Car A,84,5.6,1,14.347,1,14.347,0.194,0.194,4.5003,0.1144,1.466,1.0,0.6641,24.062,-4.879
Car B,84,5.6,1,19.226,1,19.226,-0.138,-0.138,5.8822,0.0726,0.0281,1.0,-0.0242,-2.894,4.879
Car A,85,5.6667,1,14.648,1,14.648,0.193,0.193,4.5118,0.1725,2.0037,1.0,-0.0412,16.614,-4.973
Car B,85,5.6667,1,19.621,1,19.621,-0.126,-0.126,5.9758,1.4043,-0.2321,1.0,-0.0723,-0.604,4.973
Car A,86,5.7333,1,14.951,1,14.951,0.198,0.198,4.5516,0.5974,1.1008,1.0,-0.3658,-1.003,-5.059
Car B,86,5.7333,1,20.009,1,20.019,-0.119,-0.12,5.9582,-0.2632,-0.7122,1.0,1.0,-1.803,5.059
Car A,87,5.8,1,15.256,1,15.256,0.193,0.193,4.5806,0.4346,0.0009,0.8753,-0.067,-9.131,-5.15
Car B,87,5.8,1,20.406,1,20.416,-0.109,-0.141,5.9557,-0.0374,0.2191,1.0,1.0,24.96,5.15
Car A,88,5.8667,1,15.564,1,15.564,0.179,0.179,4.6738,1.3981,-0.3389,0.8704,-0.0056,-1.686,-5.238
Car B,88,5.8667,1,20.802,1,20.812,-0.088,-0.152,5.9408,-0.2238,1.4045,1.0,1.0,25.0,5.238
Car A,89,5.9333,1,15.88,1,15.88,0.164,0.164,4.7932,1.7904,-0.026,0.8903,-0.0671,-0.143,-5.292
Car B,89,5.9333,1,21.172,1,21.206,-0.052,-0.185,5.9276,-0.1976,2.1717,1.0,1.0,25.0,5.292
Car A,90,6.0,1,16.203,1,16.204,0.148,0.148,4.9061,1.6943,-0.4304,0.8761,-0.0408,-1.675,-5.362
Car B,90,6.0,1,21.565,1,21.598,0.001,-0.225,5.9147,-0.1945,2.7657,1.0,1.0,25.0,5.362
Car A,91,6.0667,1,16.536,1,16.536,0.129,0.129,5.0414,2.0288,-0.2792,0.8867,-0.1003,-1.022,-5.384
Car B,91,6.0667,1,21.919,1,21.986,0.07,-0.257,5.9026,-0.1804,3.2271,1.0,1.0,25.0,5.384
Car A,92,6.1333,1,16.874,1,16.874,0.106,0.106,5.1322,1.3623,-0.6561,0.8732,-0.0371,-2.505,-5.434
Car B,92,6.1333,1,22.308,1,22.371,0.157,-0.324,5.892,-0.159,3.5889,1.0,1.0,25.0,5.434
Car A,93,6.2,1,17.217,1,17.217,0.081,0.081,5.1961,0.9583,-0.2649,1.0,1.0,-0.929,-5.482
Car B,93,6.2,1,22.699,1,22.75,0.263,-0.372,5.8827,-0.1404,3.8669,1.0,1.0,25.0,5.482
Car A,94,6.2667,1,17.563,1,17.563,0.063,0.063,5.1998,0.0553,0.4319,1.0,1.0,24.961,-5.463
Car B,94,6.2667,1,23.026,1,23.124,0.387,-0.437,5.8746,-0.1216,4.0809,1.0,1.0,25.0,5.463
Car A,95,6.3333,1,17.91,1,17.91,0.056,0.056,5.1977,-0.0308,1.4571,1.0,1.0,25.0,-5.503
Car B,95,6.3333,1,23.413,1,23.49,0.53,-0.506,5.8675,-0.1054,4.2462,1.0,1.0,24.999,5.503
Car A,96,6.4,1,18.257,1,18.257,0.064,0.064,5.1947,-0.0452,2.1272,1.0,1.0,25.0,-5.509
Car B,96,6.4,1,23.766,1,23.848,0.691,-0.557,5.8614,-0.0916,4.3755,1.0,1.0,24.999,5.509
Car A,97,6.4667,1,18.603,1,18.603,0.089,0.089,5.1912,-0.052,2.6667,1.0,-0.0188,25.0,-5.494
Car B,97,6.4667,1,24.097,1,24.197,0.871,-0.644,5.856,-0.0809,4.4762,1.0,1.0,24.999,5.494
Car A,98,6.5333,1,18.949,1,18.949,0.121,0.121,5.2179,0.4003,1.7036,1.0,1.0,-0.431,-5.534
Car B,98,6.5333,1,24.483,1,24.536,1.069,-0.714,5.8513,-0.0718,4.5565,1.0,1.0,24.999,5.534
Car A,99,6.6,1,19.295,1,19.295,0.155,0.155,5.2192,0.0192,1.5856,1.0,-0.0504,24.962,-5.456
Car B,99,6.6,1,24.751,1,24.863,1.285,-0.779,5.847,-0.064,4.6196,1.0,1.0,24.999,5.456
Car A,100,6.6667,1,19.643,1,19.643,0.185,0.185,5.2447,0.3834,0.2746,1.0,-0.1683,-1.219,-5.49
Car B,100,6.6667,1,25.133,1,25.178,1.517,-0.867,5.8431,-0.0581,4.6696,1.0,1.0,24.999,5.49
Car A,101,6.7333,1,20.01,1,19.994,0.204,0.204,5.2813,0.5487,-0.8667,1.0,1.0,-4.203,-5.509
Car B,101,6.7333,1,25.519,1,25.48,1.767,-0.935,5.8396,-0.0526,4.7091,1.0,1.0,24.999,5.509
Car A,102,6.8,1,20.362,1,20.345,0.222,0.194,5.2831,0.0268,-0.0412,1.0,1.0,24.956,-5.389
Car B,102,6.8,1,25.751,1,25.768,2.033,-1.009,5.8363,-0.0489,4.7398,1.0,1.0,24.999,5.389
Car A,103,6.8667,1,20.714,1,20.697,0.249,0.194,5.2827,-0.0063,1.0689,1.0,1.0,25.0,-5.418
Car B,103,6.8667,1,26.132,1,26.04,2.313,-1.095,5.8334,-0.0443,4.7655,1.0,1.0,24.999,5.418
Car A,104,6.9333,1,21.097,1,21.046,0.292,0.187,5.2796,-0.0463,1.827,1.0,1.0,25.0,-5.421
Car B,104,6.9333,1,26.518,1,26.297,2.609,-1.16,5.8306,-0.0425,4.7847,1.0,1.0,24.999,5.421
Car A,105,7.0,1,21.449,1,21.394,0.349,0.162,5.2749,-0.0704,2.4323,1.0,1.0,25.0,-5.266
Car B,105,7.0,1,26.715,1,26.537,2.917,-1.238,5.8279,-0.0396,4.7998,1.0,1.0,24.999,5.266
Car A,106,7.0667,1,21.801,1,21.739,0.423,0.153,5.2706,-0.0643,2.9198,1.0,1.0,25.0,-5.296
Car B,106,7.0667,1,27.097,1,26.759,3.239,-1.32,5.8254,-0.0378,4.8119,1.0,1.0,24.999,5.296
Car A,107,7.1333,1,22.176,1,22.079,0.515,0.118,5.2671,-0.0527,3.3095,1.0,1.0,25.0,-5.307
Car B,107,7.1333,1,27.483,1,26.964,3.572,-1.381,5.823,-0.0358,4.8225,1.0,1.0,24.999,5.307
Car A,108,7.2,1,22.527,1,22.415,0.624,0.09,5.2649,-0.0332,3.6239,1.0,1.0,25.0,-5.117
Car B,108,7.2,1,27.645,1,27.149,3.915,-1.457,5.8207,-0.0346,4.8292,1.0,1.0,24.999,5.117
Car A,109,7.2667,1,22.892,1,22.744,0.75,0.072,5.2639,-0.0154,3.8733,1.0,1.0,25.0,-5.135
Car B,109,7.2667,1,28.027,1,27.315,4.269,-1.535,5.8185,-0.0335,4.8354,1.0,1.0,24.999,5.135
Car A,110,7.3333,1,23.243,1,23.066,0.895,0.027,5.2642,0.0045,4.0716,1.0,1.0,24.999,-5.17
Car B,110,7.3333,1,28.413,1,27.461,4.631,-1.593,5.8163,-0.0322,4.8407,1.0,1.0,24.999,5.17
Car A,111,7.4,1,23.595,1,23.38,1.058,0.002,5.2656,0.0212,4.2286,1.0,1.0,24.999,-4.947
Car B,111,7.4,1,28.542,1,27.587,5.0,-1.66,5.8142,-0.0317,4.8443,1.0,1.0,24.999,4.947
Car A,112,7.4667,1,23.946,1,23.684,1.239,-0.031,5.268,0.0368,4.3549,1.0,1.0,24.999,-4.979
Car B,112,7.4667,1,28.925,1,27.692,5.375,-1.735,5.8122,-0.0306,4.8475,1.0,1.0,24.999,4.979
Car A,113,7.5333,1,24.298,1,23.977,1.438,-0.071,5.2713,0.0485,4.4573,1.0,1.0,24.999,-5.013
Car B,113,7.5333,1,29.311,1,27.775,5.756,-1.789,5.8102,-0.0299,4.8499,1.0,1.0,24.999,5.013
Car A,114,7.6,1,24.652,1,24.259,1.653,-0.09,5.2751,0.0579,4.538,1.0,1.0,24.999,-4.904
Car B,114,7.6,1,29.556,1,27.838,6.141,-1.838,5.8082,-0.0296,4.8528,1.0,1.0,24.999,4.904
Car A,115,7.6667,1,24.989,1,24.527,1.885,-0.134,5.2796,0.0674,4.6049,1.0,1.0,24.999,-4.954
Car B,115,7.6667,1,29.943,1,27.879,6.528,-1.879,5.8063,-0.0288,4.853,1.0,1.0,24.999,4.954
Car A,116,7.7333,1,25.343,1,24.782,2.133,-0.166,5.2845,0.0737,4.6588,1.0,1.0,24.999,-4.989
Car B,116,7.7333,1,30.332,1,27.898,6.917,-1.898,5.8044,-0.0282,4.8538,1.0,1.0,24.999,4.989
Car A,117,7.8,1,25.67,1,25.021,2.396,-0.183,5.2898,0.0787,4.7038,1.0,1.0,24.999,-5.051
Car B,117,7.8,1,30.722,1,27.895,7.307,-1.895,5.8026,-0.0274,4.8546,1.0,1.0,24.999,5.051
Car A,118,7.8667,1,26.023,1,25.245,2.673,-0.229,5.2953,0.083,4.7386,1.0,1.0,24.999,-5.087
Car B,118,7.8667,1,31.11,1,27.871,7.695,-1.871,5.8007,-0.0275,4.8557,1.0,1.0,24.999,5.087
Car A,119,7.9333,1,26.379,1,25.452,2.963,-0.254,5.301,0.0852,4.7666,1.0,1.0,24.999,-5.118
Car B,119,7.9333,1,31.497,1,27.825,8.082,-1.825,5.799,-0.0266,4.855,1.0,1.0,24.999,5.118
Car A,120,8.0,1,26.693,1,25.641,3.265,-0.277,5.3068,0.0873,4.789,1.0,1.0,24.999,-5.186
Car B,120,8.0,1,31.88,1,27.758,8.465,-1.758,5.7972,-0.0262,4.8561,1.0,1.0,24.999,5.186
Car A,121,8.0667,1,27.049,1,25.812,3.579,-0.315,5.3128,0.089,4.8082,1.0,1.0,24.999,-5.21
Car B,121,8.0667,1,32.258,1,27.669,8.843,-1.669,5.7955,-0.0257,4.8575,1.0,1.0,24.999,5.21
Car A,122,8.1333,1,27.406,1,25.964,3.903,-0.331,5.3187,0.0895,4.8229,1.0,1.0,24.999,-5.226
Car B,122,8.1333,1,32.631,1,27.56,9.216,-1.56,5.7938,-0.0255,4.8576,1.0,1.0,24.999,5.226
Car A,123,8.2,1,27.71,1,26.096,4.235,-0.358,5.3247,0.0894,4.8356,1.0,1.0,24.999,-5.288
Car B,123,8.2,1,32.997,1,27.43,9.582,-1.43,5.7922,-0.0249,4.8574,1.0,1.0,24.999,5.288
Car A,124,8.2667,1,28.067,1,26.208,4.576,-0.388,5.3306,0.0894,4.8447,1.0,1.0,24.999,-5.289
Car B,124,8.2667,1,33.356,1,27.279,9.941,-1.279,5.7905,-0.0246,4.8576,1.0,1.0,24.999,5.289
Car A,125,8.3333,1,28.426,1,26.3,4.923,-0.396,5.3366,0.0886,4.8525,1.0,1.0,24.999,-5.279
Car B,125,8.3333,1,33.705,1,27.109,10.29,-1.109,5.7889,-0.0238,4.8573,1.0,0.1528,24.999,5.279
Car A,126,8.4,1,28.721,1,26.37,5.275,-0.426,5.3424,0.0883,4.8589,1.0,1.0,24.999,-5.328
Car B,126,8.4,1,34.049,1,26.927,10.634,-0.927,5.829,0.6003,3.4174,1.0,-1.0,3.851,5.328
Car A,127,8.4667,1,29.08,1,26.419,5.631,-0.447,5.3483,0.0872,4.8646,1.0,1.0,24.999,-5.316
Car B,127,8.4667,1,34.396,1,26.75,10.981,-0.75,5.8384,0.1424,1.4216,1.0,-0.4899,-24.957,5.316
Car A,128,8.5333,1,29.415,1,26.446,5.99,-0.446,5.354,0.0859,4.8676,1.0,1.0,24.999,-5.332
Car B,128,8.5333,1,34.747,1,26.581,11.332,-0.581,5.8441,0.0848,-0.1503,1.0,-1.0,-12.267,5.332
Car A,129,8.6,1,29.765,1,26.452,6.35,-0.452,5.3597,0.085,4.8702,1.0,1.0,24.999,-5.338
Car B,129,8.6,1,35.103,1,26.424,11.688,-0.424,5.8362,-0.1178,-1.1744,1.0,-1.0,-24.98,5.338
Car A,130,8.6667,1,30.126,1,26.436,6.711,-0.436,5.3652,0.0836,4.8729,1.0,1.0,24.999,-5.339
Car B,130,8.6667,1,35.464,1,26.281,12.049,-0.281,5.824,-0.183,-1.9703,1.0,-0.9929,-24.999,5.339
Car A,131,8.7333,1,30.485,1,26.398,7.07,-0.398,5.3707,0.0823,4.8753,1.0,1.0,24.999,-5.346
Car B,131,8.7333,1,35.831,1,26.152,12.416,-0.152,5.8126,-0.1713,-2.6073,1.0,-1.0,-24.822,5.346
Car A,132,8.8,1,30.841,1,26.339,7.426,-0.339,5.3761,0.0811,4.8752,1.0,0.6879,24.999,-5.361
Car B,132,8.8,1,36.202,1,26.04,12.787,-0.04,5.8018,-0.1626,-3.1006,1.0,-0.4992,-24.999,5.361
Car A,133,8.8667,1,31.196,1,26.26,7.781,-0.26,5.4259,0.7463,4.6677,1.0,-0.1171,17.209,-5.383
Car B,133,8.8667,1,36.578,1,25.945,13.163,0.055,5.8068,0.0745,-3.4027,1.0,-0.478,-12.499,5.383
Car A,134,8.9333,1,31.55,1,26.169,8.135,-0.169,5.4712,0.6792,3.3542,1.0,-1.0,-2.896,-5.409
Car B,134,8.9333,1,36.959,1,25.867,13.544,0.133,5.8096,0.0422,-3.6704,1.0,-0.471,-11.951,5.409
Car A,135,9.0,1,31.906,1,26.084,8.491,-0.084,5.4976,0.3968,1.5398,1.0,-1.0,-24.967,-5.437
Car B,135,9.0,1,37.343,1,25.806,13.928,0.194,5.8218,0.1838,-3.8289,1.0,-0.4747,-11.773,5.437
Car A,136,9.0667,1,32.265,1,26.009,8.85,-0.009,5.499,0.0209,-0.0193,1.0,-1.0,-25.0,-5.484
Car B,136,9.0667,1,37.749,1,25.764,14.316,0.211,5.8396,0.267,-3.9356,1.0,0.8286,-11.866,5.484
Car A,137,9.1333,1,32.626,1,25.946,9.211,0.054,5.4955,-0.0526,-1.0333,1.0,-1.0,-25.0,-5.514
Car B,137,9.1333,1,38.14,1,25.727,14.706,0.216,5.8607,0.3165,-2.2876,1.0,1.0,20.666,5.514
Car A,138,9.2,1,32.989,1,25.897,9.574,0.103,5.4887,-0.1012,-1.823,1.0,-1.0,-24.999,-5.575
Car B,138,9.2,1,38.564,1,25.686,15.095,0.197,5.8629,0.0326,-0.4856,1.0,1.0,24.993,5.575
Car A,139,9.2667,1,33.354,1,25.863,9.939,0.137,5.4819,-0.1034,-2.4539,1.0,-1.0,-24.999,-5.599
Car B,139,9.2667,1,38.953,1,25.631,15.481,0.16,5.8545,-0.1267,0.6554,1.0,1.0,25.0,5.599
Car A,140,9.3333,1,33.719,1,25.846,10.304,0.154,5.4749,-0.1037,-2.9494,1.0,-1.0,-24.999,-5.644
Car B,140,9.3333,1,39.363,1,25.563,15.865,0.128,5.843,-0.1722,1.5823,1.0,1.0,25.0,5.644
Car A,141,9.4,1,34.085,1,25.847,10.67,0.153,5.469,-0.0888,-3.3484,1.0,-0.359,-24.999,-5.661
Car B,141,9.4,1,39.746,1,25.481,16.246,0.058,5.8314,-0.1742,2.3087,1.0,1.0,25.0,5.661
Car A,142,9.4667,1,34.453,1,25.858,11.038,0.142,5.5143,0.6793,-2.6967,0.9205,-0.2244,-8.998,-5.679
Car B,142,9.4667,1,40.132,1,25.383,16.623,0.004,5.8199,-0.1721,2.8589,1.0,1.0,25.0,5.679
Car A,143,9.5333,1,34.822,1,25.873,11.407,0.127,5.5656,0.7687,-1.8107,0.9041,-0.1901,-5.614,-5.688
Car B,143,9.5333,1,40.51,1,25.268,16.994,-0.075,5.8095,-0.1563,3.2962,1.0,1.0,25.0,5.688
Car A,144,9.6,1,35.192,1,25.891,11.777,0.109,5.5408,-0.3719,-1.5499,0.8962,-0.1738,-4.746,-5.699
Car B,144,9.6,1,40.89,1,25.136,17.359,-0.153,5.8002,-0.1389,3.6353,1.0,1.0,25.0,5.699
Car A,145,9.6667,1,35.558,1,25.914,12.143,0.086,5.4825,-0.8746,-1.3962,1.0,1.0,-4.34,-5.681
Car B,145,9.6667,1,41.239,1,24.987,17.717,-0.224,5.7923,-0.1191,3.9014,1.0,1.0,25.0,5.681
Car A,146,9.7333,1,35.923,1,25.934,12.508,0.066,5.4899,0.1112,-0.3332,1.0,1.0,24.956,-5.691
Car B,146,9.7333,1,41.614,1,24.819,18.066,-0.324,5.7856,-0.1,4.1043,1.0,1.0,25.0,5.691
Car A,147,9.8,1,36.289,1,25.944,12.874,0.056,5.4883,-0.0233,0.8434,1.0,1.0,25.0,-5.704
Car B,147,9.8,1,41.993,1,24.634,18.406,-0.404,5.7799,-0.0852,4.2644,1.0,1.0,24.999,5.704
Car A,148,9.8667,1,36.655,1,25.94,13.24,0.06,5.4812,-0.1071,1.6684,1.0,1.0,25.0,-5.645
Car B,148,9.8667,1,42.3,1,24.431,18.736,-0.498,5.7751,-0.0721,4.3896,1.0,1.0,24.999,5.645
Car A,149,9.9333,1,37.02,1,25.921,13.605,0.079,5.4743,-0.1028,2.3347,1.0,1.0,25.0,-5.654
Car B,149,9.9333,1,42.674,1,24.211,19.054,-0.597,5.7711,-0.0608,4.4866,1.0,1.0,24.999,5.654
Car A,150,10.0,1,37.384,1,25.886,13.969,0.114,5.4676,-0.1007,2.858,1.0,1.0,25.0,-5.669
Car B,150,10.0,1,43.053,1,23.974,19.36,-0.676,5.7676,-0.0522,4.5646,1.0,1.0,24.999,5.669
Car A,151,10.0667,1,37.758,1,25.833,14.331,0.141,5.4616,-0.0905,3.2751,1.0,1.0,25.0,-5.558
Car B,151,10.0667,1,43.315,1,23.721,19.653,-0.783,5.7645,-0.0456,4.6252,1.0,1.0,24.999,5.558
Car A,152,10.1333,1,38.121,1,25.762,14.689,0.183,5.4568,-0.0723,3.6013,1.0,0.8342,25.0,-5.569
Car B,152,10.1333,1,43.69,1,23.453,19.931,-0.88,5.762,-0.0385,4.6748,1.0,1.0,24.999,5.569
Car A,153,10.2,1,38.518,1,25.672,15.044,0.222,5.4563,-0.0075,3.8502,1.0,1.0,20.86,-5.488
Car B,153,10.2,1,44.006,1,23.17,20.194,-0.958,5.7597,-0.0339,4.7139,1.0,1.0,24.999,5.488
Car A,154,10.2667,1,38.883,1,25.565,15.393,0.246,5.4538,-0.037,4.0597,1.0,0.9018,24.993,-5.405
Car B,154,10.2667,1,44.287,1,22.872,20.441,-1.068,5.7577,-0.0302,4.7438,1.0,1.0,24.999,5.405
Car A,155,10.3333,1,39.246,1,25.438,15.736,0.289,5.4547,0.013,4.2113,1.0,0.1841,22.549,-5.416
Car B,155,10.3333,1,44.662,2,22.562,20.67,-1.162,5.7559,-0.0268,4.7682,1.0,1.0,24.999,5.416
Car A,156,10.4,1,39.659,1,25.299,16.076,0.291,5.5024,0.7158,2.7045,1.0,1.0,4.629,-5.289
Car B,156,10.4,1,44.947,2,22.239,20.883,-1.238,5.7544,-0.0229,4.7887,1.0,1.0,24.999,5.289
Car A,157,10.4667,1,40.026,1,25.159,16.416,0.29,5.5074,0.076,2.4325,1.0,1.0,24.969,-5.191
Car B,157,10.4667,1,45.217,2,21.905,21.076,-1.344,5.7529,-0.0226,4.8044,1.0,1.0,24.999,5.191
Car A,158,10.5333,1,40.439,1,25.005,16.749,0.278,5.4927,-0.2209,3.1527,1.0,1.0,24.999,-5.153
Car B,158,10.5333,1,45.592,2,21.561,21.251,-1.434,5.7516,-0.0195,4.8152,1.0,1.0,24.999,5.153
Car A,159,10.6,1,40.806,1,24.833,17.074,0.255,5.4871,-0.0839,3.513,1.0,1.0,25.0,-5.083
Car B,159,10.6,1,45.889,2,21.208,21.406,-1.504,5.7503,-0.0187,4.8251,1.0,1.0,24.999,5.083
Car A,160,10.6667,1,41.212,1,24.645,17.389,0.248,5.4829,-0.0629,3.7893,1.0,1.0,25.0,-4.895
Car B,160,10.6667,1,46.107,2,20.847,21.541,-1.603,5.7492,-0.0175,4.8335,1.0,1.0,24.999,4.895
Car A,161,10.7333,1,41.577,1,24.441,17.695,0.205,5.4798,-0.0463,4.0104,1.0,1.0,25.0,-4.906
Car B,161,10.7333,1,46.483,2,20.478,21.656,-1.688,5.7481,-0.0158,4.8401,1.0,1.0,24.999,4.906
Car A,162,10.8,1,41.944,1,24.22,17.988,0.182,5.478,-0.0282,4.1842,1.0,1.0,24.999,-4.886
Car B,162,10.8,1,46.83,2,20.104,21.749,-1.752,5.7471,-0.0159,4.8443,1.0,1.0,24.999,4.886
Car A,163,10.8667,1,42.337,1,23.984,18.27,0.147,5.477,-0.0147,4.3227,1.0,1.0,24.999,-4.768
Car B,163,10.8667,1,47.105,2,19.725,21.822,-1.822,5.746,-0.0153,4.8484,1.0,1.0,24.999,4.768
Car A,164,10.9333,1,42.702,1,23.732,18.538,0.107,5.4769,-0.0019,4.4348,1.0,1.0,24.999,-4.785
Car B,164,10.9333,1,47.487,2,19.343,21.873,-1.873,5.7451,-0.0145,4.8517,1.0,1.0,24.999,4.785
Car A,165,11.0,1,43.083,1,23.466,18.791,0.086,5.4774,0.0081,4.5225,1.0,1.0,24.999,-4.788
Car B,165,11.0,1,47.871,2,18.959,21.902,-1.902,5.7441,-0.0141,4.8532,1.0,1.0,24.999,4.788
Car A,166,11.0667,1,43.447,1,23.185,19.029,0.03,5.4785,0.0165,4.5917,1.0,1.0,24.999,-4.81
Car B,166,11.0667,1,48.257,2,18.573,21.91,-1.91,5.7432,-0.014,4.855,1.0,1.0,24.999,4.81
Car A,167,11.1333,1,43.813,1,22.891,19.25,-0.006,5.48,0.023,4.6469,1.0,1.0,24.999,-4.829
Car B,167,11.1333,1,48.642,2,18.188,21.896,-1.896,5.7423,-0.0134,4.8563,1.0,1.0,24.999,4.829
Car A,168,11.2,1,44.176,1,22.585,19.454,-0.047,5.4819,0.0282,4.6931,1.0,1.0,24.999,-4.85
Car B,168,11.2,1,49.025,2,17.805,21.86,-1.86,5.7415,-0.0128,4.858,1.0,1.0,24.999,4.85
Car A,169,11.2667,1,44.54,1,22.267,19.641,-0.097,5.4841,0.0328,4.7287,1.0,1.0,24.999,-4.866
Car B,169,11.2667,1,49.406,2,17.424,21.803,-1.803,5.7406,-0.0129,4.8588,1.0,1.0,24.999,4.866
Car A,170,11.3333,1,44.908,2,21.939,19.808,-0.127,5.4866,0.0369,4.7599,1.0,1.0,24.999,-4.876
Car B,170,11.3333,1,49.784,2,17.047,21.724,-1.724,5.7398,-0.0126,4.8589,1.0,1.0,24.999,4.876
Car A,171,11.4,1,45.251,2,21.601,19.957,-0.184,5.4892,0.039,4.7836,1.0,1.0,24.999,-4.904
Car B,171,11.4,1,50.156,2,16.675,21.624,-1.624,5.739,-0.0118,4.8595,1.0,1.0,24.999,4.904
Car A,172,11.4667,1,45.618,2,21.255,20.085,-0.228,5.4919,0.0404,4.8011,1.0,1.0,24.999,-4.904
Car B,172,11.4667,1,50.521,2,16.309,21.504,-1.504,5.7382,-0.0117,4.8599,1.0,1.0,24.999,4.904
Car A,173,11.5333,1,45.946,2,20.902,20.193,-0.263,5.4947,0.0419,4.8152,1.0,1.0,24.999,-4.934
Car B,173,11.5333,1,50.88,2,15.951,21.363,-1.363,5.7374,-0.0123,4.8602,1.0,1.0,24.999,4.934
Car A,174,11.6,1,46.31,2,20.544,20.28,-0.322,5.4975,0.0422,4.8287,1.0,1.0,24.999,-4.919
Car B,174,11.6,1,51.229,2,15.601,21.202,-1.202,5.7366,-0.0113,4.8611,1.0,0.9669,24.999,4.919
Car A,175,11.6667,1,46.678,2,20.18,20.346,-0.359,5.5004,0.0434,4.8381,1.0,1.0,24.999,-4.892
Car B,175,11.6667,1,51.569,2,15.261,21.021,-1.021,5.7362,-0.0057,4.8569,1.0,0.0949,24.174,4.892
Car A,176,11.7333,1,47.017,2,19.813,20.391,-0.391,5.5033,0.0438,4.8453,1.0,1.0,24.999,-4.887
Car B,176,11.7333,1,51.904,2,14.926,20.829,-0.829,5.7772,0.6148,3.4223,1.0,-1.0,2.405,4.887
Car A,177,11.8,1,47.386,2,19.444,20.414,-0.414,5.5062,0.0443,4.8527,1.0,1.0,24.999,-4.855
Car B,177,11.8,1,52.242,2,14.589,20.642,-0.642,5.792,0.221,1.4506,1.0,-1.0,-24.959,4.855
Car A,178,11.8667,1,47.756,2,19.074,20.416,-0.416,5.5091,0.0435,4.8574,1.0,1.0,24.999,-4.827
Car B,178,11.8667,1,52.583,2,14.247,20.462,-0.462,5.7873,-0.0692,-0.104,1.0,-1.0,-25.0,4.827
Car A,179,11.9333,1,48.126,2,18.704,20.396,-0.396,5.512,0.0434,4.8611,1.0,1.0,24.999,-4.805
Car B,179,11.9333,1,52.931,2,13.899,20.295,-0.295,5.7783,-0.1354,-1.1326,1.0,-1.0,-25.0,4.805
Car A,180,12.0,1,48.494,2,18.336,20.354,-0.354,5.5148,0.0419,4.8632,1.0,1.0,24.999,-4.789
Car B,180,12.0,1,53.283,2,13.547,20.141,-0.141,5.7671,-0.1675,-1.9424,1.0,-1.0,-24.999,4.789
Car A,181,12.0667,1,48.859,2,17.971,20.29,-0.29,5.5176,0.0423,4.8653,1.0,0.4496,24.999,-4.783
Car B,181,12.0667,1,53.642,2,13.188,20.001,-0.001,5.7563,-0.1628,-2.5663,1.0,-1.0,-24.999,4.783
Car A,182,12.1333,1,49.223,2,17.607,20.213,-0.213,5.5948,1.1574,3.6126,1.0,-0.1467,11.261,-4.782
Car B,182,12.1333,1,54.006,2,12.825,19.878,0.122,5.7462,-0.1517,-3.0576,1.0,-1.0,-24.999,4.782
Car A,183,12.2,1,49.59,2,17.24,20.133,-0.133,5.6268,0.4803,2.03,1.0,-1.0,-3.645,-4.785
Car B,183,12.2,1,54.374,2,12.456,19.771,0.229,5.7371,-0.1358,-3.4521,1.0,-1.0,-24.999,4.785
Car A,184,12.2667,1,49.958,2,16.872,20.061,-0.061,5.6373,0.1572,0.7179,1.0,-1.0,-24.968,-4.789
Car B,184,12.2667,1,54.748,2,12.082,19.683,0.317,5.7294,-0.1155,-3.7518,1.0,-1.0,-24.999,4.789
Car A,185,12.3333,1,50.329,2,16.501,20.001,-0.001,5.6307,-0.0996,-0.6755,1.0,-1.0,-25.0,-4.796
Car B,185,12.3333,1,55.125,2,11.705,19.614,0.386,5.7229,-0.0977,-3.9897,1.0,-1.0,-24.999,4.796
Car A,186,12.4,1,50.701,2,16.129,19.954,0.046,5.6228,-0.1183,-1.5556,1.0,-1.0,-25.0,-4.803
Car B,186,12.4,1,55.505,2,11.325,19.564,0.436,5.7175,-0.0806,-4.1762,1.0,-1.0,-24.999,4.803
Car A,187,12.4667,1,51.075,2,15.755,19.922,0.078,5.6142,-0.1291,-2.2515,1.0,-0.7044,-24.999,-4.812
Car B,187,12.4667,1,55.887,2,10.944,19.534,0.466,5.7132,-0.0652,-4.3179,1.0,-1.0,-24.999,4.812
Car A,188,12.5333,1,51.449,2,15.381,19.906,0.094,5.6096,-0.069,-2.7674,1.0,-0.333,-17.619,-4.82
Car B,188,12.5333,1,56.269,2,10.561,19.525,0.475,5.7096,-0.0535,-4.4303,1.0,-1.0,-24.999,4.82
Car A,189,12.6,1,51.826,2,15.004,19.901,0.099,5.6647,0.8263,-2.5156,1.0,-0.2852,-8.338,-4.826
Car B,189,12.6,1,56.652,2,10.178,19.537,0.463,5.7067,-0.0433,-4.5193,1.0,-1.0,-24.999,4.826
Car A,190,12.6667,1,52.207,2,14.623,19.906,0.094,5.7465,1.2277,-2.3824,1.0,-0.2503,-7.132,-4.826
Car B,190,12.6667,1,57.033,2,9.797,19.569,0.431,5.7044,-0.0356,-4.5902,1.0,-1.0,-24.999,4.826
Car A,191,12.7333,1,52.594,2,14.236,19.919,0.081,5.8352,1.3312,-2.1719,1.0,-0.0254,-6.257,-4.818
Car B,191,12.7333,1,57.412,2,9.418,19.622,0.378,5.7025,-0.0282,-4.6473,1.0,0.0154,-24.999,4.818
Car A,192,12.8,1,52.984,2,13.847,19.934,0.066,5.8539,0.2792,-0.875,1.0,0.0645,-0.645,-4.806
Car B,192,12.8,1,57.79,2,9.04,19.688,0.312,5.7411,0.5793,-3.2099,1.0,0.1029,0.346,4.806
Car A,193,12.8667,1,53.374,2,13.456,19.938,0.062,5.8684,0.2175,0.3663,1.0,0.0481,1.61,-4.795
Car B,193,12.8667,1,58.17,2,8.661,19.747,0.253,5.7723,0.4678,-1.0864,1.0,0.3157,2.569,4.795
Car A,194,12.9333,1,53.769,2,13.061,19.935,0.065,5.9478,1.1911,0.5092,1.0,0.0,1.18,-4.783
Car B,194,12.9333,1,58.552,2,8.278,19.796,0.204,5.7791,0.1028,0.248,1.0,0.6584,7.884,4.783
Car A,195,13.0,1,54.167,2,12.663,19.934,0.066,5.9917,0.6585,0.0109,1.0,0.0546,0.005,-4.768
Car B,195,13.0,1,58.935,2,7.895,19.832,0.168,5.7762,-0.0449,1.233,1.0,0.6783,16.446,4.768
Car A,196,13.0667,1,54.567,2,12.264,19.931,0.069,6.0056,0.2098,0.5296,1.0,-0.0646,1.362,-4.753
Car B,196,13.0667,1,59.32,2,7.51,19.854,0.146,5.7694,-0.1013,2.0047,1.0,0.4257,16.957,4.753
Car A,197,13.1333,1,54.967,2,11.863,19.929,0.071,6.0043,-0.0203,-0.4679,1.0,0.0644,-1.611,-4.738
Car B,197,13.1333,1,59.705,2,7.125,19.86,0.14,5.7685,-0.0131,2.576,1.0,-0.2716,10.651,4.738
Car A,198,13.2,1,55.367,2,11.463,19.929,0.071,6.0013,-0.0454,0.3938,1.0,-0.0195,1.605,-4.723
Car B,198,13.2,1,60.09,2,6.74,19.859,0.141,5.7848,0.2439,1.2969,1.0,-0.247,-6.762,4.723
Car A,199,13.2667,1,55.767,2,11.063,19.927,0.073,5.999,-0.0347,-0.1959,1.0,0.0556,-0.482,-4.709
Car B,199,13.2667,1,60.476,2,6.354,19.868,0.132,5.7925,0.1161,-0.0778,1.0,0.0093,-6.176,4.709
Car A,200,13.3333,1,56.167,2,10.663,19.923,0.077,6.0021,0.0476,0.5382,1.0,-0.0954,1.386,-4.697
Car B,200,13.3333,1,60.863,2,5.967,19.881,0.119,5.8551,0.9391,0.0954,1.0,0.0568,0.224,4.697
Car A,201,13.4,1,56.567,2,10.263,19.92,0.08,6.0021,-0.0002,-0.4226,1.0,0.0555,-2.38,-4.689
Car B,201,13.4,1,61.256,2,5.574,19.89,0.11,5.9295,1.1149,0.5389,1.0,-0.011,1.413,4.689
Car A,202,13.4667,1,56.967,2,9.863,19.92,0.08,6.0003,-0.0273,0.3372,1.0,0.0072,1.382,-4.686
Car B,202,13.4667,1,61.653,2,5.177,19.9,0.1,5.9798,0.7553,-0.0985,1.0,0.1637,-0.263,4.686
Car A,203,13.5333,1,57.367,2,9.463,19.915,0.085,6.0025,0.0335,0.0327,1.0,0.0362,0.19,-4.684
Car B,203,13.5333,1,62.051,2,4.779,19.907,0.093,5.9786,-0.0186,0.797,1.0,-0.0251,4.084,4.684
Car A,204,13.6,1,57.768,2,9.063,19.909,0.091,6.023,0.3067,0.3691,1.0,-0.0733,0.894,-4.682
Car B,204,13.6,1,62.45,2,4.38,19.911,0.089,5.9819,0.0495,-0.0599,1.0,0.1076,-0.621,4.682
Car A,205,13.6667,1,58.169,2,8.661,19.906,0.094,6.0194,-0.0544,-0.5508,1.0,0.0285,-1.828,-4.68
Car B,205,13.6667,1,62.849,2,3.981,19.916,0.084,5.9793,-0.0384,0.6595,1.0,-0.0559,2.684,4.68
Car A,206,13.7333,1,58.57,2,8.26,19.905,0.095,6.0099,-0.1424,0.268,1.0,-0.0264,0.708,-4.677
Car B,206,13.7333,1,63.247,2,3.583,19.918,0.082,5.9797,0.0063,-0.1679,1.0,0.0917,-1.391,4.677
Car A,207,13.8,1,58.97,2,7.86,19.903,0.097,5.9905,-0.2901,-0.2995,1.0,0.0314,-0.645,-4.675
Car B,207,13.8,1,63.646,2,3.184,19.922,0.078,5.9795,-0.003,0.5188,1.0,-0.0385,2.287,4.675
Car A,208,13.8667,1,59.37,2,7.46,19.9,0.1,6.009,0.2772,0.3164,1.0,-0.0634,0.777,-4.674
Car B,208,13.8667,1,64.044,2,2.786,19.924,0.076,5.9804,0.0133,-0.285,1.0,0.1001,-0.957,4.674
Car A,209,13.9333,1,59.77,2,7.06,19.898,0.102,6.0003,-0.1301,-0.5816,1.0,0.0126,-1.58,-4.673
Car B,209,13.9333,1,64.443,2,2.387,19.926,0.074,5.98,-0.0056,0.5577,1.0,-0.0775,2.497,4.673
Car A,210,14.0,1,60.17,2,6.66,19.898,0.102,6.0004,0.0009,0.1339,1.0,0.0066,0.301,-4.671
Car B,210,14.0,1,64.842,2,1.988,19.926,0.074,5.9801,0.0005,-0.2449,1.0,0.0756,-1.93,4.671
Car A,211,14.0667,1,60.57,2,6.26,19.896,0.104,5.9997,-0.0105,0.0835,1.0,0.0027,0.164,-4.67
Car B,211,14.0667,1,65.24,2,1.59,19.929,0.071,5.9803,0.0028,0.4397,1.0,-0.0636,1.883,4.67
Car A,212,14.1333,1,60.971,2,5.86,19.893,0.107,6.0056,0.0889,0.074,1.0,-0.0078,0.067,-4.668
Car B,212,14.1333,1,65.639,2,1.191,19.929,0.071,5.9794,-0.0124,-0.3588,1.0,0.088,-1.583,4.668
Car A,213,14.2,1,61.371,2,5.459,19.891,0.109,5.9998,-0.0875,-0.0228,1.0,0.0041,-0.187,-4.667
Car B,213,14.2,1,66.037,2,0.793,19.931,0.069,5.9778,-0.0251,0.4215,1.0,-0.0553,2.194,4.667
Car A,214,14.2667,1,61.771,2,5.059,19.889,0.111,6.0039,0.0625,0.0061,1.0,-0.0028,0.096,-4.665
Car B,214,14.2667,1,66.436,2,0.394,19.931,0.069,5.9788,0.0152,-0.3503,1.0,0.0854,-1.378,4.665
Car A,215,14.3333,1,62.171,2,4.659,19.887,0.113,5.9991,-0.0727,0.0045,1.0,-0.0111,-0.061,-4.663
Car B,215,14.3333,1,66.834,2,-0.004,19.932,0.068,5.9785,-0.0045,0.4749,1.0,-0.0913,2.13,4.663
Car A,216,14.4,1,62.571,2,4.259,19.886,0.114,5.999,-0.0013,-0.1243,1.0,0.0052,-0.266,-4.662
Car B,216,14.4,1,67.233,2,-0.403,19.931,0.069,5.9774,-0.0164,-0.3388,1.0,0.0709,-2.275,4.662
Car A,217,14.4667,1,62.971,2,3.859,19.884,0.116,6.0017,0.0402,0.1266,1.0,-0.0361,0.126,-4.66
Car B,217,14.4667,1,67.631,2,-0.801,19.932,0.068,5.9777,0.0042,0.4023,1.0,-0.0814,1.765,4.66
Car A,218,14.5333,1,63.372,2,3.458,19.885,0.115,6.0219,0.3025,-0.39,1.0,0.0284,-0.893,-4.658
Car B,218,14.5333,1,68.03,2,-1.2,19.931,0.069,5.9767,-0.0146,-0.3894,1.0,0.0768,-2.028,4.658
Car A,219,14.6,1,63.773,2,3.057,19.885,0.115,6.0072,-0.2192,0.295,1.0,-0.0727,0.705,-4.655
Car B,219,14.6,1,68.428,2,-1.598,19.934,0.066,5.9761,-0.0095,0.3771,1.0,-0.0629,1.914,4.655
Car A,220,14.6667,1,64.173,2,2.657,19.885,0.115,6.0014,-0.0873,-0.6112,1.0,0.0123,-1.813,-4.653
Car B,220,14.6667,1,68.826,2,-1.996,19.933,0.067,5.9761,0.0014,-0.3785,1.0,0.0819,-1.566,4.653
Car A,221,14.7333,1,64.573,2,2.257,19.889,0.111,6.0007,-0.0116,0.1308,1.0,0.0125,0.293,-4.651
Car B,221,14.7333,1,69.225,2,-2.395,19.934,0.066,5.9756,-0.0075,0.4202,1.0,-0.0806,2.041,4.651
Car A,222,14.8,1,64.973,2,1.857,19.889,0.111,5.997,-0.0549,0.0712,1.0,0.0192,0.304,-4.65
Car B,222,14.8,1,69.623,2,-2.793,19.932,0.068,5.975,-0.01,-0.3652,1.0,0.075,-2.008,4.65
Car A,223,14.8667,1,65.373,2,1.457,19.888,0.112,5.9876,-0.1409,0.1051,1.0,0.0046,0.457,-4.649
Car B,223,14.8667,1,70.021,2,-3.191,19.934,0.066,5.9755,0.0071,0.3868,1.0,-0.0752,1.868,4.649
Car A,224,14.9333,1,65.772,2,1.058,19.888,0.112,6.0056,0.2705,0.1527,1.0,-0.0078,0.118,-4.647
Car B,224,14.9333,1,70.42,2,-3.589,19.933,0.067,5.9749,-0.0085,-0.3785,1.0,0.0766,-1.873,4.647
Car A,225,15.0,1,66.172,2,0.658,19.888,0.112,6.0034,-0.033,0.0849,1.0,0.0075,-0.184,-4.645
Car B,225,15.0,1,70.818,2,-3.988,19.934,0.066,5.9747,-0.0022,0.3762,1.0,-0.0703,1.909,4.645
Car A,226,15.0667,1,66.573,2,0.258,19.888,0.112,6.0004,-0.0459,-0.0228,1.0,0.019,0.181,-4.644
Car B,226,15.0667,1,71.216,2,-4.386,19.933,0.067,5.9746,-0.0016,-0.3761,1.0,0.0773,-1.751,4.644
Car A,227,15.1333,1,66.972,2,-0.142,19.886,0.114,5.988,-0.186,0.1494,1.0,-0.0244,0.461,-4.642
Car B,227,15.1333,1,71.614,2,-4.784,19.934,0.066,5.9741,-0.0084,0.3828,1.0,-0.0755,1.926,4.642
Car A,228,15.2,1,67.372,2,-0.542,19.887,0.113,6.0132,0.3777,-0.2349,1.0,0.0352,-0.597,-4.641
Car B,228,15.2,1,72.013,2,-5.182,19.933,0.067,5.9741,-0.0001,-0.3887,1.0,0.0751,-1.882,4.641
Car A,229,15.2667,1,67.773,2,-0.943,19.886,0.114,6.0187,0.0825,0.334,1.0,-0.0876,0.87,-4.638
Car B,229,15.2667,1,72.411,2,-5.581,19.934,0.066,5.9735,-0.008,0.3801,1.0,-0.078,1.872,4.638
Car A,230,15.3333,1,68.174,2,-1.344,19.886,0.114,6.0162,-0.0365,-0.5734,1.0,0.0302,-2.186,-4.635
Car B,230,15.3333,1,72.809,2,-5.979,19.933,0.067,5.9739,0.0059,-0.3821,1.0,0.0741,-1.944,4.635
Car A,231,15.4,1,68.575,2,-1.745,19.89,0.11,6.0099,-0.0948,0.2445,1.0,-0.0112,0.749,-4.633
Car B,231,15.4,1,73.207,2,-6.377,19.934,0.066,5.9738,-0.0024,0.3929,1.0,-0.08,1.846,4.633
Car A,232,15.4667,1,68.975,2,-2.145,19.891,0.109,6.0098,-0.001,-0.1669,1.0,0.0439,-0.268,-4.63
Car B,232,15.4667,1,73.605,2,-6.775,19.933,0.067,5.9736,-0.0023,-0.3912,1.0,0.0775,-1.993,4.63
Car A,233,15.5333,1,69.376,2,-2.546,19.889,0.111,6.017,0.1071,0.4331,1.0,-0.1106,1.092,-4.628
Car B,233,15.5333,1,74.003,2,-7.173,19.935,0.065,5.9732,-0.0066,0.3743,1.0,-0.0691,1.931,4.628
Car A,234,15.6,1,69.777,2,-2.947,19.889,0.111,6.016,-0.014,-0.5336,1.0,0.0382,-2.759,-4.625
Car B,234,15.6,1,74.402,2,-7.572,19.933,0.067,5.9736,0.0065,-0.3762,1.0,0.0772,-1.721,4.625
Car A,235,15.6667,1,70.178,2,-3.348,19.893,0.107,6.0129,-0.0472,0.2618,1.0,-0.0088,0.949,-4.622
Car B,235,15.6667,1,74.8,2,-7.97,19.935,0.065,5.973,-0.0086,0.3907,1.0,-0.0775,1.924,4.622
Car A,236,15.7333,1,70.578,2,-3.748,19.893,0.107,6.0092,-0.0548,-0.1266,1.0,0.0441,-0.208,-4.62
Car B,236,15.7333,1,75.198,2,-8.368,19.933,0.067,5.9731,0.0005,-0.3776,1.0,0.0753,-1.932,4.62
Car A,237,15.8,1,70.979,2,-4.149,19.891,0.109,6.0167,0.1119,0.4443,1.0,-0.1111,1.096,-4.617
Car B,237,15.8,1,75.596,2,-8.766,19.935,0.065,5.9736,0.0081,0.3716,1.0,-0.074,1.878,4.617
Car A,238,15.8667,1,71.38,2,-4.55,19.891,0.109,6.0148,-0.028,-0.5429,1.0,0.0413,-2.772,-4.615
Car B,238,15.8667,1,75.994,2,-9.164,19.933,0.067,5.9737,0.0021,-0.3836,1.0,0.076,-1.843,4.615
Car A,239,15.9333,1,71.781,2,-4.951,19.895,0.105,6.0124,-0.0365,0.2615,1.0,-0.0057,1.027,-4.612
Car B,239,15.9333,1,76.392,2,-9.562,19.934,0.066,5.9738,0.0008,0.3678,1.0,-0.0732,1.894,4.612
Car A,240,16.0,1,72.181,2,-5.351,19.895,0.105,5.9983,-0.211,-0.0959,1.0,0.0425,-0.129,-4.61
Car B,240,16.0,1,76.791,2,-9.961,19.933,0.067,5.9731,-0.0109,-0.3682,1.0,0.0756,-1.825,4.61
Car A,241,16.0667,1,72.581,2,-5.751,19.892,0.108,6.0139,0.2331,0.4294,1.0,-0.1056,1.063,-4.607
Car B,241,16.0667,1,77.189,2,-10.359,19.934,0.066,5.973,-0.0011,0.388,1.0,-0.0816,1.883,4.607
Car A,242,16.1333,1,72.982,2,-6.152,19.892,0.108,6.0132,-0.0106,-0.5134,1.0,0.0429,-2.635,-4.605
Car B,242,16.1333,1,77.587,2,-10.757,19.933,0.067,5.9728,-0.0029,-0.3863,1.0,0.0754,-2.033,4.605
Car A,243,16.2,1,73.383,2,-6.553,19.895,0.105,6.0115,-0.0257,0.2881,1.0,-0.0187,1.066,-4.602
Car B,243,16.2,1,77.985,2,-11.155,19.934,0.066,5.9727,-0.002,0.3733,1.0,-0.0755,1.878,4.602
Car A,244,16.2667,1,73.783,2,-6.953,19.895,0.105,6.0011,-0.1556,-0.1997,1.0,0.0476,-0.462,-4.6
Car B,244,16.2667,1,78.383,2,-11.553,19.933,0.067,5.9727,-0.0002,-0.3828,1.0,0.0779,-1.881,4.6
Car A,245,16.3333,1,74.184,2,-7.353,19.895,0.105,6.0,-0.0159,0.4615,1.0,-0.094,1.188,-4.598
Car B,245,16.3333,1,78.781,2,-11.951,19.934,0.066,5.9724,-0.0035,0.3841,1.0,-0.0778,1.94,4.598
Car A,246,16.4,1,74.584,2,-7.753,19.895,0.105,6.0005,0.0078,-0.4943,1.0,0.0465,-2.345,-4.596
Car B,246,16.4,1,79.179,2,-12.349,19.933,0.067,5.9728,0.0052,-0.3755,1.0,0.0767,-1.938,4.596
Car A,247,16.4667,1,74.983,2,-8.153,19.898,0.102,5.9981,-0.0372,0.2814,1.0,-0.0024,1.158,-4.594
Car B,247,16.4667,1,79.578,2,-12.748,19.934,0.066,5.9724,-0.0057,0.3847,1.0,-0.0785,1.911,4.594
Car A,248,16.5333,1,75.383,2,-8.553,19.898,0.102,5.9989,0.0128,-0.0415,1.0,0.0405,-0.045,-4.592
Car B,248,16.5333,1,79.976,2,-13.146,19.933,0.067,5.973,0.0097,-0.3872,1.0,0.0788,-1.955,4.592
Car A,249,16.6,1,75.783,2,-8.953,19.895,0.105,5.988,-0.1632,0.4159,1.0,-0.0888,1.003,-4.591
Car B,249,16.6,1,80.374,2,-13.544,19.934,0.066,5.9732,0.0024,0.3796,1.0,-0.0754,1.964,4.591
Car A,250,16.6667,1,76.183,2,-9.352,19.895,0.105,5.9869,-0.0176,-0.5642,1.0,0.0389,-2.215,-4.589
Car B,250,16.6667,1,80.772,2,-13.942,19.933,0.067,5.9731,-0.0013,-0.384,1.0,0.0797,-1.878,4.589
Car A,251,16.7333,1,76.582,2,-9.751,19.899,0.101,5.9864,-0.0067,0.2543,1.0,0.0017,0.966,-4.589
Car B,251,16.7333,1,81.17,2,-14.34,19.934,0.066,5.9734,0.0034,0.378,1.0,-0.0772,1.987,4.589
Car A,252,16.8,1,76.981,2,-10.151,19.898,0.102,5.992,0.0842,0.1087,1.0,0.0202,0.047,-4.587
Car B,252,16.8,1,81.568,2,-14.738,19.933,0.067,5.9727,-0.0098,-0.3666,1.0,0.0755,-1.923,4.587
Car A,253,16.8667,1,77.38,2,-10.55,19.897,0.103,5.9944,0.0356,0.0577,1.0,0.0221,0.49,-4.586
Car B,253,16.8667,1,81.966,2,-15.136,19.934,0.066,5.9726,-0.0009,0.3865,1.0,-0.1738,1.882,4.586
Car A,254,16.9333,1,77.78,2,-10.95,19.896,0.104,5.9946,0.003,0.0981,1.0,0.0099,0.537,-4.584
Car B,254,16.9333,1,82.364,2,-15.534,19.933,0.067,5.971,-0.0243,-0.4083,1.0,0.0093,-4.336,4.584
Car A,255,17.0,1,78.18,2,-11.35,19.894,0.106,5.9995,0.0742,0.0974,1.0,0.0014,0.245,-4.583
Car B,255,17.0,1,82.763,2,-15.933,19.936,0.064,5.9906,0.293,0.1124,1.0,-0.0776,0.217,4.583
Car A,256,17.0667,1,78.58,2,-11.75,19.892,0.108,6.0105,0.1645,0.0534,1.0,0.0004,0.036,-4.582
Car B,256,17.0667,1,83.162,2,-16.332,19.939,0.061,5.9885,-0.0309,-0.6862,1.0,-0.0208,-1.937,4.582
Car A,257,17.1333,1,78.98,2,-12.15,19.891,0.109,6.0018,-0.1313,0.0121,1.0,0.0069,0.009,-4.581
Car B,257,17.1333,1,83.562,2,-16.732,19.946,0.054,6.0153,0.402,-0.263,1.0,-0.0106,-0.518,4.581
Car A,258,17.2,1,79.381,2,-12.55,19.889,0.111,5.9996,-0.0324,0.0072,1.0,-0.0001,0.168,-4.582
Car B,258,17.2,1,83.963,2,-17.133,19.952,0.048,6.0041,-0.1684,-0.0812,1.0,-0.0139,-0.26,4.582
Car A,259,17.2667,1,79.78,2,-12.95,19.886,0.114,5.9969,-0.041,0.0215,1.0,-0.0118,0.004,-4.582
Car B,259,17.2667,1,84.363,2,-17.533,19.957,0.043,6.0024,-0.0245,-0.0029,1.0,0.0186,-0.337,4.582
Car A,260,17.3333,1,80.181,2,-13.351,19.885,0.115,6.0075,0.1596,-0.0396,1.0,-0.0003,-0.28,-4.582
Car B,260,17.3333,1,84.763,2,-17.933,19.96,0.04,5.9937,-0.1303,0.0477,1.0,0.5401,0.45,4.582
Car A,261,17.4,1,80.581,2,-13.751,19.884,0.116,6.0097,0.0327,-0.0674,1.0,0.0034,-0.014,-4.581
Car B,261,17.4,1,85.162,2,-18.332,19.959,0.041,5.9892,-0.0683,0.9815,1.0,0.5288,13.482,4.581
Car A,262,17.4667,1,80.982,2,-14.151,19.883,0.117,6.0054,-0.0638,-0.0518,1.0,-0.0025,0.078,-4.579
Car B,262,17.4667,1,85.561,2,-18.731,19.944,0.056,5.9818,-0.1108,1.8337,1.0,0.4524,13.22,4.579
Car A,263,17.5333,1,81.382,2,-14.552,19.882,0.118,5.9995,-0.0887,-0.0012,1.0,-0.021,-0.055,-4.577
Car B,263,17.5333,1,85.959,2,-19.129,19.913,0.087,5.9741,-0.1151,2.4704,1.0,1.0,11.313,4.577
Car A,264,17.6,1,81.782,2,-14.951,19.882,0.118,5.9903,-0.138,-0.1165,1.0,0.0066,-0.509,-4.573
Car B,264,17.6,1,86.354,2,-19.524,19.866,0.134,5.9607,-0.2014,3.0118,1.0,1.0,24.978,4.573
Car A,265,17.6667,1,82.181,2,-15.351,19.881,0.119,6.0016,0.1686,-0.0784,1.0,-0.1257,0.155,-4.566
Car B,265,17.6667,1,86.747,2,-19.917,19.802,0.198,5.9489,-0.1767,3.4226,1.0,1.0,25.0,4.566
Car A,266,17.7333,1,82.581,2,-15.751,19.884,0.116,5.9988,-0.0416,-0.8149,1.0,0.0469,-3.137,-4.576
Car B,266,17.7333,1,87.157,2,-20.306,19.719,0.256,5.9382,-0.1604,3.7474,1.0,1.0,25.0,4.576
Car A,267,17.8,1,82.981,2,-16.151,19.891,0.109,5.9993,0.0081,0.0749,1.0,-0.4069,1.167,-4.567
Car B,267,17.8,1,87.548,2,-20.69,19.617,0.327,5.9289,-0.1401,3.9887,1.0,1.0,25.0,4.567
Car A,268,17.8667,1,83.381,2,-16.55,19.896,0.104,5.9942,-0.0767,-0.6781,1.0,0.0047,-10.154,-4.616
Car B,268,17.8667,1,87.997,2,-21.067,19.497,0.387,5.9207,-0.1225,4.1782,1.0,1.0,25.0,4.616
Car A,269,17.9333,1,83.78,2,-16.95,19.906,0.094,6.0033,0.1361,0.0623,0.8673,-0.5358,0.09,-4.61
Car B,269,17.9333,1,88.39,2,-21.438,19.358,0.436,5.9134,-0.1091,4.3211,1.0,1.0,24.999,4.61
Car A,270,18.0,1,84.18,2,-17.35,19.916,0.084,5.9904,-0.1937,-0.8511,0.626,0.0519,-13.374,-4.678
Car B,270,18.0,1,88.858,2,-21.801,19.2,0.488,5.9071,-0.0955,4.4327,1.0,1.0,24.999,4.678
Car A,271,18.0667,1,84.575,2,-17.745,19.931,0.069,5.8937,-1.4498,-0.1308,0.767,-0.1698,1.276,-4.677
Car B,271,18.0667,1,89.253,3,-22.155,19.023,0.516,5.9013,-0.0861,4.5221,1.0,1.0,24.999,4.677
Car A,272,18.1333,1,84.965,2,-18.135,19.945,0.055,5.8206,-1.097,-0.7493,0.4837,0.1069,-4.236,-4.769
Car B,272,18.1333,1,89.734,3,-22.499,18.828,0.559,5.8961,-0.0785,4.5937,1.0,1.0,24.999,4.769
Car A,273,18.2,1,85.346,2,-18.516,19.962,0.038,5.6743,-2.1939,-0.1136,0.6184,0.1238,2.661,-4.782
Car B,273,18.2,1,90.129,3,-22.832,18.615,0.567,5.8914,-0.0713,4.6461,1.0,1.0,24.999,4.782
Car A,274,18.2667,1,85.72,2,-18.89,19.972,0.028,5.5463,-1.9207,0.5237,1.0,1.0,3.095,-4.803
Car B,274,18.2667,1,90.522,3,-23.152,18.384,0.596,5.887,-0.0658,4.6918,1.0,1.0,24.999,4.803
Car A,275,18.3333,1,86.089,2,-19.259,19.972,0.028,5.5451,-0.018,1.0983,1.0,1.0,24.967,-4.922
Car B,275,18.3333,1,91.011,3,-23.46,18.137,0.589,5.883,-0.0599,4.7276,1.0,1.0,24.999,4.922
Car A,276,18.4,1,86.458,2,-19.628,19.958,0.042,5.5331,-0.1801,2.0926,1.0,0.8625,25.0,-4.947
Car B,276,18.4,1,91.405,3,-23.753,17.873,0.599,5.8792,-0.0567,4.7547,1.0,1.0,24.999,4.947
Car A,277,18.4667,1,86.826,2,-19.996,19.928,0.072,5.5277,-0.0814,2.6457,1.0,0.1388,21.568,-5.067
Car B,277,18.4667,1,91.893,3,-24.031,17.595,0.581,5.8756,-0.0538,4.7747,1.0,1.0,24.999,5.067
Car A,278,18.5333,1,87.202,2,-20.364,19.889,0.082,5.5591,0.4721,1.4184,1.0,1.0,3.499,-5.085
Car B,278,18.5333,1,92.287,3,-24.294,17.301,0.572,5.8722,-0.0506,4.7923,1.0,1.0,24.999,5.085
Car A,279,18.6,1,87.572,2,-20.732,19.848,0.094,5.557,-0.0313,1.6975,1.0,1.0,24.968,-5.197
Car B,279,18.6,1,92.77,3,-24.54,16.994,0.546,5.869,-0.0481,4.8057,1.0,1.0,24.999,5.197
Car A,280,18.6667,1,87.959,2,-21.099,19.792,0.093,5.5435,-0.2026,2.5627,1.0,1.0,25.0,-5.204
Car B,280,18.6667,1,93.162,3,-24.769,16.674,0.518,5.8659,-0.0467,4.8165,1.0,1.0,24.999,5.204
Car A,281,18.7333,1,88.329,2,-21.462,19.719,0.079,5.536,-0.113,3.0435,1.0,1.0,25.0,-5.305
Car B,281,18.7333,1,93.634,3,-24.98,16.341,0.485,5.8629,-0.0452,4.8238,1.0,1.0,24.999,5.305
Car A,282,18.8,1,88.699,2,-21.821,19.629,0.083,5.5295,-0.0971,3.4233,1.0,1.0,25.0,-5.326
Car B,282,18.8,1,94.024,3,-25.172,15.998,0.439,5.86,-0.0435,4.8316,1.0,1.0,24.999,5.326
Car A,283,18.8667,1,89.08,2,-22.174,19.521,0.049,5.5244,-0.0768,3.7279,1.0,1.0,25.0,-5.4
Car B,283,18.8667,1,94.481,3,-25.344,15.645,0.401,5.8572,-0.0422,4.8373,1.0,1.0,24.999,5.4
Car A,284,18.9333,1,89.45,3,-22.522,19.394,0.033,5.5205,-0.0585,3.9625,1.0,1.0,25.0,-5.418
Car B,284,18.9333,1,94.868,3,-25.497,15.284,0.336,5.8544,-0.0414,4.8407,1.0,1.0,24.999,5.418
Car A,285,19.0,1,89.823,3,-22.863,19.249,0.01,5.5178,-0.04,4.1477,1.0,1.0,24.999,-5.435
Car B,285,19.0,1,95.258,3,-25.63,14.914,0.294,5.8517,-0.041,4.8427,1.0,1.0,24.999,5.435
Car A,286,19.0667,1,90.192,3,-23.195,19.086,-0.024,5.5161,-0.0258,4.2932,1.0,1.0,24.999,-5.497
Car B,286,19.0667,1,95.688,3,-25.742,14.538,0.215,5.8491,-0.039,4.8471,1.0,1.0,24.999,5.497
Car A,287,19.1333,1,90.562,3,-23.517,18.905,-0.038,5.5152,-0.0139,4.409,1.0,1.0,24.999,-5.514
Car B,287,19.1333,1,96.076,3,-25.833,14.157,0.154,5.8465,-0.0389,4.8482,1.0,1.0,24.999,5.514
Car A,288,19.2,1,90.923,3,-23.829,18.706,-0.084,5.515,-0.0026,4.5032,1.0,1.0,24.999,-5.552
Car B,288,19.2,1,96.474,3,-25.903,13.771,0.097,5.844,-0.0376,4.85,1.0,1.0,24.999,5.552
Car A,289,19.2667,1,91.292,3,-24.13,18.489,-0.114,5.5154,0.0058,4.5756,1.0,1.0,24.999,-5.572
Car B,289,19.2667,1,96.863,3,-25.951,13.382,0.049,5.8415,-0.037,4.8509,1.0,0.9132,24.999,5.572
Car A,290,19.3333,1,91.641,3,-24.417,18.256,-0.142,5.5163,0.0132,4.6374,1.0,1.0,24.999,-5.613
Car B,290,19.3333,1,97.254,3,-25.977,12.991,0.023,5.84,-0.0229,4.8431,1.0,0.8356,22.833,5.613
Car A,291,19.4,1,92.009,3,-24.691,18.007,-0.188,5.5175,0.0187,4.6853,1.0,1.0,24.999,-5.637
Car B,291,19.4,1,97.646,3,-25.982,12.599,0.018,5.8393,-0.0112,4.8332,1.0,0.6227,20.893,5.637
Car A,292,19.4667,1,92.378,3,-24.951,17.742,-0.213,5.5191,0.0228,4.7218,1.0,1.0,24.999,-5.659
Car B,292,19.4667,1,98.038,3,-25.966,12.208,0.034,5.8492,0.1495,4.7741,1.0,-0.8872,15.575,5.659
Car A,293,19.5333,1,92.712,3,-25.195,17.463,-0.257,5.5209,0.0279,4.7523,1.0,1.0,24.999,-5.717
Car B,293,19.5333,1,98.429,3,-25.94,11.816,0.06,5.8722,0.3446,2.9486,1.0,-1.0,-22.124,5.717
Car A,294,19.6,1,93.08,3,-25.422,17.169,-0.297,5.5229,0.0298,4.7778,1.0,1.0,24.999,-5.74
Car B,294,19.6,1,98.821,3,-25.917,11.425,0.083,5.8802,0.1199,1.0775,1.0,-0.8206,-24.995,5.74
Car A,295,19.6667,1,93.421,3,-25.632,16.864,-0.318,5.525,0.0312,4.7979,1.0,1.0,24.999,-5.792
Car B,295,19.6667,1,99.212,3,-25.906,11.033,0.094,5.8772,-0.0447,-0.2426,1.0,-0.3677,-20.521,5.792
Car A,296,19.7333,1,93.768,3,-25.824,16.546,-0.373,5.5273,0.034,4.8129,1.0,1.0,24.999,-5.836
Car B,296,19.7333,1,99.604,3,-25.908,10.641,0.092,5.8744,-0.0431,-1.191,1.0,-0.0697,-9.208,5.836
Car A,297,19.8,1,94.138,3,-25.997,16.217,-0.408,5.5295,0.034,4.826,1.0,1.0,24.999,-5.858
Car B,297,19.8,1,99.996,3,-25.915,10.249,0.085,5.909,0.5191,-0.6518,1.0,-0.043,-1.752,5.858
Car A,298,19.8667,1,94.442,3,-26.151,15.879,-0.438,5.5319,0.0352,4.8359,1.0,1.0,24.999,-5.951
Car B,298,19.8667,1,100.393,3,-25.92,9.852,0.08,5.9612,0.7835,-0.426,1.0,-0.1698,-1.058,5.951
Car A,299,19.9333,1,94.81,3,-26.285,15.532,-0.488,5.5342,0.0355,4.8431,1.0,1.0,24.999,-5.98
Car B,299,19.9333,1,100.79,3,-25.93,9.455,0.07,5.9591,-0.032,-1.0639,1.0,0.0614,-4.239,5.98
Car A,300,20.0,1,95.181,3,-26.399,15.178,-0.515,5.5366,0.0361,4.8499,1.0,1.0,24.999,-6.006
Car B,300,20.0,1,101.187,3,-25.944,9.058,0.056,5.9628,0.0563,-0.1362,1.0,0.2613,1.526,6.006
Car A,301,20.0667,1,95.468,3,-26.491,14.818,-0.554,5.539,0.0352,4.8545,1.0,1.0,24.999,-6.117
Car B,301,20.0667,1,101.585,3,-25.946,8.66,0.054,5.9604,-0.0369,0.9443,1.0,-0.0297,6.526,6.117
Car A,302,20.1333,1,95.838,3,-26.563,14.453,-0.597,5.5414,0.0359,4.8589,1.0,1.0,24.999,-6.144
Car B,302,20.1333,1,101.982,3,-25.943,8.263,0.057,5.9652,0.0723,0.0346,1.0,-0.0443,-0.73,6.144
Car A,303,20.2,1,96.21,3,-26.613,14.084,-0.618,5.5437,0.0355,4.8627,1.0,1.0,24.999,-6.171
Car B,303,20.2,1,102.381,3,-25.95,7.865,0.05,5.9926,0.411,-0.4337,1.0,0.9211,-1.102,6.171
Car A,304,20.2667,1,96.533,3,-26.642,13.713,-0.642,5.5461,0.035,4.8638,1.0,1.0,24.999,-6.247
Car B,304,20.2667,1,102.78,3,-25.953,7.465,0.047,5.9915,-0.0155,0.3724,1.0,0.8841,22.991,6.247
Car A,305,20.3333,1,96.905,3,-26.649,13.34,-0.649,5.5484,0.0343,4.8651,1.0,1.0,24.999,-6.273
Car B,305,20.3333,1,103.179,3,-25.945,7.067,0.055,5.9771,-0.2162,1.5458,1.0,0.8974,22.103,6.273
Car A,306,20.4,1,97.278,3,-26.634,12.967,-0.634,5.5506,0.034,4.8675,1.0,1.0,24.999,-6.299
Car B,306,20.4,1,103.576,3,-25.921,6.669,0.079,5.9653,-0.1768,2.2773,1.0,1.0,22.434,6.299
Car A,307,20.4667,1,97.649,3,-26.598,12.596,-0.598,5.5529,0.0346,4.8679,1.0,1.0,24.999,-6.323
Car B,307,20.4667,1,103.972,3,-25.881,6.273,0.119,5.9522,-0.197,2.8535,1.0,1.0,24.996,6.323
Car A,308,20.5333,1,98.017,3,-26.54,12.228,-0.54,5.5551,0.033,4.8682,1.0,0.8189,24.999,-6.361
Car B,308,20.5333,1,104.379,3,-25.823,5.88,0.167,5.94,-0.1828,3.2997,1.0,1.0,25.0,6.361
Car A,309,20.6,1,98.382,3,-26.46,11.863,-0.46,5.5621,0.104,4.8354,1.0,0.2818,20.478,-6.391
Car B,309,20.6,1,104.773,3,-25.747,5.491,0.212,5.9291,-0.1645,3.6478,1.0,1.0,25.0,6.391
Car A,310,20.6667,1,98.745,3,-26.368,11.5,-0.368,5.6195,0.8622,3.1465,1.0,-0.0947,7.066,-6.419
Car B,310,20.6667,1,105.164,3,-25.653,5.106,0.276,5.9195,-0.1438,3.9094,1.0,1.0,25.0,6.419
Car A,311,20.7333,1,99.112,3,-26.281,11.133,-0.281,5.6558,0.5441,1.3148,1.0,-0.2457,-2.352,-6.491
Car B,311,20.7333,1,105.603,3,-25.54,4.726,0.297,5.9111,-0.1259,4.1147,1.0,1.0,25.0,6.491
Car A,312,20.8,1,99.482,3,-26.204,10.763,-0.204,5.6679,0.1818,-0.053,1.0,-0.2865,-6.136,-6.514
Car B,312,20.8,1,105.996,3,-25.408,4.353,0.339,5.9037,-0.1107,4.2756,1.0,1.0,24.999,6.514
Car A,313,20.8667,1,99.854,3,-26.139,10.391,-0.139,5.6714,0.0521,-1.0478,1.0,-0.2902,-7.16,-6.592
Car B,313,20.8667,1,106.446,3,-25.257,3.988,0.355,5.8972,-0.0974,4.3977,1.0,1.0,24.999,6.592
Car A,314,20.9333,1,100.229,3,-26.088,10.016,-0.088,5.6769,0.0822,-1.8161,1.0,-0.4842,-7.255,-6.611
Car B,314,20.9333,1,106.84,3,-25.087,3.632,0.375,5.8914,-0.087,4.4939,1.0,1.0,24.999,6.611
Car A,315,21.0,1,100.606,3,-26.05,9.639,-0.05,5.6768,-0.0017,-2.4329,1.0,-0.3518,-12.096,-6.69
Car B,315,21.0,1,107.296,3,-24.899,3.285,0.386,5.8862,-0.0781,4.5707,1.0,1.0,24.999,6.69
Car A,316,21.0667,1,100.986,3,-26.029,9.259,-0.029,5.7062,0.4418,-2.7836,1.0,-0.286,-8.798,-6.704
Car B,316,21.0667,1,107.69,3,-24.692,2.949,0.386,5.8815,-0.0708,4.63,1.0,1.0,24.999,6.704
Car A,317,21.1333,1,101.37,3,-26.018,8.875,-0.018,5.7896,1.2498,-2.433,0.9599,-0.2119,-7.152,-6.777
Car B,317,21.1333,1,108.147,3,-24.469,2.624,0.391,5.8772,-0.0644,4.6776,1.0,1.0,24.999,6.777
Car A,318,21.2,1,101.758,3,-26.011,8.487,-0.011,5.8478,0.8733,-1.8927,0.929,-0.1901,-5.297,-6.782
Car B,318,21.2,1,108.54,3,-24.228,2.313,0.372,5.8732,-0.0595,4.7142,1.0,1.0,24.999,6.782
Car A,319,21.2667,1,102.144,3,-26.01,8.102,-0.01,5.7515,-1.4441,-1.664,0.8936,-0.1729,-4.74,-6.849
Car B,319,21.2667,1,108.993,3,-23.97,2.015,0.373,5.8695,-0.0551,4.7441,1.0,1.0,24.999,6.849
Car A,320,21.3333,1,102.521,3,-26.015,7.724,-0.015,5.5891,-2.4357,-1.4394,0.8724,-0.1313,-4.323,-6.864
Car B,320,21.3333,1,109.384,3,-23.697,1.732,0.335,5.8661,-0.0521,4.7685,1.0,1.0,24.999,6.864
Car A,321,21.4,1,102.888,3,-26.022,7.358,-0.022,5.4364,-2.29,-1.03,0.8027,0.0499,-3.285,-6.89
Car B,321,21.4,1,109.777,3,-23.409,1.464,0.318,5.8628,-0.0492,4.787,1.0,1.0,24.999,6.89
Car A,322,21.4667,1,103.247,3,-26.027,6.998,-0.027,5.3691,-1.0107,-0.0145,1.0,1.0,1.24,-6.971
Car B,322,21.4667,1,110.217,3,-23.107,1.212,0.276,5.8597,-0.0466,4.8017,1.0,1.0,24.999,6.971
Car A,323,21.5333,1,103.604,3,-26.021,6.641,-0.021,5.3701,0.0158,0.7477,1.0,1.0,24.964,-7.004
Car B,323,21.5333,1,110.609,3,-22.792,0.978,0.241,5.8567,-0.0452,4.8136,1.0,1.0,24.999,7.004
Car A,324,21.6,1,103.962,3,-26.002,6.283,-0.002,5.3632,-0.104,1.7603,1.0,1.0,25.0,-7.073
Car B,324,21.6,1,111.035,3,-22.464,0.761,0.199,5.8538,-0.0429,4.8227,1.0,1.0,24.999,7.073
Car A,325,21.6667,1,104.321,3,-25.966,5.927,0.028,5.3576,-0.0835,2.3916,1.0,1.0,25.0,-7.103
Car B,325,21.6667,1,111.424,3,-22.125,0.563,0.145,5.851,-0.0414,4.829,1.0,1.0,24.999,7.103
Car A,326,21.7333,1,104.678,3,-25.915,5.573,0.051,5.3524,-0.0788,2.8943,1.0,1.0,25.0,-7.154
Car B,326,21.7333,1,111.832,3,-21.776,0.384,0.106,5.8483,-0.0405,4.8353,1.0,1.0,24.999,7.154
Car A,327,21.8,1,105.033,3,-25.846,5.222,0.093,5.3479,-0.0667,3.2929,1.0,0.8857,25.0,-7.184
Car B,327,21.8,1,112.218,3,-21.418,0.225,0.035,5.8457,-0.0396,4.84,1.0,1.0,24.999,7.184
Car A,328,21.8667,1,105.408,3,-25.759,4.874,0.119,5.3466,-0.0203,3.6,1.0,1.0,22.146,-7.199
Car B,328,21.8667,1,112.606,3,-21.051,0.086,-0.015,5.8432,-0.0382,4.8431,1.0,1.0,24.999,7.199
Car A,329,21.9333,1,105.765,3,-25.654,4.532,0.141,5.3444,-0.0322,3.8563,1.0,1.0,24.995,-7.222
Car B,329,21.9333,1,112.987,3,-20.678,-0.033,-0.086,5.8407,-0.037,4.8458,1.0,1.0,24.999,7.222
Car A,330,22.0,1,106.15,3,-25.53,4.195,0.182,5.3436,-0.012,4.0648,1.0,1.0,24.999,-7.223
Car B,330,22.0,1,113.373,3,-20.299,-0.131,-0.154,5.8383,-0.0366,4.8478,1.0,1.0,24.999,7.223
Car A,331,22.0667,1,106.509,3,-25.388,3.866,0.187,5.3439,0.0042,4.222,1.0,1.0,24.999,-7.237
Car B,331,22.0667,1,113.746,3,-19.915,-0.208,-0.208,5.8359,-0.0358,4.8499,1.0,1.0,24.999,7.237
Car A,332,22.1333,1,106.866,3,-25.227,3.545,0.213,5.3451,0.0184,4.3504,1.0,1.0,24.999,-7.267
Car B,332,22.1333,1,114.133,3,-19.527,-0.263,-0.263,5.8335,-0.0358,4.851,1.0,1.0,24.999,7.267
Car A,333,22.2,1,107.261,3,-25.048,3.234,0.232,5.3471,0.03,4.4537,1.0,1.0,24.999,-7.262
Car B,333,22.2,1,114.523,3,-19.137,-0.296,-0.296,5.8312,-0.0338,4.8522,1.0,0.9527,24.999,7.262
Car A,334,22.2667,1,107.62,3,-24.852,2.933,0.242,5.3498,0.0402,4.5363,1.0,1.0,24.999,-7.293
Car B,334,22.2667,1,114.914,3,-18.747,-0.308,-0.308,5.8294,-0.027,4.848,1.0,0.8489,23.819,7.293
Car A,335,22.3333,1,107.979,3,-24.638,2.644,0.274,5.353,0.0483,4.604,1.0,1.0,24.999,-7.326
Car B,335,22.3333,1,115.305,3,-18.356,-0.298,-0.298,5.8296,0.0023,4.8318,1.0,0.8357,21.227,7.326
Car A,336,22.4,1,108.382,3,-24.407,2.368,0.272,5.3567,0.0546,4.6582,1.0,1.0,24.999,-7.313
Car B,336,22.4,1,115.694,3,-17.966,-0.267,-0.267,5.829,-0.0088,4.8289,1.0,0.4152,20.893,7.313
Car A,337,22.4667,1,108.742,3,-24.16,2.106,0.289,5.3607,0.0598,4.7027,1.0,1.0,24.999,-7.342
Car B,337,22.4667,1,116.084,3,-17.576,-0.221,-0.221,5.8909,0.9291,3.6149,1.0,0.3691,10.396,7.342
Car A,338,22.5333,1,109.15,3,-23.898,1.858,0.301,5.365,0.0646,4.7369,1.0,1.0,24.999,-7.327
Car B,338,22.5333,1,116.476,3,-17.184,-0.166,-0.166,5.956,0.9765,3.3189,1.0,-0.5063,9.228,7.327
Car A,339,22.6,1,109.51,3,-23.621,1.627,0.304,5.3694,0.0667,4.7662,1.0,1.0,24.999,-7.36
Car B,339,22.6,1,116.87,3,-16.79,-0.107,-0.107,5.9741,0.2716,1.9606,1.0,-0.4698,-12.623,7.36
Car A,340,22.6667,1,109.922,3,-23.331,1.412,0.329,5.374,0.0691,4.789,1.0,1.0,24.999,-7.343
Car B,340,22.6667,1,117.266,3,-16.395,-0.056,-0.056,5.9783,0.0625,0.1377,1.0,-0.5377,-11.745,7.343
Car A,341,22.7333,1,110.284,3,-23.028,1.214,0.319,5.3788,0.0712,4.8064,1.0,1.0,24.999,-7.378
Car B,341,22.7333,1,117.662,3,-15.998,-0.018,-0.018,5.9752,-0.0458,-0.9503,1.0,-0.5784,-13.441,7.378
Car A,342,22.8,1,110.645,3,-22.714,1.035,0.33,5.3835,0.0707,4.8223,1.0,0.864,24.999,-7.414
Car B,342,22.8,1,118.059,3,-15.601,0.007,0.007,5.9665,-0.1304,-1.8101,1.0,-0.4711,-14.459,7.414
Car A,343,22.8667,1,111.061,3,-22.389,0.874,0.332,5.3927,0.138,4.8091,1.0,1.0,21.606,-7.396
Car B,343,22.8667,1,118.457,3,-15.203,0.017,0.017,5.959,-0.1131,-2.4568,1.0,-0.0889,-11.78,7.396
Car A,344,22.9333,1,111.424,3,-22.055,0.733,0.329,5.3974,0.0703,4.8429,1.0,0.962,24.994,-7.432
Car B,344,22.9333,1,118.855,3,-14.805,0.02,0.02,5.9772,0.2735,-1.1253,1.0,-0.1285,-2.238,7.432
Car A,345,23.0,1,111.841,3,-21.713,0.612,0.342,5.4028,0.081,4.8391,1.0,1.0,24.051,-7.414
Car B,345,23.0,1,119.255,3,-14.406,0.024,0.024,5.9872,0.149,-1.2397,1.0,0.0088,-3.21,7.414
Car A,346,23.0667,1,112.204,3,-21.363,0.511,0.326,5.4073,0.0679,4.8505,1.0,1.0,24.998,-7.45
Car B,346,23.0667,1,119.654,3,-14.006,0.028,0.028,5.9902,0.0449,-0.067,1.0,-0.1456,0.215,7.45
Car A,347,23.1333,1,112.567,3,-21.009,0.431,0.331,5.4119,0.0692,4.8556,1.0,-0.2795,24.999,-7.486
Car B,347,23.1333,1,120.053,3,-13.607,0.033,0.033,5.9879,-0.0339,-0.8009,1.0,0.0045,-3.633,7.486
Car A,348,23.2,1,112.983,3,-20.65,0.363,0.311,5.4586,0.7,3.323,1.0,1.0,-6.939,-7.469
Car B,348,23.2,1,120.452,3,-13.208,0.034,0.034,5.9952,0.1091,0.04,1.0,-0.0926,0.106,7.469
Car A,349,23.2667,1,113.347,3,-20.29,0.306,0.282,5.4522,-0.0952,3.7531,1.0,1.0,24.952,-7.505
Car B,349,23.2667,1,120.852,3,-12.808,0.036,0.036,5.9921,-0.0455,-0.7966,1.0,0.0674,-2.309,7.505
Car A,350,23.3333,1,113.733,3,-19.927,0.267,0.267,5.447,-0.0781,4.0203,1.0,1.0,24.999,-7.518
Car B,350,23.3333,1,121.251,3,-12.409,0.035,0.035,5.9927,0.0082,0.1854,1.0,-0.0364,1.678,7.518
Car A,351,23.4,1,114.098,3,-19.562,0.25,0.25,5.4456,-0.0208,4.1905,1.0,0.2365,24.999,-7.553
Car B,351,23.4,1,121.651,3,-12.009,0.038,0.038,5.9916,-0.0158,-0.3552,1.0,0.0376,-0.905,7.553
Car A,352,23.4667,1,114.464,3,-19.196,0.244,0.244,5.4958,0.7518,2.6202,1.0,-0.2167,5.942,-7.586
Car B,352,23.4667,1,122.05,3,-11.61,0.04,0.04,5.9914,-0.0042,0.3719,1.0,-0.1038,0.936,7.586
Car A,353,23.5333,1,114.832,3,-18.828,0.231,0.231,5.5273,0.4733,0.9665,1.0,-0.2537,-5.4,-7.617
Car B,353,23.5333,1,122.45,3,-11.21,0.042,0.042,5.9911,-0.0041,-0.5615,1.0,0.054,-2.59,7.617
Car A,354,23.6,1,115.201,3,-18.46,0.206,0.206,5.5389,0.1743,-0.2687,1.0,-0.1752,-6.341,-7.649
Car B,354,23.6,1,122.849,3,-10.811,0.041,0.041,5.9902,-0.0135,0.2439,1.0,-0.0332,1.344,7.649
Car A,355,23.6667,1,115.569,3,-18.091,0.17,0.17,5.5607,0.3262,-1.1551,1.0,0.0634,-4.383,-7.68
Car B,355,23.6667,1,123.249,3,-10.412,0.042,0.042,5.9906,0.0067,-0.3264,1.0,0.0468,-0.825,7.68
Car A,356,23.7333,1,115.938,3,-17.722,0.129,0.129,5.5857,0.3758,-0.2267,1.0,0.112,1.575,-7.71
Car B,356,23.7333,1,123.648,3,-10.012,0.044,0.044,5.9971,0.0977,0.4499,1.0,-0.1024,1.166,7.71
Car A,357,23.8,1,116.311,3,-17.349,0.099,0.099,5.6166,0.4627,0.7633,1.0,0.1021,2.796,-7.737
Car B,357,23.8,1,124.048,3,-9.612,0.046,0.046,5.997,-0.0026,-0.4776,1.0,0.0474,-2.554,7.737
Car A,358,23.8667,1,116.689,3,-16.971,0.078,0.078,5.7371,1.8078,0.881,1.0,0.0877,2.553,-7.758
Car B,358,23.8667,1,124.448,3,-9.213,0.044,0.044,5.9961,-0.0134,0.3005,1.0,-0.046,1.178,7.758
Car A,359,23.9333,1,117.076,3,-16.584,0.058,0.058,5.8598,1.8401,0.8076,1.0,0.0807,2.192,-7.771
Car B,359,23.9333,1,124.847,3,-8.813,0.045,0.045,5.9927,-0.0503,-0.4288,1.0,0.0431,-1.145,7.771
Car A,360,24.0,1,117.47,3,-16.19,0.041,0.041,5.9197,0.8989,0.7807,1.0,0.0715,1.995,-7.777
Car B,360,24.0,1,125.247,3,-8.413,0.045,0.045,5.9925,-0.0029,0.4057,1.0,-0.0997,1.072,7.777
Car A,361,24.0667,1,117.866,3,-15.794,0.027,0.027,5.9513,0.4749,0.7082,1.0,0.0617,1.775,-7.78
Car B,361,24.0667,1,125.646,3,-8.014,0.045,0.045,5.9927,0.0029,-0.5093,1.0,0.0472,-2.486,7.78
Car A,362,24.1333,1,118.264,3,-15.397,0.015,0.015,5.9759,0.3676,0.6111,1.0,0.0543,1.545,-7.782
Car B,362,24.1333,1,126.046,3,-7.614,0.042,0.042,5.992,-0.0108,0.2829,1.0,-0.0403,1.174,7.782
Car A,363,24.2,1,118.661,3,-14.999,0.005,0.005,5.9849,0.1362,0.5128,1.0,0.0463,1.356,-7.784
Car B,363,24.2,1,126.445,3,-7.215,0.041,0.041,5.9924,0.0066,-0.3851,1.0,0.0582,-1.003,7.784
Car A,364,24.2667,1,119.06,3,-14.6,-0.004,-0.004,5.9918,0.1029,0.4565,1.0,0.04,1.161,-7.784
Car B,364,24.2667,1,126.845,3,-6.816,0.041,0.041,5.9943,0.0274,0.5102,1.0,-0.0878,1.451,7.784
Car A,365,24.3333,1,119.459,3,-14.201,-0.012,-0.012,5.976,-0.2369,0.2666,1.0,0.0371,0.98,-7.785
Car B,365,24.3333,1,127.244,3,-6.416,0.041,0.041,5.9935,-0.0116,-0.4345,1.0,0.0566,-2.189,7.785
Car A,366,24.4,1,119.858,3,-13.803,-0.02,-0.02,5.9801,0.0618,0.1945,1.0,0.04,0.906,-7.786
Car B,366,24.4,1,127.644,3,-6.017,0.038,0.038,5.992,-0.0231,0.3385,1.0,-0.0272,1.409,7.786
Car A,367,24.4667,1,120.256,3,-13.404,-0.026,-0.026,5.9971,0.2551,0.3887,1.0,0.0296,0.995,-7.787
Car B,367,24.4667,1,128.043,3,-5.617,0.038,0.038,5.993,0.0151,-0.2721,1.0,0.0529,-0.676,7.787
Car A,368,24.5333,1,120.657,3,-13.004,-0.03,-0.03,5.9885,-0.1298,0.2699,1.0,0.025,0.732,-7.786
Car B,368,24.5333,1,128.443,3,-5.217,0.039,0.039,5.9918,-0.0178,0.5075,1.0,-0.0947,1.318,7.786
Car A,369,24.6,1,121.055,3,-12.605,-0.034,-0.034,5.9834,-0.0766,0.1643,1.0,0.0242,0.615,-7.787
Car B,369,24.6,1,128.842,3,-4.818,0.04,0.04,5.9927,0.0144,-0.4444,1.0,0.0552,-2.361,7.787
Car A,370,24.6667,1,121.455,3,-12.206,-0.038,-0.038,5.9887,0.0794,0.1262,1.0,0.0254,0.591,-7.787
Car B,370,24.6667,1,129.242,3,-4.419,0.037,0.037,5.9914,-0.0194,0.3294,1.0,-0.0322,1.375,7.787
Car A,371,24.7333,1,121.854,3,-11.806,-0.042,-0.042,5.9915,0.0427,0.1176,1.0,0.0266,0.618,-7.787
Car B,371,24.7333,1,129.641,3,-4.019,0.037,0.037,5.9911,-0.0055,-0.314,1.0,0.0554,-0.8,7.787
Car A,372,24.8,1,122.254,3,-11.407,-0.046,-0.046,5.9917,0.0023,0.1222,1.0,0.0266,0.648,-7.787
Car B,372,24.8,1,130.041,3,-3.62,0.038,0.038,5.9913,0.0033,0.5193,1.0,-0.0973,1.382,7.787
Car A,373,24.8667,1,122.653,3,-11.007,-0.049,-0.049,5.9899,-0.0257,0.1302,1.0,0.0247,0.649,-7.787
Car B,373,24.8667,1,130.44,3,-3.22,0.039,0.039,5.9912,-0.001,-0.4257,1.0,0.0518,-2.427,7.787
Car A,374,24.9333,1,123.052,3,-10.608,-0.051,-0.051,5.9879,-0.0303,0.1338,1.0,0.0208,0.603,-7.787
Car B,374,24.9333,1,130.839,3,-2.821,0.037,0.037,5.9902,-0.0149,0.3354,1.0,-0.04,1.289,7.787
Car A,375,25.0,1,123.451,3,-10.209,-0.052,-0.052,5.9868,-0.0172,0.1381,1.0,0.0151,0.511,-7.788
Car B,375,25.0,1,131.239,3,-2.422,0.037,0.037,5.9886,-0.0244,-0.3862,1.0,0.0615,-0.997,7.788
Car A,376,25.0667,1,123.851,3,-9.809,-0.052,-0.052,6.0075,0.3106,0.1028,1.0,0.0141,0.372,-7.787
Car B,376,25.0667,1,131.638,3,-2.022,0.036,0.036,5.9892,0.0083,0.5105,1.0,-0.0881,1.533,7.787
Car A,377,25.1333,1,124.252,3,-9.409,-0.053,-0.053,6.009,0.023,0.0745,1.0,0.0124,0.343,-7.786
Car B,377,25.1333,1,132.037,3,-1.623,0.038,0.038,5.9887,-0.0072,-0.3974,1.0,0.0517,-2.196,7.786
Car A,378,25.2,1,124.652,3,-9.008,-0.054,-0.054,6.0096,0.0087,0.0785,1.0,0.0097,0.304,-7.784
Car B,378,25.2,1,132.436,3,-1.224,0.036,0.036,5.988,-0.01,0.3563,1.0,-0.0473,1.286,7.784
Car A,379,25.2667,1,125.053,3,-8.607,-0.053,-0.053,6.0089,-0.0106,0.0564,1.0,0.0067,0.238,-7.783
Car B,379,25.2667,1,132.836,3,-0.825,0.036,0.036,5.9887,0.0099,-0.4375,1.0,0.0665,-1.178,7.783
Car A,380,25.3333,1,125.454,3,-8.207,-0.053,-0.053,6.0016,-0.1095,0.0246,1.0,0.0037,0.164,-7.781
Car B,380,25.3333,1,133.235,3,-0.425,0.035,0.035,5.9884,-0.0042,0.4931,1.0,-0.0733,1.657,7.781
Car A,381,25.4,1,125.853,3,-7.807,-0.052,-0.052,5.9965,-0.0755,0.0603,1.0,-0.0018,0.092,-7.781
Car B,381,25.4,1,133.634,3,-0.026,0.037,0.037,5.9873,-0.0169,-0.3753,1.0,0.0521,-1.826,7.781
Car A,382,25.4667,1,126.253,3,-7.407,-0.052,-0.052,5.9989,0.035,-0.0019,1.0,-0.0017,-0.041,-7.78
Car B,382,25.4667,2,0.373,1,0.373,0.035,0.035,5.986,-0.0185,0.3786,1.0,-0.0519,1.297,7.78
Car A,383,25.5333,1,126.653,3,-7.007,-0.051,-0.051,6.001,0.0316,-0.0141,1.0,-0.0015,-0.043,-7.779
Car B,383,25.5333,2,0.772,1,0.772,0.036,0.036,5.9865,0.007,-0.4402,1.0,0.0649,-1.294,7.779
Car A,384,25.6,1,127.053,3,-6.607,-0.051,-0.051,6.0008,-0.0032,-0.0131,1.0,-0.0013,-0.037,-7.778
Car B,384,25.6,2,1.171,1,1.171,0.035,0.035,5.987,0.0069,0.4703,1.0,-0.0693,1.617,7.778
Car A,385,25.6667,1,127.453,3,-6.207,-0.051,-0.051,6.0008,-0.0002,-0.0108,1.0,-0.0012,-0.031,-7.777
Car B,385,25.6667,2,1.57,1,1.57,0.036,0.036,5.9857,-0.0195,-0.3826,1.0,0.0534,-1.727,7.777
Car A,386,25.7333,1,127.854,3,-5.807,-0.051,-0.051,6.0008,0.0003,-0.0108,1.0,-0.0012,-0.03,-7.776
Car B,386,25.7333,2,1.969,1,1.969,0.035,0.035,5.9844,-0.0191,0.3815,1.0,-0.0534,1.331,7.776
Car A,387,25.8,1,128.254,3,-5.407,-0.051,-0.051,6.0008,0.0005,-0.011,1.0,-0.0011,-0.029,-7.775
Car B,387,25.8,2,2.368,1,2.368,0.035,0.035,5.9846,0.0034,-0.435,1.0,0.0635,-1.331,7.775
Car A,388,25.8667,1,128.654,3,-5.007,-0.051,-0.051,6.0008,-0.0007,-0.0094,1.0,-0.0011,-0.027,-7.773
Car B,388,25.8667,2,2.767,1,2.767,0.035,0.035,5.9841,-0.008,0.4364,1.0,-0.0615,1.584,7.773
Car A,389,25.9333,1,129.054,3,-4.606,-0.05,-0.05,6.0008,0.0,-0.0089,1.0,-0.0011,-0.027,-7.772
Car B,389,25.9333,2,3.166,1,3.166,0.036,0.036,5.9837,-0.0059,-0.3896,1.0,0.056,-1.533,7.772
Car A,390,26.0,1,129.454,3,-4.206,-0.05,-0.05,6.0008,0.0,-0.0083,1.0,-0.0011,-0.027,-7.771
Car B,390,26.0,2,3.564,1,3.565,0.035,0.035,5.9833,-0.0062,0.4042,1.0,-0.0591,1.394,7.771
Car A,391,26.0667,1,129.854,3,-3.806,-0.05,-0.05,6.0008,-0.0002,-0.0106,1.0,-0.001,-0.027,-7.77
Car B,391,26.0667,2,3.963,1,3.963,0.036,0.036,5.9825,-0.012,-0.4249,1.0,0.061,-1.473,7.77
Car A,392,26.1333,1,130.254,3,-3.406,-0.05,-0.05,6.0006,-0.0027,-0.0083,1.0,-0.0009,-0.024,-7.768
Car B,392,26.1333,2,4.362,1,4.362,0.034,0.034,5.9819,-0.0089,0.4103,1.0,-0.056,1.52,7.768
Car A,393,26.2,1,130.654,3,-3.006,-0.05,-0.05,6.0005,-0.0004,-0.0073,1.0,-0.0008,-0.021,-7.767
Car B,393,26.2,2,4.761,1,4.761,0.035,0.035,5.9817,-0.0026,-0.3996,1.0,0.0586,-1.395,7.767
Car A,394,26.2667,1,131.054,3,-2.606,-0.05,-0.05,6.0004,-0.0025,-0.0016,1.0,-0.0006,-0.018,-7.766
Car B,394,26.2667,2,5.16,1,5.16,0.035,0.035,5.9813,-0.0057,0.4279,1.0,-0.0647,1.461,7.766
Car A,395,26.3333,1,131.454,3,-2.206,-0.05,-0.05,6.0005,0.002,-0.0064,1.0,-0.0002,-0.015,-7.764
Car B,395,26.3333,2,5.558,1,5.558,0.036,0.036,5.9814,0.0015,-0.4121,1.0,0.0583,-1.613,7.764
Car A,396,26.4,1,131.854,3,-1.806,-0.05,-0.05,6.0006,0.0005,-0.013,1.0,0.0004,-0.004,-7.763
Car B,396,26.4,2,5.957,1,5.957,0.034,0.034,5.9807,-0.011,0.3889,1.0,-0.0518,1.452,7.763
Car A,397,26.4667,1,132.255,3,-1.406,-0.05,-0.05,6.001,0.0071,-0.0053,1.0,0.0008,0.01,-7.762
Car B,397,26.4667,2,6.356,1,6.356,0.035,0.035,5.9814,0.0107,-0.4125,1.0,0.0613,-1.291,7.762
Car A,398,26.5333,1,132.655,3,-1.006,-0.051,-0.051,6.0007,-0.0054,-0.0042,1.0,0.001,0.019,-7.76
Car B,398,26.5333,2,6.754,1,6.755,0.035,0.035,5.9822,0.0122,0.4702,1.0,-0.0763,1.527,7.76
Car A,399,26.6,1,133.055,3,-0.606,-0.051,-0.051,6.0005,-0.0032,-0.0008,1.0,0.001,0.025,-7.759
Car B,399,26.6,2,7.153,1,7.153,0.036,0.036,5.9814,-0.0117,-0.3987,1.0,0.0536,-1.901,7.759
Car A,400,26.6667,1,133.455,3,-0.205,-0.051,-0.051,6.0003,-0.0027,0.0086,1.0,0.0005,0.023,-7.757
Car B,400,26.6667,2,7.552,1,7.552,0.035,0.035,5.981,-0.007,0.3627,1.0,-0.0485,1.334,7.757
Car A,401,26.7333,2,0.194,1,0.195,-0.051,-0.051,6.0001,-0.0028,0.0054,1.0,0.0,0.011,-7.756
Car B,401,26.7333,2,7.951,1,7.951,0.035,0.035,5.982,0.0157,-0.4238,1.0,0.0633,-1.208,7.756
Car A,402,26.8,2,0.595,1,0.595,-0.051,-0.051,6.0015,0.021,0.1261,1.0,-0.0045,0.0,-7.755
Car B,402,26.8,2,8.349,1,8.35,0.035,0.035,5.9827,0.0107,0.4637,1.0,-0.0721,1.578,7.755
Car A,403,26.8667,2,0.995,1,0.995,-0.05,-0.05,5.997,-0.0675,0.0557,1.0,-0.0029,-0.103,-7.754
Car B,403,26.8667,2,8.748,1,8.748,0.036,0.036,5.9821,-0.0101,-0.3917,1.0,0.0535,-1.796,7.754
Car A,404,26.9333,2,1.395,1,1.395,-0.051,-0.051,5.9992,0.0326,-0.0444,1.0,0.0028,-0.07,-7.752
Car B,404,26.9333,2,9.147,1,9.147,0.035,0.035,5.9815,-0.0083,0.373,1.0,-0.0518,1.333,7.752
Car A,405,27.0,2,1.795,1,1.795,-0.051,-0.051,5.9945,-0.0705,-0.0903,1.0,0.0056,0.062,-7.751
Car B,405,27.0,2,9.546,1,9.546,0.035,0.035,5.9821,0.0092,-0.4307,1.0,0.0632,-1.29,7.751
Car A,406,27.0667,2,2.195,1,2.195,-0.052,-0.052,5.9995,0.0762,-0.0001,1.0,0.0043,0.132,-7.75
Car B,406,27.0667,2,9.945,1,9.945,0.035,0.035,5.9828,0.0103,0.4442,1.0,-0.0654,1.576,7.75
Car A,407,27.1333,2,2.595,1,2.595,-0.052,-0.052,6.004,0.0664,0.0265,1.0,0.0021,0.106,-7.748
Car B,407,27.1333,2,10.343,1,10.343,0.036,0.036,5.9821,-0.01,-0.3916,1.0,0.055,-1.63,7.748
Car A,408,27.2,2,2.995,1,2.995,-0.051,-0.051,6.0021,-0.0275,0.0213,1.0,-0.0003,0.053,-7.747
Car B,408,27.2,2,10.742,1,10.742,0.035,0.035,5.982,-0.0024,0.3881,1.0,-0.0563,1.37,7.747
Car A,409,27.2667,2,3.395,1,3.395,-0.051,-0.051,5.998,-0.0617,0.0285,1.0,-0.0033,-0.004,-7.746
Car B,409,27.2667,2,11.141,1,11.141,0.036,0.036,5.9815,-0.0079,-0.4287,1.0,0.0618,-1.402,7.746
Car A,410,27.3333,2,3.795,1,3.795,-0.05,-0.05,5.9982,0.0024,0.023,1.0,-0.0059,-0.078,-7.745
Car B,410,27.3333,2,11.54,1,11.54,0.035,0.035,5.9811,-0.0047,0.421,1.0,-0.0595,1.541,7.745
Car A,411,27.4,2,4.195,1,4.195,-0.049,-0.049,5.9999,0.0264,0.0041,1.0,-0.0073,-0.141,-7.743
Car B,411,27.4,2,11.938,1,11.938,0.036,0.036,5.9811,-0.0,-0.398,1.0,0.0571,-1.484,7.743
Car A,412,27.4667,2,4.595,1,4.595,-0.048,-0.048,6.0022,0.0339,-0.0157,1.0,-0.0069,-0.175,-7.742
Car B,412,27.4667,2,12.337,1,12.337,0.035,0.035,5.9804,-0.0111,0.4117,1.0,-0.0621,1.423,7.742
Car A,413,27.5333,2,4.995,1,4.995,-0.048,-0.048,6.0043,0.0318,-0.0318,1.0,-0.0051,-0.169,-7.74
Car B,413,27.5333,2,12.736,1,12.736,0.036,0.036,5.9806,0.0027,-0.4222,1.0,0.06,-1.547,7.74
Car A,414,27.6,2,5.396,1,5.396,-0.048,-0.048,5.9989,-0.0814,-0.0655,1.0,-0.0011,-0.123,-7.739
Car B,414,27.6,2,13.134,1,13.134,0.035,0.035,5.9799,-0.0104,0.3988,1.0,-0.0534,1.494,7.739
Car A,415,27.6667,2,5.795,1,5.796,-0.049,-0.049,5.9962,-0.0406,-0.0378,1.0,0.0017,-0.03,-7.738
Car B,415,27.6667,2,13.533,1,13.533,0.035,0.035,5.9805,0.0088,-0.4027,1.0,0.0596,-1.33,7.738
Car A,416,27.7333,2,6.195,1,6.195,-0.05,-0.05,5.9981,0.0281,-0.0191,1.0,0.0041,0.039,-7.736
Car B,416,27.7333,2,13.932,1,13.932,0.035,0.035,5.9807,0.0038,0.439,1.0,-0.0676,1.485,7.736
Car A,417,27.8,2,6.595,1,6.595,-0.051,-0.051,5.9997,0.024,-0.0042,1.0,0.0059,0.098,-7.735
Car B,417,27.8,2,14.33,1,14.33,0.036,0.036,5.9804,-0.004,-0.408,1.0,0.0569,-1.685,7.735
Car A,418,27.8667,2,6.995,1,6.995,-0.052,-0.052,6.0012,0.0231,0.0082,1.0,0.0068,0.141,-7.734
Car B,418,27.8667,2,14.729,1,14.729,0.035,0.035,5.9796,-0.0134,0.379,1.0,-0.0511,1.416,7.734
Car A,419,27.9333,2,7.395,1,7.395,-0.052,-0.052,6.0028,0.0246,0.0204,1.0,0.0068,0.166,-7.732
Car B,419,27.9333,2,15.128,1,15.128,0.035,0.035,5.9801,0.008,-0.4165,1.0,0.0103,-1.273,7.732
Car A,420,28.0,2,7.796,1,7.796,-0.052,-0.052,6.0041,0.0192,0.0264,1.0,0.0061,0.165,-7.731
Car B,420,28.0,2,15.527,1,15.527,0.034,0.034,5.9898,0.1456,0.1364,1.0,-0.0792,0.244,7.731
Car A,421,28.0667,2,8.196,1,8.196,-0.052,-0.052,5.9988,-0.0798,0.0382,1.0,0.0039,0.148,-7.73
Car B,421,28.0667,2,15.926,1,15.926,0.029,0.029,5.9867,-0.0466,-0.7383,1.0,0.081,-1.976,7.73
Car A,422,28.1333,2,8.596,1,8.596,-0.052,-0.052,6.0013,0.0375,0.0228,1.0,0.0022,0.097,-7.729
Car B,422,28.1333,2,16.325,1,16.325,0.024,0.024,5.9879,0.018,0.2843,1.0,-0.1566,2.02,7.729
Car A,423,28.2,2,8.996,1,8.996,-0.051,-0.051,6.0006,-0.0105,0.0445,1.0,-0.0009,0.054,-7.728
Car B,423,28.2,2,16.724,1,16.724,0.022,0.022,5.9862,-0.0257,-0.445,1.0,-0.0169,-3.907,7.728
Car A,424,28.2667,2,9.396,1,9.396,-0.051,-0.051,5.9975,-0.0464,0.0351,1.0,-0.0033,-0.02,-7.728
Car B,424,28.2667,2,17.124,1,17.124,0.015,0.015,6.0152,0.4347,-0.249,1.0,-0.1811,-0.428,7.728
Car A,425,28.3333,2,9.796,1,9.796,-0.05,-0.05,5.9992,0.0252,0.0144,1.0,-0.0045,-0.078,-7.729
Car B,425,28.3333,2,17.524,1,17.524,0.004,0.004,6.012,-0.0473,-0.9814,1.0,0.0111,-4.521,7.729
Car A,426,28.4,2,10.196,1,10.196,-0.049,-0.049,6.0012,0.0298,-0.0046,1.0,-0.0042,-0.108,-7.729
Car B,426,28.4,2,17.925,1,17.925,-0.012,-0.012,6.0129,0.0133,-0.0548,1.0,0.8211,0.27,7.729
Car A,427,28.4667,2,10.596,1,10.596,-0.049,-0.049,6.003,0.0275,-0.0248,1.0,-0.0027,-0.102,-7.729
Car B,427,28.4667,2,18.325,1,18.325,-0.016,-0.016,6.0109,-0.0301,0.6402,1.0,0.6658,20.498,7.729
Car A,428,28.5333,2,10.996,1,10.996,-0.049,-0.049,6.001,-0.0301,-0.0165,1.0,-0.0024,-0.068,-7.729
Car B,428,28.5333,2,18.725,1,18.726,-0.007,-0.007,5.9965,-0.2157,1.7894,1.0,0.5689,16.649,7.729
Car A,429,28.6,2,11.396,1,11.396,-0.049,-0.049,6.0029,0.028,-0.0423,1.0,-0.0011,-0.056,-7.728
Car B,429,28.6,2,19.125,1,19.125,0.017,0.017,5.9877,-0.1317,2.4506,1.0,1.0,14.225,7.728
Car A,430,28.6667,2,11.796,1,11.797,-0.049,-0.049,6.0016,-0.019,-0.0192,1.0,-0.0026,-0.027,-7.726
Car B,430,28.6667,2,19.522,1,19.522,0.057,0.057,5.9744,-0.1999,3.005,1.0,1.0,24.983,7.726
Car A,431,28.7333,2,12.197,1,12.197,-0.049,-0.049,6.0016,-0.0006,-0.0004,1.0,-0.0064,-0.063,-7.72
Car B,431,28.7333,2,19.917,1,19.917,0.115,0.115,5.9624,-0.1801,3.411,1.0,1.0,25.0,7.72
Car A,432,28.8,2,12.597,1,12.597,-0.048,-0.048,6.0042,0.0392,-0.0015,1.0,-0.0098,-0.152,-7.725
Car B,432,28.8,2,20.322,1,20.308,0.191,0.167,5.9515,-0.1629,3.7339,1.0,1.0,25.0,7.725
Car A,433,28.8667,2,12.997,1,12.997,-0.048,-0.048,6.0072,0.0454,-0.1088,1.0,-0.0081,-0.242,-7.717
Car B,433,28.8667,2,20.714,1,20.694,0.286,0.231,5.9419,-0.1443,3.9804,1.0,1.0,25.0,7.717
Car A,434,28.9333,2,13.397,1,13.397,-0.048,-0.048,5.9969,-0.1545,-0.0311,1.0,-0.0111,-0.2,-7.753
Car B,434,28.9333,2,21.15,1,21.075,0.4,0.286,5.9335,-0.1261,4.1701,1.0,1.0,25.0,7.753
Car A,435,29.0,2,13.797,1,13.797,-0.048,-0.048,6.0,0.0464,-0.0413,1.0,-0.0118,-0.268,-7.747
Car B,435,29.0,2,21.545,1,21.449,0.533,0.328,5.9261,-0.1112,4.3169,1.0,1.0,24.999,7.747
Car A,436,29.0667,2,14.197,1,14.197,-0.049,-0.049,5.9974,-0.0388,-0.0495,1.0,-0.0119,-0.287,-7.8
Car B,436,29.0667,2,21.997,1,21.815,0.685,0.377,5.9194,-0.0998,4.4303,1.0,1.0,24.999,7.8
Car A,437,29.1333,2,14.597,1,14.597,-0.05,-0.05,5.9963,-0.0168,-0.0513,1.0,-0.0093,-0.291,-7.796
Car B,437,29.1333,2,22.393,1,22.173,0.856,0.398,5.9135,-0.0898,4.5203,1.0,1.0,24.999,7.796
Car A,438,29.2,2,14.997,1,14.997,-0.051,-0.051,6.0039,0.1138,-0.1196,1.0,-0.0012,-0.228,-7.79
Car B,438,29.2,2,22.787,1,22.521,1.046,0.44,5.9081,-0.081,4.5903,1.0,1.0,24.999,7.79
Car A,439,29.2667,2,15.397,1,15.397,-0.053,-0.053,6.0088,0.0737,-0.0325,1.0,0.0021,-0.035,-7.854
Car B,439,29.2667,2,23.252,1,22.858,1.253,0.441,5.9031,-0.074,4.6453,1.0,1.0,24.999,7.854
Car A,440,29.3333,2,15.798,1,15.798,-0.055,-0.055,6.006,-0.0423,-0.0089,1.0,0.0053,0.048,-7.849
Car B,440,29.3333,2,23.647,1,23.183,1.478,0.463,5.8986,-0.0675,4.6905,1.0,1.0,24.999,7.849
Car A,441,29.4,2,16.198,1,16.198,-0.057,-0.057,6.0041,-0.0286,0.005,1.0,0.016,0.128,-7.917
Car B,441,29.4,2,24.115,1,23.496,1.72,0.457,5.8944,-0.0627,4.7255,1.0,1.0,24.999,7.917
Car A,442,29.4667,2,16.598,1,16.598,-0.057,-0.057,5.9915,-0.1884,0.1111,1.0,-0.0009,0.378,-7.912
Car B,442,29.4667,2,24.51,1,23.794,1.979,0.46,5.8904,-0.0602,4.7524,1.0,1.0,24.999,7.912
Car A,443,29.5333,2,16.998,1,16.998,-0.057,-0.057,5.9939,0.0357,0.0782,0.8322,0.0068,-0.015,-7.98
Car B,443,29.5333,2,24.978,1,24.078,2.253,0.447,5.8867,-0.056,4.7734,1.0,1.0,24.999,7.98
Car A,444,29.6,2,17.39,1,17.39,-0.058,-0.058,5.8106,-2.7485,0.0403,0.8302,0.0333,0.171,-7.982
Car B,444,29.6,2,25.372,1,24.347,2.542,0.431,5.8831,-0.0533,4.7904,1.0,1.0,24.999,7.982
Car A,445,29.6667,2,17.77,1,17.77,-0.057,-0.057,5.64,-2.559,0.2428,0.8525,0.0133,0.832,-8.063
Car B,445,29.6667,2,25.833,1,24.599,2.846,0.412,5.8797,-0.0514,4.8041,1.0,1.0,24.999,8.063
Car A,446,29.7333,2,18.139,1,18.139,-0.055,-0.055,5.4634,-2.6494,0.1026,0.747,0.2279,0.334,-8.087
Car B,446,29.7333,2,26.226,1,24.834,3.162,0.377,5.8765,-0.0484,4.8165,1.0,1.0,24.999,8.087
Car A,447,29.8,2,18.499,1,18.499,-0.048,-0.048,5.3875,-1.1386,0.8335,0.737,0.1293,5.69,-8.177
Car B,447,29.8,2,26.676,1,25.051,3.491,0.354,5.8733,-0.0477,4.8241,1.0,1.0,24.999,8.177
Car A,448,29.8667,2,18.853,1,18.853,-0.033,-0.033,5.2378,-2.2455,0.9138,1.0,1.0,3.237,-8.213
Car B,448,29.8667,2,27.066,1,25.25,3.83,0.301,5.8702,-0.0461,4.8309,1.0,1.0,24.999,8.213
Car A,449,29.9333,2,19.201,1,19.201,-0.01,-0.01,5.241,0.0476,1.3662,1.0,0.9459,24.967,-8.257
Car B,449,29.9333,2,27.458,1,25.43,4.181,0.269,5.8672,-0.0447,4.8363,1.0,1.0,24.999,8.257
Car A,450,30.0,2,19.549,1,19.549,0.027,0.027,5.2342,-0.1017,2.2327,0.6721,-0.0075,23.648,-8.339
Car B,450,30.0,2,27.888,1,25.59,4.54,0.205,5.8643,-0.0439,4.8397,1.0,1.0,24.999,8.339
Car A,451,30.0667,2,19.894,1,19.894,0.072,0.072,5.2142,-0.2995,1.172,0.5654,-0.098,-0.152,-8.384
Car B,451,30.0667,2,28.278,1,25.73,4.907,0.155,5.8615,-0.0428,4.8426,1.0,1.0,24.999,8.384
Car A,452,30.1333,2,20.244,1,20.236,0.107,0.089,5.1213,-1.3937,0.07,1.0,1.0,-2.446,-8.443
Car B,452,30.1333,2,28.687,1,25.849,5.282,0.094,5.8587,-0.0416,4.8457,1.0,1.0,24.999,8.443
Car A,453,30.2,2,20.585,1,20.576,0.143,0.097,5.1217,0.0054,0.5742,1.0,1.0,24.959,-8.489
Car B,453,30.2,2,29.074,1,25.948,5.662,0.025,5.856,-0.0411,4.8476,1.0,1.0,24.999,8.489
Car A,454,30.2667,2,20.926,1,20.914,0.19,0.117,5.1211,-0.0095,1.5385,1.0,1.0,25.0,-8.536
Car B,454,30.2667,2,29.462,1,26.025,6.047,-0.025,5.8533,-0.04,4.8497,1.0,1.0,24.999,8.536
Car A,455,30.3333,2,21.286,1,21.25,0.252,0.101,5.1189,-0.032,2.1817,1.0,1.0,25.0,-8.565
Car B,455,30.3333,2,29.851,1,26.081,6.436,-0.081,5.8507,-0.0391,4.8512,1.0,1.0,24.999,8.565
Car A,456,30.4,2,21.628,1,21.583,0.33,0.099,5.1163,-0.0395,2.7045,1.0,1.0,25.0,-8.613
Car B,456,30.4,2,30.242,1,26.115,6.827,-0.115,5.8481,-0.0389,4.8512,1.0,0.8668,24.999,8.613
Car A,457,30.4667,2,21.987,1,21.912,0.425,0.099,5.1141,-0.0332,3.1264,1.0,1.0,25.0,-8.647
Car B,457,30.4667,2,30.634,1,26.128,7.219,-0.128,5.8478,-0.0044,4.8309,1.0,0.8406,21.675,8.647
Car A,458,30.5333,2,22.329,1,22.236,0.537,0.079,5.113,-0.0164,3.4666,1.0,1.0,25.0,-8.697
Car B,458,30.5333,2,31.026,1,26.119,7.611,-0.119,5.8468,-0.0155,4.8286,1.0,0.78,21.015,8.697
Car A,459,30.6,2,22.672,1,22.553,0.667,0.078,5.1132,0.0041,3.7436,1.0,1.0,25.0,-8.745
Car B,459,30.6,2,31.417,1,26.088,8.002,-0.088,5.8466,-0.0025,4.8195,1.0,-0.7334,19.501,8.745
Car A,460,30.6667,2,23.027,1,22.863,0.815,0.064,5.1149,0.0245,3.9649,1.0,1.0,24.999,-8.779
Car B,460,30.6667,2,31.807,1,26.048,8.392,-0.048,5.8724,0.3874,3.0572,1.0,-0.4886,-18.278,8.779
Car A,461,30.7333,2,23.371,1,23.165,0.98,0.048,5.1178,0.0439,4.1397,1.0,1.0,24.999,-8.827
Car B,461,30.7333,2,32.198,1,26.009,8.783,-0.009,5.8934,0.3144,1.1357,1.0,-0.4309,-12.223,8.827
Car A,462,30.8,2,23.715,1,23.456,1.163,0.051,5.1219,0.0615,4.2806,1.0,1.0,24.999,-8.875
Car B,462,30.8,2,32.59,1,25.983,9.175,0.017,5.8969,0.0524,-0.2017,1.0,-0.411,-10.775,8.875
Car A,463,30.8667,2,24.067,1,23.737,1.363,0.028,5.127,0.0766,4.3952,1.0,1.0,24.999,-8.916
Car B,463,30.8667,2,32.983,1,25.968,9.568,0.032,5.8937,-0.0473,-1.1848,1.0,-0.2851,-10.275,8.916
Car A,464,30.9333,2,24.412,1,24.006,1.579,0.019,5.1329,0.0881,4.4868,1.0,1.0,24.999,-8.964
Car B,464,30.9333,2,33.376,1,25.968,9.961,0.032,5.8913,-0.0361,-1.9477,1.0,-0.159,-7.13,8.964
Car A,465,31.0,2,24.761,1,24.261,1.812,0.022,5.1395,0.099,4.5632,1.0,1.0,24.999,-9.009
Car B,465,31.0,2,33.77,1,25.976,10.355,0.024,5.9174,0.3907,-1.5391,1.0,-0.0401,-3.978,9.009
Car A,466,31.0667,2,25.106,1,24.502,2.06,-0.001,5.1466,0.1067,4.6244,1.0,1.0,24.999,-9.059
Car B,466,31.0667,2,34.165,1,25.982,10.75,0.018,5.953,0.5342,-0.3788,1.0,-0.1019,-1.001,9.059
Car A,467,31.1333,2,25.453,1,24.728,2.323,-0.002,5.1542,0.1132,4.6746,1.0,1.0,24.999,-9.109
Car B,467,31.1333,2,34.562,1,25.99,11.147,0.01,5.9653,0.185,-0.9537,1.0,0.3098,-2.545,9.109
Car A,468,31.2,2,25.801,1,24.938,2.6,-0.006,5.162,0.1172,4.7146,1.0,1.0,24.999,-9.159
Car B,468,31.2,2,34.96,1,25.997,11.545,0.003,5.9674,0.0314,0.1783,1.0,-0.009,7.73,9.159
Car A,469,31.2667,2,26.148,1,25.131,2.889,-0.019,5.1701,0.1215,4.7494,1.0,1.0,24.999,-9.21
Car B,469,31.2667,2,35.358,1,26.0,11.943,-0.0,5.9856,0.2723,-0.1083,1.0,1.0,-0.201,9.21
Car A,470,31.3333,2,26.497,1,25.306,3.19,-0.011,5.1782,0.1226,4.7734,1.0,1.0,24.999,-9.26
Car B,470,31.3333,2,35.757,1,25.999,12.342,0.001,5.9815,-0.0604,0.669,1.0,1.0,24.962,9.26
Car A,471,31.4,2,26.844,1,25.462,3.502,-0.021,5.1866,0.1249,4.7967,1.0,1.0,24.999,-9.311
Car B,471,31.4,2,36.155,1,25.985,12.74,0.015,5.9647,-0.2519,1.7818,1.0,0.8532,25.0,9.311
Car A,472,31.4667,2,27.194,1,25.6,3.824,-0.025,5.1949,0.125,4.8147,1.0,1.0,24.999,-9.358
Car B,472,31.4667,2,36.551,1,25.956,13.136,0.044,5.9536,-0.1672,2.4417,1.0,1.0,21.336,9.358
Car A,473,31.5333,2,27.542,1,25.717,4.154,-0.008,5.2032,0.1244,4.8278,1.0,1.0,24.999,-9.404
Car B,473,31.5333,2,36.946,1,25.91,13.531,0.09,5.9406,-0.195,2.9907,1.0,1.0,24.994,9.404
Car A,474,31.6,2,27.892,1,25.814,4.491,-0.024,5.2115,0.1239,4.8387,1.0,1.0,24.999,-9.445
Car B,474,31.6,2,37.337,1,25.846,13.922,0.154,5.929,-0.1736,3.4041,1.0,1.0,25.0,9.445
Car A,475,31.6667,2,28.243,1,25.89,4.833,-0.018,5.2197,0.1234,4.8488,1.0,1.0,24.999,-9.499
Car B,475,31.6667,2,37.742,1,25.764,14.31,0.211,5.9185,-0.1572,3.7228,1.0,1.0,25.0,9.499
Car A,476,31.7333,2,28.594,1,25.945,5.181,-0.009,5.2278,0.1216,4.8564,1.0,1.0,24.999,-9.538
Car B,476,31.7333,2,38.132,1,25.663,14.692,0.281,5.9094,-0.1369,3.9703,1.0,1.0,25.0,9.538
Car A,477,31.8,2,28.946,1,25.978,5.531,-0.015,5.2358,0.1203,4.8626,1.0,1.0,24.999,-9.627
Car B,477,31.8,2,38.573,1,25.544,15.069,0.341,5.9014,-0.1205,4.1644,1.0,1.0,25.0,9.627
Car A,478,31.8667,2,29.298,1,25.99,5.884,0.001,5.2437,0.1187,4.8672,1.0,0.3029,24.999,-9.666
Car B,478,31.8667,2,38.965,1,25.406,15.439,0.389,5.8944,-0.1052,4.3118,1.0,1.0,24.999,9.666
Car A,479,31.9333,2,29.653,1,25.989,6.238,0.011,5.3099,0.9927,3.2707,1.0,0.3678,7.598,-9.771
Car B,479,31.9333,2,39.424,1,25.249,15.801,0.443,5.8882,-0.0926,4.4264,1.0,1.0,24.999,9.771
Car A,480,32.0,2,30.012,1,25.987,6.597,0.013,5.4034,1.4025,2.6943,1.0,0.1969,9.191,-9.806
Car B,480,32.0,2,39.818,1,25.073,16.154,0.471,5.8826,-0.0834,4.5155,1.0,1.0,24.999,9.806
Car A,481,32.0667,2,30.376,1,25.982,6.961,0.018,5.4956,1.3827,1.552,1.0,-0.075,4.928,-9.915
Car B,481,32.0667,2,40.29,1,24.878,16.497,0.517,5.8777,-0.0746,4.5865,1.0,1.0,24.999,9.915
Car A,482,32.1333,2,30.744,1,25.982,7.329,0.018,5.5367,0.6174,0.4149,1.0,-0.0604,-1.863,-9.94
Car B,482,32.1333,2,40.684,1,24.666,16.829,0.525,5.8732,-0.0675,4.6448,1.0,1.0,24.999,9.94
Car A,483,32.2,2,31.115,1,25.993,7.7,0.007,5.6007,0.9596,-0.4676,1.0,0.0053,-1.511,-9.962
Car B,483,32.2,2,41.077,1,24.437,17.149,0.554,5.8691,-0.0604,4.6899,1.0,1.0,24.999,9.962
Car A,484,32.2667,2,31.492,1,26.005,8.077,-0.005,5.7067,1.5897,0.0411,1.0,0.0037,0.129,-10.065
Car B,484,32.2667,2,41.558,1,24.19,17.455,0.551,5.8653,-0.0568,4.7234,1.0,1.0,24.999,10.065
Car A,485,32.3333,2,31.878,1,26.015,8.463,-0.015,5.8455,2.0827,0.0367,1.0,0.0166,0.093,-10.072
Car B,485,32.3333,2,41.951,1,23.928,17.748,0.561,5.8618,-0.053,4.7524,1.0,1.0,24.999,10.072
Car A,486,32.4,2,32.273,1,26.024,8.858,-0.024,5.9783,1.9917,0.1699,1.0,0.0215,0.415,-10.159
Car B,486,32.4,2,42.432,1,23.65,18.026,0.55,5.8585,-0.0502,4.7745,1.0,1.0,24.999,10.159
Car A,487,32.4667,2,32.672,1,26.032,9.257,-0.032,5.9859,0.1143,0.1114,1.0,0.031,0.513,-10.153
Car B,487,32.4667,2,42.825,1,23.357,18.287,0.541,5.8553,-0.047,4.7917,1.0,1.0,24.999,10.153
Car A,488,32.5333,2,33.071,1,26.039,9.656,-0.039,5.9785,-0.1115,0.2397,1.0,0.0244,0.762,-10.232
Car B,488,32.5333,2,43.302,1,23.051,18.533,0.523,5.8524,-0.0441,4.8058,1.0,1.0,24.999,10.232
Car A,489,32.6,2,33.47,1,26.045,10.055,-0.045,5.9902,0.1758,0.0897,1.0,0.0678,0.597,-10.224
Car B,489,32.6,2,43.694,1,22.731,18.761,0.495,5.8495,-0.0429,4.8171,1.0,1.0,24.999,10.224
Car A,490,32.6667,2,33.869,1,26.047,10.454,-0.047,6.0002,0.1498,0.6586,1.0,-0.0006,1.693,-10.292
Car B,490,32.6667,2,44.161,1,22.4,18.971,0.471,5.8468,-0.0409,4.8247,1.0,1.0,24.999,10.292
Car A,491,32.7333,2,34.269,1,26.049,10.854,-0.049,6.0034,0.047,0.0267,1.0,0.0441,-0.005,-10.281
Car B,491,32.7333,2,44.551,1,22.058,19.162,0.425,5.8441,-0.0399,4.8311,1.0,1.0,24.999,10.281
Car A,492,32.8,2,34.67,1,26.05,11.255,-0.05,5.9849,-0.2774,0.4665,0.8506,-0.0122,1.094,-10.335
Car B,492,32.8,2,45.005,2,21.706,19.334,0.396,5.8416,-0.0389,4.8359,1.0,1.0,24.999,10.335
Car A,493,32.8667,2,35.062,1,26.05,11.647,-0.05,5.8283,-2.3488,-0.034,0.8185,0.0623,-0.302,-10.329
Car B,493,32.8667,2,45.391,2,21.345,19.487,0.333,5.8391,-0.0373,4.8405,1.0,1.0,24.999,10.329
Car A,494,32.9333,2,35.445,1,26.05,12.03,-0.05,5.6837,-2.1693,0.4431,0.8709,0.1253,1.554,-10.336
Car B,494,32.9333,2,45.78,2,20.976,19.619,0.29,5.8366,-0.0371,4.8442,1.0,1.0,24.999,10.336
Car A,495,33.0,2,35.819,1,26.041,12.404,-0.041,5.5706,-1.6954,1.0182,0.8762,-0.1046,3.129,-10.391
Car B,495,33.0,2,46.21,2,20.601,19.73,0.222,5.8342,-0.0354,4.8467,1.0,1.0,24.999,10.391
Car A,496,33.0667,2,36.19,1,26.032,12.775,-0.032,5.5601,-0.1578,-0.0335,1.0,1.0,-2.606,-10.407
Car B,496,33.0667,2,46.597,2,20.22,19.82,0.162,5.8319,-0.0349,4.8491,1.0,1.0,24.999,10.407
Car A,497,33.1333,2,36.56,1,26.024,13.145,-0.024,5.5536,-0.0979,0.5139,1.0,1.0,24.958,-10.435
Car B,497,33.1333,2,46.995,2,19.835,19.889,0.111,5.8296,-0.0348,4.8518,1.0,1.0,24.999,10.435
Car A,498,33.2,2,36.93,1,26.005,13.515,-0.005,5.5456,-0.1204,1.5465,1.0,0.7753,25.0,-10.454
Car B,498,33.2,2,47.383,2,19.447,19.937,0.063,5.8273,-0.0342,4.8523,1.0,1.0,24.999,10.454
Car A,499,33.2667,2,37.298,1,25.97,13.883,0.03,5.5406,-0.0749,2.2089,0.9441,1.0,19.391,-10.475
Car B,499,33.2667,2,47.773,2,19.057,19.962,0.038,5.8252,-0.0319,4.853,1.0,0.8184,24.999,10.475
Car A,500,33.3333,2,37.67,1,25.919,14.249,0.061,5.5277,-0.1924,2.7733,1.0,1.0,24.991,-10.494
Car B,500,33.3333,2,48.164,2,18.666,19.967,0.033,5.826,0.012,4.8247,1.0,-0.3472,20.467,10.494
Car A,501,33.4,2,38.037,1,25.851,14.612,0.1,5.5212,-0.0976,3.205,0.7658,0.6927,25.0,-10.518
Car B,501,33.4,2,48.555,2,18.275,19.959,0.041,5.861,0.5253,3.2327,1.0,-0.0524,-8.636,10.518
Car A,502,33.4667,2,38.425,1,25.765,14.97,0.149,5.4861,-0.5277,3.5239,1.0,1.0,17.329,-10.523
Car B,502,33.4667,2,48.947,2,17.883,19.956,0.044,5.8897,0.4309,1.1605,1.0,0.0291,-1.32,10.523
Car A,503,33.5333,2,38.791,1,25.662,15.322,0.167,5.4827,-0.0503,3.783,1.0,1.0,24.988,-10.551
Car B,503,33.5333,2,49.342,2,17.488,19.963,0.037,5.9534,0.9552,0.282,1.0,0.0832,0.716,10.551
Car A,504,33.6,2,39.157,1,25.54,15.669,0.205,5.4798,-0.044,4.0062,1.0,1.0,24.999,-10.583
Car B,504,33.6,2,49.739,2,17.091,19.968,0.032,5.9762,0.3413,0.7849,1.0,0.0439,2.078,10.583
Car A,505,33.6667,2,39.558,1,25.4,16.009,0.224,5.4778,-0.0289,4.1816,1.0,1.0,24.999,-10.58
Car B,505,33.6667,2,50.138,2,16.692,19.97,0.03,5.9679,-0.124,0.3054,1.0,0.0567,1.083,10.58
Car A,506,33.7333,2,39.925,1,25.241,16.34,0.244,5.4769,-0.0148,4.3197,1.0,1.0,24.999,-10.611
Car B,506,33.7333,2,50.536,2,16.294,19.971,0.029,5.9855,0.2647,0.5807,1.0,-0.0013,1.416,10.611
Car A,507,33.8,2,40.334,1,25.064,16.662,0.273,5.4767,-0.0023,4.4293,1.0,1.0,24.999,-10.601
Car B,507,33.8,2,50.935,2,15.895,19.972,0.028,6.0033,0.267,0.0948,1.0,0.0453,-0.023,10.601
Car A,508,33.8667,2,40.702,1,24.869,16.974,0.276,5.4773,0.0088,4.5191,1.0,1.0,24.999,-10.634
Car B,508,33.8667,2,51.335,2,15.495,19.972,0.028,5.9865,-0.252,0.4664,1.0,-0.0356,1.124,10.634
Car A,509,33.9333,2,41.069,1,24.657,17.274,0.3,5.4783,0.0156,4.5884,1.0,1.0,24.999,-10.666
Car B,509,33.9333,2,51.734,2,15.096,19.973,0.027,5.9855,-0.0162,-0.3596,1.0,0.0576,-0.884,10.666
Car A,510,34.0,2,41.485,1,24.427,17.562,0.302,5.4799,0.0235,4.6471,1.0,1.0,24.999,-10.649
Car B,510,34.0,2,52.134,2,14.696,19.974,0.026,5.9898,0.0656,0.5228,1.0,-0.0475,1.436,10.649
Car A,511,34.0667,2,41.853,1,24.182,17.836,0.311,5.4818,0.0283,4.6918,1.0,1.0,24.999,-10.68
Car B,511,34.0667,2,52.533,2,14.297,19.974,0.026,5.9893,-0.0075,-0.4089,1.0,0.0537,-1.182,10.68
Car A,512,34.1333,2,42.272,1,23.92,18.095,0.321,5.4839,0.0319,4.729,1.0,1.0,24.999,-10.66
Car B,512,34.1333,2,52.932,2,13.898,19.976,0.024,5.9885,-0.0127,0.4629,1.0,-0.0415,1.339,10.66
Car A,513,34.2,2,42.641,1,23.644,18.34,0.315,5.4863,0.0364,4.7583,1.0,1.0,24.999,-10.691
Car B,513,34.2,2,53.332,2,13.499,19.976,0.024,5.9887,0.0027,-0.3787,1.0,0.0504,-1.033,10.691
Car A,514,34.2667,2,43.009,1,23.354,18.567,0.33,5.489,0.0392,4.782,1.0,1.0,24.999,-10.722
Car B,514,34.2667,2,53.731,2,13.099,19.976,0.024,5.9892,0.0086,0.4686,1.0,-0.0538,1.256,10.722
Car A,515,34.3333,2,43.43,1,23.051,18.778,0.313,5.4916,0.0403,4.7999,1.0,1.0,24.999,-10.701
Car B,515,34.3333,2,54.13,2,12.7,19.976,0.024,5.9901,0.0129,-0.4595,1.0,0.0543,-1.339,10.701
Car A,516,34.4,2,43.799,1,22.737,18.971,0.314,5.4944,0.0417,4.8156,1.0,1.0,24.999,-10.731
Car B,516,34.4,2,54.529,2,12.301,19.978,0.022,5.99,-0.0014,0.4459,1.0,-0.042,1.352,10.731
Car A,517,34.4667,2,44.218,1,22.411,19.145,0.306,5.4973,0.0432,4.8295,1.0,1.0,24.999,-10.711
Car B,517,34.4667,2,54.929,2,11.901,19.977,0.023,5.9901,0.0016,-0.3907,1.0,0.0494,-1.046,10.711
Car A,518,34.5333,2,44.587,2,22.075,19.299,0.291,5.5002,0.0435,4.839,1.0,1.0,24.999,-10.741
Car B,518,34.5333,2,55.328,2,11.502,19.978,0.022,5.989,-0.0172,0.4572,1.0,-0.0562,1.23,10.741
Car A,519,34.6,2,45.003,2,21.731,19.434,0.293,5.5032,0.0444,4.8459,1.0,1.0,24.999,-10.724
Car B,519,34.6,2,55.727,2,11.103,19.978,0.022,5.9892,0.0035,-0.464,1.0,0.0519,-1.401,10.724
Car A,520,34.6667,2,45.372,2,21.379,19.549,0.264,5.506,0.0434,4.8523,1.0,1.0,24.999,-10.755
Car B,520,34.6667,2,56.127,2,10.703,19.979,0.021,5.9888,-0.0057,0.4106,1.0,-0.0372,1.292,10.755
Car A,521,34.7333,2,45.742,2,21.021,19.642,0.257,5.5089,0.0433,4.8572,1.0,1.0,24.999,-10.784
Car B,521,34.7333,2,56.526,2,10.304,19.979,0.021,5.9898,0.0146,-0.3577,1.0,0.0454,-0.926,10.784
Car A,522,34.8,2,46.151,2,20.658,19.715,0.232,5.5119,0.0438,4.8611,1.0,1.0,24.999,-10.774
Car B,522,34.8,2,56.925,2,9.905,19.978,0.022,5.9919,0.0319,0.4393,1.0,-0.0581,1.131,10.774
Car A,523,34.8667,2,46.521,2,20.291,19.766,0.21,5.5147,0.0425,4.8649,1.0,1.0,24.999,-10.804
Car B,523,34.8667,2,57.325,2,9.505,19.978,0.022,5.9912,-0.0115,-0.4858,1.0,0.0495,-1.449,10.804
Car A,524,34.9333,2,46.908,2,19.922,19.796,0.204,5.5175,0.0425,4.8654,1.0,1.0,24.999,-10.816
Car B,524,34.9333,2,57.724,2,9.106,19.98,0.02,5.9906,-0.0084,0.3991,1.0,-0.0395,1.233,10.816
Car A,525,35.0,2,47.279,2,19.551,19.804,0.196,5.5203,0.0422,4.8669,1.0,0.2334,24.999,-10.845
Car B,525,35.0,2,58.124,2,8.706,19.979,0.021,5.9908,0.0024,-0.3817,1.0,0.0456,-0.985,10.845
Car A,526,35.0667,2,47.651,2,19.179,19.798,0.202,5.5766,0.844,3.132,1.0,-0.2723,5.865,-10.873
Car B,526,35.0667,2,58.523,2,8.307,19.98,0.02,5.9922,0.021,0.4272,1.0,-0.0661,1.136,10.873
Car A,527,35.1333,2,48.024,2,18.806,19.799,0.201,5.6085,0.479,1.3786,1.0,-0.2738,-6.788,-10.898
Car B,527,35.1333,2,58.923,2,7.907,19.98,0.02,5.9914,-0.0114,-0.5103,1.0,0.0426,-1.647,10.898
Car A,528,35.2,2,48.399,2,18.431,19.81,0.19,5.6208,0.1835,-0.0086,1.0,-0.2587,-6.844,-10.923
Car B,528,35.2,2,59.322,2,7.508,19.982,0.018,5.9909,-0.0075,0.3449,1.0,-0.0383,1.06,10.923
Car A,529,35.2667,2,48.773,2,18.057,19.834,0.166,5.6264,0.0846,-0.9896,1.0,-0.0717,-6.469,-10.948
Car B,529,35.2667,2,59.721,2,7.109,19.983,0.017,5.9907,-0.0028,-0.3748,1.0,0.0447,-0.954,10.948
Car A,530,35.3333,2,49.149,2,17.681,19.863,0.137,5.6999,1.1018,-0.6085,1.0,0.0057,-1.799,-10.972
Car B,530,35.3333,2,60.121,2,6.709,19.983,0.017,5.9911,0.0055,0.4285,1.0,-0.0748,1.115,10.972
Car A,531,35.4,2,49.531,2,17.299,19.889,0.111,5.7896,1.3464,0.0428,1.0,0.0151,0.139,-10.989
Car B,531,35.4,2,60.52,2,6.31,19.984,0.016,5.9912,0.0015,-0.4844,1.0,0.0467,-1.866,10.989
Car A,532,35.4667,2,49.922,2,16.908,19.912,0.088,5.9277,2.071,0.15,1.0,0.04,0.377,-10.997
Car B,532,35.4667,2,60.92,2,5.911,19.987,0.013,5.9899,-0.0189,0.3349,1.0,-0.0408,1.161,10.997
Car A,533,35.5333,2,50.319,2,16.511,19.932,0.068,5.9619,0.5126,0.5166,1.0,0.0314,0.986,-11.0
Car B,533,35.5333,2,61.319,2,5.511,19.988,0.012,5.9908,0.0127,-0.3937,1.0,0.062,-1.016,11.0
Car A,534,35.6,2,50.719,2,16.112,19.951,0.049,6.0179,0.8408,0.1846,1.0,0.0649,0.769,-11.0
Car B,534,35.6,2,61.718,2,5.112,19.989,0.011,5.9907,-0.0007,0.5158,1.0,-0.0705,1.546,11.0
Car A,535,35.6667,2,51.119,2,15.711,19.968,0.032,6.0164,-0.0232,0.6336,1.0,0.0423,1.622,-10.998
Car B,535,35.6667,2,62.118,2,4.712,19.989,0.011,5.9909,0.0022,-0.3899,1.0,0.0582,-1.758,10.998
Car A,536,35.7333,2,51.52,2,15.31,19.982,0.018,5.996,-0.3061,0.4248,1.0,0.0505,1.057,-10.997
Car B,536,35.7333,2,62.517,2,4.313,19.991,0.009,5.9889,-0.0302,0.3928,1.0,-0.0346,1.45,10.997
Car A,537,35.8,2,51.921,2,14.909,19.993,0.007,6.0316,0.5349,0.5096,1.0,0.0433,1.254,-10.995
Car B,537,35.8,2,62.916,2,3.914,19.991,0.009,5.9885,-0.0054,-0.3361,1.0,0.0609,-0.861,10.995
Car A,538,35.8667,2,52.323,2,14.507,20.003,-0.003,6.0334,0.0267,0.442,1.0,0.0406,1.067,-10.993
Car B,538,35.8667,2,63.315,2,3.515,19.991,0.009,5.9893,0.0113,0.5552,1.0,-0.0899,1.517,10.993
Car A,539,35.9333,2,52.724,2,14.106,20.012,-0.012,6.0289,-0.0683,0.3032,1.0,0.0425,0.995,-10.991
Car B,539,35.9333,2,63.715,2,3.115,19.99,0.01,5.9898,0.0088,-0.3967,1.0,0.0533,-2.241,10.991
Car A,540,36.0,2,53.125,2,13.705,20.02,-0.02,6.0231,-0.0859,0.3993,1.0,0.034,1.062,-10.989
Car B,540,36.0,2,64.114,2,2.716,19.992,0.008,5.9892,-0.0095,0.3558,1.0,-0.0374,1.327,10.989
Car A,541,36.0667,2,53.527,2,13.303,20.026,-0.026,6.0239,0.0117,0.1967,1.0,0.0388,0.833,-10.986
Car B,541,36.0667,2,64.513,2,2.317,19.992,0.008,5.9876,-0.0241,-0.3524,1.0,0.059,-0.931,10.986
Car A,542,36.1333,2,53.928,2,12.902,20.031,-0.031,6.0262,0.035,0.3916,1.0,0.0239,0.956,-10.984
Car B,542,36.1333,2,64.912,2,1.918,19.992,0.008,5.9899,0.0348,0.521,1.0,-0.0883,1.47,10.984
Car A,543,36.2,2,54.328,2,12.502,20.035,-0.035,5.9833,-0.6436,0.1925,1.0,0.0264,0.592,-10.984
Car B,543,36.2,2,65.312,2,1.518,19.991,0.009,5.9897,-0.0036,-0.414,1.0,0.0511,-2.203,10.984
Car A,544,36.2667,2,54.727,2,12.103,20.039,-0.039,5.9919,0.1289,0.0717,1.0,0.0324,0.639,-10.984
Car B,544,36.2667,2,65.711,2,1.119,19.993,0.007,5.9889,-0.0118,0.3501,1.0,-0.0413,1.272,10.984
Car A,545,36.3333,2,55.126,2,11.704,20.042,-0.042,6.004,0.1807,0.32,1.0,0.0156,0.804,-10.984
Car B,545,36.3333,2,66.11,2,0.72,19.992,0.008,5.9916,0.0403,-0.3775,1.0,0.0596,-1.029,10.984
Car A,546,36.4,2,55.527,2,11.303,20.043,-0.043,5.9976,-0.0957,0.1321,1.0,0.0188,0.386,-10.983
Car B,546,36.4,2,66.51,2,0.32,19.992,0.008,5.9935,0.0291,0.4991,1.0,-0.0813,1.484,10.983
Car A,547,36.4667,2,55.926,2,10.904,20.045,-0.045,5.9864,-0.1676,0.2237,1.0,0.0109,0.452,-10.983
Car B,547,36.4667,2,66.909,2,-0.079,19.991,0.009,5.9926,-0.0145,-0.4355,1.0,0.0554,-2.026,10.983
Car A,548,36.5333,2,56.326,2,10.504,20.047,-0.047,5.9915,0.0759,0.0802,1.0,0.0159,0.27,-10.983
Car B,548,36.5333,2,67.309,2,-0.479,19.993,0.007,5.9911,-0.0217,0.3506,1.0,-0.0363,1.38,10.983
Car A,549,36.6,2,56.725,2,10.105,20.048,-0.048,5.9974,0.0892,-0.026,1.0,0.0187,0.379,-10.983
Car B,549,36.6,2,67.708,2,-0.878,19.993,0.007,5.9902,-0.0132,-0.3537,1.0,0.0573,-0.903,10.983
Car A,550,36.6667,2,57.125,2,9.705,20.048,-0.048,5.9917,-0.0862,0.0778,1.0,0.0103,0.446,-10.983
Car B,550,36.6667,2,68.107,2,-1.277,19.992,0.008,5.9911,0.013,0.5285,1.0,-0.0961,1.427,10.983
Car A,551,36.7333,2,57.524,2,9.306,20.048,-0.048,5.9913,-0.006,0.096,1.0,0.0064,0.258,-10.982
Car B,551,36.7333,2,68.507,2,-1.677,19.991,0.009,5.9912,0.001,-0.4079,1.0,0.0484,-2.395,10.982
Car A,552,36.8,2,57.924,2,8.906,20.048,-0.048,5.9933,0.0297,0.0649,1.0,0.0037,0.16,-10.982
Car B,552,36.8,2,68.906,2,-2.076,19.993,0.007,5.991,-0.0024,0.3352,1.0,-0.0428,1.204,10.982
Car A,553,36.8667,2,58.324,2,8.507,20.047,-0.047,5.9963,0.046,0.0502,1.0,0.0016,0.094,-10.982
Car B,553,36.8667,2,69.305,2,-2.475,19.992,0.008,5.9902,-0.0126,-0.4033,1.0,0.0601,-1.065,10.982
Car A,554,36.9333,2,58.723,2,8.107,20.047,-0.047,5.9975,0.0174,0.0216,1.0,0.0006,0.042,-10.982
Car B,554,36.9333,2,69.705,2,-2.875,19.992,0.008,5.9908,0.0096,0.505,1.0,-0.0855,1.498,10.982
Car A,555,37.0,2,59.123,2,7.707,20.046,-0.046,6.002,0.0681,0.0566,1.0,-0.0017,0.015,-10.981
Car B,555,37.0,2,70.104,2,-3.274,19.991,0.009,5.9902,-0.0092,-0.3967,1.0,0.0498,-2.131,10.981
Car A,556,37.0667,2,59.523,2,7.307,20.045,-0.045,5.9988,-0.0485,0.0168,1.0,-0.002,-0.04,-10.98
Car B,556,37.0667,2,70.503,2,-3.673,19.993,0.007,5.9902,0.0008,0.355,1.0,-0.0455,1.238,10.98
Car A,557,37.1333,2,59.923,2,6.907,20.045,-0.045,6.0011,0.035,0.005,1.0,-0.0019,-0.048,-10.979
Car B,557,37.1333,2,70.903,2,-4.073,19.993,0.007,5.9884,-0.028,-0.4217,1.0,0.0619,-1.133,10.979
Car A,558,37.2,2,60.324,2,6.507,20.044,-0.044,6.0013,0.0025,-0.0077,1.0,-0.0014,-0.046,-10.978
Car B,558,37.2,2,71.302,2,-4.472,19.993,0.007,5.9884,-0.0003,0.4883,1.0,-0.0745,1.544,10.978
Car A,559,37.2667,2,60.724,2,6.106,20.044,-0.044,6.0006,-0.0103,0.0563,1.0,-0.0041,-0.036,-10.978
Car B,559,37.2667,2,71.701,2,-4.871,19.992,0.008,5.9878,-0.0079,-0.4069,1.0,0.0542,-1.856,10.978
Car A,560,37.3333,2,61.124,2,5.706,20.043,-0.043,6.0029,0.0338,-0.0136,1.0,-0.0023,-0.099,-10.976
Car B,560,37.3333,2,72.1,2,-5.27,19.993,0.007,5.9875,-0.0051,0.3706,1.0,-0.0447,1.349,10.976
Car A,561,37.4,2,61.524,2,5.306,20.043,-0.043,6.0009,-0.0298,-0.0375,1.0,-0.0,-0.056,-10.975
Car B,561,37.4,2,72.499,2,-5.669,19.993,0.007,5.9859,-0.0241,-0.4125,1.0,0.0611,-1.112,10.975
Car A,562,37.4667,2,61.924,2,4.906,20.044,-0.044,6.0041,0.048,-0.0046,1.0,0.0001,-0.003,-10.974
Car B,562,37.4667,2,72.898,2,-6.068,19.993,0.007,5.9866,0.0102,0.4903,1.0,-0.0779,1.522,10.974
Car A,563,37.5333,2,62.324,2,4.506,20.044,-0.044,6.0007,-0.0508,-0.0031,1.0,-0.0,0.003,-10.973
Car B,563,37.5333,2,73.297,2,-6.467,19.992,0.008,5.9856,-0.0152,-0.3994,1.0,0.052,-1.941,10.973
Car A,564,37.6,2,62.724,2,4.106,20.043,-0.043,6.0007,0.0008,-0.0089,1.0,0.0002,0.0,-10.972
Car B,564,37.6,2,73.696,2,-6.866,19.993,0.007,5.9852,-0.0048,0.3518,1.0,-0.0437,1.294,10.972
Car A,565,37.6667,2,63.125,2,3.706,20.043,-0.043,6.0005,-0.003,-0.0027,1.0,-0.0001,0.006,-10.971
Car B,565,37.6667,2,74.095,2,-7.265,19.993,0.007,5.9853,0.0007,-0.399,1.0,0.0596,-1.087,10.971
Car A,566,37.7333,2,63.525,2,3.305,20.043,-0.043,6.0005,-0.0005,0.0099,1.0,-0.0008,-0.002,-10.97
Car B,566,37.7333,2,74.495,2,-7.664,19.993,0.007,5.9853,-0.0004,0.4919,1.0,-0.0815,1.486,10.97
Car A,567,37.8,2,63.925,2,2.905,20.043,-0.043,6.0002,-0.004,-0.0158,1.0,-0.0004,-0.019,-10.969
Car B,567,37.8,2,74.893,2,-8.063,19.992,0.008,5.985,-0.0039,-0.4012,1.0,0.0513,-2.031,10.969
Car A,568,37.8667,2,64.325,2,2.505,20.043,-0.043,6.0006,0.0049,0.0057,1.0,-0.0011,-0.01,-10.968
Car B,568,37.8667,2,75.292,2,-8.462,19.993,0.007,5.9843,-0.0107,0.358,1.0,-0.0446,1.277,10.968
Car A,569,37.9333,2,64.725,2,2.105,20.043,-0.043,6.0006,-0.0,0.0203,1.0,-0.0021,-0.026,-10.967
Car B,569,37.9333,2,75.691,2,-8.861,19.993,0.007,5.9857,0.021,-0.4161,1.0,0.0616,-1.11,10.967
Car A,570,38.0,2,65.125,2,1.705,20.042,-0.042,6.0005,-0.0012,0.0075,1.0,-0.0023,-0.051,-10.966
Car B,570,38.0,2,76.09,2,-9.26,19.993,0.007,5.9876,0.0287,0.5123,1.0,-0.084,1.536,10.966
Car A,571,38.0667,2,65.525,2,1.305,20.042,-0.042,6.0016,0.0161,-0.0123,1.0,-0.0013,-0.055,-10.965
Car B,571,38.0667,2,76.49,2,-9.659,19.991,0.009,5.9866,-0.0155,-0.4058,1.0,0.0513,-2.095,10.965
Car A,572,38.1333,2,65.925,2,0.905,20.042,-0.042,6.0006,-0.0152,-0.0204,1.0,-0.0003,-0.033,-10.963
Car B,572,38.1333,2,76.889,2,-10.058,19.993,0.007,5.986,-0.0078,0.3587,1.0,-0.0459,1.278,10.963
Car A,573,38.2,2,66.325,2,0.505,20.042,-0.042,6.0023,0.0258,0.1076,1.0,-0.0063,-0.007,-10.962
Car B,573,38.2,2,77.288,2,-10.458,19.993,0.007,5.9869,0.0131,-0.4367,1.0,0.0633,-1.144,10.962
Car A,574,38.2667,2,66.725,2,0.105,20.042,-0.042,5.9996,-0.0394,-0.0009,1.0,-0.003,-0.151,-10.962
Car B,574,38.2667,2,77.687,2,-10.857,19.993,0.007,5.9877,0.0125,0.4931,1.0,-0.0773,1.577,10.962
Car A,575,38.3333,2,67.126,2,-0.295,20.042,-0.042,6.003,0.0508,-0.053,1.0,0.0019,-0.076,-10.96
Car B,575,38.3333,2,78.086,2,-11.256,19.992,0.008,5.9875,-0.0036,-0.3913,1.0,0.0509,-1.928,10.96
Car A,576,38.4,2,67.525,2,-0.695,20.043,-0.043,5.9974,-0.0844,-0.0234,1.0,0.0029,0.042,-10.959
Car B,576,38.4,2,78.485,2,-11.655,19.993,0.007,5.9868,-0.0103,0.3683,1.0,-0.0486,1.268,10.959
Car A,577,38.4667,2,67.925,2,-1.095,20.043,-0.043,6.0005,0.0461,-0.0006,1.0,0.003,0.07,-10.959
Car B,577,38.4667,2,78.884,2,-12.054,19.993,0.007,5.9855,-0.0202,-0.4349,1.0,0.0622,-1.211,10.959
Car A,578,38.5333,2,68.326,2,-1.495,20.044,-0.044,6.0021,0.0245,0.007,1.0,0.0026,0.072,-10.957
Car B,578,38.5333,2,79.283,2,-12.453,19.993,0.007,5.9854,-0.001,0.4512,1.0,-0.0657,1.551,10.957
Car A,579,38.6,2,68.726,2,-1.896,20.044,-0.044,5.9995,-0.0386,0.0155,1.0,0.0016,0.064,-10.956
Car B,579,38.6,2,79.682,2,-12.852,19.992,0.008,5.985,-0.006,-0.405,1.0,0.0543,-1.637,10.956
Car A,580,38.6667,2,69.126,2,-2.296,20.044,-0.044,6.0009,0.021,0.0392,1.0,-0.0001,0.041,-10.955
Car B,580,38.6667,2,80.081,2,-13.251,19.993,0.007,5.984,-0.0156,0.398,1.0,-0.0556,1.353,10.955
Car A,581,38.7333,2,69.526,2,-2.696,20.043,-0.043,6.0027,0.0261,0.0131,1.0,-0.0002,-0.002,-10.954
Car B,581,38.7333,2,80.48,2,-13.65,19.993,0.007,5.9839,-0.0011,-0.4366,1.0,0.0609,-1.384,10.954
Car A,582,38.8,2,69.926,2,-3.096,20.043,-0.043,6.0005,-0.0328,-0.0064,1.0,0.0006,-0.005,-10.953
Car B,582,38.8,2,80.879,2,-14.049,19.993,0.007,5.9841,0.0025,0.4314,1.0,-0.059,1.517,10.953
Car A,583,38.8667,2,70.326,2,-3.496,20.044,-0.044,6.0014,0.0139,-0.016,1.0,0.0015,0.014,-10.951
Car B,583,38.8667,2,81.278,2,-14.448,19.992,0.008,5.9829,-0.0168,-0.3933,1.0,0.0559,-1.469,10.951
Car A,584,38.9333,2,70.726,2,-3.896,20.044,-0.044,6.0013,-0.0025,0.0136,1.0,0.0006,0.035,-10.95
Car B,584,38.9333,2,81.676,2,-14.846,19.993,0.007,5.9831,0.0021,0.3984,1.0,-0.054,1.393,10.95
Car A,585,39.0,2,71.126,2,-4.296,20.044,-0.044,5.9998,-0.0217,-0.0097,1.0,0.0008,0.016,-10.949
Car B,585,39.0,2,82.075,2,-15.245,19.993,0.007,5.9824,-0.0096,-0.4143,1.0,0.0155,-1.345,10.949
Car A,586,39.0667,2,71.526,2,-4.696,20.044,-0.044,6.0006,0.0116,-0.0129,1.0,0.0011,0.021,-10.948
Car B,586,39.0667,2,82.474,2,-15.644,19.994,0.006,5.988,0.0837,0.1326,1.0,-0.0703,0.375,10.948
Car A,587,39.1333,2,71.927,2,-5.096,20.044,-0.044,6.0005,-0.0008,0.0028,1.0,0.0005,0.026,-10.947
Car B,587,39.1333,2,82.874,2,-16.043,19.998,0.002,5.991,0.0451,-0.6666,1.0,-0.029,-1.754,10.947
Car A,588,39.2,2,72.327,2,-5.496,20.043,-0.043,6.0001,-0.0066,-0.0041,1.0,0.0003,0.012,-10.946
Car B,588,39.2,2,83.273,2,-16.443,20.005,-0.005,5.979,-0.1807,-0.2552,1.0,-0.0352,-0.717,10.946
Car A,589,39.2667,2,72.727,2,-5.897,20.043,-0.043,6.0006,0.0077,-0.0045,1.0,0.0006,0.008,-10.945
Car B,589,39.2667,2,83.671,2,-16.841,20.012,-0.012,5.9978,0.282,-0.3231,1.0,0.031,-0.873,10.945
Car A,590,39.3333,2,73.127,2,-6.297,20.043,-0.043,6.0006,0.0005,0.0188,1.0,-0.0001,0.015,-10.945
Car B,590,39.3333,2,84.071,2,-17.241,20.016,-0.016,6.0111,0.1992,0.3107,1.0,-0.208,0.771,10.945
Car A,591,39.4,2,73.527,2,-6.697,20.043,-0.043,6.0008,0.0021,0.0043,1.0,0.0007,-0.002,-10.945
Car B,591,39.4,2,84.472,2,-17.642,20.023,-0.023,6.0094,-0.0253,-0.66,1.0,-0.0823,-5.19,10.945
Car A,592,39.4667,2,73.927,2,-7.097,20.043,-0.043,6.0011,0.0045,0.0027,1.0,0.0016,0.016,-10.946
Car B,592,39.4667,2,84.872,2,-18.042,20.038,-0.038,6.0015,-0.1182,-0.8043,1.0,0.117,-2.062,10.946
Car A,593,39.5333,2,74.327,2,-7.497,20.043,-0.043,6.0016,0.0079,0.0001,1.0,0.0027,0.039,-10.945
Car B,593,39.5333,2,85.272,2,-18.442,20.05,-0.05,6.0029,0.0218,0.267,1.0,0.1144,2.917,10.945
Car A,594,39.6,2,74.727,2,-7.897,20.043,-0.043,6.0014,-0.0034,-0.0042,1.0,0.0031,0.064,-10.945
Car B,594,39.6,2,85.673,2,-18.842,20.051,-0.051,6.0,-0.0444,1.0793,1.0,1.0,2.861,10.945
Car A,595,39.6667,2,75.127,2,-8.297,20.043,-0.043,6.0006,-0.011,-0.0017,1.0,0.0024,0.076,-10.945
Car B,595,39.6667,2,86.072,2,-19.242,20.041,-0.041,5.9945,-0.0818,1.5387,1.0,1.0,24.967,10.945
Car A,596,39.7333,2,75.527,2,-8.697,20.043,-0.043,5.9995,-0.0173,0.0179,1.0,-0.0005,0.06,-10.943
Car B,596,39.7333,2,86.471,2,-19.64,20.016,-0.016,5.9744,-0.3025,2.494,1.0,1.0,25.0,10.943
Car A,597,39.8,2,75.927,2,-9.097,20.043,-0.043,5.9977,-0.027,0.0198,1.0,-0.0043,-0.01,-10.942
Car B,597,39.8,2,86.869,2,-20.037,19.974,0.023,5.9613,-0.1952,3.0161,1.0,1.0,25.0,10.942
Car A,598,39.8667,2,76.327,2,-9.497,20.042,-0.042,5.9986,0.0137,0.0096,1.0,-0.0068,-0.1,-10.939
Car B,598,39.8667,2,87.266,2,-20.43,19.914,0.052,5.9492,-0.1818,3.4353,1.0,1.0,25.0,10.939
Car A,599,39.9333,2,76.727,2,-9.897,20.041,-0.041,6.0007,0.0307,-0.0014,1.0,-0.0097,-0.163,-10.933
Car B,599,39.9333,2,87.66,2,-20.82,19.836,0.1,5.9386,-0.1597,3.7508,1.0,1.0,25.0,10.933
Car A,600,40.0,2,77.127,2,-10.297,20.04,-0.04,6.0016,0.0138,-0.0155,1.0,-0.0107,-0.233,-10.947
Car B,600,40.0,2,88.074,2,-21.205,19.739,0.12,5.9292,-0.1402,3.9875,1.0,1.0,25.0,10.947
Car A,601,40.0667,2,77.527,2,-10.697,20.04,-0.04,6.0043,0.0407,-0.0358,1.0,-0.0103,-0.259,-10.943
Car B,601,40.0667,2,88.47,2,-21.584,19.623,0.144,5.9211,-0.122,4.1759,1.0,1.0,25.0,10.943
Car A,602,40.1333,2,77.928,2,-11.098,20.04,-0.04,6.0062,0.0289,-0.0454,1.0,-0.0086,-0.25,-10.964
Car B,602,40.1333,2,88.892,2,-21.957,19.488,0.162,5.9138,-0.1089,4.3204,1.0,1.0,25.0,10.964
Car A,603,40.2,2,78.328,2,-11.498,20.041,-0.041,6.0069,0.0102,-0.0654,1.0,-0.0052,-0.211,-10.959
Car B,603,40.2,2,89.287,3,-22.322,19.334,0.165,5.9074,-0.0962,4.4356,1.0,1.0,24.999,10.959
Car A,604,40.2667,2,78.729,2,-11.899,20.042,-0.042,6.0016,-0.0798,-0.0255,1.0,-0.0043,-0.127,-10.983
Car B,604,40.2667,2,89.711,3,-22.678,19.162,0.181,5.9017,-0.0865,4.5243,1.0,1.0,24.999,10.983
Car A,605,40.3333,2,79.129,2,-12.299,20.043,-0.043,5.9988,-0.0413,0.0008,1.0,-0.003,-0.106,-10.978
Car B,605,40.3333,2,90.106,3,-23.024,18.971,0.163,5.8964,-0.0782,4.5924,1.0,1.0,24.999,10.978
Car A,606,40.4,2,79.529,2,-12.699,20.044,-0.044,6.0014,0.0389,-0.0022,1.0,-0.0007,-0.075,-10.973
Car B,606,40.4,2,90.501,3,-23.359,18.762,0.166,5.8917,-0.0715,4.6465,1.0,1.0,24.999,10.973
Car A,607,40.4667,2,79.929,2,-13.099,20.045,-0.045,6.0043,0.0442,-0.044,1.0,0.0048,-0.019,-10.993
Car B,607,40.4667,2,90.922,3,-23.682,18.535,0.142,5.8874,-0.0645,4.692,1.0,1.0,24.999,10.993
Car A,608,40.5333,2,80.329,2,-13.499,20.046,-0.046,6.0013,-0.0464,0.0148,1.0,0.0036,0.115,-10.987
Car B,608,40.5333,2,91.316,3,-23.993,18.291,0.125,5.8833,-0.062,4.7264,1.0,1.0,24.999,10.987
Car A,609,40.6,2,80.729,2,-13.899,20.046,-0.046,6.0007,-0.0088,0.0276,1.0,0.0033,0.088,-10.999
Car B,609,40.6,2,91.728,3,-24.289,18.031,0.102,5.8795,-0.0559,4.7546,1.0,1.0,24.999,10.999
Car A,610,40.6667,2,81.13,2,-14.299,20.047,-0.047,5.9992,-0.0215,0.0208,1.0,0.0046,0.081,-10.992
Car B,610,40.6667,2,92.121,3,-24.571,17.756,0.066,5.876,-0.0536,4.7751,1.0,1.0,24.999,10.992
Car A,611,40.7333,2,81.53,2,-14.7,20.047,-0.047,6.0009,0.0244,0.0101,1.0,0.0066,0.112,-10.993
Car B,611,40.7333,2,92.522,3,-24.837,17.466,0.046,5.8726,-0.0504,4.7927,1.0,1.0,24.999,10.993
Car A,612,40.8,2,81.93,2,-15.1,20.048,-0.048,6.0011,0.0034,0.0162,1.0,0.0083,0.159,-10.983
Car B,612,40.8,2,92.912,3,-25.087,17.161,-0.008,5.8693,-0.0488,4.8061,1.0,1.0,24.999,10.983
Car A,613,40.8667,2,82.33,2,-15.5,20.049,-0.049,6.0002,-0.0127,0.0255,1.0,0.0092,0.202,-10.975
Car B,613,40.8667,2,93.305,3,-25.32,16.844,-0.04,5.8662,-0.0464,4.8161,1.0,1.0,24.999,10.975
Car A,614,40.9333,2,82.73,2,-15.9,20.049,-0.049,5.9987,-0.0235,0.0193,1.0,0.0104,0.225,-10.957
Car B,614,40.9333,2,93.686,3,-25.534,16.514,-0.094,5.8633,-0.0446,4.8256,1.0,1.0,24.999,10.957
Car A,615,41.0,2,83.13,2,-16.3,20.049,-0.049,5.999,0.0043,0.0383,1.0,0.0362,0.254,-10.946
Car B,615,41.0,2,94.076,3,-25.73,16.174,-0.144,5.8603,-0.0439,4.8317,1.0,1.0,24.999,10.946
Car A,616,41.0667,2,83.529,2,-16.699,20.047,-0.047,5.9789,-0.3003,0.2836,1.0,-0.008,0.879,-10.91
Car B,616,41.0667,2,94.44,3,-25.907,15.823,-0.188,5.8575,-0.0427,4.8358,1.0,1.0,24.999,10.91
Car A,617,41.1333,2,83.929,2,-17.099,20.046,-0.046,6.0064,0.4126,-0.1371,0.8454,-0.0191,-0.184,-10.898
Car B,617,41.1333,2,94.826,3,-26.065,15.463,-0.257,5.8547,-0.0413,4.8408,1.0,1.0,24.999,10.898
Car A,618,41.2,2,84.322,2,-17.492,20.047,-0.047,5.8282,-2.6736,-0.1617,0.8408,-0.004,-0.478,-10.894
Car B,618,41.2,2,95.216,3,-26.202,15.095,-0.304,5.852,-0.0405,4.8435,1.0,1.0,24.999,10.894
Car A,619,41.2667,2,84.703,2,-17.873,20.048,-0.048,5.6495,-2.6807,-0.0151,1.0,0.9849,-0.101,-10.849
Car B,619,41.2667,2,95.552,3,-26.318,14.72,-0.374,5.8494,-0.0399,4.8466,1.0,1.0,24.999,10.849
Car A,620,41.3333,2,85.079,2,-18.249,20.042,-0.042,5.649,-0.0075,0.7009,1.0,0.855,24.586,-10.86
Car B,620,41.3333,2,95.939,3,-26.414,14.34,-0.439,5.8468,-0.0388,4.848,1.0,1.0,24.999,10.86
Car A,621,41.4,2,85.455,2,-18.625,20.025,-0.025,5.6395,-0.1418,1.7351,0.7231,-0.1422,21.378,-10.835
Car B,621,41.4,2,96.29,3,-26.488,13.955,-0.488,5.8443,-0.0376,4.85,1.0,1.0,24.999,10.835
Car A,622,41.4667,2,85.829,2,-18.999,20.0,0.0,5.6245,-0.2251,1.0011,1.0,1.0,-3.517,-10.849
Car B,622,41.4667,2,96.679,3,-26.541,13.566,-0.541,5.8418,-0.0369,4.8512,1.0,1.0,24.999,10.849
Car A,623,41.5333,2,86.202,2,-19.372,19.975,0.025,5.6086,-0.2395,1.0779,1.0,1.0,24.957,-10.867
Car B,623,41.5333,2,97.069,3,-26.572,13.176,-0.572,5.8394,-0.0368,4.8524,1.0,1.0,24.999,10.867
Car A,624,41.6,2,86.574,2,-19.744,19.938,0.062,5.5986,-0.1492,1.9955,1.0,0.9155,25.0,-10.887
Car B,624,41.6,2,97.461,3,-26.582,12.784,-0.582,5.837,-0.0358,4.8533,1.0,1.0,24.999,10.887
Car A,625,41.6667,2,86.953,2,-20.114,19.884,0.106,5.5916,-0.1048,2.5864,1.0,0.9662,22.89,-10.899
Car B,625,41.6667,2,97.852,3,-26.569,12.393,-0.569,5.8346,-0.0353,4.8543,1.0,1.0,24.999,10.899
Car A,626,41.7333,2,87.324,2,-20.481,19.814,0.148,5.5839,-0.1152,3.0634,1.0,0.8837,24.152,-10.918
Car B,626,41.7333,2,98.242,3,-26.536,12.003,-0.536,5.8323,-0.0345,4.8538,1.0,0.9076,24.999,10.918
Car A,627,41.8,2,87.693,2,-20.844,19.726,0.207,5.5789,-0.0758,3.4312,1.0,0.6749,22.095,-10.937
Car B,627,41.8,2,98.629,3,-26.48,11.616,-0.48,5.831,-0.0199,4.8441,1.0,0.5523,22.693,10.937
Car A,628,41.8667,2,88.099,2,-21.202,19.621,0.235,5.579,0.002,3.7127,1.0,1.0,16.88,-10.916
Car B,628,41.8667,2,99.015,3,-26.406,11.23,-0.406,5.8837,0.7896,4.44,1.0,-0.4422,13.819,10.916
Car A,629,41.9333,2,88.47,2,-21.554,19.497,0.273,5.5745,-0.0682,3.9542,1.0,1.0,24.987,-10.931
Car B,629,41.9333,2,99.401,3,-26.324,10.844,-0.324,5.9112,0.4124,2.9155,1.0,-0.325,-11.017,10.931
Car A,630,42.0,2,88.89,2,-21.9,19.355,0.307,5.5712,-0.0496,4.1452,1.0,1.0,24.999,-10.899
Car B,630,42.0,2,99.789,3,-26.247,10.456,-0.247,5.9291,0.2685,0.8834,1.0,-0.3237,-8.129,10.899
Car A,631,42.0667,2,89.263,3,-22.237,19.195,0.326,5.5687,-0.0371,4.291,1.0,1.0,24.999,-10.916
Car B,631,42.0667,2,100.179,3,-26.181,10.067,-0.181,5.9315,0.0372,-0.3884,1.0,-0.3603,-8.093,10.916
Car A,632,42.1333,2,89.691,3,-22.565,19.016,0.364,5.5671,-0.0243,4.4086,1.0,1.0,24.999,-10.879
Car B,632,42.1333,2,100.57,3,-26.128,9.675,-0.128,5.9271,-0.067,-1.35,1.0,-0.4108,-9.006,10.879
Car A,633,42.2,2,90.065,3,-22.883,18.82,0.366,5.5661,-0.0142,4.5018,1.0,1.0,24.999,-10.899
Car B,633,42.2,2,100.964,3,-26.089,9.281,-0.089,5.9208,-0.0932,-2.1044,1.0,-0.3548,-10.269,10.899
Car A,634,42.2667,2,90.438,3,-23.189,18.606,0.388,5.5657,-0.0058,4.5758,1.0,1.0,24.999,-10.92
Car B,634,42.2667,2,101.358,3,-26.066,8.887,-0.066,5.9179,-0.0443,-2.6581,1.0,-0.2878,-8.871,10.92
Car A,635,42.3333,2,90.874,3,-23.482,18.375,0.393,5.5658,0.001,4.6363,1.0,1.0,24.999,-10.882
Car B,635,42.3333,2,101.755,3,-26.056,8.49,-0.056,5.9793,0.9214,-2.6408,1.0,-0.2237,-7.196,10.882
Car A,636,42.4,2,91.247,3,-23.763,18.128,0.399,5.5663,0.0075,4.6833,1.0,1.0,24.999,-10.909
Car B,636,42.4,2,102.157,3,-26.053,8.089,-0.053,6.0442,0.9734,-2.1321,1.0,0.0228,-5.593,10.909
Car A,637,42.4667,2,91.686,3,-24.028,17.865,0.408,5.5671,0.0119,4.7212,1.0,1.0,24.999,-10.874
Car B,637,42.4667,2,102.56,3,-26.05,7.685,-0.05,6.0496,0.0809,-0.7558,1.0,-0.1336,0.56,10.874
Car A,638,42.5333,2,92.06,3,-24.279,17.587,0.398,5.5681,0.0156,4.7537,1.0,1.0,24.999,-10.903
Car B,638,42.5333,2,102.963,3,-26.046,7.282,-0.046,6.0417,-0.1188,-1.1473,1.0,-0.0317,-3.333,10.903
Car A,639,42.6,2,92.433,3,-24.513,17.295,0.41,5.5694,0.0185,4.7767,1.0,1.0,24.999,-10.932
Car B,639,42.6,2,103.365,3,-26.045,6.88,-0.045,6.0225,-0.2884,-0.3248,1.0,0.7024,-0.789,10.932
Car A,640,42.6667,2,92.871,3,-24.73,16.991,0.386,5.5707,0.0204,4.7956,1.0,1.0,24.999,-10.895
Car B,640,42.6667,2,103.767,3,-26.036,6.479,-0.036,6.0247,0.0342,0.4107,1.0,0.9387,17.533,10.895
Car A,641,42.7333,2,93.245,3,-24.929,16.674,0.382,5.5722,0.022,4.8126,1.0,1.0,24.999,-10.921
Car B,641,42.7333,2,104.167,3,-26.013,6.078,-0.013,6.0066,-0.2723,1.6631,1.0,1.0,23.458,10.921
Car A,642,42.8,2,93.679,3,-25.109,16.346,0.363,5.5737,0.0232,4.8245,1.0,1.0,24.999,-10.887
Car B,642,42.8,2,104.566,3,-25.976,5.68,-0.001,5.9931,-0.2021,2.3823,1.0,1.0,24.997,10.887
Car A,643,42.8667,2,94.053,3,-25.271,16.008,0.344,5.5753,0.024,4.8326,1.0,1.0,24.999,-10.912
Car B,643,42.8667,2,104.965,3,-25.922,5.284,0.022,5.9795,-0.2044,2.9322,1.0,1.0,25.0,10.912
Car A,644,42.9333,2,94.481,3,-25.412,15.661,0.331,5.577,0.0251,4.8415,1.0,1.0,24.999,-10.889
Car B,644,42.9333,2,105.37,3,-25.85,4.891,0.034,5.967,-0.187,3.3663,1.0,1.0,25.0,10.889
Car A,645,43.0,2,94.854,3,-25.533,15.307,0.296,5.5787,0.0253,4.8489,1.0,1.0,24.999,-10.915
Car B,645,43.0,2,105.769,3,-25.761,4.503,0.03,5.9558,-0.1676,3.6999,1.0,1.0,25.0,10.915
Car A,646,43.0667,2,95.228,3,-25.634,14.946,0.282,5.5804,0.0249,4.8525,1.0,1.0,24.999,-10.945
Car B,646,43.0667,2,106.173,3,-25.653,4.12,0.039,5.9461,-0.1458,3.9498,1.0,1.0,25.0,10.945
Car A,647,43.1333,2,95.645,3,-25.714,14.579,0.24,5.5821,0.0254,4.8569,1.0,1.0,24.999,-10.925
Car B,647,43.1333,2,106.57,3,-25.526,3.743,0.012,5.9375,-0.1293,4.1469,1.0,1.0,25.0,10.925
Car A,648,43.2,2,96.019,3,-25.772,14.209,0.211,5.5837,0.0252,4.8598,1.0,1.0,24.999,-10.948
Car B,648,43.2,2,106.967,3,-25.381,3.373,0.005,5.9299,-0.1139,4.299,1.0,1.0,24.999,10.948
Car A,649,43.2667,2,96.409,3,-25.809,13.836,0.191,5.5854,0.0252,4.8615,1.0,1.0,24.999,-10.954
Car B,649,43.2667,2,107.363,3,-25.217,3.011,-0.028,5.9231,-0.1015,4.4171,1.0,1.0,24.999,10.954
Car A,650,43.3333,2,96.784,3,-25.824,13.461,0.176,5.5871,0.0247,4.8633,1.0,0.3867,24.999,-10.974
Car B,650,43.3333,2,107.759,3,-25.034,2.659,-0.056,5.9171,-0.0911,4.5101,1.0,1.0,24.999,10.974
Car A,651,43.4,2,97.161,3,-25.825,13.085,0.175,5.651,0.9586,3.312,1.0,-0.2639,9.692,-10.983
Car B,651,43.4,2,108.143,3,-24.833,2.318,-0.085,5.9116,-0.0825,4.5819,1.0,1.0,24.999,10.983
Car A,652,43.4667,2,97.539,3,-25.828,12.706,0.172,5.6786,0.4143,1.7283,1.0,-0.2613,-6.572,-10.997
Car B,652,43.4667,2,108.536,3,-24.615,1.987,-0.134,5.9065,-0.0751,4.6381,1.0,1.0,24.999,10.997
Car A,653,43.5333,2,97.918,3,-25.841,12.327,0.159,5.692,0.2004,0.2079,1.0,-0.2288,-6.532,-11.013
Car B,653,43.5333,2,108.931,3,-24.379,1.669,-0.161,5.9019,-0.0697,4.6855,1.0,1.0,24.999,11.013
Car A,654,43.6,2,98.297,3,-25.865,11.948,0.135,5.6982,0.0945,-0.8277,1.0,-0.01,-5.72,-10.999
Car B,654,43.6,2,109.296,3,-24.127,1.365,-0.223,5.8976,-0.0645,4.7213,1.0,1.0,24.999,10.999
Car A,655,43.6667,2,98.677,3,-25.894,11.568,0.106,5.7406,0.6349,-0.1182,1.0,0.0091,-0.258,-11.011
Car B,655,43.6667,2,109.688,3,-23.858,1.074,-0.27,5.8936,-0.0602,4.7492,1.0,1.0,24.999,11.011
Car A,656,43.7333,2,99.064,3,-25.918,11.181,0.082,5.874,2.0021,0.0795,1.0,0.0346,0.227,-10.97
Car B,656,43.7333,2,110.034,3,-23.575,0.799,-0.321,5.8898,-0.0574,4.7724,1.0,1.0,24.999,10.97
Car A,657,43.8,2,99.459,3,-25.94,10.786,0.06,5.9578,1.257,0.3147,0.9448,0.0185,0.862,-10.965
Car B,657,43.8,2,110.424,3,-23.277,0.54,-0.386,5.8862,-0.0535,4.7886,1.0,1.0,24.999,10.965
Car A,658,43.8667,2,99.849,3,-25.961,10.397,0.039,5.781,-2.653,0.165,0.9718,0.0299,0.463,-10.967
Car B,658,43.8667,2,110.816,3,-22.966,0.298,-0.43,5.8827,-0.0518,4.8023,1.0,1.0,24.999,10.967
Car A,659,43.9333,2,100.235,3,-25.98,10.01,0.02,5.8053,0.3649,0.2579,0.9641,0.0486,0.716,-10.899
Car B,659,43.9333,2,111.134,3,-22.642,0.073,-0.505,5.8794,-0.0498,4.8138,1.0,1.0,24.999,10.899
Car A,660,44.0,2,100.62,3,-25.996,9.625,0.004,5.7559,-0.7404,0.4571,1.0,0.143,1.198,-10.903
Car B,660,44.0,2,111.523,3,-22.306,-0.134,-0.568,5.8762,-0.0488,4.8231,1.0,1.0,24.999,10.903
Car A,661,44.0667,2,101.004,3,-26.006,9.241,-0.006,5.7793,0.3497,1.1327,1.0,0.0661,3.57,-10.814
Car B,661,44.0667,2,111.818,3,-21.96,-0.322,-0.623,5.8731,-0.0466,4.8303,1.0,1.0,24.999,10.814
Car A,662,44.1333,2,101.392,3,-26.011,8.853,-0.011,5.8644,1.2765,0.6344,1.0,0.9408,1.656,-10.811
Car B,662,44.1333,2,112.204,3,-21.604,-0.49,-0.704,5.8701,-0.045,4.8346,1.0,1.0,24.999,10.811
Car A,663,44.2,2,101.783,3,-26.011,8.462,-0.011,5.8628,-0.0234,1.1387,1.0,0.8583,23.488,-10.809
Car B,663,44.2,2,112.593,3,-21.239,-0.639,-0.763,5.8671,-0.044,4.8389,1.0,1.0,24.999,10.809
Car A,664,44.2667,2,102.173,3,-25.998,8.072,0.002,5.8481,-0.2212,2.1504,1.0,0.9741,21.459,-10.682
Car B,664,44.2667,2,112.856,3,-20.867,-0.767,-0.832,5.8642,-0.0436,4.8423,1.0,1.0,24.999,10.682
Car A,665,44.3333,2,102.562,3,-25.968,7.683,0.032,5.8366,-0.1715,2.7449,1.0,0.2869,24.348,-10.679
Car B,665,44.3333,2,113.241,3,-20.489,-0.874,-0.91,5.8614,-0.0424,4.8451,1.0,1.0,24.999,10.679
Car A,666,44.4,2,102.951,3,-25.929,7.294,0.071,5.8611,0.3677,2.1848,1.0,-0.4916,7.197,-10.679
Car B,666,44.4,2,113.63,3,-20.106,-0.96,-0.966,5.8586,-0.0413,4.8474,1.0,1.0,24.999,10.679
Car A,667,44.4667,2,103.34,3,-25.887,6.905,0.113,5.8694,0.1236,1.1971,1.0,0.2814,-12.262,-10.602
Car B,667,44.4667,2,113.942,3,-19.718,-1.025,-1.025,5.8559,-0.0415,4.8489,1.0,1.0,24.999,10.602
Car A,668,44.5333,2,103.729,3,-25.848,6.516,0.152,5.8676,-0.027,0.9843,1.0,-0.1457,7.007,-10.603
Car B,668,44.5333,2,114.332,3,-19.328,-1.069,-1.069,5.8533,-0.0389,4.8502,1.0,1.0,24.999,10.603
Car A,669,44.6,2,104.117,3,-25.804,6.128,0.196,5.8692,0.0239,0.3053,1.0,0.497,-3.627,-10.607
Car B,669,44.6,2,114.724,3,-18.936,-1.09,-1.09,5.8506,-0.04,4.8515,1.0,1.0,24.999,10.607
Car A,670,44.6667,2,104.524,3,-25.762,5.739,0.216,5.8651,-0.0608,0.8548,1.0,1.0,12.399,-10.592
Car B,670,44.6667,2,115.116,3,-18.544,-1.09,-1.09,5.848,-0.0387,4.8519,1.0,1.0,24.999,10.592
Car A,671,44.7333,2,104.914,3,-25.708,5.352,0.241,5.8542,-0.1639,1.7637,1.0,0.9285,24.98,-10.594
Car B,671,44.7333,2,115.508,3,-18.152,-1.069,-1.069,5.8456,-0.0369,4.8532,1.0,1.0,24.999,10.594
Car A,672,44.8,2,105.345,3,-25.638,4.968,0.258,5.8439,-0.1537,2.4187,1.0,1.0,23.215,-10.553
Car B,672,44.8,2,115.898,3,-17.763,-1.025,-1.025,5.8431,-0.0369,4.8536,1.0,1.0,24.999,10.553
Car A,673,44.8667,2,105.735,3,-25.552,4.588,0.253,5.8325,-0.1723,2.9562,1.0,1.0,24.997,-10.549
Car B,673,44.8667,2,116.284,3,-17.376,-0.961,-0.961,5.8407,-0.0366,4.854,1.0,1.0,24.999,10.549
Car A,674,44.9333,2,106.166,3,-25.449,4.212,0.263,5.822,-0.1561,3.3683,1.0,1.0,25.0,-10.501
Car B,674,44.9333,2,116.666,3,-16.994,-0.874,-0.874,5.8382,-0.0373,4.854,1.0,1.0,24.999,10.501
Car A,675,45.0,2,106.554,3,-25.328,3.842,0.233,5.8129,-0.1365,3.6932,1.0,1.0,25.0,-10.489
Car B,675,45.0,2,117.043,3,-16.618,-0.767,-0.767,5.8358,-0.0351,4.8545,1.0,0.8387,24.999,10.489
Car A,676,45.0667,2,106.942,3,-25.189,3.479,0.222,5.8051,-0.1175,3.9464,1.0,1.0,25.0,-10.471
Car B,676,45.0667,2,117.413,3,-16.248,-0.639,-0.639,5.8362,0.0049,4.8288,1.0,-0.2599,20.972,10.471
Car A,677,45.1333,2,107.364,3,-25.033,3.124,0.188,5.7984,-0.1008,4.1443,1.0,1.0,25.0,-10.416
Car B,677,45.1333,2,117.779,3,-15.881,-0.5,-0.5,5.8723,0.5419,3.2682,1.0,-0.859,-6.456,10.416
Car A,678,45.2,2,107.75,3,-24.858,2.777,0.156,5.7927,-0.0848,4.2945,1.0,1.0,24.999,-10.397
Car B,678,45.2,2,118.148,3,-15.513,-0.365,-0.365,5.889,0.2502,1.1948,1.0,-0.4163,-21.453,10.397
Car A,679,45.2667,2,108.159,3,-24.665,2.44,0.122,5.7879,-0.0723,4.4111,1.0,1.0,24.999,-10.361
Car B,679,45.2667,2,118.52,3,-15.14,-0.24,-0.24,5.8906,0.0245,-0.1762,1.0,-0.461,-10.425,10.361
Car A,680,45.3333,2,108.544,3,-24.455,2.114,0.071,5.7838,-0.0624,4.505,1.0,1.0,24.999,-10.352
Car B,680,45.3333,2,118.896,3,-14.764,-0.127,-0.127,5.8875,-0.047,-1.1759,1.0,-0.4628,-11.523,10.352
Car A,681,45.4,2,108.93,3,-24.227,1.8,0.04,5.7802,-0.0537,4.5781,1.0,1.0,24.999,-10.346
Car B,681,45.4,2,119.276,3,-14.385,-0.027,-0.027,5.8814,-0.0914,-1.9645,1.0,-0.4694,-11.569,10.346
Car A,682,45.4667,2,109.318,3,-23.983,1.499,-0.027,5.7771,-0.0464,4.6353,1.0,1.0,24.999,-10.341
Car B,682,45.4667,2,119.659,3,-14.001,0.057,0.057,5.8751,-0.0945,-2.5786,1.0,-0.4918,-11.734,10.341
Car A,683,45.5333,2,109.702,3,-23.723,1.212,-0.077,5.7744,-0.041,4.6839,1.0,1.0,24.999,-10.343
Car B,683,45.5333,2,120.045,3,-13.615,0.126,0.126,5.8694,-0.0847,-3.0533,1.0,-0.5469,-12.294,10.343
Car A,684,45.6,2,110.069,3,-23.447,0.94,-0.134,5.772,-0.0357,4.7205,1.0,1.0,24.999,-10.365
Car B,684,45.6,2,120.434,3,-13.226,0.177,0.177,5.8642,-0.0779,-3.427,1.0,-0.5744,-13.669,10.365
Car A,685,45.6667,2,110.451,3,-23.158,0.684,-0.201,5.7699,-0.0319,4.7494,1.0,1.0,24.999,-10.374
Car B,685,45.6667,2,120.825,3,-12.836,0.209,0.209,5.8599,-0.0651,-3.7186,1.0,-0.5265,-14.358,10.374
Car A,686,45.7333,2,110.835,3,-22.854,0.444,-0.247,5.7679,-0.0294,4.7733,1.0,1.0,24.999,-10.382
Car B,686,45.7333,2,121.217,3,-12.444,0.223,0.223,5.8592,-0.0106,-3.9281,1.0,-0.4714,-13.163,10.382
Car A,687,45.8,2,111.174,3,-22.538,0.221,-0.329,5.7661,-0.0265,4.7919,1.0,1.0,24.999,-10.436
Car B,687,45.8,2,121.609,3,-12.051,0.218,0.218,5.8781,0.2833,-3.9939,1.0,-0.458,-11.786,10.436
Car A,688,45.8667,2,111.555,3,-22.209,0.016,-0.392,5.7646,-0.0234,4.8062,1.0,1.0,24.999,-10.448
Car B,688,45.8667,2,122.003,3,-11.657,0.196,0.196,5.909,0.4637,-3.9778,1.0,-0.2221,-11.45,10.448
Car A,689,45.9333,2,111.87,3,-21.87,-0.17,-0.454,5.7631,-0.0226,4.8178,1.0,1.0,24.999,-10.529
Car B,689,45.9333,2,122.398,3,-11.262,0.165,0.165,5.9517,0.6412,-2.2814,1.0,-0.0268,-5.561,10.529
Car A,690,46.0,2,112.248,3,-21.521,-0.336,-0.535,5.7617,-0.0205,4.8266,1.0,1.0,24.999,-10.548
Car B,690,46.0,2,122.795,3,-10.865,0.14,0.14,5.97,0.2734,-0.7162,1.0,-0.0861,-0.677,10.548
Car A,691,46.0667,2,112.63,3,-21.164,-0.483,-0.594,5.7604,-0.02,4.8338,1.0,1.0,24.999,-10.563
Car B,691,46.0667,2,123.193,3,-10.467,0.119,0.119,5.9528,-0.2575,-0.841,1.0,0.0635,-2.143,10.563
Car A,692,46.1333,2,112.912,3,-20.799,-0.61,-0.671,5.7591,-0.019,4.84,1.0,1.0,24.999,-10.678
Car B,692,46.1333,2,123.59,3,-10.071,0.098,0.098,5.957,0.0628,0.1872,1.0,0.021,1.581,10.678
Car A,693,46.2,2,113.291,3,-20.427,-0.716,-0.747,5.7578,-0.0187,4.8447,1.0,1.0,24.999,-10.697
Car B,693,46.2,2,123.988,3,-9.672,0.083,0.083,6.0053,0.7251,0.2513,1.0,0.0176,0.527,10.697
Car A,694,46.2667,2,113.66,3,-20.05,-0.801,-0.802,5.7567,-0.0177,4.8484,1.0,1.0,24.999,-10.727
Car B,694,46.2667,2,124.387,3,-9.273,0.069,0.069,5.9876,-0.2656,0.1161,1.0,0.0356,0.432,10.727
Car A,695,46.3333,2,113.991,3,-19.669,-0.864,-0.864,5.7556,-0.0165,4.8512,1.0,1.0,24.999,-10.795
Car B,695,46.3333,2,124.786,3,-8.874,0.056,0.056,6.0033,0.235,0.3482,1.0,-0.0268,0.884,10.795
Car A,696,46.4,2,114.375,3,-19.285,-0.906,-0.906,5.7545,-0.0165,4.8531,1.0,1.0,24.999,-10.811
Car B,696,46.4,2,125.186,3,-8.474,0.041,0.041,6.0106,0.1093,-0.2703,1.0,0.0685,-0.659,10.811
Car A,697,46.4667,2,114.76,3,-18.9,-0.926,-0.926,5.7534,-0.016,4.8549,1.0,1.0,24.999,-10.826
Car B,697,46.4667,2,125.586,3,-8.074,0.028,0.028,6.0099,-0.0099,0.5986,1.0,0.0089,1.707,10.826
Car A,698,46.5333,2,115.147,3,-18.514,-0.925,-0.925,5.7523,-0.016,4.8561,1.0,1.0,24.999,-10.84
Car B,698,46.5333,2,125.987,3,-7.674,0.017,0.017,6.0015,-0.1256,0.0388,1.0,0.0773,0.23,10.84
Car A,699,46.6,2,115.532,3,-18.128,-0.902,-0.902,5.7513,-0.0157,4.8573,1.0,1.0,24.999,-10.855
Car B,699,46.6,2,126.386,3,-7.274,0.009,0.009,6.0104,0.1321,0.7608,1.0,0.0311,1.928,10.855
Car A,700,46.6667,2,115.915,3,-17.745,-0.857,-0.857,5.7504,-0.0137,4.8584,1.0,1.0,24.999,-10.871
Car B,700,46.6667,2,126.786,3,-6.874,0.004,0.004,5.9812,-0.438,0.273,1.0,0.0835,0.77,10.871
Car A,701,46.7333,2,116.295,3,-17.365,-0.791,-0.791,5.7493,-0.0153,4.8589,1.0,0.9645,24.999,-10.89
Car B,701,46.7333,2,127.185,3,-6.475,0.001,0.001,5.9963,0.2268,0.8124,1.0,0.0585,2.086,10.89
Car A,702,46.8,2,116.671,3,-16.989,-0.703,-0.703,5.7488,-0.0079,4.8553,1.0,0.0338,24.112,-10.912
Car B,702,46.8,2,127.583,3,-6.077,0.002,0.002,5.9518,-0.6663,0.4654,1.0,0.0488,1.437,10.912
Car A,703,46.8667,2,117.044,3,-16.616,-0.603,-0.603,5.7892,0.6058,3.3929,1.0,0.088,0.879,-10.937
Car B,703,46.8667,2,127.981,3,-5.679,0.003,0.003,5.9692,0.2605,0.2899,1.0,0.0301,1.193,10.937
Car A,704,46.9333,2,117.421,3,-16.24,-0.508,-0.508,5.8293,0.6012,1.1757,1.0,-0.2303,2.197,-10.958
Car B,704,46.9333,2,128.379,3,-5.281,0.004,0.004,5.9761,0.1034,0.1899,1.0,0.0076,0.743,10.958
Car A,705,47.0,2,117.8,3,-15.86,-0.423,-0.423,5.8363,0.1058,-0.1289,1.0,-0.2523,-5.746,-10.978
Car B,705,47.0,2,128.778,3,-4.882,0.005,0.005,5.9859,0.1465,0.1985,1.0,-0.0092,0.196,10.978
Car A,706,47.0667,2,118.182,3,-15.478,-0.351,-0.351,5.8367,0.0049,-1.1274,1.0,-0.2529,-6.307,-10.995
Car B,706,47.0667,2,129.177,3,-4.483,0.005,0.005,6.0013,0.2313,0.0958,1.0,0.0132,-0.222,10.995
Car A,707,47.1333,2,118.567,3,-15.093,-0.291,-0.291,5.8398,0.0462,-1.8857,1.0,-0.2462,-6.322,-11.01
Car B,707,47.1333,2,129.577,3,-4.083,0.005,0.005,5.9989,-0.0363,-0.0207,1.0,0.018,0.32,11.01
Car A,708,47.2,2,118.956,3,-14.705,-0.245,-0.245,5.8867,0.7039,-2.1808,1.0,-0.2304,-6.153,-11.021
Car B,708,47.2,2,129.977,3,-3.683,0.007,0.007,5.9938,-0.0759,0.0374,1.0,-0.0087,0.43,11.021
Car A,709,47.2667,2,119.35,3,-14.311,-0.207,-0.207,5.9645,1.1678,-2.1195,1.0,-0.2057,-5.759,-11.027
Car B,709,47.2667,2,130.377,3,-3.283,0.007,0.007,6.008,0.2124,-0.0913,1.0,0.0237,-0.198,11.027
Car A,710,47.3333,2,119.749,3,-13.911,-0.176,-0.176,6.041,1.1473,-1.9573,1.0,-0.1675,-5.142,-11.028
Car B,710,47.3333,2,130.777,3,-2.883,0.009,0.009,5.9913,-0.2507,0.2233,1.0,-0.0635,0.582,11.028
Car A,711,47.4,2,120.153,3,-13.507,-0.15,-0.15,6.0666,0.3841,-1.6529,1.0,-0.1379,-4.19,-11.023
Car B,711,47.4,2,131.176,3,-2.484,0.009,0.009,5.9898,-0.0226,-0.5745,1.0,0.0671,-1.584,11.023
Car A,712,47.4667,2,120.558,3,-13.102,-0.129,-0.129,6.0929,0.3948,-1.3803,1.0,-0.1124,-3.444,-11.017
Car B,712,47.4667,2,131.576,3,-2.085,0.007,0.007,5.9896,-0.0019,0.3768,1.0,-0.0511,1.671,11.017
Car A,713,47.5333,2,120.964,3,-12.696,-0.11,-0.11,6.0863,-0.0991,-1.0968,1.0,-0.1052,-2.803,-11.011
Car B,713,47.5333,2,131.975,3,-1.685,0.009,0.009,5.9886,-0.0154,-0.3873,1.0,0.0549,-1.273,11.011
Car A,714,47.6,2,121.369,3,-12.291,-0.095,-0.095,6.0788,-0.113,-1.0485,1.0,-0.0755,-2.62,-11.005
Car B,714,47.6,2,132.374,3,-1.286,0.009,0.009,5.9883,-0.0045,0.4426,1.0,-0.0815,1.367,11.005
Car A,715,47.6667,2,121.773,3,-11.887,-0.082,-0.082,6.0243,-0.8172,-0.7526,1.0,-0.0791,-1.89,-11.0
Car B,715,47.6667,2,132.773,3,-0.887,0.01,0.01,5.9877,-0.0096,-0.4353,1.0,0.0524,-2.032,11.0
Car A,716,47.7333,2,122.174,3,-11.486,-0.072,-0.072,6.0371,0.1912,-0.7831,1.0,-0.0512,-1.975,-10.998
Car B,716,47.7333,2,133.172,3,-0.488,0.008,0.008,5.9863,-0.0205,0.3421,1.0,-0.0446,1.306,10.998
Car A,717,47.8,2,122.577,3,-11.084,-0.064,-0.064,6.0294,-0.1148,-0.511,1.0,-0.0547,-1.281,-10.995
Car B,717,47.8,2,133.571,3,-0.089,0.008,0.008,5.9866,0.0051,-0.4102,1.0,0.0602,-1.11,10.995
Car A,718,47.8667,2,122.978,3,-10.682,-0.058,-0.058,6.0362,0.1026,-0.5519,1.0,-0.0364,-1.355,-10.992
Car B,718,47.8667,3,0.31,1,0.31,0.008,0.008,5.9874,0.0108,0.4822,1.0,-0.0804,1.501,10.992
Car A,719,47.9333,2,123.38,3,-10.28,-0.052,-0.052,6.0303,-0.0885,-0.2641,1.0,-0.0448,-0.896,-10.989
Car B,719,47.9333,3,0.709,1,0.709,0.009,0.009,5.9866,-0.0117,-0.4045,1.0,0.0523,-2.003,10.989
Car A,720,48.0,2,123.782,3,-9.878,-0.048,-0.048,6.0304,0.0009,-0.4514,1.0,-0.024,-1.106,-10.987
Car B,720,48.0,3,1.108,1,1.108,0.008,0.008,5.9858,-0.0117,0.3571,1.0,-0.0452,1.301,10.987
Car A,721,48.0667,2,124.183,3,-9.477,-0.045,-0.045,6.0016,-0.4314,-0.2384,1.0,-0.0289,-0.597,-10.984
Car B,721,48.0667,3,1.507,1,1.508,0.008,0.008,5.9885,0.0401,-0.4116,1.0,0.0603,-1.125,10.984
Car A,722,48.1333,2,124.583,3,-9.077,-0.042,-0.042,6.0051,0.0512,-0.2877,1.0,-0.0195,-0.716,-10.984
Car B,722,48.1333,3,1.907,1,1.907,0.008,0.008,5.988,-0.0073,0.4939,1.0,-0.0813,1.503,10.984
Car A,723,48.2,2,124.984,3,-8.677,-0.04,-0.04,6.0102,0.0777,-0.108,1.0,-0.0234,-0.479,-10.983
Car B,723,48.2,3,2.306,1,2.306,0.009,0.009,5.9876,-0.0056,-0.4038,1.0,0.0521,-2.026,10.983
Car A,724,48.2667,2,125.384,3,-8.276,-0.039,-0.039,6.0191,0.1331,-0.249,1.0,-0.0096,-0.567,-10.981
Car B,724,48.2667,3,2.705,1,2.705,0.007,0.007,5.9868,-0.012,0.3558,1.0,-0.0431,1.296,10.981
Car A,725,48.3333,2,125.786,3,-7.875,-0.039,-0.039,6.0118,-0.1101,-0.1032,1.0,-0.0125,-0.241,-10.979
Car B,725,48.3333,3,3.104,1,3.104,0.007,0.007,5.9883,0.0215,-0.404,1.0,0.0615,-1.074,10.979
Car A,726,48.4,2,126.186,3,-7.474,-0.037,-0.037,6.0041,-0.1154,-0.027,1.0,-0.0176,-0.302,-10.978
Car B,726,48.4,3,3.503,1,3.503,0.007,0.007,5.989,0.0111,0.506,1.0,-0.0824,1.533,10.978
Car A,727,48.4667,2,126.587,3,-7.074,-0.037,-0.037,6.0181,0.2101,-0.2203,1.0,-0.0021,-0.42,-10.976
Car B,727,48.4667,3,3.903,1,3.903,0.009,0.009,5.9884,-0.0085,-0.397,1.0,0.0515,-2.055,10.976
Car A,728,48.5333,2,126.987,3,-6.673,-0.037,-0.037,5.9973,-0.3116,-0.0447,1.0,-0.008,-0.059,-10.975
Car B,728,48.5333,3,4.302,1,4.302,0.007,0.007,5.9875,-0.0141,0.3582,1.0,-0.0457,1.282,10.975
Car A,729,48.6,2,127.387,3,-6.273,-0.037,-0.037,6.0038,0.0977,0.0459,1.0,-0.0116,-0.19,-10.974
Car B,729,48.6,3,4.701,1,4.701,0.007,0.007,5.9895,0.03,-0.4168,1.0,0.0613,-1.137,10.974
Car A,730,48.6667,2,127.787,3,-5.873,-0.037,-0.037,6.0018,-0.0299,0.0438,1.0,-0.0102,-0.279,-10.973
Car B,730,48.6667,3,5.1,1,5.1,0.007,0.007,5.9888,-0.01,0.49,1.0,-0.0782,1.527,10.973
Car A,731,48.7333,2,128.187,3,-5.473,-0.038,-0.038,5.9954,-0.0965,-0.0512,1.0,-0.0034,-0.249,-10.973
Car B,731,48.7333,3,5.499,1,5.499,0.009,0.009,5.9883,-0.0076,-0.399,1.0,0.0514,-1.95,10.973
Car A,732,48.8,2,128.587,3,-5.074,-0.038,-0.038,5.994,-0.0203,-0.0517,1.0,0.0001,-0.089,-10.972
Car B,732,48.8,3,5.898,1,5.899,0.007,0.007,5.9873,-0.0153,0.3624,1.0,-0.0462,1.279,10.972
Car A,733,48.8667,2,128.986,3,-4.674,-0.04,-0.04,5.9963,0.0334,-0.0353,1.0,0.0032,-0.0,-10.972
Car B,733,48.8667,3,6.298,1,6.298,0.007,0.007,5.9882,0.0134,-0.4274,1.0,0.0627,-1.149,10.972
Car A,734,48.9333,2,129.386,3,-4.274,-0.041,-0.041,5.9985,0.0326,-0.0142,1.0,0.0052,0.076,-10.971
Car B,734,48.9333,3,6.697,1,6.697,0.007,0.007,5.9879,-0.004,0.4945,1.0,-0.0764,1.563,10.971
Car A,735,49.0,2,129.786,3,-3.874,-0.042,-0.042,6.0005,0.0315,0.0042,1.0,0.0062,0.126,-10.97
Car B,735,49.0,3,7.096,1,7.096,0.008,0.008,5.9873,-0.0096,-0.392,1.0,0.0517,-1.905,10.97
Car A,736,49.0667,2,130.186,3,-3.474,-0.043,-0.043,6.0024,0.0284,0.017,1.0,0.0065,0.15,-10.969
Car B,736,49.0667,3,7.495,1,7.495,0.007,0.007,5.9864,-0.0135,0.3682,1.0,-0.047,1.287,10.969
Car A,737,49.1333,2,130.586,3,-3.074,-0.044,-0.044,6.0035,0.0154,0.0223,1.0,0.0063,0.157,-10.968
Car B,737,49.1333,3,7.894,1,7.894,0.007,0.007,5.9872,0.0125,-0.4227,1.0,0.0618,-1.17,10.968
Car A,738,49.2,2,130.987,3,-2.674,-0.044,-0.044,6.004,0.0074,0.0265,1.0,0.0057,0.153,-10.967
Car B,738,49.2,3,8.293,1,8.293,0.007,0.007,5.9867,-0.0082,0.4956,1.0,-0.079,1.54,10.967
Car A,739,49.2667,2,131.387,3,-2.274,-0.045,-0.045,6.0037,-0.0042,0.0298,1.0,0.0047,0.139,-10.966
Car B,739,49.2667,3,8.692,1,8.692,0.008,0.008,5.9863,-0.0054,-0.3969,1.0,0.0515,-1.97,10.966
Car A,740,49.3333,2,131.787,3,-1.873,-0.045,-0.045,6.0042,0.0084,0.0248,1.0,0.0039,0.115,-10.965
Car B,740,49.3333,3,9.091,1,9.091,0.007,0.007,5.9853,-0.0156,0.3605,1.0,-0.0459,1.283,10.965
Car A,741,49.4,2,132.187,3,-1.473,-0.045,-0.045,6.0036,-0.009,0.0211,1.0,0.003,0.096,-10.963
Car B,741,49.4,3,9.49,1,9.491,0.007,0.007,5.9864,0.0163,-0.4181,1.0,0.0612,-1.143,10.963
Car A,742,49.4667,2,132.588,3,-1.073,-0.045,-0.045,6.0004,-0.0492,0.0084,1.0,0.0023,0.074,-10.962
Car B,742,49.4667,3,9.89,1,9.89,0.007,0.007,5.9872,0.0131,0.4759,1.0,-0.0742,1.526,10.962
Car A,743,49.5333,2,132.988,3,-0.673,-0.045,-0.045,5.9994,-0.0139,0.0138,1.0,0.0011,0.057,-10.961
Car B,743,49.5333,3,10.289,1,10.289,0.008,0.008,5.9861,-0.0167,-0.3982,1.0,0.0523,-1.849,10.961
Car A,744,49.6,2,133.388,3,-0.273,-0.044,-0.044,5.999,-0.0058,0.0011,1.0,0.0004,0.027,-10.96
Car B,744,49.6,3,10.688,1,10.688,0.007,0.007,5.9851,-0.0146,0.3671,1.0,-0.0471,1.303,10.96
Car A,745,49.6667,3,0.127,1,0.127,-0.044,-0.044,6.0014,0.0349,0.0312,1.0,-0.0011,0.009,-10.959
Car B,745,49.6667,3,11.087,1,11.087,0.007,0.007,5.9849,-0.0029,-0.4216,1.0,0.0612,-1.172,10.959
Car A,746,49.7333,3,0.527,1,0.527,-0.044,-0.044,5.9996,-0.0259,0.0167,1.0,-0.0016,-0.026,-10.958
Car B,746,49.7333,3,11.486,1,11.486,0.007,0.007,5.9859,0.0143,0.4697,1.0,-0.0721,1.526,10.958
Car A,747,49.8,3,0.927,1,0.927,-0.043,-0.043,6.0008,0.0171,-0.0022,1.0,-0.0012,-0.039,-10.957
Car B,747,49.8,3,11.885,1,11.885,0.008,0.008,5.9849,-0.0156,-0.3974,1.0,0.0528,-1.797,10.957
Car A,748,49.8667,3,1.327,1,1.328,-0.043,-0.043,6.0006,-0.0035,0.0388,1.0,-0.0026,-0.029,-10.956
Car B,748,49.8667,3,12.283,1,12.284,0.007,0.007,5.9841,-0.0114,0.3702,1.0,-0.0476,1.315,10.956
Car A,749,49.9333,3,1.728,1,1.728,-0.043,-0.043,6.0032,0.0399,-0.0406,1.0,0.0009,-0.063,-10.955
Car B,749,49.9333,3,12.682,1,12.683,0.007,0.007,5.9865,0.0357,-0.4341,1.0,0.0629,-1.186,10.955
Car A,750,50.0,3,2.128,1,2.128,-0.044,-0.044,6.0055,0.0345,-0.0192,1.0,0.0023,0.019,-10.954
Car B,750,50.0,3,13.082,1,13.082,0.007,0.007,5.9861,-0.0052,0.4865,1.0,-0.0747,1.568,10.954
Car A,751,50.0667,3,2.528,1,2.528,-0.044,-0.044,6.0025,-0.0457,0.0018,1.0,0.002,0.054,-10.952
Car B,751,50.0667,3,13.481,1,13.481,0.008,0.008,5.9854,-0.0106,-0.3904,1.0,0.0516,-1.861,10.952
Car A,752,50.1333,3,2.928,1,2.929,-0.044,-0.044,5.9999,-0.0385,0.014,1.0,0.0011,0.05,-10.951
Car B,752,50.1333,3,13.879,1,13.88,0.007,0.007,5.9848,-0.0092,0.3685,1.0,-0.0482,1.285,10.951
Car A,753,50.2,3,3.328,1,3.329,-0.044,-0.044,5.9995,-0.0057,0.0061,1.0,0.0004,0.027,-10.95
Car B,753,50.2,3,14.278,1,14.279,0.007,0.007,5.9849,0.002,-0.4288,1.0,0.0616,-1.2,10.95
Car A,754,50.2667,3,3.728,1,3.729,-0.044,-0.044,5.9999,0.0056,-0.0035,1.0,0.0002,0.011,-10.949
Car B,754,50.2667,3,14.677,1,14.678,0.007,0.007,5.9857,0.0121,0.4625,1.0,-0.0693,1.536,10.949
Car A,755,50.3333,3,4.129,1,4.129,-0.044,-0.044,6.0008,0.0141,-0.0049,1.0,0.0001,0.005,-10.948
Car B,755,50.3333,3,15.076,1,15.077,0.008,0.008,5.9847,-0.0154,-0.3969,1.0,0.0052,-1.727,10.948
Car A,756,50.4,3,4.529,1,4.529,-0.043,-0.043,6.0006,-0.0036,-0.0014,1.0,0.0001,0.003,-10.947
Car B,756,50.4,3,15.476,1,15.476,0.006,0.006,5.9939,0.1382,0.0665,1.0,-0.0499,0.12,10.947
Car A,757,50.4667,3,4.929,1,4.929,-0.043,-0.043,6.0006,-0.0,-0.008,1.0,0.0002,0.002,-10.947
Car B,757,50.4667,3,15.875,1,15.875,0.002,0.002,5.9788,-0.2269,-0.5007,1.0,0.0664,-1.238,10.947
Car A,758,50.5333,3,5.329,1,5.329,-0.043,-0.043,6.0005,-0.0012,-0.0015,1.0,0.0,0.005,-10.945
Car B,758,50.5333,3,16.274,1,16.274,-0.001,-0.001,5.9811,0.0338,0.4463,1.0,-0.1915,1.656,10.945
Car A,759,50.6,3,5.729,1,5.729,-0.043,-0.043,6.0006,0.0019,0.0025,1.0,-0.0004,0.001,-10.944
Car B,759,50.6,3,16.672,1,16.673,-0.001,-0.001,5.9792,-0.0283,-0.4221,1.0,-0.0624,-4.778,10.944
Car A,760,50.6667,3,6.129,1,6.129,-0.043,-0.043,6.0006,0.0,0.0024,1.0,-0.0007,-0.008,-10.942
Car B,760,50.6667,3,17.071,1,17.071,-0.01,-0.01,5.9554,-0.3566,-0.6129,1.0,-0.1587,-1.553,10.942
Car A,761,50.7333,3,6.529,1,6.529,-0.043,-0.043,6.0006,-0.0004,-0.0071,1.0,-0.0,-0.016,-10.939
Car B,761,50.7333,3,17.468,1,17.468,-0.025,-0.025,5.9569,0.0225,-1.2968,1.0,0.0536,-3.962,10.939
Car A,762,50.8,3,6.929,1,6.929,-0.043,-0.043,6.0011,0.0082,-0.0106,1.0,0.0011,-0.001,-10.936
Car B,762,50.8,3,17.865,1,17.865,-0.044,-0.044,5.9613,0.0654,-0.2347,1.0,0.2011,1.333,10.936
Car A,763,50.8667,3,7.329,1,7.329,-0.043,-0.043,5.9999,-0.0188,-0.0049,1.0,0.0017,0.027,-10.933
Car B,763,50.8667,3,18.262,1,18.262,-0.051,-0.051,5.961,-0.0037,0.8707,1.0,0.3079,5.02,10.933
Car A,764,50.9333,3,7.729,1,7.729,-0.043,-0.043,6.0007,0.0118,0.0479,1.0,-0.0007,0.042,-10.93
Car B,764,50.9333,3,18.659,1,18.659,-0.045,-0.045,5.9547,-0.0939,1.7245,1.0,0.2537,7.694,10.93
Car A,765,51.0,3,8.129,1,8.13,-0.043,-0.043,6.0039,0.0478,-0.0001,1.0,-0.0007,-0.015,-10.927
Car B,765,51.0,3,19.056,1,19.056,-0.025,-0.025,5.9647,0.1492,2.2679,1.0,1.0,6.343,10.927
Car A,766,51.0667,3,8.53,1,8.53,-0.042,-0.042,6.0009,-0.0444,-0.0054,1.0,-0.0019,-0.017,-10.923
Car B,766,51.0667,3,19.452,1,19.453,0.009,0.009,5.9629,-0.027,2.4369,1.0,1.0,24.972,10.923
Car A,767,51.1333,3,8.93,1,8.93,-0.042,-0.042,6.0013,0.0054,-0.0051,1.0,-0.0047,-0.045,-10.917
Car B,767,51.1333,3,19.847,1,19.847,0.06,0.06,5.9405,-0.3356,3.2255,1.0,1.0,25.0,10.917
Car A,768,51.2,3,9.33,1,9.33,-0.041,-0.041,6.0036,0.0356,-0.0453,1.0,-0.0066,-0.115,-10.917
Car B,768,51.2,3,20.247,1,20.237,0.13,0.111,5.9293,-0.168,3.5878,1.0,1.0,25.0,10.917
Car A,769,51.2667,3,9.73,1,9.73,-0.041,-0.041,6.0015,-0.0314,-0.0088,1.0,-0.0113,-0.16,-10.909
Car B,769,51.2667,3,20.639,1,20.624,0.218,0.168,5.9195,-0.1471,3.8678,1.0,1.0,25.0,10.909
Car A,770,51.3333,3,10.131,1,10.131,-0.042,-0.042,6.01,0.1262,-0.1248,1.0,-0.0041,-0.262,-10.934
Car B,770,51.3333,3,21.064,1,21.005,0.324,0.228,5.9109,-0.1291,4.0828,1.0,1.0,25.0,10.934
Car A,771,51.4,3,10.531,1,10.531,-0.042,-0.042,6.0041,-0.0875,-0.0386,1.0,-0.008,-0.101,-10.927
Car B,771,51.4,3,21.458,1,21.38,0.45,0.263,5.9034,-0.1132,4.2479,1.0,1.0,24.999,10.927
Car A,772,51.4667,3,10.931,1,10.931,-0.042,-0.042,6.003,-0.0167,-0.0224,1.0,-0.012,-0.191,-10.918
Car B,772,51.4667,3,21.85,1,21.748,0.595,0.318,5.8968,-0.0986,4.377,1.0,1.0,24.999,10.918
Car A,773,51.5333,3,11.331,1,11.332,-0.043,-0.043,5.9976,-0.0815,-0.0205,1.0,-0.0095,-0.291,-10.963
Car B,773,51.5333,3,22.294,1,22.107,0.759,0.333,5.8909,-0.0885,4.4786,1.0,1.0,24.999,10.963
Car A,774,51.6,3,11.731,1,11.731,-0.044,-0.044,5.9925,-0.0759,-0.0794,1.0,-0.0043,-0.235,-10.956
Car B,774,51.6,3,22.687,1,22.457,0.941,0.367,5.8856,-0.0795,4.5572,1.0,1.0,24.999,10.956
Car A,775,51.6667,3,12.131,1,12.131,-0.046,-0.046,6.0011,0.1288,-0.0445,1.0,-0.0028,-0.107,-11.01
Car B,775,51.6667,3,23.141,1,22.796,1.141,0.378,5.8808,-0.0711,4.6207,1.0,1.0,24.999,11.01
Car A,776,51.7333,3,12.531,1,12.531,-0.047,-0.047,6.0012,0.0015,-0.0017,1.0,-0.0025,-0.069,-11.004
Car B,776,51.7333,3,23.535,1,23.125,1.359,0.392,5.8764,-0.066,4.6689,1.0,1.0,24.999,11.004
Car A,777,51.8,3,12.931,1,12.931,-0.049,-0.049,6.0016,0.0063,-0.0273,1.0,0.0003,-0.062,-11.061
Car B,777,51.8,3,23.992,1,23.44,1.595,0.398,5.8724,-0.06,4.709,1.0,1.0,24.999,11.061
Car A,778,51.8667,3,13.332,1,13.332,-0.051,-0.051,6.0051,0.0527,-0.0192,1.0,0.0035,0.006,-11.054
Car B,778,51.8667,3,24.385,1,23.743,1.847,0.393,5.8687,-0.0561,4.7397,1.0,1.0,24.999,11.054
Car A,779,51.9333,3,13.732,1,13.732,-0.053,-0.053,6.0047,-0.0071,-0.0026,1.0,0.0059,0.084,-11.11
Car B,779,51.9333,3,24.842,1,24.03,2.115,0.394,5.8653,-0.0516,4.7654,1.0,1.0,24.999,11.11
Car A,780,52.0,3,14.132,1,14.132,-0.055,-0.055,6.0023,-0.0355,0.0093,1.0,0.0085,0.142,-11.102
Car B,780,52.0,3,25.234,1,24.303,2.398,0.37,5.8619,-0.05,4.784,1.0,1.0,24.999,11.102
Car A,781,52.0667,3,14.532,1,14.533,-0.057,-0.057,6.0014,-0.0139,0.0205,1.0,0.0101,0.204,-11.153
Car B,781,52.0667,3,25.685,1,24.56,2.696,0.367,5.8588,-0.0461,4.8001,1.0,1.0,24.999,11.153
Car A,782,52.1333,3,14.933,1,14.933,-0.058,-0.058,5.9993,-0.0305,0.0352,1.0,0.0121,0.245,-11.143
Car B,782,52.1333,3,26.076,1,24.8,3.007,0.325,5.8558,-0.0451,4.8113,1.0,1.0,24.999,11.143
Car A,783,52.2,3,15.333,1,15.333,-0.06,-0.06,5.9991,-0.0039,0.0409,1.0,0.0171,0.293,-11.135
Car B,783,52.2,3,26.468,1,25.022,3.331,0.305,5.853,-0.0432,4.821,1.0,1.0,24.999,11.135
Car A,784,52.2667,3,15.732,1,15.732,-0.061,-0.061,5.9981,-0.0138,0.0059,1.0,0.0188,0.414,-11.173
Car B,784,52.2667,3,26.905,1,25.226,3.666,0.26,5.8502,-0.0415,4.8287,1.0,1.0,24.999,11.173
Car A,785,52.3333,3,16.132,1,16.132,-0.061,-0.061,5.9965,-0.0254,0.083,1.0,0.0389,0.457,-11.163
Car B,785,52.3333,3,27.295,1,25.411,4.012,0.222,5.8475,-0.0404,4.8349,1.0,1.0,24.999,11.163
Car A,786,52.4,3,16.531,1,16.532,-0.059,-0.059,5.9765,-0.2996,0.3024,1.0,0.0033,0.944,-11.186
Car B,786,52.4,3,27.717,1,25.577,4.367,0.178,5.8449,-0.0392,4.8392,1.0,1.0,24.999,11.186
Car A,787,52.4667,3,16.931,1,16.931,-0.058,-0.058,6.0045,0.4196,0.1043,0.8363,0.0192,0.086,-11.174
Car B,787,52.4667,3,28.105,1,25.722,4.731,0.121,5.8424,-0.038,4.8431,1.0,1.0,24.999,11.174
Car A,788,52.5333,3,17.323,1,17.323,-0.056,-0.056,5.8208,-2.755,0.1395,0.8433,0.0066,0.479,-11.185
Car B,788,52.5333,3,28.508,1,25.847,5.103,0.082,5.8398,-0.0376,4.8466,1.0,1.0,24.999,11.185
Car A,789,52.6,3,17.704,1,17.704,-0.054,-0.054,5.6416,-2.6883,0.0413,0.8405,0.0175,0.166,-11.189
Car B,789,52.6,3,28.893,1,25.952,5.48,0.007,5.8374,-0.0364,4.8479,1.0,1.0,24.999,11.189
Car A,790,52.6667,3,18.073,1,18.073,-0.051,-0.051,5.4644,-2.6576,0.1216,1.0,0.5528,0.437,-11.208
Car B,790,52.6667,3,29.281,1,26.035,5.863,-0.046,5.835,-0.036,4.8495,1.0,1.0,24.999,11.208
Car A,791,52.7333,3,18.437,1,18.437,-0.043,-0.043,5.4673,0.0437,0.9447,0.9133,0.0079,13.799,-11.227
Car B,791,52.7333,3,29.664,1,26.097,6.249,-0.097,5.8327,-0.0349,4.8522,1.0,1.0,24.999,11.227
Car A,792,52.8,3,18.802,1,18.802,-0.03,-0.03,5.4724,0.0759,0.1138,1.0,1.0,0.218,-11.252
Car B,792,52.8,3,30.053,1,26.137,6.638,-0.137,5.8304,-0.0347,4.8517,1.0,1.0,24.999,11.252
Car A,793,52.8667,3,19.166,1,19.166,-0.016,-0.016,5.4738,0.022,0.7535,1.0,1.0,24.963,-11.278
Car B,793,52.8667,3,30.444,1,26.156,7.029,-0.156,5.8281,-0.034,4.8526,1.0,0.9884,24.999,11.278
Car A,794,52.9333,3,19.53,1,19.53,0.011,0.011,5.4652,-0.1288,1.7792,0.8721,0.1837,25.0,-11.305
Car B,794,52.9333,3,30.834,1,26.153,7.419,-0.153,5.826,-0.0313,4.8524,1.0,0.8501,24.71,11.305
Car A,795,53.0,3,19.893,1,19.893,0.045,0.045,5.4584,-0.1027,1.3769,1.0,0.8319,4.622,-11.332
Car B,795,53.0,3,31.225,1,26.128,7.81,-0.128,5.8263,0.0045,4.8311,1.0,0.0389,21.258,11.332
Car A,796,53.0667,3,20.26,1,20.254,0.088,0.068,5.4556,-0.0427,2.0099,1.0,1.0,20.771,-11.354
Car B,796,53.0667,3,31.614,1,26.091,8.199,-0.091,5.8651,0.582,3.41,1.0,-0.4097,1.003,11.354
Car A,797,53.1333,3,20.623,1,20.614,0.147,0.099,5.4481,-0.1117,2.6134,1.0,1.0,24.993,-11.382
Car B,797,53.1333,3,32.006,1,26.059,8.591,-0.059,5.8907,0.3831,1.1802,1.0,-0.2573,-10.225,11.382
Car A,798,53.2,3,21.006,1,20.97,0.223,0.138,5.4422,-0.0887,3.0762,1.0,1.0,25.0,-11.392
Car B,798,53.2,3,32.398,1,26.038,8.983,-0.038,5.8953,0.0688,-0.1807,1.0,-0.1849,-6.438,11.392
Car A,799,53.2667,3,21.37,1,21.321,0.316,0.146,5.437,-0.0778,3.4463,1.0,1.0,25.0,-11.421
Car B,799,53.2667,3,32.791,1,26.03,9.376,-0.03,5.8961,0.0128,-1.1556,1.0,-0.092,-4.625,11.421
Car A,800,53.3333,3,21.733,1,21.668,0.427,0.173,5.4331,-0.0583,3.7384,1.0,1.0,25.0,-11.452
Car B,800,53.3333,3,33.185,1,26.028,9.77,-0.028,5.9495,0.8009,-0.8441,1.0,-0.01,-2.304,11.452
Car A,801,53.4,3,22.126,1,22.008,0.557,0.184,5.4304,-0.0407,3.9688,1.0,1.0,25.0,-11.456
Car B,801,53.4,3,33.583,1,26.023,10.168,-0.023,5.9851,0.5335,-0.0847,1.0,-0.1931,-0.252,11.456
Car A,802,53.4667,3,22.49,1,22.341,0.704,0.193,5.4289,-0.0219,4.151,1.0,1.0,24.999,-11.491
Car B,802,53.4667,3,33.981,1,26.021,10.566,-0.021,5.9821,-0.0442,-0.9197,1.0,-0.0717,-4.819,11.491
Car A,803,53.5333,3,22.888,1,22.666,0.87,0.215,5.4285,-0.0063,4.2951,1.0,1.0,24.999,-11.493
Car B,803,53.5333,3,34.381,1,26.025,10.966,-0.025,6.0028,0.31,-0.68,1.0,-0.1832,-1.796,11.493
Car A,804,53.6,3,23.252,1,22.98,1.054,0.207,5.4289,0.0054,4.4101,1.0,1.0,24.999,-11.529
Car B,804,53.6,3,34.781,1,26.035,11.366,-0.035,5.9939,-0.1325,-1.4423,1.0,-0.0308,-4.574,11.529
Car A,805,53.6667,3,23.616,1,23.284,1.255,0.22,5.43,0.0169,4.5021,1.0,1.0,24.999,-11.564
Car B,805,53.6667,3,35.18,1,26.05,11.765,-0.05,5.9986,0.0704,-0.3856,1.0,0.017,-0.776,11.564
Car A,806,53.7333,3,24.016,1,23.576,1.474,0.217,5.4317,0.0258,4.5757,1.0,1.0,24.999,-11.564
Car B,806,53.7333,3,35.58,1,26.057,12.165,-0.057,6.0122,0.203,0.1863,1.0,0.47,0.411,11.564
Car A,807,53.8,3,24.381,1,23.855,1.709,0.215,5.4339,0.0328,4.6362,1.0,1.0,24.999,-11.599
Car B,807,53.8,3,35.981,1,26.059,12.566,-0.059,6.0089,-0.0485,0.9745,1.0,0.4768,11.732,11.599
Car A,808,53.8667,3,24.782,1,24.12,1.96,0.225,5.4364,0.038,4.6836,1.0,1.0,24.999,-11.599
Car B,808,53.8667,3,36.381,1,26.046,12.966,-0.046,6.001,-0.1189,1.8116,1.0,1.0,11.921,11.599
Car A,809,53.9333,3,25.147,1,24.37,2.226,0.207,5.4393,0.0427,4.7211,1.0,1.0,24.999,-11.633
Car B,809,53.9333,3,36.78,1,26.019,13.365,-0.019,5.987,-0.2108,2.5113,1.0,1.0,24.979,11.633
Car A,810,54.0,3,25.513,1,24.605,2.507,0.211,5.4424,0.0471,4.7542,1.0,1.0,24.999,-11.664
Car B,810,54.0,3,37.177,1,25.975,13.762,0.025,5.9741,-0.1935,3.0301,1.0,1.0,25.0,11.664
Car A,811,54.0667,3,25.912,1,24.823,2.801,0.198,5.4457,0.049,4.7789,1.0,1.0,24.999,-11.665
Car B,811,54.0667,3,37.577,1,25.913,14.156,0.075,5.9619,-0.1822,3.4338,1.0,1.0,25.0,11.665
Car A,812,54.1333,3,26.278,1,25.023,3.107,0.188,5.4491,0.0514,4.799,1.0,1.0,24.999,-11.695
Car B,812,54.1333,3,37.973,1,25.833,14.546,0.124,5.9511,-0.1629,3.7518,1.0,1.0,25.0,11.695
Car A,813,54.2,3,26.674,1,25.205,3.425,0.188,5.4526,0.0519,4.8145,1.0,1.0,24.999,-11.72
Car B,813,54.2,3,38.394,1,25.734,14.931,0.189,5.9416,-0.1422,3.9946,1.0,1.0,25.0,11.72
Car A,814,54.2667,3,27.04,1,25.367,3.754,0.163,5.4561,0.0529,4.8268,1.0,1.0,24.999,-11.751
Car B,814,54.2667,3,38.791,1,25.616,15.311,0.215,5.9332,-0.1253,4.1809,1.0,1.0,25.0,11.751
Car A,815,54.3333,3,27.407,1,25.511,4.091,0.16,5.4597,0.0536,4.8372,1.0,1.0,24.999,-11.779
Car B,815,54.3333,3,39.185,1,25.479,15.684,0.261,5.9258,-0.1107,4.3245,1.0,1.0,24.999,11.779
Car A,816,54.4,3,27.798,1,25.634,4.437,0.138,5.4633,0.0538,4.8458,1.0,1.0,24.999,-11.826
Car B,816,54.4,3,39.624,1,25.323,16.049,0.279,5.9193,-0.0981,4.4385,1.0,1.0,24.999,11.826
Car A,817,54.4667,3,28.165,1,25.737,4.79,0.121,5.4668,0.0535,4.8524,1.0,1.0,24.999,-11.855
Car B,817,54.4667,3,40.02,1,25.149,16.405,0.304,5.9133,-0.0894,4.5257,1.0,1.0,24.999,11.855
Car A,818,54.5333,3,28.552,1,25.819,5.148,0.114,5.4704,0.0537,4.8579,1.0,1.0,24.999,-11.914
Car B,818,54.5333,3,40.466,1,24.956,16.75,0.319,5.908,-0.0798,4.5952,1.0,1.0,24.999,11.914
Car A,819,54.6,3,28.918,1,25.879,5.511,0.082,5.4739,0.0529,4.8606,1.0,1.0,24.999,-11.944
Car B,819,54.6,3,40.862,1,24.745,17.085,0.323,5.9031,-0.0742,4.6502,1.0,1.0,24.999,11.944
Car A,820,54.6667,3,29.286,1,25.918,5.877,0.072,5.4774,0.0526,4.865,1.0,0.9403,24.999,-12.024
Car B,820,54.6667,3,41.31,1,24.517,17.408,0.333,5.8985,-0.0679,4.6922,1.0,1.0,24.999,12.024
Car A,821,54.7333,3,29.66,1,25.936,6.245,0.064,5.4819,0.0667,4.8596,1.0,0.9539,23.51,-12.045
Car B,821,54.7333,3,41.705,1,24.271,17.718,0.319,5.8943,-0.0632,4.727,1.0,1.0,24.999,12.045
Car A,822,54.8,3,30.028,1,25.931,6.613,0.069,5.486,0.0613,4.8612,1.0,0.3281,23.847,-12.123
Car B,822,54.8,3,42.151,1,24.01,18.014,0.325,5.8905,-0.0581,4.7546,1.0,1.0,24.999,12.123
Car A,823,54.8667,3,30.398,1,25.914,6.983,0.086,5.5477,0.9254,3.1918,1.0,-0.2485,8.228,-12.147
Car B,823,54.8667,3,42.545,1,23.733,18.296,0.291,5.8867,-0.0564,4.7755,1.0,1.0,24.999,12.147
Car A,824,54.9333,3,30.769,1,25.901,7.354,0.099,5.5821,0.5158,1.4821,1.0,-0.2723,-6.191,-12.17
Car B,824,54.9333,3,42.939,1,23.441,18.561,0.279,5.8831,-0.0536,4.7932,1.0,1.0,24.999,12.17
Car A,825,55.0,3,31.142,1,25.899,7.727,0.101,5.5952,0.197,0.0691,1.0,-0.2584,-6.806,-12.233
Car B,825,55.0,3,43.375,1,23.135,18.81,0.242,5.8797,-0.0509,4.8049,1.0,1.0,24.999,12.233
Car A,826,55.0667,3,31.515,1,25.908,8.1,0.092,5.6025,0.11,-0.9382,1.0,-0.103,-6.461,-12.253
Car B,826,55.0667,3,43.768,1,22.816,19.042,0.211,5.8765,-0.049,4.8158,1.0,1.0,24.999,12.253
Car A,827,55.1333,3,31.891,1,25.926,8.476,0.074,5.6885,1.2905,-0.8437,1.0,-0.0199,-2.581,-12.3
Car B,827,55.1333,3,44.191,1,22.485,19.256,0.175,5.8733,-0.0471,4.8242,1.0,1.0,24.999,12.3
Car A,828,55.2,3,32.273,1,25.942,8.858,0.058,5.7693,1.2114,-0.1873,1.0,-0.0116,-0.501,-12.309
Car B,828,55.2,3,44.582,2,22.143,19.451,0.125,5.8703,-0.0455,4.8305,1.0,1.0,24.999,12.309
Car A,829,55.2667,3,32.663,1,25.956,9.248,0.044,5.9084,2.0863,-0.1147,1.0,0.0142,-0.29,-12.327
Car B,829,55.2667,3,44.99,2,21.791,19.627,0.091,5.8673,-0.0451,4.837,1.0,1.0,24.999,12.327
Car A,830,55.3333,3,33.06,1,25.968,9.645,0.032,5.9808,1.086,0.1699,1.0,0.0149,0.346,-12.317
Car B,830,55.3333,3,45.377,2,21.43,19.784,0.024,5.8643,-0.044,4.8396,1.0,1.0,24.999,12.317
Car A,831,55.4,3,33.459,1,25.98,10.044,0.02,5.9949,0.2116,0.063,0.875,0.0728,0.362,-12.309
Car B,831,55.4,3,45.768,2,21.062,19.92,-0.023,5.8615,-0.042,4.8436,1.0,1.0,24.999,12.309
Car A,832,55.4667,3,33.853,1,25.988,10.438,0.012,5.8605,-2.0161,0.5736,0.9306,0.0319,1.818,-12.296
Car B,832,55.4667,3,46.149,2,20.686,20.035,-0.089,5.8588,-0.0416,4.8458,1.0,1.0,24.999,12.296
Car A,833,55.5333,3,34.238,1,25.994,10.823,0.006,5.7064,-2.3118,0.2764,0.9361,0.037,0.8,-12.299
Car B,833,55.5333,3,46.537,2,20.305,20.13,-0.153,5.856,-0.041,4.847,1.0,1.0,24.999,12.299
Car A,834,55.6,3,34.615,1,25.999,11.2,0.001,5.6545,-0.7789,0.3743,0.8601,-0.0132,0.906,-12.296
Car B,834,55.6,3,46.911,2,19.919,20.203,-0.203,5.8533,-0.0408,4.8491,1.0,1.0,24.999,12.296
Car A,835,55.6667,3,34.986,1,26.005,11.571,-0.005,5.501,-2.3018,-0.0842,0.8698,0.1188,-0.328,-12.314
Car B,835,55.6667,3,47.3,2,19.53,20.255,-0.255,5.8507,-0.039,4.8504,1.0,1.0,24.999,12.314
Car A,836,55.7333,3,35.352,1,26.008,11.937,-0.008,5.4738,-0.4083,0.675,1.0,1.0,2.964,-12.34
Car B,836,55.7333,3,47.692,2,19.139,20.285,-0.285,5.8481,-0.0389,4.8517,1.0,1.0,24.999,12.34
Car A,837,55.8,3,35.717,1,25.999,12.302,0.001,5.4729,-0.0135,1.2424,1.0,0.9083,24.967,-12.367
Car B,837,55.8,3,48.084,2,18.746,20.294,-0.294,5.8457,-0.0369,4.8526,1.0,0.9657,24.999,12.367
Car A,838,55.8667,3,36.081,1,25.977,12.666,0.023,5.4632,-0.1449,2.1618,0.4993,-0.587,22.712,-12.395
Car B,838,55.8667,3,48.475,2,18.355,20.281,-0.281,5.8435,-0.0319,4.8494,1.0,0.8496,24.144,12.395
Car A,839,55.9333,3,36.442,1,25.948,13.027,0.052,5.428,-0.529,1.272,1.0,0.8242,-14.619,-12.424
Car B,839,55.9333,3,48.866,2,17.964,20.246,-0.246,5.8434,-0.0022,4.8312,1.0,0.624,21.244,12.424
Car A,840,56.0,3,36.801,1,25.917,13.386,0.083,5.4154,-0.1881,1.407,0.6908,-0.1741,20.553,-12.453
Car B,840,56.0,3,49.254,2,17.576,20.19,-0.19,5.8531,0.1456,4.7743,1.0,-1.0,15.609,12.453
Car A,841,56.0667,3,37.161,1,25.885,13.746,0.115,5.4039,-0.1731,-0.0511,0.9933,0.5144,-4.312,-12.48
Car B,841,56.0667,3,49.641,2,17.189,20.125,-0.125,5.8715,0.2757,2.883,1.0,-0.5558,-24.939,12.48
Car A,842,56.1333,3,37.531,1,25.859,14.106,0.132,5.4069,0.0449,0.5757,1.0,1.0,12.833,-12.497
Car B,842,56.1333,3,50.029,2,16.802,20.063,-0.063,5.8919,0.3057,1.072,1.0,-0.4522,-13.911,12.497
Car A,843,56.2,3,37.892,1,25.82,14.464,0.143,5.404,-0.043,1.4867,1.0,1.0,24.981,-12.527
Car B,843,56.2,3,50.418,2,16.412,20.012,-0.012,5.8938,0.0288,-0.2609,1.0,-0.4427,-11.307,12.527
Car A,844,56.2667,3,38.251,1,25.766,14.82,0.168,5.3976,-0.0954,2.1573,1.0,1.0,25.0,-12.558
Car B,844,56.2667,3,50.809,2,16.021,19.975,0.025,5.8909,-0.0434,-1.2649,1.0,-0.44,-11.068,12.558
Car A,845,56.3333,3,38.639,1,25.697,15.174,0.168,5.3919,-0.0867,2.7088,1.0,1.0,25.0,-12.563
Car B,845,56.3333,3,51.201,2,15.629,19.951,0.049,5.8846,-0.0947,-2.02,1.0,-0.4301,-11.0,12.563
Car A,846,56.4,3,38.999,1,25.61,15.524,0.17,5.3865,-0.0799,3.1484,1.0,1.0,25.0,-12.595
Car B,846,56.4,3,51.594,2,15.236,19.943,0.057,5.879,-0.083,-2.6209,1.0,-0.2991,-10.753,12.595
Car A,847,56.4667,3,39.388,1,25.507,15.869,0.179,5.3822,-0.065,3.5073,1.0,1.0,25.0,-12.6
Car B,847,56.4667,3,51.988,2,14.842,19.948,0.052,5.9347,0.8358,-2.665,1.0,-0.1643,-7.482,12.6
Car A,848,56.5333,3,39.748,1,25.385,16.208,0.162,5.3793,-0.0433,3.7795,1.0,1.0,25.0,-12.638
Car B,848,56.5333,3,52.386,2,14.444,19.959,0.041,5.997,0.9341,-1.5259,1.0,-0.0668,-4.115,12.638
Car A,849,56.6,3,40.109,1,25.245,16.541,0.164,5.3775,-0.0269,4.002,1.0,1.0,25.0,-12.676
Car B,849,56.6,3,52.785,2,14.045,19.967,0.033,5.9891,-0.1182,-0.6509,1.0,-0.0355,-1.675,12.676
Car A,850,56.6667,3,40.495,1,25.087,16.865,0.147,5.377,-0.0079,4.1747,1.0,1.0,24.999,-12.69
Car B,850,56.6667,3,53.185,2,13.645,19.972,0.028,5.9911,0.03,-0.3629,1.0,-0.0067,-0.887,12.69
Car A,851,56.7333,3,40.856,1,24.911,17.18,0.132,5.3774,0.0056,4.314,1.0,1.0,24.999,-12.729
Car B,851,56.7333,3,53.585,2,13.245,19.975,0.025,6.0109,0.2967,-0.1778,1.0,0.0051,-0.174,12.729
Car A,852,56.8,3,41.238,1,24.718,17.485,0.131,5.3787,0.0194,4.4252,1.0,1.0,24.999,-12.747
Car B,852,56.8,3,53.985,2,12.845,19.978,0.022,5.9987,-0.1826,-0.047,1.0,-0.0014,0.119,12.747
Car A,853,56.8667,3,41.598,1,24.507,17.779,0.1,5.3806,0.0298,4.5125,1.0,1.0,24.999,-12.787
Car B,853,56.8667,3,54.385,2,12.445,19.98,0.02,6.0081,0.1399,0.0368,1.0,-0.0075,-0.031,12.787
Car A,854,56.9333,3,41.959,1,24.279,18.06,0.091,5.3832,0.0383,4.5859,1.0,1.0,24.999,-12.826
Car B,854,56.9333,3,54.785,2,12.045,19.983,0.017,6.0032,-0.0728,-0.023,1.0,0.012,-0.182,12.826
Car A,855,57.0,3,42.335,1,24.036,18.327,0.07,5.3862,0.0449,4.6428,1.0,1.0,24.999,-12.851
Car B,855,57.0,3,55.185,2,11.645,19.985,0.015,6.0015,-0.0262,-0.072,1.0,0.0168,0.286,12.851
Car A,856,57.0667,3,42.696,1,23.777,18.58,0.046,5.3896,0.0513,4.6895,1.0,1.0,24.999,-12.889
Car B,856,57.0667,3,55.585,2,11.245,19.986,0.014,5.997,-0.0671,-0.0389,1.0,0.0014,0.405,12.889
Car A,857,57.1333,3,43.058,1,23.503,18.817,0.043,5.3933,0.0552,4.7266,1.0,1.0,24.999,-12.926
Car B,857,57.1333,3,55.985,2,10.845,19.987,0.013,5.9946,-0.0366,0.0607,1.0,-0.0186,0.043,12.926
Car A,858,57.2,3,43.426,1,23.215,19.038,0.005,5.3972,0.0587,4.7575,1.0,1.0,24.999,-12.959
Car B,858,57.2,3,56.385,2,10.445,19.989,0.011,5.9957,0.0178,-0.1669,1.0,0.0276,-0.451,12.959
Car A,859,57.2667,3,43.788,1,22.915,19.242,-0.011,5.4013,0.0612,4.7829,1.0,1.0,24.999,-12.997
Car B,859,57.2667,3,56.785,2,10.045,19.99,0.01,6.0173,0.3234,0.3036,1.0,-0.0416,0.679,12.997
Car A,860,57.3333,3,44.149,1,22.603,19.428,-0.03,5.4055,0.0635,4.8019,1.0,1.0,24.999,-13.037
Car B,860,57.3333,3,57.186,2,9.644,19.992,0.008,6.0111,-0.0926,-0.3998,1.0,0.0489,-1.038,13.037
Car A,861,57.4,3,44.511,1,22.28,19.595,-0.061,5.4098,0.0637,4.8165,1.0,1.0,24.999,-13.076
Car B,861,57.4,3,57.587,2,9.243,19.994,0.006,6.0071,-0.0606,0.462,1.0,-0.0517,1.217,13.076
Car A,862,57.4667,3,44.875,2,21.948,19.743,-0.07,5.414,0.0639,4.8308,1.0,1.0,24.999,-13.112
Car B,862,57.4667,3,57.987,2,8.843,19.995,0.005,6.0036,-0.0517,-0.4499,1.0,0.0511,-1.289,13.112
Car A,863,57.5333,3,45.226,2,21.607,19.871,-0.103,5.4183,0.0648,4.8403,1.0,1.0,24.999,-13.161
Car B,863,57.5333,3,58.387,2,8.443,19.997,0.003,6.0018,-0.0282,0.4332,1.0,-0.0387,1.273,13.161
Car A,864,57.6,3,45.59,2,21.259,19.979,-0.126,5.4227,0.0649,4.8481,1.0,1.0,24.999,-13.198
Car B,864,57.6,3,58.787,2,8.043,19.998,0.002,5.9975,-0.0645,-0.3657,1.0,0.0465,-0.964,13.198
Car A,865,57.6667,3,45.934,2,20.904,20.066,-0.136,5.4269,0.0642,4.8541,1.0,1.0,24.999,-13.254
Car B,865,57.6667,3,59.187,2,7.643,19.999,0.001,5.9956,-0.0273,0.4458,1.0,-0.0539,1.158,13.254
Car A,866,57.7333,3,46.297,2,20.545,20.131,-0.174,5.4312,0.0643,4.8603,1.0,1.0,24.999,-13.29
Car B,866,57.7333,3,59.587,2,7.243,20.0,-0.0,5.9946,-0.0157,-0.4485,1.0,0.0504,-1.342,13.29
Car A,867,57.8,3,46.662,2,20.183,20.175,-0.189,5.4354,0.0633,4.8652,1.0,1.0,24.999,-13.325
Car B,867,57.8,3,59.987,2,6.843,20.002,-0.002,5.994,-0.0086,0.4172,1.0,-0.0378,1.256,13.325
Car A,868,57.8667,3,47.012,2,19.818,20.198,-0.198,5.4396,0.0624,4.8666,1.0,1.0,24.999,-13.374
Car B,868,57.8667,3,60.386,2,6.444,20.003,-0.003,5.9955,0.0228,-0.3542,1.0,0.0482,-0.942,13.374
Car A,869,57.9333,3,47.378,2,19.452,20.199,-0.199,5.4437,0.0613,4.8691,1.0,1.0,24.999,-13.408
Car B,869,57.9333,3,60.786,2,6.044,20.004,-0.004,5.9988,0.0489,0.4552,1.0,-0.0516,1.202,13.408
Car A,870,58.0,3,47.743,2,19.087,20.178,-0.178,5.4478,0.0618,4.8708,1.0,0.6353,24.999,-13.443
Car B,870,58.0,3,61.186,2,5.644,20.005,-0.005,5.9968,-0.0306,-0.4474,1.0,0.0526,-1.286,13.443
Car A,871,58.0667,3,48.11,2,18.72,20.138,-0.138,5.5116,0.9566,4.4666,1.0,0.1297,15.895,-13.476
Car B,871,58.0667,3,61.586,2,5.244,20.006,-0.006,5.9961,-0.01,0.4259,1.0,-0.0519,1.311,13.476
Car A,872,58.1333,3,48.477,2,18.353,20.089,-0.089,5.5631,0.7731,2.8388,1.0,-0.2624,3.261,-13.508
Car B,872,58.1333,3,61.985,2,4.845,20.007,-0.007,5.9943,-0.0265,-0.4372,1.0,0.0533,-1.292,13.508
Car A,873,58.2,3,48.847,2,17.983,20.046,-0.046,5.592,0.4337,1.0772,1.0,-0.2743,-6.546,-13.537
Car B,873,58.2,3,62.385,2,4.445,20.008,-0.008,5.9928,-0.0229,0.4361,1.0,-0.0566,1.328,13.537
Car A,874,58.2667,3,49.219,2,17.611,20.014,-0.014,5.6028,0.1618,-0.207,1.0,-0.2741,-6.858,-13.565
Car B,874,58.2667,3,62.784,2,4.046,20.009,-0.009,5.9922,-0.0086,-0.4346,1.0,0.0558,-1.411,13.565
Car A,875,58.3333,3,49.593,2,17.237,19.994,0.006,5.6085,0.0856,-1.1583,1.0,-0.2691,-6.853,-13.591
Car B,875,58.3333,3,63.184,2,3.646,20.011,-0.011,5.9912,-0.0149,0.4146,1.0,-0.0434,1.39,13.591
Car A,876,58.4,3,49.967,2,16.863,19.988,0.012,5.6224,0.2083,-1.8565,1.0,-0.2063,-6.728,-13.616
Car B,876,58.4,3,63.583,2,3.247,20.011,-0.011,5.9897,-0.0223,-0.3991,1.0,0.0564,-1.081,13.616
Car A,877,58.4667,3,50.346,2,16.485,19.992,0.008,5.7004,1.1693,-1.8295,1.0,-0.0618,-5.158,-13.637
Car B,877,58.4667,3,63.983,2,2.848,20.012,-0.012,5.9911,0.0198,0.4885,1.0,-0.073,1.405,13.637
Car A,878,58.5333,3,50.728,2,16.102,19.996,0.004,5.7698,1.0415,-0.6049,1.0,-0.0753,-1.55,-13.653
Car B,878,58.5333,3,64.382,2,2.448,20.011,-0.011,5.9905,-0.0088,-0.4125,1.0,0.0547,-1.821,13.653
Car A,879,58.6,3,51.118,2,15.712,19.999,0.001,5.8913,1.8228,-0.7374,1.0,-0.0237,-1.873,-13.663
Car B,879,58.6,3,64.781,2,2.049,20.014,-0.014,5.9895,-0.0147,0.3583,1.0,-0.036,1.361,13.663
Car A,880,58.6667,3,51.513,2,15.317,20.001,-0.001,5.959,1.0152,-0.2359,1.0,-0.0284,-0.594,-13.668
Car B,880,58.6667,3,65.18,2,1.65,20.014,-0.014,5.987,-0.0377,-0.344,1.0,0.0599,-0.896,13.668
Car A,881,58.7333,3,51.911,2,14.919,20.003,-0.003,5.9851,0.392,-0.0609,1.0,-0.0241,-0.693,-13.669
Car B,881,58.7333,3,65.58,2,1.25,20.014,-0.014,5.9886,0.0242,0.5321,1.0,-0.0942,1.494,13.669
Car A,882,58.8,3,52.31,2,14.52,20.006,-0.006,5.9852,0.0001,-0.1418,1.0,-0.0105,-0.592,-13.669
Car B,882,58.8,3,65.979,2,0.851,20.013,-0.013,5.988,-0.0084,-0.4103,1.0,0.0562,-2.349,13.669
Car A,883,58.8667,3,52.709,2,14.121,20.009,-0.009,5.9869,0.0256,-0.1347,1.0,-0.0033,-0.265,-13.669
Car B,883,58.8667,3,66.378,2,0.452,20.015,-0.015,5.988,-0.0008,0.3483,1.0,-0.0382,1.398,13.669
Car A,884,58.9333,3,53.109,2,13.721,20.011,-0.011,5.9992,0.1847,-0.0489,1.0,-0.0011,-0.081,-13.668
Car B,884,58.9333,3,66.777,2,0.053,20.015,-0.015,5.9863,-0.0246,-0.3579,1.0,0.0605,-0.952,13.668
Car A,885,59.0,3,53.509,2,13.321,20.014,-0.014,6.0041,0.0737,-0.0257,1.0,0.0023,-0.028,-13.667
Car B,885,59.0,3,67.176,2,-0.346,20.015,-0.015,5.9861,-0.0031,0.523,1.0,-0.0953,1.508,13.667
Car A,886,59.0667,3,53.909,2,12.921,20.017,-0.017,6.0029,-0.0182,0.0205,1.0,0.0027,0.053,-13.666
Car B,886,59.0667,3,67.575,2,-0.745,20.013,-0.013,5.9864,0.0044,-0.4044,1.0,0.0547,-2.375,13.666
Car A,887,59.1333,3,54.309,2,12.521,20.019,-0.019,6.0008,-0.0316,0.0358,1.0,0.0042,0.065,-13.665
Car B,887,59.1333,3,67.974,2,-1.144,20.015,-0.015,5.9864,-0.0004,0.3543,1.0,-0.0444,1.361,13.665
Car A,888,59.2,3,54.709,2,12.121,20.021,-0.021,6.0014,0.0098,0.0077,1.0,0.0081,0.102,-13.664
Car B,888,59.2,3,68.373,2,-1.543,20.015,-0.015,5.9869,0.0069,-0.4179,1.0,0.0646,-1.106,13.664
Car A,889,59.2667,3,55.11,2,11.721,20.024,-0.024,6.0035,0.0315,0.0106,1.0,0.0108,0.195,-13.663
Car B,889,59.2667,3,68.773,2,-1.943,20.016,-0.016,5.9879,0.0152,0.4952,1.0,-0.0813,1.611,13.663
Car A,890,59.3333,3,55.51,2,11.32,20.026,-0.026,6.0012,-0.0352,0.0354,1.0,0.0118,0.26,-13.662
Car B,890,59.3333,3,69.172,2,-2.342,20.014,-0.014,5.9868,-0.0166,-0.3995,1.0,0.0569,-2.026,13.662
Car A,891,59.4,3,55.91,2,10.92,20.028,-0.028,5.9978,-0.0512,0.0677,1.0,0.0111,0.286,-13.661
Car B,891,59.4,3,69.571,2,-2.741,20.016,-0.016,5.9871,0.0046,0.3511,1.0,-0.0394,1.417,13.661
Car A,892,59.4667,3,56.309,2,10.521,20.03,-0.03,5.9958,-0.0287,0.0507,1.0,0.0112,0.272,-13.66
Car B,892,59.4667,3,69.97,2,-3.14,20.016,-0.016,5.984,-0.0457,-0.3734,1.0,0.0611,-0.98,13.66
Car A,893,59.5333,3,56.709,2,10.121,20.031,-0.031,5.9959,0.0014,0.057,1.0,0.0105,0.273,-13.66
Car B,893,59.5333,3,70.369,2,-3.539,20.016,-0.016,5.9854,0.02,0.5351,1.0,-0.0995,1.522,13.66
Car A,894,59.6,3,57.109,2,9.721,20.032,-0.032,5.9957,-0.0035,0.0663,1.0,0.009,0.256,-13.659
Car B,894,59.6,3,70.768,2,-3.938,20.014,-0.014,5.9852,-0.0029,-0.4042,1.0,0.0531,-2.482,13.659
Car A,895,59.6667,3,57.509,2,9.321,20.033,-0.033,5.9951,-0.0095,0.053,1.0,0.0079,0.221,-13.658
Car B,895,59.6667,3,71.167,2,-4.337,20.016,-0.016,5.9853,0.0025,0.3575,1.0,-0.0494,1.321,13.658
Car A,896,59.7333,3,57.908,2,8.922,20.033,-0.033,5.9956,0.0073,0.0501,1.0,0.0066,0.195,-13.657
Car B,896,59.7333,3,71.566,2,-4.736,20.015,-0.015,5.9844,-0.0134,-0.4328,1.0,0.064,-1.23,13.657
Car A,897,59.8,3,58.308,2,8.522,20.033,-0.033,5.996,0.0072,0.0504,1.0,0.0051,0.163,-13.657
Car B,897,59.8,3,71.965,2,-5.135,20.016,-0.016,5.9854,0.0137,0.4593,1.0,-0.0729,1.596,13.657
Car A,898,59.8667,3,58.708,2,8.122,20.033,-0.033,5.9971,0.0167,0.0177,1.0,0.0047,0.125,-13.656
Car B,898,59.8667,3,72.364,2,-5.534,20.015,-0.015,5.9846,-0.0119,-0.3862,1.0,0.0552,-1.818,13.656
Car A,899,59.9333,3,59.108,2,7.722,20.033,-0.033,5.999,0.0275,0.0361,1.0,0.0031,0.114,-13.655
Car B,899,59.9333,3,72.763,2,-5.933,20.016,-0.016,5.9843,-0.0039,0.3799,1.0,-0.0527,1.376,13.655
Car A,900,60.0,3,59.508,2,7.322,20.033,-0.033,6.0011,0.0318,0.0082,1.0,0.0027,0.075,-13.654
Car B,900,60.0,3,73.161,2,-6.331,20.016,-0.016,5.9833,-0.0147,-0.4235,1.0,0.063,-1.313,13.654
Car A,901,60.0667,3,59.908,2,6.922,20.033,-0.033,5.9996,-0.0221,0.0123,1.0,0.0018,0.066,-13.652
Car B,901,60.0667,3,73.56,2,-6.73,20.016,-0.016,5.9841,0.0113,0.4419,1.0,-0.0674,1.571,13.652
Car A,902,60.1333,3,60.308,2,6.522,20.032,-0.032,6.0008,0.0171,0.0168,1.0,0.0005,0.044,-13.651
Car B,902,60.1333,3,73.959,2,-7.129,20.015,-0.015,5.9828,-0.0189,-0.3908,1.0,0.0571,-1.68,13.651
Car A,903,60.2,3,60.708,2,6.122,20.032,-0.032,6.0015,0.0114,0.0019,1.0,-0.0001,0.014,-13.65
Car B,903,60.2,3,74.358,2,-7.528,20.016,-0.016,5.9818,-0.0154,0.3707,1.0,-0.0502,1.422,13.65
Car A,904,60.2667,3,61.108,2,5.722,20.032,-0.032,6.0001,-0.0209,-0.0053,1.0,-0.0006,-0.001,-13.649
Car B,904,60.2667,3,74.757,2,-7.927,20.016,-0.016,5.9826,0.0118,-0.4133,1.0,0.0618,-1.251,13.649
Car A,905,60.3333,3,61.508,2,5.322,20.031,-0.031,6.0004,0.0042,0.0081,1.0,-0.0017,-0.013,-13.647
Car B,905,60.3333,3,75.156,2,-8.325,20.016,-0.016,5.9838,0.0175,0.457,1.0,-0.0754,1.541,13.647
Car A,906,60.4,3,61.908,2,4.922,20.031,-0.031,6.0002,-0.0026,0.0112,1.0,-0.0029,-0.039,-13.646
Car B,906,60.4,3,75.554,2,-8.724,20.015,-0.015,5.9822,-0.0239,-0.4041,1.0,0.0565,-1.879,13.646
Car A,907,60.4667,3,62.308,2,4.522,20.03,-0.03,6.0007,0.0072,0.0109,1.0,-0.0037,-0.069,-13.645
Car B,907,60.4667,3,75.953,2,-9.123,20.016,-0.016,5.9816,-0.0091,0.3582,1.0,-0.047,1.408,13.645
Car A,908,60.5333,3,62.708,2,4.122,20.03,-0.03,6.0014,0.0102,0.004,1.0,-0.004,-0.089,-13.644
Car B,908,60.5333,3,76.352,2,-9.522,20.016,-0.016,5.9825,0.0134,-0.4096,1.0,0.0621,-1.17,13.644
Car A,909,60.6,3,63.109,2,3.722,20.029,-0.029,6.0023,0.0133,-0.0072,1.0,-0.0034,-0.096,-13.642
Car B,909,60.6,3,76.751,2,-9.921,20.016,-0.016,5.9832,0.011,0.4738,1.0,-0.0815,1.547,13.642
Car A,910,60.6667,3,63.509,2,3.321,20.029,-0.029,6.0026,0.0049,-0.03,1.0,-0.0019,-0.084,-13.641
Car B,910,60.6667,3,77.15,2,-10.319,20.015,-0.015,5.9825,-0.0099,-0.403,1.0,0.0552,-2.031,13.641
Car A,911,60.7333,3,63.909,2,2.921,20.029,-0.029,6.002,-0.009,-0.0131,1.0,-0.0013,-0.047,-13.639
Car B,911,60.7333,3,77.548,2,-10.718,20.016,-0.016,5.9829,0.005,0.3477,1.0,-0.0458,1.374,13.639
Car A,912,60.8,3,64.309,2,2.521,20.029,-0.029,6.0005,-0.0219,-0.0337,1.0,0.0001,-0.032,-13.638
Car B,912,60.8,3,77.947,2,-11.117,20.016,-0.016,5.9822,-0.0099,-0.4166,1.0,0.0623,-1.142,13.638
Car A,913,60.8667,3,64.709,2,2.121,20.029,-0.029,5.9991,-0.0216,0.0242,1.0,-0.0031,0.004,-13.637
Car B,913,60.8667,3,78.346,2,-11.516,20.016,-0.016,5.9831,0.013,0.4773,1.0,-0.084,1.553,13.637
Car A,914,60.9333,3,65.109,2,1.721,20.029,-0.029,6.0015,0.0352,-0.0028,1.0,-0.0034,-0.074,-13.636
Car B,914,60.9333,3,78.745,2,-11.915,20.014,-0.014,5.9826,-0.0075,-0.4078,1.0,0.0547,-2.094,13.636
Car A,915,61.0,3,65.509,2,1.321,20.028,-0.028,6.0002,-0.0196,-0.0001,1.0,-0.0035,-0.083,-13.634
Car B,915,61.0,3,79.144,2,-12.313,20.016,-0.016,5.9827,0.0027,0.355,1.0,-0.0488,1.362,13.634
Car A,916,61.0667,3,65.909,2,0.921,20.028,-0.028,5.9996,-0.0088,-0.0301,1.0,-0.0019,-0.086,-13.633
Car B,916,61.0667,3,79.542,2,-12.712,20.015,-0.015,5.9828,0.0002,-0.4323,1.0,0.0633,-1.214,13.633
Car A,917,61.1333,3,66.309,2,0.521,20.029,-0.029,6.001,0.0221,-0.0379,1.0,0.0004,-0.045,-13.632
Car B,917,61.1333,3,79.941,2,-13.111,20.016,-0.016,5.9836,0.013,0.467,1.0,-0.078,1.579,13.632
Car A,918,61.2,3,66.71,2,0.121,20.029,-0.029,6.0038,0.0416,-0.0052,1.0,0.0006,0.008,-13.631
Car B,918,61.2,3,80.34,2,-13.51,20.014,-0.014,5.9822,-0.0216,-0.3944,1.0,0.055,-1.943,13.631
Car A,919,61.2667,3,67.11,2,-0.28,20.029,-0.029,6.0008,-0.0459,-0.0075,1.0,0.001,0.015,-13.629
Car B,919,61.2667,3,80.739,2,-13.909,20.016,-0.016,5.9832,0.0148,0.3657,1.0,-0.0499,1.369,13.629
Car A,920,61.3333,3,67.51,2,-0.68,20.03,-0.03,6.0006,-0.0019,-0.0118,1.0,0.0015,0.025,-13.628
Car B,920,61.3333,3,81.138,2,-14.308,20.015,-0.015,5.9822,-0.0151,-0.4267,1.0,0.0634,-1.242,13.628
Car A,921,61.4,3,67.91,2,-1.08,20.03,-0.03,6.0006,-0.0006,-0.0057,1.0,0.0015,0.036,-13.627
Car B,921,61.4,3,81.536,2,-14.706,20.016,-0.016,5.9825,0.0053,0.4468,1.0,-0.0712,1.581,13.627
Car A,922,61.4667,3,68.31,2,-1.48,20.03,-0.03,6.0,-0.0084,-0.0009,1.0,0.0012,0.037,-13.625
Car B,922,61.4667,3,81.935,2,-15.105,20.015,-0.015,5.9822,-0.0044,-0.3821,1.0,0.0144,-1.775,13.625
Car A,923,61.5333,3,68.71,2,-1.88,20.03,-0.03,6.0,0.0001,0.0111,1.0,0.0006,0.03,-13.624
Car B,923,61.5333,3,82.334,2,-15.504,20.017,-0.017,5.9964,0.2127,0.1593,1.0,-0.0662,0.352,13.624
Car A,924,61.6,3,69.11,2,-2.28,20.03,-0.03,5.9999,-0.0015,0.0012,1.0,0.0005,0.015,-13.624
Car B,924,61.6,3,82.734,2,-15.904,20.02,-0.02,5.9875,-0.1339,-0.6402,1.0,0.0741,-1.65,13.624
Car A,925,61.6667,3,69.51,2,-2.68,20.03,-0.03,6.0004,0.0076,0.0053,1.0,0.0004,0.013,-13.623
Car B,925,61.6667,3,83.133,2,-16.303,20.024,-0.024,5.9885,0.0156,0.3579,1.0,-0.1844,1.846,13.623
Car A,926,61.7333,3,69.91,2,-3.08,20.03,-0.03,6.0005,0.0001,0.0013,1.0,0.0004,0.01,-13.622
Car B,926,61.7333,3,83.532,2,-16.702,20.025,-0.025,5.9863,-0.033,-0.4386,1.0,-0.0355,-4.599,13.622
Car A,927,61.8,3,70.31,2,-3.48,20.03,-0.03,6.0004,-0.0007,0.0026,1.0,0.0005,0.01,-13.621
Car B,927,61.8,3,83.931,2,-17.101,20.032,-0.032,5.977,-0.1402,-0.3642,1.0,-0.188,-0.889,13.621
Car A,928,61.8667,3,70.71,2,-3.88,20.03,-0.03,6.0004,0.0003,-0.0014,1.0,0.001,0.012,-13.619
Car B,928,61.8667,3,84.33,2,-17.5,20.043,-0.043,5.974,-0.0441,-1.1006,1.0,0.0142,-4.694,13.619
Car A,929,61.9333,3,71.11,2,-4.28,20.03,-0.03,6.0007,0.0048,0.0384,1.0,0.0,0.024,-13.617
Car B,929,61.9333,3,84.728,2,-17.898,20.059,-0.059,5.9772,0.0483,-0.1448,1.0,0.5305,0.347,13.617
Car A,930,62.0,3,71.511,2,-4.68,20.03,-0.03,6.0014,0.0091,-0.011,1.0,0.0017,0.001,-13.616
Car B,930,62.0,3,85.126,2,-18.296,20.065,-0.065,5.9728,-0.066,0.891,1.0,0.572,13.242,13.616
Car A,931,62.0667,3,71.911,2,-5.081,20.03,-0.03,6.0026,0.0191,-0.0004,1.0,0.0016,0.039,-13.613
Car B,931,62.0667,3,85.524,2,-18.694,20.057,-0.057,5.9653,-0.1137,1.7669,1.0,0.4293,14.298,13.613
Car A,932,62.1333,3,72.311,2,-5.481,20.03,-0.03,6.0001,-0.0382,0.0169,1.0,-0.0002,0.038,-13.61
Car B,932,62.1333,3,85.921,2,-19.091,20.033,-0.033,5.9583,-0.104,2.4195,1.0,1.0,10.738,13.61
Car A,933,62.2,3,72.711,2,-5.881,20.03,-0.03,5.9989,-0.0179,0.016,1.0,-0.0029,-0.005,-13.606
Car B,933,62.2,3,86.317,2,-19.486,19.994,0.006,5.9449,-0.2011,2.9659,1.0,1.0,24.977,13.606
Car A,934,62.2667,3,73.111,2,-6.281,20.03,-0.03,6.0018,0.0435,-0.0012,1.0,-0.0038,-0.069,-13.599
Car B,934,62.2667,3,86.709,2,-19.879,19.937,0.063,5.9333,-0.1748,3.3834,1.0,1.0,25.0,13.599
Car A,935,62.3333,3,73.511,2,-6.681,20.03,-0.03,6.0005,-0.0192,-0.0115,1.0,-0.0053,-0.092,-13.598
Car B,935,62.3333,3,87.109,2,-20.268,19.862,0.117,5.9227,-0.1587,3.714,1.0,1.0,25.0,13.598
Car A,936,62.4,3,73.911,2,-7.081,20.03,-0.03,6.0007,0.0028,-0.0288,1.0,-0.0069,-0.128,-13.588
Car B,936,62.4,3,87.499,2,-20.653,19.768,0.18,5.9134,-0.1388,3.9625,1.0,1.0,25.0,13.588
Car A,937,62.4667,3,74.311,2,-7.481,20.029,-0.029,6.0003,-0.0056,-0.038,1.0,-0.0086,-0.168,-13.615
Car B,937,62.4667,3,87.926,2,-21.032,19.655,0.242,5.9053,-0.1216,4.1576,1.0,1.0,25.0,13.615
Car A,938,62.5333,3,74.711,2,-7.881,20.029,-0.029,5.9997,-0.01,-0.0503,1.0,-0.0094,-0.209,-13.608
Car B,938,62.5333,3,88.319,2,-21.405,19.523,0.283,5.8982,-0.1067,4.3086,1.0,1.0,24.999,13.608
Car A,939,62.6,3,75.111,2,-8.281,20.03,-0.03,5.9981,-0.0226,-0.0367,1.0,-0.0108,-0.228,-13.652
Car B,939,62.6,3,88.763,2,-21.77,19.372,0.341,5.892,-0.0939,4.422,1.0,1.0,24.999,13.652
Car A,940,62.6667,3,75.511,2,-8.681,20.03,-0.03,5.9983,0.0018,-0.0336,1.0,-0.0106,-0.262,-13.646
Car B,940,62.6667,3,89.157,3,-22.126,19.202,0.362,5.8863,-0.0842,4.5148,1.0,1.0,24.999,13.646
Car A,941,62.7333,3,75.911,2,-9.081,20.031,-0.031,5.9962,-0.0304,-0.0562,1.0,-0.009,-0.258,-13.638
Car B,941,62.7333,3,89.549,3,-22.472,19.014,0.403,5.8813,-0.0754,4.5857,1.0,1.0,24.999,13.638
Car A,942,62.8,3,76.311,2,-9.481,20.032,-0.032,5.9953,-0.0136,-0.0413,1.0,-0.0066,-0.22,-13.697
Car B,942,62.8,3,90.008,3,-22.808,18.808,0.415,5.8768,-0.068,4.6413,1.0,1.0,24.999,13.697
Car A,943,62.8667,3,76.711,2,-9.88,20.034,-0.034,6.0018,0.0974,-0.0254,1.0,-0.0041,-0.162,-13.69
Car B,943,62.8667,3,90.401,3,-23.132,18.584,0.437,5.8726,-0.0627,4.6882,1.0,1.0,24.999,13.69
Car A,944,62.9333,3,77.111,2,-10.281,20.036,-0.036,6.0014,-0.0058,-0.0349,1.0,-0.0004,-0.1,-13.754
Car B,944,62.9333,3,90.865,3,-23.443,18.343,0.443,5.8688,-0.0575,4.7232,1.0,1.0,24.999,13.754
Car A,945,63.0,3,77.511,2,-10.681,20.038,-0.038,5.9968,-0.0689,-0.0403,1.0,0.0036,-0.014,-13.747
Car B,945,63.0,3,91.258,3,-23.74,18.085,0.446,5.8652,-0.0537,4.7523,1.0,1.0,24.999,13.747
Car A,946,63.0667,3,77.91,2,-11.08,20.04,-0.04,5.9979,0.0157,-0.0103,1.0,0.0055,0.083,-13.812
Car B,946,63.0667,3,91.723,3,-24.023,17.812,0.447,5.8618,-0.0511,4.7735,1.0,1.0,24.999,13.812
Car A,947,63.1333,3,78.31,2,-11.48,20.042,-0.042,6.001,0.0467,0.0079,1.0,0.0078,0.132,-13.805
Car B,947,63.1333,3,92.115,3,-24.29,17.524,0.431,5.8586,-0.0475,4.7911,1.0,1.0,24.999,13.805
Car A,948,63.2,3,78.71,2,-11.88,20.044,-0.044,6.0014,0.0062,0.0242,1.0,0.0096,0.188,-13.866
Car B,948,63.2,3,92.576,3,-24.541,17.222,0.426,5.8556,-0.0457,4.8051,1.0,1.0,24.999,13.866
Car A,949,63.2667,3,79.111,2,-12.281,20.046,-0.046,6.0031,0.0251,0.028,1.0,0.0123,0.231,-13.856
Car B,949,63.2667,3,92.967,3,-24.775,16.906,0.391,5.8528,-0.0423,4.8166,1.0,1.0,24.999,13.856
Car A,950,63.3333,3,79.511,2,-12.681,20.048,-0.048,6.0032,0.0023,0.0518,1.0,0.0131,0.296,-13.848
Car B,950,63.3333,3,93.359,3,-24.991,16.579,0.378,5.8499,-0.0433,4.8252,1.0,1.0,24.999,13.848
Car A,951,63.4,3,79.911,2,-13.081,20.05,-0.05,6.0065,0.0482,0.0499,1.0,0.0157,0.319,-13.897
Car B,951,63.4,3,93.808,3,-25.189,16.24,0.331,5.8472,-0.0397,4.831,1.0,1.0,24.999,13.897
Car A,952,63.4667,3,80.312,2,-13.481,20.051,-0.051,6.0049,-0.0229,0.0474,1.0,0.0174,0.38,-13.887
Car B,952,63.4667,3,94.199,3,-25.367,15.89,0.299,5.8446,-0.0398,4.8365,1.0,1.0,24.999,13.887
Car A,953,63.5333,3,80.712,2,-13.882,20.052,-0.052,6.0069,0.0293,0.0703,1.0,0.0185,0.421,-13.921
Car B,953,63.5333,3,94.633,3,-25.526,15.532,0.25,5.842,-0.0381,4.8401,1.0,1.0,24.999,13.921
Car A,954,63.6,3,81.112,2,-14.282,20.053,-0.053,6.0076,0.0109,0.0665,1.0,0.0197,0.449,-13.909
Car B,954,63.6,3,95.022,3,-25.665,15.166,0.201,5.8395,-0.0377,4.8448,1.0,1.0,24.999,13.909
Car A,955,63.6667,3,81.513,2,-14.683,20.054,-0.054,6.0087,0.0167,0.0775,1.0,0.0197,0.478,-13.925
Car B,955,63.6667,3,95.438,3,-25.783,14.792,0.154,5.8371,-0.0367,4.8468,1.0,1.0,24.999,13.925
Car A,956,63.7333,3,81.914,2,-15.084,20.054,-0.054,6.0098,0.016,0.0795,1.0,0.0232,0.48,-13.91
Car B,956,63.7333,3,95.824,3,-25.88,14.413,0.087,5.8347,-0.0357,4.8492,1.0,1.0,24.999,13.91
Car A,957,63.8,3,82.314,2,-15.484,20.052,-0.052,6.0169,0.1068,0.2665,1.0,0.0071,0.563,-13.898
Car B,957,63.8,3,96.212,3,-25.956,14.029,0.042,5.8324,-0.0349,4.8502,1.0,1.0,24.999,13.898
Car A,958,63.8667,3,82.715,2,-15.885,20.051,-0.051,5.9911,-0.3873,0.1518,1.0,0.007,0.179,-13.888
Car B,958,63.8667,3,96.603,3,-26.011,13.642,-0.011,5.8301,-0.0342,4.8514,1.0,0.9995,24.999,13.888
Car A,959,63.9333,3,83.114,2,-16.284,20.049,-0.049,5.9968,0.0856,0.0212,1.0,0.0438,0.171,-13.878
Car B,959,63.9333,3,96.993,3,-26.043,13.252,-0.043,5.8278,-0.0337,4.8529,1.0,0.7202,24.988,13.878
Car A,960,64.0,3,83.514,2,-16.684,20.045,-0.045,5.9788,-0.2696,0.2272,1.0,0.0043,1.075,-13.87
Car B,960,64.0,3,97.384,3,-26.055,12.862,-0.055,5.8311,0.0493,4.8086,1.0,0.7808,18.014,13.87
Car A,961,64.0667,3,83.913,2,-17.083,20.042,-0.042,5.9882,0.1407,0.1732,0.8536,-0.0329,0.114,-13.862
Car B,961,64.0667,3,97.775,3,-26.045,12.471,-0.045,5.831,-0.0015,4.8144,1.0,-0.0999,19.517,13.862
Car A,962,64.1333,3,84.306,2,-17.476,20.04,-0.04,5.8258,-2.4359,-0.2401,0.8255,0.0547,-0.821,-13.86
Car B,962,64.1333,3,98.166,3,-26.022,12.079,-0.022,5.8689,0.5684,3.3611,1.0,-0.3004,-2.465,13.86
Car A,963,64.2,3,84.689,2,-17.858,20.038,-0.038,5.6959,-1.9484,0.366,1.0,0.6556,1.365,-13.87
Car B,963,64.2,3,98.558,3,-26.005,11.687,-0.005,5.8952,0.3939,1.1437,1.0,-0.2161,-7.503,13.87
Car A,964,64.2667,3,85.068,2,-18.238,20.026,-0.026,5.6935,-0.0363,1.1868,0.9216,-0.0582,16.367,-13.883
Car B,964,64.2667,3,98.952,3,-26.0,11.294,0.0,5.8999,0.0704,-0.2063,1.0,-0.1061,-5.404,13.883
Car A,965,64.3333,3,85.447,2,-18.617,20.009,-0.009,5.6934,-0.0014,0.2797,0.8984,-0.1392,-1.427,-13.898
Car B,965,64.3333,3,99.346,3,-26.006,10.9,-0.006,5.9227,0.3429,-0.9875,1.0,0.0553,-2.655,13.898
Car A,966,64.4,3,85.826,2,-18.996,20.003,-0.003,5.6707,-0.3407,-0.798,1.0,1.0,-3.476,-13.915
Car B,966,64.4,3,99.741,3,-26.012,10.505,-0.012,5.9277,0.0748,0.0615,1.0,-0.0265,1.377,13.915
Car A,967,64.4667,3,86.204,2,-19.374,19.999,0.001,5.6692,-0.0228,0.0248,1.0,1.0,24.957,-13.933
Car B,967,64.4667,3,100.137,3,-26.015,10.108,-0.015,5.9737,0.6895,-0.2714,1.0,0.0421,-0.657,13.933
Car A,968,64.5333,3,86.581,2,-19.751,19.984,0.016,5.6612,-0.1201,1.1965,1.0,1.0,25.0,-13.954
Car B,968,64.5333,3,100.535,3,-26.018,9.71,-0.018,5.9798,0.0917,0.4157,1.0,-0.1922,1.05,13.954
Car A,969,64.6,3,86.96,2,-20.127,19.954,0.036,5.652,-0.1368,1.9782,1.0,1.0,25.0,-13.973
Car B,969,64.6,3,100.934,3,-26.021,9.311,-0.021,5.98,0.0038,-0.5334,1.0,-0.0312,-4.794,13.973
Car A,970,64.6667,3,87.337,2,-20.501,19.909,0.052,5.6428,-0.1383,2.5854,1.0,1.0,25.0,-13.996
Car B,970,64.6667,3,101.333,3,-26.029,8.912,-0.029,5.991,0.1646,-0.2829,1.0,-0.1878,-0.78,13.996
Car A,971,64.7333,3,87.712,2,-20.873,19.846,0.085,5.6341,-0.1313,3.069,1.0,1.0,25.0,-14.02
Car B,971,64.7333,3,101.732,3,-26.041,8.513,-0.041,5.9873,-0.0563,-1.0737,1.0,-0.0103,-4.689,14.02
Car A,972,64.8,3,88.103,2,-21.241,19.766,0.085,5.6266,-0.1125,3.4524,1.0,1.0,25.0,-14.028
Car B,972,64.8,3,102.131,3,-26.058,8.114,-0.058,5.9915,0.064,-0.1114,1.0,0.4573,-0.264,14.028
Car A,973,64.8667,3,88.479,2,-21.604,19.668,0.095,5.6202,-0.095,3.7475,1.0,1.0,25.0,-14.051
Car B,973,64.8667,3,102.53,3,-26.065,7.715,-0.065,5.9901,-0.022,0.8138,1.0,0.4381,11.414,14.051
Car A,974,64.9333,3,88.872,2,-21.962,19.552,0.102,5.6152,-0.0757,3.984,1.0,1.0,25.0,-14.057
Car B,974,64.9333,3,102.93,3,-26.059,7.316,-0.059,5.9834,-0.0994,1.7081,1.0,0.3777,10.952,14.057
Car A,975,65.0,3,89.248,3,-22.313,19.417,0.092,5.6113,-0.0587,4.1664,1.0,1.0,24.999,-14.08
Car B,975,65.0,3,103.328,3,-26.038,6.917,-0.038,5.9767,-0.1014,2.3697,1.0,1.0,9.444,14.08
Car A,976,65.0667,3,89.624,3,-22.656,19.263,0.103,5.6084,-0.0436,4.3095,1.0,1.0,24.999,-14.101
Car B,976,65.0667,3,103.725,3,-26.001,6.52,-0.001,5.9635,-0.1972,2.9304,1.0,1.0,24.975,14.101
Car A,977,65.1333,3,90.016,3,-22.991,19.091,0.078,5.6062,-0.0324,4.4238,1.0,1.0,24.999,-14.104
Car B,977,65.1333,3,104.119,3,-25.946,6.126,0.054,5.9509,-0.1899,3.3507,1.0,1.0,25.0,14.104
Car A,978,65.2,3,90.392,3,-23.315,18.9,0.071,5.6048,-0.0217,4.5128,1.0,1.0,24.999,-14.127
Car B,978,65.2,3,104.519,3,-25.874,5.735,0.105,5.9399,-0.1647,3.6919,1.0,1.0,25.0,14.127
Car A,979,65.2667,3,90.779,3,-23.628,18.692,0.057,5.6039,-0.0131,4.5842,1.0,1.0,24.999,-14.133
Car B,979,65.2667,3,104.911,3,-25.782,5.349,0.166,5.9303,-0.1434,3.9447,1.0,1.0,25.0,14.133
Car A,980,65.3333,3,91.154,3,-23.93,18.467,0.033,5.6035,-0.006,4.6435,1.0,1.0,24.999,-14.183
Car B,980,65.3333,3,105.337,3,-25.672,4.968,0.226,5.9219,-0.1259,4.1401,1.0,1.0,25.0,14.183
Car A,981,65.4,3,91.53,3,-24.218,18.225,0.029,5.6034,-0.0014,4.6877,1.0,1.0,24.999,-14.202
Car B,981,65.4,3,105.731,3,-25.542,4.593,0.264,5.9145,-0.1115,4.2966,1.0,1.0,24.999,14.202
Car A,982,65.4667,3,91.909,3,-24.492,17.967,-0.011,5.6037,0.0044,4.7258,1.0,1.0,24.999,-14.265
Car B,982,65.4667,3,106.174,3,-25.394,4.226,0.32,5.9079,-0.0981,4.4128,1.0,1.0,24.999,14.265
Car A,983,65.5333,3,92.284,3,-24.75,17.694,-0.03,5.6042,0.0071,4.755,1.0,1.0,24.999,-14.285
Car B,983,65.5333,3,106.569,3,-25.226,3.868,0.337,5.9021,-0.0883,4.5082,1.0,1.0,24.999,14.285
Car A,984,65.6,3,92.654,3,-24.993,17.407,-0.056,5.6049,0.0104,4.78,1.0,1.0,24.999,-14.308
Car B,984,65.6,3,106.962,3,-25.04,3.519,0.375,5.8968,-0.0793,4.5804,1.0,1.0,24.999,14.308
Car A,985,65.6667,3,93.029,3,-25.219,17.106,-0.092,5.6057,0.0122,4.7975,1.0,1.0,24.999,-14.389
Car B,985,65.6667,3,107.417,3,-24.836,3.181,0.385,5.892,-0.0721,4.6368,1.0,1.0,24.999,14.389
Car A,986,65.7333,3,93.405,3,-25.428,16.793,-0.106,5.6066,0.0132,4.8131,1.0,1.0,24.999,-14.407
Car B,986,65.7333,3,107.812,3,-24.614,2.854,0.403,5.8875,-0.0664,4.6838,1.0,1.0,24.999,14.407
Car A,987,65.8,3,93.761,3,-25.618,16.468,-0.154,5.6076,0.016,4.8238,1.0,1.0,24.999,-14.51
Car B,987,65.8,3,108.271,3,-24.375,2.54,0.407,5.8835,-0.0612,4.7198,1.0,1.0,24.999,14.51
Car A,988,65.8667,3,94.137,3,-25.79,16.133,-0.184,5.6087,0.0165,4.8334,1.0,1.0,24.999,-14.529
Car B,988,65.8667,3,108.666,3,-24.12,2.24,0.407,5.8796,-0.0577,4.7496,1.0,1.0,24.999,14.529
Car A,989,65.9333,3,94.481,3,-25.942,15.788,-0.213,5.6098,0.0166,4.8418,1.0,1.0,24.999,-14.643
Car B,989,65.9333,3,109.125,3,-23.849,1.954,0.405,5.876,-0.0536,4.7712,1.0,1.0,24.999,14.643
Car A,990,66.0,3,94.855,3,-26.073,15.435,-0.259,5.611,0.0171,4.8478,1.0,1.0,24.999,-14.663
Car B,990,66.0,3,109.518,3,-23.562,1.683,0.386,5.8726,-0.0512,4.789,1.0,1.0,24.999,14.663
Car A,991,66.0667,3,95.231,3,-26.185,15.075,-0.283,5.6121,0.0172,4.8523,1.0,1.0,24.999,-14.741
Car B,991,66.0667,3,109.972,3,-23.262,1.429,0.38,5.8694,-0.0485,4.8024,1.0,1.0,24.999,14.741
Car A,992,66.1333,3,95.56,3,-26.275,14.709,-0.33,5.6133,0.018,4.8561,1.0,1.0,24.999,-14.804
Car B,992,66.1333,3,110.364,3,-22.948,1.192,0.342,5.8663,-0.0469,4.814,1.0,1.0,24.999,14.804
Car A,993,66.2,3,95.935,3,-26.344,14.338,-0.37,5.6145,0.0175,4.8587,1.0,1.0,24.999,-14.822
Car B,993,66.2,3,110.757,3,-22.621,0.972,0.325,5.8632,-0.0459,4.8238,1.0,1.0,24.999,14.822
Car A,994,66.2667,3,96.281,3,-26.392,13.964,-0.392,5.6157,0.0176,4.8605,1.0,1.0,24.999,-14.917
Car B,994,66.2667,3,111.198,3,-22.284,0.771,0.277,5.8603,-0.0438,4.8302,1.0,1.0,24.999,14.917
Car A,995,66.3333,3,96.657,3,-26.418,13.588,-0.418,5.6168,0.0173,4.8629,1.0,1.0,24.999,-14.932
Car B,995,66.3333,3,111.589,3,-21.935,0.589,0.242,5.8574,-0.0427,4.836,1.0,1.0,24.999,14.932
Car A,996,66.4,3,97.034,3,-26.422,13.211,-0.422,5.6179,0.0171,4.8641,1.0,1.0,24.999,-14.981
Car B,996,66.4,3,112.015,3,-21.578,0.426,0.193,5.8547,-0.0404,4.8389,1.0,1.0,24.999,14.981
Car A,997,66.4667,3,97.411,3,-26.405,12.834,-0.405,5.6191,0.0172,4.8649,1.0,0.9484,24.999,-14.993
Car B,997,66.4667,3,112.404,3,-21.212,0.284,0.14,5.852,-0.0406,4.8432,1.0,1.0,24.999,14.993
Car A,998,66.5333,3,97.786,3,-26.366,12.459,-0.366,5.6209,0.0274,4.8601,1.0,0.5603,23.712,-15.024
Car B,998,66.5333,3,112.811,3,-20.839,0.161,0.095,5.8494,-0.04,4.8457,1.0,1.0,24.999,15.024
Car A,999,66.6,3,98.162,3,-26.31,12.084,-0.31,5.678,0.8556,4.2363,1.0,0.1231,14.02,-15.035
Car B,999,66.6,3,113.197,3,-20.46,0.06,0.024,5.8468,-0.0379,4.8477,1.0,1.0,24.999,15.035
Car A,1000,66.6667,3,98.537,3,-26.245,11.708,-0.245,5.7213,0.6498,2.6006,1.0,-0.2473,3.095,-15.048
Car B,1000,66.6667,3,113.586,3,-20.077,-0.02,-0.026,5.8443,-0.0382,4.8497,1.0,1.0,24.999,15.048
Car A,1001,66.7333,3,98.916,3,-26.187,11.329,-0.187,5.7437,0.3357,0.8817,1.0,-0.2635,-6.168,-15.055
Car B,1001,66.7333,3,113.971,3,-19.689,-0.079,-0.079,5.8418,-0.0368,4.851,1.0,1.0,24.999,15.055
Car A,1002,66.8,3,99.296,3,-26.141,10.949,-0.141,5.7509,0.1084,-0.364,1.0,-0.2692,-6.588,-15.065
Car B,1002,66.8,3,114.361,3,-19.299,-0.116,-0.116,5.8394,-0.037,4.852,1.0,1.0,24.999,15.065
Car A,1003,66.8667,3,99.678,3,-26.107,10.567,-0.107,5.752,0.0169,-1.3068,1.0,-0.2614,-6.73,-15.074
Car B,1003,66.8667,3,114.753,3,-18.908,-0.131,-0.131,5.8369,-0.0364,4.8527,1.0,0.8243,24.999,15.074
Car A,1004,66.9333,3,100.062,3,-26.086,10.183,-0.086,5.7627,0.161,-1.9933,1.0,-0.1872,-6.534,-15.082
Car B,1004,66.9333,3,115.144,3,-18.516,-0.125,-0.125,5.8375,0.008,4.8254,1.0,0.1991,20.613,15.082
Car A,1005,67.0,3,100.449,3,-26.075,9.796,-0.075,5.8267,0.9594,-1.7473,1.0,-0.1374,-4.681,-15.087
Car B,1005,67.0,3,115.536,3,-18.124,-0.105,-0.105,5.8827,0.678,3.0503,1.0,-0.2664,5.001,15.087
Car A,1006,67.0667,3,100.841,3,-26.065,9.404,-0.065,5.8903,0.9544,-1.3753,1.0,-0.0721,-3.433,-15.089
Car B,1006,67.0667,3,115.929,3,-17.731,-0.092,-0.092,5.9059,0.3477,1.1878,1.0,0.0124,-6.642,15.089
Car A,1007,67.1333,3,101.236,3,-26.056,9.009,-0.056,5.9611,1.0613,-0.6669,0.8853,-0.1278,-1.801,-15.087
Car B,1007,67.1333,3,116.323,3,-17.337,-0.089,-0.089,5.932,0.3922,0.1287,1.0,0.0839,0.297,15.087
Car A,1008,67.2,3,101.628,3,-26.051,8.617,-0.051,5.828,-1.9964,-1.1054,0.8414,0.0011,-3.192,-15.091
Car B,1008,67.2,3,116.719,3,-16.941,-0.083,-0.083,5.9512,0.2879,0.779,1.0,0.0028,2.094,15.091
Car A,1009,67.2667,3,102.012,3,-26.047,8.233,-0.047,5.7247,-1.5495,-0.1421,0.8696,-0.0538,0.023,-15.104
Car B,1009,67.2667,3,117.116,3,-16.544,-0.077,-0.077,5.9852,0.5097,0.0284,1.0,0.0664,0.074,15.104
Car A,1010,67.3333,3,102.388,3,-26.041,7.857,-0.041,5.5808,-2.1586,-0.4196,1.0,0.945,-1.343,-15.127
Car B,1010,67.3333,3,117.515,3,-16.145,-0.069,-0.069,5.9986,0.2017,0.6369,1.0,-0.0592,1.658,15.127
Car A,1011,67.4,3,102.76,3,-26.033,7.485,-0.033,5.5833,0.0377,0.3589,1.0,0.5067,23.588,-15.155
Car B,1011,67.4,3,117.915,3,-15.745,-0.061,-0.061,5.9986,-0.0009,-0.3407,1.0,0.0478,-1.476,15.155
Car A,1012,67.4667,3,103.132,3,-26.012,7.113,-0.012,5.581,-0.0346,1.4249,1.0,1.0,12.684,-15.183
Car B,1012,67.4667,3,118.315,3,-15.345,-0.056,-0.056,5.9948,-0.0572,0.4125,1.0,-0.0839,1.19,15.183
Car A,1013,67.5333,3,103.502,3,-25.977,6.743,0.023,5.5714,-0.1436,2.1657,1.0,0.365,24.981,-15.212
Car B,1013,67.5333,3,118.715,3,-14.946,-0.05,-0.05,5.9946,-0.0027,-0.4797,1.0,0.0381,-2.092,15.212
Car A,1014,67.6,3,103.873,3,-25.929,6.372,0.071,5.6251,0.8047,2.315,0.5413,-0.3983,9.147,-15.241
Car B,1014,67.6,3,119.114,3,-14.546,-0.047,-0.047,5.993,-0.023,0.3075,1.0,-0.0859,0.946,15.241
Car A,1015,67.6667,3,104.251,3,-25.876,6.004,0.124,5.5554,-1.0451,1.0935,1.0,1.0,-9.928,-15.262
Car B,1015,67.6667,3,119.514,3,-14.147,-0.042,-0.042,5.9922,-0.0122,-0.5467,1.0,0.0427,-2.142,15.262
Car A,1016,67.7333,3,104.62,3,-25.822,5.638,0.149,5.5468,-0.1284,1.4766,1.0,0.9597,24.947,-15.293
Car B,1016,67.7333,3,119.913,3,-13.747,-0.041,-0.041,5.9903,-0.0287,0.2767,1.0,-0.0652,1.062,15.293
Car A,1017,67.8,3,104.989,3,-25.757,5.273,0.185,5.54,-0.1023,2.2392,1.0,0.9228,23.993,-15.324
Car B,1017,67.8,3,120.312,3,-13.348,-0.038,-0.038,5.9883,-0.03,-0.5177,1.0,0.0453,-1.625,15.324
Car A,1018,67.8667,3,105.39,3,-25.674,4.913,0.21,5.5331,-0.1039,2.7782,1.0,1.0,23.07,-15.322
Car B,1018,67.8667,3,120.711,3,-12.949,-0.037,-0.037,5.9877,-0.0096,0.3592,1.0,-0.0804,1.127,15.322
Car A,1019,67.9333,3,105.759,3,-25.575,4.557,0.224,5.5262,-0.1037,3.2184,1.0,1.0,24.997,-15.351
Car B,1019,67.9333,3,121.111,3,-12.55,-0.034,-0.034,5.9876,-0.0016,-0.5253,1.0,0.0471,-2.005,15.351
Car A,1020,68.0,3,106.168,3,-25.458,4.206,0.253,5.5205,-0.0858,3.5582,1.0,1.0,25.0,-15.342
Car B,1020,68.0,3,121.51,3,-12.151,-0.034,-0.034,5.9862,-0.0211,0.3051,1.0,-0.0509,1.172,15.342
Car A,1021,68.0667,3,106.537,3,-25.323,3.862,0.246,5.5159,-0.0686,3.8358,1.0,1.0,25.0,-15.372
Car B,1021,68.0667,3,121.909,3,-11.752,-0.033,-0.033,5.9852,-0.0138,-0.4607,1.0,0.0506,-1.268,15.372
Car A,1022,68.1333,3,106.906,3,-25.17,3.526,0.258,5.5126,-0.0487,4.0447,1.0,1.0,25.0,-15.401
Car B,1022,68.1333,3,122.308,3,-11.353,-0.032,-0.032,5.9869,0.0251,0.4309,1.0,-0.0803,1.259,15.401
Car A,1023,68.2,3,107.317,3,-25.0,3.198,0.254,5.5104,-0.0331,4.2143,1.0,1.0,24.999,-15.39
Car B,1023,68.2,3,122.707,3,-10.953,-0.03,-0.03,5.9866,-0.0054,-0.47,1.0,0.0473,-2.003,15.39
Car A,1024,68.2667,3,107.687,3,-24.811,2.88,0.249,5.5092,-0.0186,4.3461,1.0,1.0,24.999,-15.419
Car B,1024,68.2667,3,123.106,3,-10.554,-0.032,-0.032,5.9859,-0.0104,0.3221,1.0,-0.0442,1.177,15.419
Car A,1025,68.3333,3,108.097,3,-24.606,2.573,0.253,5.5087,-0.0073,4.4528,1.0,1.0,24.999,-15.408
Car B,1025,68.3333,3,123.505,3,-10.155,-0.031,-0.031,5.9861,0.0042,-0.415,1.0,0.0525,-1.101,15.408
Car A,1026,68.4,3,108.466,3,-24.383,2.277,0.231,5.5089,0.0028,4.535,1.0,1.0,24.999,-15.438
Car B,1026,68.4,3,123.904,3,-9.756,-0.03,-0.03,5.9869,0.0119,0.4645,1.0,-0.0787,1.307,15.438
Car A,1027,68.4667,3,108.836,3,-24.144,1.995,0.23,5.5096,0.0105,4.6033,1.0,1.0,24.999,-15.467
Car B,1027,68.4667,3,124.303,3,-9.357,-0.029,-0.029,5.9867,-0.0039,-0.443,1.0,0.0484,-1.963,15.467
Car A,1028,68.5333,3,109.241,3,-23.889,1.727,0.207,5.5107,0.0169,4.6571,1.0,1.0,24.999,-15.461
Car B,1028,68.5333,3,124.702,3,-8.958,-0.03,-0.03,5.9859,-0.0123,0.3375,1.0,-0.04,1.206,15.461
Car A,1029,68.6,3,109.611,3,-23.619,1.474,0.189,5.5122,0.0224,4.7004,1.0,1.0,24.999,-15.49
Car B,1029,68.6,3,125.101,3,-8.559,-0.03,-0.03,5.9861,0.0039,-0.3845,1.0,0.0534,-0.995,15.49
Car A,1030,68.6667,3,110.011,3,-23.335,1.236,0.177,5.514,0.0266,4.7355,1.0,1.0,24.999,-15.49
Car B,1030,68.6667,3,125.5,3,-8.16,-0.03,-0.03,5.988,0.0286,0.4827,1.0,-0.0795,1.331,15.49
Car A,1031,68.7333,3,110.38,3,-23.037,1.016,0.145,5.516,0.0294,4.7639,1.0,1.0,24.999,-15.52
Car B,1031,68.7333,3,125.9,3,-7.761,-0.029,-0.029,5.9882,0.0024,-0.4597,1.0,0.0534,-1.982,15.52
Car A,1032,68.8,3,110.75,3,-22.727,0.813,0.134,5.5181,0.0318,4.7866,1.0,1.0,24.999,-15.549
Car B,1032,68.8,3,126.299,3,-7.362,-0.031,-0.031,5.9867,-0.022,0.3355,1.0,-0.033,1.329,15.549
Car A,1033,68.8667,3,111.14,3,-22.406,0.628,0.098,5.5203,0.034,4.8043,1.0,1.0,24.999,-15.558
Car B,1033,68.8667,3,126.698,3,-6.962,-0.03,-0.03,5.9857,-0.0159,-0.3264,1.0,0.0512,-0.819,15.558
Car A,1034,68.9333,3,111.51,3,-22.074,0.462,0.071,5.5227,0.0358,4.8184,1.0,1.0,24.999,-15.587
Car B,1034,68.9333,3,127.097,3,-6.563,-0.029,-0.029,5.9915,0.0869,0.4877,1.0,-0.0875,1.275,15.587
Car A,1035,69.0,3,111.89,3,-21.733,0.316,0.05,5.5251,0.0362,4.8302,1.0,1.0,24.999,-15.607
Car B,1035,69.0,3,127.497,3,-6.164,-0.028,-0.028,5.9921,0.0092,-0.4441,1.0,0.0498,-2.182,15.607
Car A,1036,69.0667,3,112.259,3,-21.384,0.189,0.008,5.5275,0.0358,4.839,1.0,1.0,24.999,-15.637
Car B,1036,69.0667,3,127.896,3,-5.764,-0.03,-0.03,5.9911,-0.0144,0.3271,1.0,-0.0372,1.239,15.637
Car A,1037,69.1333,3,112.63,3,-21.028,0.083,-0.012,5.53,0.0375,4.8459,1.0,1.0,24.999,-15.666
Car B,1037,69.1333,3,128.295,3,-5.365,-0.03,-0.03,5.9892,-0.0289,-0.3609,1.0,0.0535,-0.925,15.666
Car A,1038,69.2,3,112.996,3,-20.666,-0.001,-0.054,5.5325,0.0376,4.8518,1.0,1.0,24.999,-15.698
Car B,1038,69.2,3,128.695,3,-4.966,-0.029,-0.029,5.9899,0.0116,0.4916,1.0,-0.0874,1.333,15.698
Car A,1039,69.2667,3,113.366,3,-20.3,-0.065,-0.088,5.5349,0.036,4.8566,1.0,1.0,24.999,-15.727
Car B,1039,69.2667,3,129.094,3,-4.566,-0.028,-0.028,5.99,0.0011,-0.465,1.0,0.0543,-2.178,15.727
Car A,1040,69.3333,3,113.73,3,-19.93,-0.107,-0.107,5.5374,0.037,4.8602,1.0,1.0,24.999,-15.763
Car B,1040,69.3333,3,129.493,3,-4.167,-0.031,-0.031,5.9884,-0.0249,0.3225,1.0,-0.0308,1.351,15.763
Car A,1041,69.4,3,114.101,3,-19.559,-0.128,-0.128,5.5398,0.0361,4.8633,1.0,1.0,24.999,-15.791
Car B,1041,69.4,3,129.892,3,-3.768,-0.03,-0.03,5.9875,-0.0135,-0.3053,1.0,0.0509,-0.764,15.791
Car A,1042,69.4667,3,114.474,3,-19.187,-0.127,-0.127,5.5422,0.0359,4.8652,1.0,1.0,24.999,-15.818
Car B,1042,69.4667,3,130.292,3,-3.369,-0.029,-0.029,5.9926,0.0778,0.4853,1.0,-0.0921,1.268,15.818
Car A,1043,69.5333,3,114.845,3,-18.815,-0.104,-0.104,5.5447,0.0368,4.8667,1.0,0.0856,24.999,-15.846
Car B,1043,69.5333,3,130.691,3,-2.969,-0.028,-0.028,5.9931,0.007,-0.449,1.0,0.0508,-2.297,15.846
Car A,1044,69.6,3,115.217,3,-18.443,-0.068,-0.068,5.5902,0.6825,3.4618,1.0,-0.2272,2.175,-15.874
Car B,1044,69.6,3,131.091,3,-2.57,-0.031,-0.031,5.9921,-0.0145,0.3265,1.0,-0.0411,1.264,15.874
Car A,1045,69.6667,3,115.591,3,-18.069,-0.037,-0.037,5.6283,0.5723,1.3084,1.0,-0.2545,-5.669,-15.899
Car B,1045,69.6667,3,131.49,3,-2.17,-0.031,-0.031,5.9909,-0.0186,-0.3882,1.0,0.0569,-1.023,15.899
Car A,1046,69.7333,3,115.966,3,-17.694,-0.018,-0.018,5.6401,0.1761,-0.0431,1.0,-0.2404,-6.36,-15.923
Car B,1046,69.7333,3,131.89,3,-1.771,-0.031,-0.031,5.9896,-0.02,0.4951,1.0,-0.0922,1.417,15.923
Car A,1047,69.8,3,116.342,3,-17.318,-0.01,-0.01,5.6465,0.0964,-1.0281,1.0,-0.1413,-6.011,-15.947
Car B,1047,69.8,3,132.289,3,-1.371,-0.03,-0.03,5.9894,-0.0027,-0.4203,1.0,0.0518,-2.299,15.947
Car A,1048,69.8667,3,116.722,3,-16.938,-0.013,-0.013,5.731,1.2677,-1.2957,1.0,-0.0426,-3.534,-15.966
Car B,1048,69.8667,3,132.688,3,-0.972,-0.032,-0.032,5.9888,-0.009,0.3402,1.0,-0.049,1.289,15.966
Car A,1049,69.9333,3,117.107,3,-16.553,-0.015,-0.015,5.8171,1.2911,-0.3974,1.0,-0.0392,-1.068,-15.98
Car B,1049,69.9333,3,133.087,3,-0.573,-0.032,-0.032,5.9887,-0.0019,-0.4451,1.0,0.064,-1.221,15.98
Car A,1050,70.0,3,117.5,3,-16.16,-0.016,-0.016,5.9425,1.8819,-0.3827,1.0,-0.0143,-0.973,-15.986
Car B,1050,70.0,3,133.487,3,-0.174,-0.033,-0.033,5.9894,0.0112,0.4809,1.0,-0.1,1.595,15.986
Car A,1051,70.0667,3,117.899,3,-15.761,-0.016,-0.016,6.01,1.0121,-0.186,1.0,-0.0112,-0.359,-15.987
Car B,1051,70.0667,4,0.225,1,0.226,-0.032,-0.032,5.9882,-0.018,-0.3961,1.0,0.0531,-2.495,15.987
Car A,1052,70.1333,3,118.3,3,-15.36,-0.016,-0.016,5.9989,-0.167,-0.1421,1.0,-0.0092,-0.275,-15.985
Car B,1052,70.1333,4,0.625,1,0.625,-0.035,-0.035,5.988,-0.0029,0.352,1.0,-0.0624,1.321,15.985
Car A,1053,70.2,3,118.7,3,-14.961,-0.016,-0.016,5.995,-0.0583,-0.0406,1.0,-0.0108,-0.227,-15.985
Car B,1053,70.2,4,1.024,1,1.024,-0.035,-0.035,5.9871,-0.0144,-0.4575,1.0,0.0677,-1.555,15.985
Car A,1054,70.2667,3,119.099,3,-14.561,-0.016,-0.016,5.9981,0.0462,-0.044,1.0,-0.0096,-0.263,-15.984
Car B,1054,70.2667,4,1.423,1,1.423,-0.037,-0.037,5.9858,-0.0193,0.3953,1.0,-0.0544,1.688,15.984
Car A,1055,70.3333,3,119.499,3,-14.161,-0.017,-0.017,5.9957,-0.0359,-0.0254,1.0,-0.0081,-0.236,-15.983
Car B,1055,70.3333,4,1.822,1,1.822,-0.037,-0.037,5.9853,-0.0075,-0.3832,1.0,0.0645,-1.354,15.983
Car A,1056,70.4,3,119.899,3,-13.761,-0.018,-0.018,5.9954,-0.004,-0.0515,1.0,-0.0043,-0.199,-15.982
Car B,1056,70.4,4,2.221,1,2.221,-0.038,-0.038,5.984,-0.019,0.4379,1.0,-0.0693,1.609,15.982
Car A,1057,70.4667,3,120.299,3,-13.362,-0.019,-0.019,5.9971,0.0254,-0.064,1.0,0.0005,-0.107,-15.981
Car B,1057,70.4667,4,2.62,1,2.62,-0.038,-0.038,5.9836,-0.0065,-0.39,1.0,0.0635,-1.727,15.981
Car A,1058,70.5333,3,120.698,3,-12.962,-0.02,-0.02,5.9983,0.0181,-0.018,1.0,0.0015,0.01,-15.98
Car B,1058,70.5333,4,3.018,1,3.019,-0.04,-0.04,5.9824,-0.0182,0.3841,1.0,-0.0504,1.582,15.98
Car A,1059,70.6,3,121.098,3,-12.562,-0.021,-0.021,5.9999,0.0237,-0.0057,1.0,0.0026,0.036,-15.979
Car B,1059,70.6,4,3.417,1,3.417,-0.039,-0.039,5.9824,0.0003,-0.3907,1.0,0.0661,-1.256,15.979
Car A,1060,70.6667,3,121.498,3,-12.162,-0.023,-0.023,6.0009,0.0152,0.0021,1.0,0.0038,0.064,-15.978
Car B,1060,70.6667,4,3.816,1,3.816,-0.04,-0.04,5.9828,0.0064,0.4579,1.0,-0.0759,1.647,15.978
Car A,1061,70.7333,3,121.899,3,-11.762,-0.024,-0.024,6.0012,0.0051,0.0092,1.0,0.0046,0.091,-15.977
Car B,1061,70.7333,4,4.215,1,4.215,-0.039,-0.039,5.9817,-0.0172,-0.3835,1.0,0.0616,-1.891,15.977
Car A,1062,70.8,3,122.299,3,-11.362,-0.025,-0.025,6.002,0.0113,0.0133,1.0,0.0054,0.111,-15.975
Car B,1062,70.8,4,4.613,1,4.614,-0.041,-0.041,5.9808,-0.0131,0.3752,1.0,-0.0515,1.535,15.975
Car A,1063,70.8667,3,122.699,3,-10.961,-0.026,-0.026,6.0026,0.0092,0.0162,1.0,0.006,0.131,-15.974
Car B,1063,70.8667,4,5.012,1,5.012,-0.04,-0.04,5.9811,0.0052,-0.4012,1.0,0.0662,-1.282,15.974
Car A,1064,70.9333,3,123.099,3,-10.561,-0.027,-0.027,6.0031,0.0073,0.0191,1.0,0.0063,0.145,-15.972
Car B,1064,70.9333,4,5.411,1,5.411,-0.041,-0.041,5.9814,0.0033,0.451,1.0,-0.076,1.65,15.972
Car A,1065,71.0,3,123.499,3,-10.161,-0.027,-0.027,6.003,-0.0008,0.0218,1.0,0.0063,0.154,-15.971
Car B,1065,71.0,4,5.81,1,5.81,-0.04,-0.04,5.9807,-0.0091,-0.3848,1.0,0.061,-1.894,15.971
Car A,1066,71.0667,3,123.9,3,-9.761,-0.028,-0.028,6.0039,0.0134,0.0229,1.0,0.0061,0.153,-15.969
Car B,1066,71.0667,4,6.208,1,6.208,-0.041,-0.041,5.9804,-0.005,0.3718,1.0,-0.0533,1.519,15.969
Car A,1067,71.1333,3,124.3,3,-9.36,-0.028,-0.028,6.0044,0.0064,0.0259,1.0,0.0055,0.148,-15.967
Car B,1067,71.1333,4,6.607,1,6.607,-0.041,-0.041,5.9802,-0.0039,-0.4054,1.0,0.0656,-1.329,15.967
Car A,1068,71.2,3,124.7,3,-8.96,-0.029,-0.029,6.0035,-0.0122,0.0302,1.0,0.0046,0.135,-15.966
Car B,1068,71.2,4,7.005,1,7.006,-0.041,-0.041,5.9802,0.0002,0.4432,1.0,-0.0757,1.636,15.966
Car A,1069,71.2667,3,125.1,3,-8.56,-0.029,-0.029,6.0043,0.0108,0.0263,1.0,0.0037,0.112,-15.964
Car B,1069,71.2667,4,7.404,1,7.404,-0.04,-0.04,5.9795,-0.0098,-0.3873,1.0,0.0608,-1.886,15.964
Car A,1070,71.3333,3,125.501,3,-8.16,-0.029,-0.029,6.0039,-0.0059,0.0196,1.0,0.003,0.092,-15.962
Car B,1070,71.3333,4,7.803,1,7.803,-0.042,-0.042,5.979,-0.0078,0.3745,1.0,-0.0554,1.514,15.962
Car A,1071,71.4,3,125.901,3,-7.759,-0.029,-0.029,6.0026,-0.0185,0.0202,1.0,0.0019,0.074,-15.961
Car B,1071,71.4,4,8.201,1,8.201,-0.041,-0.041,5.9792,0.0038,-0.4082,1.0,0.0655,-1.38,15.961
Car A,1072,71.4667,3,126.301,3,-7.359,-0.028,-0.028,6.0013,-0.0206,-0.0126,1.0,0.0021,0.048,-15.959
Car B,1072,71.4667,4,8.6,1,8.6,-0.042,-0.042,5.9794,0.0029,0.4303,1.0,-0.0715,1.632,15.959
Car A,1073,71.5333,3,126.701,3,-6.959,-0.028,-0.028,6.0,-0.0192,0.0065,1.0,0.0009,0.051,-15.957
Car B,1073,71.5333,4,8.998,1,8.998,-0.04,-0.04,5.9786,-0.0126,-0.3884,1.0,0.0613,-1.782,15.957
Car A,1074,71.6,3,127.101,3,-6.559,-0.028,-0.028,5.9992,-0.0119,0.0004,1.0,-0.0,0.023,-15.956
Car B,1074,71.6,4,9.397,1,9.397,-0.042,-0.042,5.9783,-0.0051,0.3819,1.0,-0.0577,1.526,15.956
Car A,1075,71.6667,3,127.501,3,-6.159,-0.028,-0.028,6.0022,0.0454,0.0029,1.0,-0.0002,0.0,-15.954
Car B,1075,71.6667,4,9.795,1,9.795,-0.041,-0.041,5.9782,-0.0008,-0.4056,1.0,0.0647,-1.437,15.954
Car A,1076,71.7333,3,127.901,3,-5.759,-0.027,-0.027,6.0007,-0.0227,-0.0036,1.0,-0.0001,-0.003,-15.953
Car B,1076,71.7333,4,10.194,1,10.194,-0.042,-0.042,5.9788,0.0089,0.4212,1.0,-0.0691,1.613,15.953
Car A,1077,71.8,3,128.301,3,-5.359,-0.027,-0.027,6.0006,-0.0016,-0.002,1.0,-0.0003,-0.001,-15.951
Car B,1077,71.8,4,10.592,1,10.592,-0.04,-0.04,5.9782,-0.0096,-0.3933,1.0,0.062,-1.722,15.951
Car A,1078,71.8667,3,128.702,3,-4.959,-0.027,-0.027,6.0005,-0.001,-0.0029,1.0,-0.0005,-0.006,-15.95
Car B,1078,71.8667,4,10.991,1,10.991,-0.042,-0.042,5.9772,-0.0148,0.3848,1.0,-0.0589,1.544,15.95
Car A,1079,71.9333,3,129.102,3,-4.559,-0.027,-0.027,6.0006,0.0013,-0.0049,1.0,-0.0007,-0.011,-15.948
Car B,1079,71.9333,4,11.389,1,11.389,-0.041,-0.041,5.9777,0.0078,-0.4026,1.0,0.0643,-1.468,15.948
Car A,1080,72.0,3,129.502,3,-4.159,-0.027,-0.027,6.0006,0.0001,-0.0052,1.0,-0.0008,-0.016,-15.946
Car B,1080,72.0,4,11.788,1,11.788,-0.042,-0.042,5.9781,0.0056,0.4142,1.0,-0.0675,1.601,15.946
Car A,1081,72.0667,3,129.902,3,-3.759,-0.026,-0.026,6.0005,-0.0011,-0.0069,1.0,-0.001,-0.02,-15.945
Car B,1081,72.0667,4,12.186,1,12.186,-0.04,-0.04,5.9775,-0.0082,-0.3944,1.0,0.0621,-1.683,15.945
Car A,1082,72.1333,3,130.302,3,-3.358,-0.026,-0.026,6.0006,0.001,-0.0092,1.0,-0.001,-0.024,-15.943
Car B,1082,72.1333,4,12.585,1,12.585,-0.042,-0.042,5.9768,-0.0102,0.3907,1.0,-0.0609,1.547,15.943
Car A,1083,72.2,3,130.702,3,-2.958,-0.026,-0.026,6.0007,0.0012,-0.0088,1.0,-0.0011,-0.024,-15.942
Car B,1083,72.2,4,12.983,1,12.983,-0.041,-0.041,5.9768,-0.0011,-0.4107,1.0,0.0648,-1.517,15.942
Car A,1084,72.2667,3,131.102,3,-2.558,-0.026,-0.026,6.0007,0.0004,-0.0098,1.0,-0.0011,-0.026,-15.94
Car B,1084,72.2667,4,13.382,1,13.382,-0.042,-0.042,5.9775,0.0105,0.4032,1.0,-0.0623,1.616,15.94
Car A,1085,72.3333,3,131.502,3,-2.158,-0.026,-0.026,6.0007,-0.0001,-0.0085,1.0,-0.0012,-0.027,-15.938
Car B,1085,72.3333,4,13.78,1,13.78,-0.041,-0.041,5.9774,-0.0005,-0.3926,1.0,0.0628,-1.553,15.938
Car A,1086,72.4,3,131.902,3,-1.758,-0.026,-0.026,6.0007,-0.0005,-0.0119,1.0,-0.0011,-0.029,-15.937
Car B,1086,72.4,4,14.178,1,14.178,-0.042,-0.042,5.9773,-0.0025,0.4147,1.0,-0.069,1.566,15.937
Car A,1087,72.4667,3,132.302,3,-1.358,-0.026,-0.026,6.0007,0.0007,-0.0093,1.0,-0.001,-0.026,-15.935
Car B,1087,72.4667,4,14.577,1,14.577,-0.04,-0.04,5.9768,-0.0078,-0.4001,1.0,0.0624,-1.72,15.935
Car A,1088,72.5333,3,132.702,3,-0.958,-0.025,-0.025,6.0007,-0.0007,-0.0096,1.0,-0.0009,-0.025,-15.933
Car B,1088,72.5333,4,14.975,1,14.975,-0.042,-0.042,5.9765,-0.0033,0.3821,1.0,-0.0578,1.555,15.933
Car A,1089,72.6,3,133.102,3,-0.558,-0.025,-0.025,6.0005,-0.0031,-0.0075,1.0,-0.0009,-0.022,-15.931
Car B,1089,72.6,4,15.374,1,15.374,-0.041,-0.041,5.9766,0.0016,-0.4014,1.0,0.0348,-1.44,15.931
Car A,1090,72.6667,3,133.503,3,-0.158,-0.025,-0.025,6.0006,0.0022,-0.0079,1.0,-0.0008,-0.023,-15.93
Car B,1090,72.6667,4,15.772,1,15.772,-0.042,-0.042,5.9813,0.0696,0.331,1.0,-0.1149,0.865,15.93
Car A,1091,72.7333,4,0.242,1,0.242,-0.025,-0.025,6.0006,-0.0008,-0.0078,1.0,-0.0007,-0.02,-15.929
Car B,1091,72.7333,4,16.171,1,16.171,-0.043,-0.043,5.9816,0.0054,-0.5699,1.0,-0.0552,-2.868,15.929
Car A,1092,72.8,4,0.642,1,0.642,-0.025,-0.025,6.0005,-0.0008,-0.006,1.0,-0.0008,-0.017,-15.928
Car B,1092,72.8,4,16.571,1,16.571,-0.051,-0.051,6.0167,0.5265,-0.5348,1.0,0.0289,-1.383,15.928
Car A,1093,72.8667,4,1.042,1,1.042,-0.025,-0.025,6.0006,0.0008,-0.0066,1.0,-0.0005,-0.018,-15.929
Car B,1093,72.8667,4,16.971,1,16.972,-0.056,-0.056,6.0083,-0.1264,0.2819,1.0,-0.2142,0.718,15.929
Car A,1094,72.9333,4,1.442,1,1.443,-0.025,-0.025,6.0005,-0.0008,-0.0044,1.0,-0.0001,-0.011,-15.93
Car B,1094,72.9333,4,17.372,1,17.372,-0.061,-0.061,6.007,-0.0193,-0.6503,1.0,-0.1263,-5.344,15.93
Car A,1095,73.0,4,1.843,1,1.843,-0.026,-0.026,6.0005,-0.0008,-0.0005,1.0,0.0003,-0.003,-15.93
Car B,1095,73.0,4,17.772,1,17.772,-0.078,-0.078,6.0126,0.0836,-1.2059,1.0,0.0774,-3.161,15.93
Car A,1096,73.0667,4,2.243,1,2.243,-0.026,-0.026,6.0009,0.0068,-0.0075,1.0,0.0013,0.007,-15.93
Car B,1096,73.0667,4,18.173,1,18.173,-0.096,-0.096,6.0136,0.0151,-0.0472,1.0,0.843,1.927,15.93
Car A,1097,73.1333,4,2.643,1,2.643,-0.026,-0.026,6.0016,0.0099,-0.0067,1.0,0.0021,0.031,-15.93
Car B,1097,73.1333,4,18.573,1,18.573,-0.102,-0.102,6.0094,-0.0635,0.7157,1.0,0.698,21.045,15.93
Car A,1098,73.2,4,3.043,1,3.043,-0.026,-0.026,6.0013,-0.0045,0.0125,1.0,0.0016,0.05,-15.93
Car B,1098,73.2,4,18.973,1,18.973,-0.094,-0.094,5.9939,-0.2326,1.8795,1.0,1.0,17.456,15.93
Car A,1099,73.2667,4,3.443,1,3.443,-0.026,-0.026,6.0,-0.0199,0.0151,1.0,0.0006,0.041,-15.929
Car B,1099,73.2667,4,19.372,1,19.372,-0.071,-0.071,5.9802,-0.2051,2.5499,1.0,1.0,24.988,15.929
Car A,1100,73.3333,4,3.843,1,3.843,-0.026,-0.026,5.9994,-0.0084,-0.0027,1.0,-0.0005,0.016,-15.926
Car B,1100,73.3333,4,19.769,1,19.769,-0.03,-0.03,5.9671,-0.1956,3.0629,1.0,1.0,25.0,15.926
Car A,1101,73.4,4,4.243,1,4.243,-0.026,-0.026,5.9997,0.0047,-0.006,1.0,-0.0022,-0.01,-15.922
Car B,1101,73.4,4,20.165,1,20.163,0.028,0.015,5.9551,-0.18,3.4618,1.0,1.0,25.0,15.922
Car A,1102,73.4667,4,4.643,1,4.643,-0.025,-0.025,5.9997,-0.0003,0.0102,1.0,-0.0049,-0.051,-15.917
Car B,1102,73.4667,4,20.56,1,20.554,0.104,0.06,5.9445,-0.1597,3.7712,1.0,1.0,25.0,15.917
Car A,1103,73.5333,4,5.043,1,5.043,-0.025,-0.025,5.9994,-0.0042,0.01,1.0,-0.0082,-0.118,-15.929
Car B,1103,73.5333,4,20.971,1,20.939,0.199,0.122,5.9352,-0.1398,4.0102,1.0,1.0,25.0,15.929
Car A,1104,73.6,4,5.443,1,5.443,-0.024,-0.024,6.0008,0.0202,-0.0135,1.0,-0.0086,-0.194,-15.925
Car B,1104,73.6,4,21.368,1,21.32,0.313,0.144,5.927,-0.1224,4.1932,1.0,1.0,25.0,15.925
Car A,1105,73.6667,4,5.843,1,5.843,-0.024,-0.024,6.0038,0.0459,-0.0334,1.0,-0.0084,-0.209,-15.919
Car B,1105,73.6667,4,21.762,1,21.693,0.447,0.186,5.9198,-0.1086,4.3344,1.0,1.0,24.999,15.919
Car A,1106,73.7333,4,6.244,1,6.244,-0.024,-0.024,6.005,0.018,-0.0391,1.0,-0.0073,-0.204,-15.946
Car B,1106,73.7333,4,22.189,1,22.059,0.599,0.204,5.9133,-0.097,4.4429,1.0,1.0,24.999,15.946
Car A,1107,73.8,4,6.644,1,6.644,-0.025,-0.025,6.0056,0.0095,-0.0448,1.0,-0.0058,-0.179,-15.941
Car B,1107,73.8,4,22.585,1,22.416,0.77,0.225,5.9075,-0.0868,4.5311,1.0,1.0,24.999,15.941
Car A,1108,73.8667,4,7.044,1,7.044,-0.025,-0.025,6.0058,0.0031,-0.0271,1.0,-0.0048,-0.143,-15.974
Car B,1108,73.8667,4,23.018,1,22.764,0.96,0.24,5.9023,-0.0788,4.5993,1.0,1.0,24.999,15.974
Car A,1109,73.9333,4,7.445,1,7.445,-0.026,-0.026,6.0046,-0.0189,-0.0211,1.0,-0.0032,-0.118,-15.969
Car B,1109,73.9333,4,23.414,1,23.1,1.168,0.241,5.8975,-0.0721,4.6523,1.0,1.0,24.999,15.969
Car A,1110,74.0,4,7.845,1,7.845,-0.027,-0.027,6.0007,-0.0575,-0.0075,1.0,-0.0023,-0.078,-16.004
Car B,1110,74.0,4,23.849,1,23.425,1.393,0.254,5.893,-0.0666,4.6948,1.0,1.0,24.999,16.004
Car A,1111,74.0667,4,8.245,1,8.245,-0.028,-0.028,6.0012,0.0065,-0.0277,1.0,0.0007,-0.057,-15.998
Car B,1111,74.0667,4,24.243,1,23.736,1.635,0.236,5.8889,-0.0616,4.7289,1.0,1.0,24.999,15.998
Car A,1112,74.1333,4,8.645,1,8.646,-0.03,-0.03,6.0048,0.0535,-0.0199,1.0,0.0031,0.014,-15.993
Car B,1112,74.1333,4,24.638,1,24.035,1.894,0.239,5.8851,-0.0577,4.7555,1.0,1.0,24.999,15.993
Car A,1113,74.2,4,9.046,1,9.046,-0.031,-0.031,6.0036,-0.0176,-0.0002,1.0,0.0052,0.073,-16.023
Car B,1113,74.2,4,25.069,1,24.318,2.169,0.21,5.8814,-0.0545,4.7767,1.0,1.0,24.999,16.023
Car A,1114,74.2667,4,9.446,1,9.446,-0.032,-0.032,6.002,-0.0233,0.0087,1.0,0.0069,0.125,-16.017
Car B,1114,74.2667,4,25.463,1,24.586,2.458,0.194,5.878,-0.0517,4.7929,1.0,1.0,24.999,16.017
Car A,1115,74.3333,4,9.846,1,9.846,-0.034,-0.034,6.0008,-0.0187,0.0183,1.0,0.0084,0.167,-16.04
Car B,1115,74.3333,4,25.886,1,24.837,2.762,0.165,5.8747,-0.0495,4.8069,1.0,1.0,24.999,16.04
Car A,1116,74.4,4,10.246,1,10.246,-0.035,-0.035,5.9996,-0.0178,0.0311,1.0,0.0095,0.203,-16.032
Car B,1116,74.4,4,26.278,1,25.071,3.078,0.131,5.8715,-0.0479,4.8178,1.0,1.0,24.999,16.032
Car A,1117,74.4667,4,10.646,1,10.646,-0.036,-0.036,5.999,-0.0092,0.0343,1.0,0.0102,0.23,-16.043
Car B,1117,74.4667,4,26.689,1,25.288,3.407,0.104,5.8684,-0.0464,4.8247,1.0,1.0,24.999,16.043
Car A,1118,74.5333,4,11.046,1,11.046,-0.036,-0.036,5.9981,-0.0134,0.0462,1.0,0.0109,0.249,-16.033
Car B,1118,74.5333,4,27.079,1,25.486,3.747,0.051,5.8654,-0.0446,4.8317,1.0,1.0,24.999,16.033
Car A,1119,74.6,4,11.446,1,11.446,-0.037,-0.037,5.9975,-0.0091,0.0502,1.0,0.0109,0.266,-16.025
Car B,1119,74.6,4,27.471,1,25.665,4.097,0.02,5.8625,-0.0438,4.8364,1.0,1.0,24.999,16.025
Car A,1120,74.6667,4,11.846,1,11.846,-0.037,-0.037,5.9967,-0.0118,0.0548,1.0,0.0109,0.265,-16.016
Car B,1120,74.6667,4,27.862,1,25.824,4.457,-0.042,5.8597,-0.0419,4.8415,1.0,1.0,24.999,16.016
Car A,1121,74.7333,4,12.246,1,12.246,-0.037,-0.037,5.9967,-0.0004,0.0533,1.0,0.0103,0.265,-16.006
Car B,1121,74.7333,4,28.251,1,25.963,4.824,-0.091,5.8569,-0.0418,4.8443,1.0,1.0,24.999,16.006
Car A,1122,74.8,4,12.646,1,12.646,-0.036,-0.036,5.9958,-0.0122,0.0564,1.0,0.0089,0.252,-15.977
Car B,1122,74.8,4,28.622,1,26.081,5.199,-0.144,5.8542,-0.0404,4.8468,1.0,1.0,24.999,15.977
Car A,1123,74.8667,4,13.045,1,13.045,-0.036,-0.036,5.9951,-0.0112,0.0559,1.0,0.0061,0.217,-15.964
Car B,1123,74.8667,4,29.009,1,26.179,5.579,-0.211,5.8516,-0.0403,4.8486,1.0,1.0,24.999,15.964
Car A,1124,74.9333,4,13.445,1,13.445,-0.034,-0.034,6.002,0.1041,0.0355,1.0,0.0029,0.15,-15.954
Car B,1124,74.9333,4,29.399,1,26.255,5.964,-0.257,5.849,-0.0389,4.8494,1.0,1.0,24.999,15.954
Car A,1125,75.0,4,13.845,1,13.846,-0.033,-0.033,6.0041,0.0304,0.0344,1.0,-0.0032,0.072,-15.922
Car B,1125,75.0,4,29.767,1,26.31,6.352,-0.31,5.8464,-0.0382,4.8511,1.0,1.0,24.999,15.922
Car A,1126,75.0667,4,14.246,1,14.246,-0.032,-0.032,6.0011,-0.045,-0.0059,1.0,-0.0058,-0.073,-15.912
Car B,1126,75.0667,4,30.158,1,26.343,6.743,-0.343,5.8439,-0.0377,4.8524,1.0,0.9703,24.999,15.912
Car A,1127,75.1333,4,14.646,1,14.646,-0.03,-0.03,5.9998,-0.0187,0.005,1.0,-0.0107,-0.139,-15.904
Car B,1127,75.1333,4,30.549,1,26.355,7.134,-0.355,5.8418,-0.0321,4.8486,1.0,0.5472,24.258,15.904
Car A,1128,75.2,4,15.046,1,15.046,-0.03,-0.03,6.0051,0.0796,-0.027,1.0,-0.0039,-0.25,-15.897
Car B,1128,75.2,4,30.943,1,26.349,7.528,-0.349,5.8989,0.8567,4.3541,1.0,0.4991,13.696,15.897
Car A,1129,75.2667,4,15.446,1,15.447,-0.03,-0.03,6.0039,-0.0187,-0.0533,1.0,0.0027,-0.096,-15.892
Car B,1129,75.2667,4,31.338,1,26.325,7.923,-0.325,5.9211,0.3338,4.3015,1.0,-0.0426,12.478,15.892
Car A,1130,75.3333,4,15.847,1,15.847,-0.029,-0.029,6.0028,-0.0163,0.0158,1.0,0.0014,0.063,-15.887
Car B,1130,75.3333,4,31.734,1,26.292,8.319,-0.292,5.9529,0.4765,2.5559,1.0,-0.2592,-1.044,15.887
Car A,1131,75.4,4,16.247,1,16.247,-0.029,-0.029,5.9999,-0.0431,0.0047,0.96,0.0413,0.035,-15.884
Car B,1131,75.4,4,32.131,1,26.266,8.716,-0.266,5.9689,0.2392,0.7639,1.0,0.0678,-6.473,15.884
Car A,1132,75.4667,4,16.641,1,16.641,-0.025,-0.025,5.8573,-2.1387,0.3873,1.0,-0.0179,1.032,-15.888
Car B,1132,75.4667,4,32.529,1,26.244,9.114,-0.244,6.0102,0.6197,0.6702,1.0,0.0602,1.685,15.888
Car A,1133,75.5333,4,17.034,1,17.034,-0.022,-0.022,5.937,1.1955,-0.1741,0.8448,0.0299,-0.445,-15.892
Car B,1133,75.5333,4,32.927,1,26.221,9.512,-0.221,5.9725,-0.5647,0.5548,1.0,-0.0225,1.504,15.892
Car A,1134,75.6,4,17.423,1,17.423,-0.02,-0.02,5.7717,-2.4795,0.2124,0.8659,-0.0152,0.745,-15.901
Car B,1134,75.6,4,33.324,1,26.199,9.909,-0.199,5.9787,0.0934,-0.2448,1.0,0.0673,-0.553,15.901
Car A,1135,75.6667,4,17.801,1,17.802,-0.017,-0.017,5.6125,-2.3881,-0.1013,0.8784,0.062,-0.377,-15.921
Car B,1135,75.6667,4,33.722,1,26.176,10.307,-0.176,5.9866,0.1175,0.6143,1.0,-0.2041,1.679,15.921
Car A,1136,75.7333,4,18.171,1,18.171,-0.013,-0.013,5.5031,-1.6417,0.4834,1.0,1.0,1.548,-15.95
Car B,1136,75.7333,4,34.121,1,26.153,10.706,-0.153,5.9866,0.0002,-0.3966,1.0,-0.1258,-5.093,15.95
Car A,1137,75.8,4,18.538,1,18.538,0.002,0.002,5.503,-0.0007,1.061,1.0,0.7913,24.965,-15.982
Car B,1137,75.8,4,34.52,1,26.142,11.105,-0.142,5.9889,0.0347,-1.1821,1.0,-0.1094,-3.146,15.982
Car A,1138,75.8667,4,18.904,1,18.904,0.029,0.029,5.4948,-0.1235,1.9887,1.0,1.0,19.79,-16.017
Car B,1138,75.8667,4,34.92,1,26.138,11.505,-0.138,6.0311,0.6327,-1.0605,1.0,-0.0423,-2.736,16.017
Car A,1139,75.9333,4,19.268,1,19.268,0.073,0.073,5.4874,-0.1112,2.5926,0.8679,0.2848,24.992,-16.054
Car B,1139,75.9333,4,35.321,1,26.133,11.906,-0.133,6.0005,-0.4592,-0.415,1.0,0.1476,-1.061,16.054
Car A,1140,76.0,4,19.63,1,19.63,0.125,0.125,5.4809,-0.0969,2.1134,0.8914,-0.3968,7.146,-16.091
Car B,1140,76.0,4,35.721,1,26.123,12.306,-0.123,6.0008,0.0047,0.5255,1.0,0.0689,3.683,16.091
Car A,1141,76.0667,4,19.992,1,19.992,0.18,0.18,5.4889,0.1198,0.8683,1.0,-0.3037,-9.894,-16.129
Car B,1141,76.0667,4,36.122,1,26.105,12.707,-0.105,6.0024,0.024,0.6687,1.0,-0.0129,1.723,16.129
Car A,1142,76.1333,4,20.372,1,20.356,0.223,0.194,5.4989,0.1494,-0.3188,1.0,1.0,-7.596,-16.149
Car B,1142,76.1333,4,36.521,1,26.089,13.106,-0.089,6.0001,-0.0337,-0.1345,1.0,0.5589,-0.311,16.149
Car A,1143,76.2,4,20.738,1,20.72,0.265,0.208,5.4924,-0.0976,0.2757,1.0,1.0,24.951,-16.183
Car B,1143,76.2,4,36.921,1,26.071,13.506,-0.071,5.9973,-0.0431,0.8126,1.0,0.4998,13.951,16.183
Car A,1144,76.2667,4,21.138,1,21.082,0.316,0.202,5.489,-0.0514,1.31,1.0,1.0,24.999,-16.182
Car B,1144,76.2667,4,37.319,1,26.04,13.904,-0.04,5.9899,-0.11,1.688,1.0,1.0,12.497,16.182
Car A,1145,76.3333,4,21.503,1,21.442,0.382,0.182,5.4822,-0.1015,2.0443,1.0,1.0,25.0,-16.212
Car B,1145,76.3333,4,37.716,1,25.994,14.301,-0.018,5.9763,-0.205,2.4227,1.0,1.0,24.98,16.212
Car A,1146,76.4,4,21.897,1,21.799,0.464,0.179,5.4753,-0.1041,2.6262,1.0,1.0,25.0,-16.216
Car B,1146,76.4,4,38.113,1,25.932,14.695,0.013,5.9634,-0.1925,2.9501,1.0,1.0,25.0,16.216
Car A,1147,76.4667,4,22.26,1,22.151,0.563,0.135,5.4687,-0.0982,3.0885,1.0,1.0,25.0,-16.256
Car B,1147,76.4667,4,38.516,1,25.852,15.085,0.038,5.9512,-0.184,3.3848,1.0,1.0,25.0,16.256
Car A,1148,76.5333,4,22.625,1,22.498,0.679,0.11,5.4633,-0.0815,3.4573,1.0,1.0,25.0,-16.288
Car B,1148,76.5333,4,38.913,1,25.754,15.47,0.043,5.9404,-0.162,3.7035,1.0,1.0,25.0,16.288
Car A,1149,76.6,4,23.005,1,22.838,0.812,0.075,5.4591,-0.0626,3.7503,1.0,1.0,25.0,-16.315
Car B,1149,76.6,4,39.32,1,25.638,15.85,0.064,5.9309,-0.1429,3.9581,1.0,1.0,25.0,16.315
Car A,1150,76.6667,4,23.368,1,23.171,0.964,0.03,5.4561,-0.0448,3.9784,1.0,1.0,25.0,-16.349
Car B,1150,76.6667,4,39.716,1,25.504,16.223,0.046,5.9225,-0.1258,4.1525,1.0,1.0,25.0,16.349
Car A,1151,76.7333,4,23.733,1,23.496,1.132,0.005,5.4544,-0.0263,4.1585,1.0,1.0,24.999,-16.38
Car B,1151,76.7333,4,40.113,1,25.35,16.589,0.048,5.9152,-0.1095,4.3052,1.0,1.0,24.999,16.38
Car A,1152,76.8,4,24.094,1,23.811,1.319,-0.053,5.4536,-0.0115,4.3015,1.0,1.0,24.999,-16.421
Car B,1152,76.8,4,40.516,1,25.179,16.945,0.027,5.9086,-0.0983,4.421,1.0,1.0,24.999,16.421
Car A,1153,76.8667,4,24.458,1,24.115,1.523,-0.095,5.4537,0.0012,4.4152,1.0,1.0,24.999,-16.453
Car B,1153,76.8667,4,40.911,1,24.988,17.292,0.008,5.9027,-0.0879,4.5133,1.0,1.0,24.999,16.453
Car A,1154,76.9333,4,24.804,1,24.407,1.744,-0.134,5.4545,0.0118,4.5074,1.0,1.0,24.999,-16.503
Car B,1154,76.9333,4,41.306,1,24.78,17.629,-0.01,5.8975,-0.0786,4.5852,1.0,1.0,24.999,16.503
Car A,1155,77.0,4,25.165,1,24.686,1.981,-0.192,5.4558,0.0194,4.5802,1.0,1.0,24.999,-16.534
Car B,1155,77.0,4,41.7,1,24.555,17.953,-0.049,5.8927,-0.0721,4.6417,1.0,1.0,24.999,16.534
Car A,1156,77.0667,4,25.53,1,24.951,2.234,-0.229,5.4576,0.0272,4.6379,1.0,1.0,24.999,-16.564
Car B,1156,77.0667,4,42.094,1,24.313,18.265,-0.068,5.8883,-0.0663,4.688,1.0,1.0,24.999,16.564
Car A,1157,77.1333,4,25.855,1,25.201,2.502,-0.281,5.4598,0.0331,4.6857,1.0,1.0,24.999,-16.619
Car B,1157,77.1333,4,42.474,1,24.054,18.563,-0.121,5.8842,-0.0618,4.7215,1.0,1.0,24.999,16.619
Car A,1158,77.2,4,26.218,1,25.436,2.784,-0.333,5.4623,0.0376,4.7243,1.0,1.0,24.999,-16.649
Car B,1158,77.2,4,42.867,1,23.78,18.846,-0.158,5.8804,-0.0566,4.7495,1.0,1.0,24.999,16.649
Car A,1159,77.2667,4,26.584,1,25.653,3.08,-0.365,5.465,0.0408,4.755,1.0,1.0,24.999,-16.647
Car B,1159,77.2667,4,43.231,1,23.49,19.114,-0.203,5.8768,-0.0546,4.7737,1.0,1.0,24.999,16.647
Car A,1160,77.3333,4,26.888,1,25.854,3.388,-0.426,5.4679,0.0439,4.7789,1.0,1.0,24.999,-16.733
Car B,1160,77.3333,4,43.621,1,23.187,19.366,-0.259,5.8733,-0.0511,4.7904,1.0,1.0,24.999,16.733
Car A,1161,77.4,4,27.253,1,26.035,3.707,-0.472,5.4709,0.0453,4.7975,1.0,1.0,24.999,-16.753
Car B,1161,77.4,4,44.006,1,22.871,19.6,-0.293,5.8701,-0.0489,4.8022,1.0,1.0,24.999,16.753
Car A,1162,77.4667,4,27.541,1,26.198,4.037,-0.504,5.4741,0.0471,4.814,1.0,1.0,24.999,-16.813
Car B,1162,77.4667,4,44.353,1,22.542,19.817,-0.365,5.867,-0.0471,4.8157,1.0,1.0,24.999,16.813
Car A,1163,77.5333,4,27.904,1,26.342,4.376,-0.564,5.4773,0.0479,4.8272,1.0,1.0,24.999,-16.839
Car B,1163,77.5333,4,44.743,2,22.203,20.015,-0.418,5.8639,-0.0453,4.8233,1.0,1.0,24.999,16.839
Car A,1164,77.6,4,28.27,1,26.465,4.723,-0.603,5.4805,0.0482,4.8373,1.0,1.0,24.999,-16.792
Car B,1164,77.6,4,45.062,2,21.852,20.194,-0.474,5.861,-0.0437,4.8294,1.0,1.0,24.999,16.792
Car A,1165,77.6667,4,28.539,1,26.568,5.076,-0.639,5.4837,0.0485,4.8458,1.0,1.0,24.999,-16.91
Car B,1165,77.6667,4,45.449,2,21.493,20.353,-0.545,5.8582,-0.0427,4.8361,1.0,1.0,24.999,16.91
Car A,1166,77.7333,4,28.904,1,26.65,5.436,-0.692,5.487,0.0485,4.8521,1.0,1.0,24.999,-16.935
Car B,1166,77.7333,4,45.839,2,21.126,20.493,-0.595,5.8554,-0.0411,4.8412,1.0,1.0,24.999,16.935
Car A,1167,77.8,4,29.271,1,26.711,5.8,-0.724,5.4902,0.0485,4.8568,1.0,1.0,24.999,-16.858
Car B,1167,77.8,4,46.129,2,20.752,20.612,-0.669,5.8527,-0.0409,4.8438,1.0,1.0,24.999,16.858
Car A,1168,77.8667,4,29.582,1,26.75,6.167,-0.75,5.4934,0.0478,4.8606,1.0,1.0,24.999,-16.933
Car B,1168,77.8667,4,46.515,2,20.372,20.709,-0.736,5.8501,-0.0387,4.846,1.0,0.8962,24.999,16.933
Car A,1169,77.9333,4,29.951,1,26.767,6.535,-0.767,5.4966,0.0477,4.8644,1.0,1.0,24.999,-16.893
Car B,1169,77.9333,4,46.843,2,19.987,20.786,-0.786,5.8493,-0.0121,4.8315,1.0,1.0,22.409,16.893
Car A,1170,78.0,4,30.32,1,26.763,6.905,-0.763,5.4997,0.0473,4.8665,1.0,1.0,24.999,-16.911
Car B,1170,78.0,4,47.231,2,19.599,20.842,-0.842,5.8466,-0.0407,4.8511,1.0,1.0,24.996,16.911
Car A,1171,78.0667,4,30.689,1,26.737,7.274,-0.737,5.5028,0.0464,4.8687,1.0,1.0,24.999,-16.933
Car B,1171,78.0667,4,47.622,2,19.208,20.875,-0.875,5.8441,-0.0373,4.848,1.0,0.9716,24.999,16.933
Car A,1172,78.1333,4,31.055,1,26.69,7.64,-0.69,5.5059,0.046,4.8701,1.0,0.851,24.999,-16.958
Car B,1172,78.1333,4,48.014,2,18.816,20.888,-0.888,5.842,-0.0324,4.8454,1.0,0.7936,24.292,16.958
Car A,1173,78.2,4,31.419,1,26.62,8.004,-0.62,5.5128,0.1045,4.8419,1.0,0.013,21.279,-16.986
Car B,1173,78.2,4,48.406,2,18.425,20.878,-0.878,5.8427,0.0117,4.8187,1.0,0.6535,19.846,16.986
Car A,1174,78.2667,4,31.781,1,26.538,8.366,-0.538,5.5588,0.6896,3.4928,1.0,-0.1868,0.357,-17.015
Car B,1174,78.2667,4,48.796,2,18.034,20.847,-0.847,5.8476,0.073,4.7866,1.0,0.2624,16.341,17.015
Car A,1175,78.3333,4,32.146,1,26.462,8.731,-0.462,5.5984,0.5938,1.314,1.0,-0.2097,-4.663,-17.041
Car B,1175,78.3333,4,49.187,2,17.643,20.803,-0.803,5.8967,0.7371,2.9869,1.0,-0.1296,6.576,17.041
Car A,1176,78.4,4,32.514,1,26.396,9.099,-0.396,5.6121,0.2058,-0.041,1.0,-0.2139,-5.241,-17.065
Car B,1176,78.4,4,49.58,2,17.25,20.766,-0.766,5.9202,0.3524,1.1523,1.0,0.098,-3.224,17.065
Car A,1177,78.4667,4,32.885,1,26.342,9.47,-0.342,5.6211,0.135,-1.0245,1.0,-0.2022,-5.346,-17.088
Car B,1177,78.4667,4,49.973,2,16.857,20.732,-0.732,5.9209,0.0094,0.9704,1.0,0.0939,2.42,17.088
Car A,1178,78.5333,4,33.259,1,26.301,9.844,-0.301,5.6614,0.6034,-1.6189,1.0,-0.1467,-5.056,-17.108
Car B,1178,78.5333,4,50.367,2,16.463,20.695,-0.695,5.9551,0.5131,0.8775,1.0,0.0904,2.346,17.108
Car A,1179,78.6,4,33.638,1,26.265,10.223,-0.265,5.7547,1.4002,-1.3771,1.0,-0.0918,-3.666,-17.125
Car B,1179,78.6,4,50.763,2,16.067,20.654,-0.654,5.9905,0.5319,0.8612,1.0,0.075,2.261,17.125
Car A,1180,78.6667,4,34.024,1,26.229,10.609,-0.229,5.8606,1.5879,-0.8874,1.0,-0.1284,-2.296,-17.134
Car B,1180,78.6667,4,51.158,2,15.672,20.611,-0.611,5.9502,-0.6056,0.6422,1.0,-0.0031,1.861,17.134
Car A,1181,78.7333,4,34.415,1,26.198,11.0,-0.198,5.8978,0.558,-1.1707,0.9368,-0.0799,-3.207,-17.139
Car B,1181,78.7333,4,51.554,2,15.276,20.57,-0.57,5.9877,0.5635,-0.0256,1.0,0.0843,-0.069,17.139
Car A,1182,78.8,4,34.801,1,26.169,11.386,-0.169,5.742,-2.3368,-0.7098,0.9467,-0.1577,-2.001,-17.149
Car B,1182,78.8,4,51.951,2,14.88,20.527,-0.527,5.9889,0.0182,0.791,1.0,-0.1319,2.103,17.149
Car A,1183,78.8667,4,35.183,1,26.147,11.768,-0.147,5.7259,-0.2418,-1.3354,0.8814,-0.0731,-3.939,-17.164
Car B,1183,78.8667,4,52.347,2,14.483,20.482,-0.482,5.9899,0.0138,-0.2543,1.0,0.0746,-3.29,17.164
Car A,1184,78.9333,4,35.56,1,26.129,12.145,-0.129,5.5959,-1.9488,-0.6252,1.0,0.5274,-1.832,-17.185
Car B,1184,78.9333,4,52.745,2,14.086,20.441,-0.441,5.9897,-0.0023,0.4282,1.0,-0.0936,1.856,17.185
Car A,1185,79.0,4,35.932,1,26.106,12.517,-0.106,5.6012,0.0786,0.3676,1.0,0.1489,13.16,-17.209
Car B,1185,79.0,4,53.141,2,13.689,20.397,-0.397,5.9878,-0.0293,-0.3741,1.0,0.0467,-2.334,17.209
Car A,1186,79.0667,4,36.306,1,26.071,12.891,-0.071,5.6532,0.7805,1.0717,1.0,0.9624,3.736,-17.232
Car B,1186,79.0667,4,53.538,2,13.292,20.357,-0.357,5.9893,0.0238,0.3565,1.0,-0.3019,1.162,17.232
Car A,1187,79.1333,4,36.68,1,26.025,13.265,-0.025,5.6504,-0.042,1.5435,0.3894,-0.6529,24.029,-17.256
Car B,1187,79.1333,4,53.935,2,12.895,20.316,-0.316,5.9876,-0.0262,-0.562,1.0,-0.031,-7.533,17.256
Car A,1188,79.2,4,37.049,1,25.975,13.634,0.025,5.545,-1.581,0.6369,0.0854,-1.0,-16.26,-17.285
Car B,1188,79.2,4,54.333,2,12.497,20.279,-0.279,5.995,0.1113,-0.2902,1.0,-0.1207,-0.785,17.285
Car A,1189,79.2667,4,37.408,1,25.931,13.993,0.069,5.3596,-2.7812,0.2963,1.0,0.9107,-24.987,-17.324
Car B,1189,79.2667,4,54.732,2,12.098,20.247,-0.247,5.9903,-0.0705,-1.0704,1.0,0.0291,-3.014,17.324
Car A,1190,79.3333,4,37.769,1,25.881,14.346,0.092,5.3497,-0.1492,1.0902,1.0,1.0,22.695,-17.361
Car B,1190,79.3333,4,55.13,2,11.7,20.218,-0.218,5.9925,0.0325,-0.0058,1.0,-0.1798,0.721,17.361
Car A,1191,79.4,4,38.126,1,25.824,14.699,0.121,5.3525,0.0424,1.7639,1.0,1.0,24.993,-17.403
Car B,1191,79.4,4,55.528,2,11.302,20.187,-0.187,5.9884,-0.0605,-0.7056,1.0,-0.1023,-4.486,17.403
Car A,1192,79.4667,4,38.504,1,25.748,15.048,0.147,5.347,-0.0821,2.3843,1.0,1.0,25.0,-17.423
Car B,1192,79.4667,4,55.928,2,10.902,20.165,-0.165,6.0289,0.6067,-0.9837,1.0,-0.0284,-2.56,17.423
Car A,1193,79.5333,4,38.862,1,25.657,15.393,0.155,5.3418,-0.0783,2.8935,1.0,1.0,25.0,-17.467
Car B,1193,79.5333,4,56.328,2,10.502,20.143,-0.143,5.999,-0.4483,-0.2989,1.0,-0.1642,-0.71,17.467
Car A,1194,79.6,4,39.218,1,25.549,15.734,0.181,5.3373,-0.0667,3.2947,1.0,1.0,25.0,-17.51
Car B,1194,79.6,4,56.728,2,10.102,20.125,-0.125,5.9972,-0.0264,-1.0728,1.0,-0.0404,-4.099,17.51
Car A,1195,79.6667,4,39.604,1,25.423,16.068,0.18,5.3342,-0.0477,3.6144,1.0,1.0,25.0,-17.523
Car B,1195,79.6667,4,57.127,2,9.703,20.111,-0.111,6.0001,0.0429,-0.3909,1.0,-0.1264,-1.014,17.523
Car A,1196,79.7333,4,39.962,1,25.28,16.396,0.187,5.3323,-0.0277,3.8639,1.0,1.0,25.0,-17.565
Car B,1196,79.7333,4,57.527,2,9.303,20.1,-0.1,5.9939,-0.0933,-1.1528,1.0,0.026,-3.155,17.565
Car A,1197,79.8,4,40.351,1,25.119,16.715,0.198,5.3316,-0.0112,4.065,1.0,1.0,24.999,-17.576
Car B,1197,79.8,4,57.927,2,8.904,20.092,-0.092,5.9937,-0.0029,-0.0478,1.0,-0.1253,0.644,17.576
Car A,1198,79.8667,4,40.708,1,24.94,17.025,0.188,5.332,0.0071,4.2264,1.0,1.0,24.999,-17.617
Car B,1198,79.8667,4,58.326,2,8.504,20.082,-0.082,5.99,-0.056,-0.7054,1.0,-0.017,-3.127,17.617
Car A,1199,79.9333,4,41.066,1,24.744,17.325,0.199,5.3335,0.0216,4.3531,1.0,1.0,24.999,-17.659
Car B,1199,79.9333,4,58.725,2,8.105,20.075,-0.075,5.9935,0.0526,-0.1605,1.0,-0.0958,-0.426,17.659
Car A,1200,80.0,4,41.456,1,24.531,17.613,0.189,5.3357,0.0329,4.4562,1.0,1.0,24.999,-17.668
Car B,1200,80.0,4,59.125,2,7.705,20.071,-0.071,5.9896,-0.0574,-0.8842,1.0,0.0466,-2.392,17.668
Car A,1201,80.0667,4,41.815,1,24.302,17.889,0.185,5.3386,0.0433,4.5397,1.0,1.0,24.999,-17.709
Car B,1201,80.0667,4,59.524,2,7.306,20.068,-0.068,5.9913,0.0244,0.1575,1.0,-0.1003,1.16,17.709
Car A,1202,80.1333,4,42.204,1,24.056,18.151,0.191,5.3419,0.0507,4.6046,1.0,1.0,24.999,-17.719
Car B,1202,80.1333,4,59.923,2,6.907,20.063,-0.063,5.988,-0.0486,-0.5493,1.0,0.021,-2.502,17.719
Car A,1203,80.2,4,42.563,1,23.796,18.398,0.172,5.3458,0.058,4.6583,1.0,1.0,24.999,-17.759
Car B,1203,80.2,4,60.322,2,6.508,20.061,-0.061,5.9921,0.0605,0.2015,1.0,-0.1018,0.52,17.759
Car A,1204,80.2667,4,42.923,1,23.521,18.629,0.175,5.35,0.0626,4.7045,1.0,1.0,24.999,-17.799
Car B,1204,80.2667,4,60.722,2,6.108,20.058,-0.058,5.9917,-0.0056,-0.6506,1.0,0.051,-2.541,17.799
Car A,1205,80.3333,4,43.31,1,23.232,18.844,0.162,5.3545,0.0678,4.7391,1.0,1.0,24.999,-17.811
Car B,1205,80.3333,4,61.121,2,5.709,20.059,-0.059,5.9906,-0.016,0.1893,1.0,-0.0481,1.27,17.811
Car A,1206,80.4,4,43.67,1,22.931,19.042,0.151,5.3592,0.07,4.765,1.0,1.0,24.999,-17.851
Car B,1206,80.4,4,61.521,2,5.31,20.058,-0.058,5.9883,-0.0344,-0.4461,1.0,0.0481,-1.199,17.851
Car A,1207,80.4667,4,44.055,1,22.619,19.222,0.155,5.3639,0.0707,4.7894,1.0,1.0,24.999,-17.865
Car B,1207,80.4667,4,61.92,2,4.91,20.056,-0.056,5.9902,0.028,0.4289,1.0,-0.1233,1.199,17.865
Car A,1208,80.5333,4,44.415,1,22.296,19.383,0.13,5.3688,0.0739,4.8085,1.0,1.0,24.999,-17.904
Car B,1208,80.5333,4,62.319,2,4.511,20.054,-0.054,5.9896,-0.0091,-0.5128,1.0,0.049,-3.075,17.904
Car A,1209,80.6,4,44.776,2,21.963,19.524,0.126,5.3738,0.0744,4.8212,1.0,1.0,24.999,-17.942
Car B,1209,80.6,4,62.718,2,4.112,20.056,-0.056,5.99,0.0061,0.2787,1.0,-0.0619,1.217,17.942
Car A,1210,80.6667,4,45.158,2,21.623,19.646,0.113,5.3788,0.0748,4.8332,1.0,1.0,24.999,-17.96
Car B,1210,80.6667,4,63.118,2,3.712,20.056,-0.056,5.9877,-0.0338,-0.5203,1.0,0.0623,-1.542,17.96
Car A,1211,80.7333,4,45.519,2,21.275,19.747,0.096,5.3837,0.0741,4.8438,1.0,1.0,24.999,-17.998
Car B,1211,80.7333,4,63.517,2,3.313,20.057,-0.057,5.9882,0.0077,0.4091,1.0,-0.0894,1.551,17.998
Car A,1212,80.8,4,45.897,2,20.922,19.827,0.101,5.3887,0.075,4.8511,1.0,1.0,24.999,-18.019
Car B,1212,80.8,4,63.916,2,2.914,20.056,-0.056,5.9863,-0.0285,-0.4247,1.0,0.0533,-2.229,18.019
Car A,1213,80.8667,4,46.258,2,20.564,19.885,0.07,5.3936,0.0734,4.8571,1.0,1.0,24.999,-18.056
Car B,1213,80.8667,4,64.315,2,2.515,20.057,-0.057,5.9863,-0.0009,0.3399,1.0,-0.0664,1.326,18.056
Car A,1214,80.9333,4,46.621,2,20.204,19.923,0.061,5.3985,0.0735,4.8626,1.0,1.0,24.999,-18.093
Car B,1214,80.9333,4,64.714,2,2.116,20.057,-0.057,5.9847,-0.0239,-0.4578,1.0,0.0623,-1.655,18.093
Car A,1215,81.0,4,46.989,2,19.841,19.938,0.062,5.4033,0.072,4.8657,1.0,1.0,24.999,-18.123
Car B,1215,81.0,4,65.113,2,1.717,20.059,-0.059,5.984,-0.011,0.3856,1.0,-0.0763,1.553,18.123
Car A,1216,81.0667,4,47.353,2,19.477,19.932,0.068,5.408,0.0713,4.8691,1.0,0.5186,24.999,-18.159
Car B,1216,81.0667,4,65.512,2,1.318,20.059,-0.059,5.9828,-0.0174,-0.4063,1.0,0.06,-1.902,18.159
Car A,1217,81.1333,4,47.717,2,19.113,19.911,0.089,5.4801,1.0807,3.9177,1.0,-0.2743,12.983,-18.193
Car B,1217,81.1333,4,65.91,2,0.92,20.062,-0.062,5.9823,-0.0075,0.3705,1.0,-0.1026,1.495,18.193
Car A,1218,81.2,4,48.084,2,18.746,19.886,0.114,5.5138,0.5058,2.6336,1.0,-0.2754,-6.826,-18.225
Car B,1218,81.2,4,66.309,2,0.521,20.062,-0.062,5.9808,-0.0229,-0.4366,1.0,0.0623,-2.558,18.225
Car A,1219,81.2667,4,48.453,2,18.377,19.868,0.132,5.5397,0.3883,0.6822,1.0,-0.2695,-6.886,-18.255
Car B,1219,81.2667,4,66.708,2,0.122,20.065,-0.065,5.9811,0.0043,0.3355,1.0,-0.1162,1.551,18.255
Car A,1220,81.3333,4,48.823,2,18.007,19.862,0.138,5.5494,0.1456,-0.4767,1.0,-0.2545,-6.738,-18.284
Car B,1220,81.3333,4,67.106,2,-0.276,20.066,-0.066,5.9792,-0.0281,-0.4442,1.0,0.0674,-2.897,18.284
Car A,1221,81.4,4,49.193,2,17.637,19.868,0.132,5.5587,0.1396,-1.3411,1.0,-0.2222,-6.362,-18.312
Car B,1221,81.4,4,67.505,2,-0.675,20.071,-0.071,5.9794,0.0035,0.3285,1.0,-0.1106,1.678,18.312
Car A,1222,81.4667,4,49.565,2,17.265,19.888,0.112,5.615,0.8443,-1.7756,0.9779,-0.0175,-5.557,-18.338
Car B,1222,81.4667,4,67.903,2,-1.073,20.072,-0.072,5.9786,-0.0129,-0.4346,1.0,0.071,-2.759,18.338
Car A,1223,81.5333,4,49.941,2,16.89,19.909,0.091,5.6494,0.5162,-0.5881,1.0,0.0016,-0.445,-18.361
Car B,1223,81.5333,4,68.302,2,-1.472,20.077,-0.077,5.9791,0.0075,0.3328,1.0,-0.1361,1.768,18.361
Car A,1224,81.6,4,50.321,2,16.509,19.922,0.078,5.7555,1.5914,0.0214,1.0,-0.014,0.039,-18.38
Car B,1224,81.6,4,68.7,2,-1.87,20.079,-0.079,5.9772,-0.0273,-0.4226,1.0,0.0684,-3.394,18.38
Car A,1225,81.6667,4,50.71,2,16.12,19.936,0.064,5.8907,2.0282,-0.136,1.0,0.0016,-0.349,-18.389
Car B,1225,81.6667,4,69.099,2,-2.269,20.085,-0.085,5.9782,0.015,0.3336,1.0,-0.2248,1.701,18.389
Car A,1226,81.7333,4,51.107,2,15.724,19.949,0.051,5.9928,1.5317,-0.0178,1.0,0.0069,0.035,-18.391
Car B,1226,81.7333,4,69.497,2,-2.667,20.087,-0.087,5.9752,-0.0457,-0.4486,1.0,0.0528,-5.608,18.391
Car A,1227,81.8,4,51.506,2,15.324,19.963,0.037,6.0029,0.1509,0.0063,1.0,0.016,0.165,-18.389
Car B,1227,81.8,4,69.896,2,-3.065,20.094,-0.094,5.9769,0.0257,0.314,1.0,-0.2077,1.308,18.389
Car A,1228,81.8667,4,51.906,2,14.924,19.975,0.025,5.9912,-0.1748,0.0821,1.0,0.0156,0.378,-18.388
Car B,1228,81.8667,4,70.294,2,-3.464,20.099,-0.099,5.975,-0.0289,-0.537,1.0,0.0767,-5.183,18.388
Car A,1229,81.9333,4,52.305,2,14.525,19.987,0.013,5.9951,0.0586,0.0686,1.0,0.0231,0.381,-18.387
Car B,1229,81.9333,4,70.692,2,-3.862,20.107,-0.107,5.9769,0.0286,0.2546,1.0,-0.128,1.906,18.387
Car A,1230,82.0,4,52.705,2,14.125,19.998,0.002,5.9878,-0.1096,0.1171,1.0,0.0219,0.556,-18.386
Car B,1230,82.0,4,71.09,2,-4.26,20.112,-0.112,5.9756,-0.0199,-0.4456,1.0,0.0787,-3.193,18.386
Car A,1231,82.0667,4,53.104,2,13.726,20.008,-0.008,5.9905,0.0396,0.1159,1.0,0.0262,0.535,-18.385
Car B,1231,82.0667,4,71.489,2,-4.659,20.121,-0.121,5.9756,0.0007,0.3221,1.0,-0.1198,1.96,18.385
Car A,1232,82.1333,4,53.503,2,13.327,20.017,-0.017,5.9854,-0.076,0.1429,1.0,0.0243,0.633,-18.384
Car B,1232,82.1333,4,71.887,2,-5.057,20.126,-0.126,5.9746,-0.0144,-0.4278,1.0,0.0823,-2.987,18.384
Car A,1233,82.2,4,53.902,2,12.928,20.026,-0.026,5.9884,0.0454,0.1164,1.0,0.0277,0.593,-18.383
Car B,1233,82.2,4,72.285,2,-5.455,20.135,-0.135,5.975,0.0051,0.3453,1.0,-0.1041,2.049,18.383
Car A,1234,82.2667,4,54.301,2,12.529,20.034,-0.034,5.9796,-0.1327,0.2429,1.0,0.0183,0.673,-18.382
Car B,1234,82.2667,4,72.683,2,-5.853,20.141,-0.141,5.9751,0.0022,-0.4047,1.0,0.0846,-2.596,18.382
Car A,1235,82.3333,4,54.7,2,12.13,20.041,-0.041,5.9877,0.1225,0.102,1.0,0.0269,0.451,-18.381
Car B,1235,82.3333,4,73.081,2,-6.251,20.15,-0.15,5.9743,-0.0119,0.346,1.0,-0.0857,2.107,18.381
Car A,1236,82.4,4,55.099,2,11.731,20.047,-0.047,5.9809,-0.1025,0.2107,1.0,0.018,0.661,-18.381
Car B,1236,82.4,4,73.48,2,-6.65,20.156,-0.156,5.9757,0.02,-0.3918,1.0,0.0862,-2.136,18.381
Car A,1237,82.4667,4,55.498,2,11.332,20.052,-0.052,5.9852,0.0646,0.1136,1.0,0.0205,0.445,-18.38
Car B,1237,82.4667,4,73.878,2,-7.048,20.165,-0.165,5.974,-0.0248,0.3813,1.0,-0.0839,2.149,18.38
Car A,1238,82.5333,4,55.897,2,10.933,20.057,-0.057,5.9946,0.14,0.0838,1.0,0.0248,0.497,-18.379
Car B,1238,82.5333,4,74.276,2,-7.446,20.171,-0.171,5.9745,0.0077,-0.3871,1.0,0.0869,-2.09,18.379
Car A,1239,82.6,4,56.296,2,10.534,20.061,-0.061,5.9833,-0.1688,0.1645,1.0,0.0161,0.609,-18.378
Car B,1239,82.6,4,74.674,2,-7.844,20.18,-0.18,5.9741,-0.0061,0.3832,1.0,-0.0701,2.167,18.378
Car A,1240,82.6667,4,56.695,2,10.135,20.065,-0.065,5.9867,0.0505,0.1033,1.0,0.0167,0.401,-18.377
Car B,1240,82.6667,4,75.072,2,-8.242,20.185,-0.185,5.9746,0.0069,-0.3551,1.0,0.0874,-1.746,18.377
Car A,1241,82.7333,4,57.095,2,9.735,20.068,-0.068,5.9941,0.1118,0.0738,1.0,0.0195,0.407,-18.376
Car B,1241,82.7333,4,75.47,2,-8.64,20.194,-0.194,5.9736,-0.0148,0.3977,1.0,-0.0718,2.179,18.376
Car A,1242,82.8,4,57.494,2,9.336,20.071,-0.071,5.9957,0.0235,0.0165,1.0,0.0213,0.471,-18.374
Car B,1242,82.8,4,75.869,2,-9.039,20.199,-0.199,5.9743,0.0113,-0.3644,1.0,0.0882,-1.787,18.374
Car A,1243,82.8667,4,57.894,2,8.936,20.074,-0.074,5.9953,-0.0057,0.0913,1.0,0.0188,0.517,-18.373
Car B,1243,82.8667,4,76.267,2,-9.437,20.207,-0.207,5.9727,-0.024,0.4046,1.0,-0.0684,2.199,18.373
Car A,1244,82.9333,4,58.294,2,8.537,20.076,-0.076,5.9896,-0.0862,0.112,1.0,0.0145,0.461,-18.371
Car B,1244,82.9333,4,76.665,2,-9.835,20.212,-0.212,5.9739,0.0167,-0.3583,1.0,0.0888,-1.703,18.371
Car A,1245,83.0,4,58.693,2,8.137,20.077,-0.077,5.993,0.0519,0.187,1.0,0.0091,0.357,-18.37
Car B,1245,83.0,4,77.063,2,-10.233,20.22,-0.22,5.9735,-0.0049,0.4043,1.0,-0.0598,2.214,18.37
Car A,1246,83.0667,4,59.092,2,7.738,20.077,-0.077,5.992,-0.0152,0.0701,1.0,0.0091,0.229,-18.369
Car B,1246,83.0667,4,77.461,2,-10.631,20.224,-0.224,5.9744,0.0126,-0.3511,1.0,0.0891,-1.49,18.369
Car A,1247,83.1333,4,59.492,2,7.338,20.078,-0.078,5.9971,0.0768,0.0618,1.0,0.0091,0.221,-18.368
Car B,1247,83.1333,4,77.859,2,-11.029,20.231,-0.231,5.974,-0.0059,0.4667,1.0,-0.0845,2.22,18.368
Car A,1248,83.2,4,59.892,2,6.938,20.079,-0.079,5.9972,0.0007,0.0491,1.0,0.009,0.222,-18.366
Car B,1248,83.2,4,78.258,2,-11.427,20.235,-0.235,5.9735,-0.007,-0.3292,1.0,0.0881,-2.107,18.366
Car A,1249,83.2667,4,60.291,2,6.539,20.079,-0.079,5.9969,-0.0034,0.0399,1.0,0.0087,0.22,-18.364
Car B,1249,83.2667,4,78.656,2,-11.826,20.242,-0.242,5.9732,-0.0043,0.4007,1.0,-0.0567,2.196,18.364
Car A,1250,83.3333,4,60.691,2,6.139,20.079,-0.079,5.997,0.0013,0.034,1.0,0.0079,0.212,-18.363
Car B,1250,83.3333,4,79.054,2,-12.224,20.246,-0.246,5.9744,0.017,-0.3482,1.0,0.0893,-1.411,18.363
Car A,1251,83.4,4,61.091,2,5.739,20.079,-0.079,5.9968,-0.003,0.0573,1.0,0.006,0.193,-18.361
Car B,1251,83.4,4,79.452,2,-12.622,20.251,-0.251,5.9739,-0.0069,0.4536,1.0,-0.0764,2.226,18.361
Car A,1252,83.4667,4,61.491,2,5.339,20.079,-0.079,5.9964,-0.0063,0.0403,1.0,0.0047,0.148,-18.359
Car B,1252,83.4667,4,79.85,2,-13.02,20.254,-0.254,5.9741,0.0028,-0.343,1.0,0.089,-1.904,18.359
Car A,1253,83.5333,4,61.891,2,4.939,20.078,-0.078,5.997,0.0083,0.0142,1.0,0.0044,0.115,-18.358
Car B,1253,83.5333,4,80.248,2,-13.418,20.26,-0.26,5.9736,-0.0072,0.4019,1.0,-0.0548,2.217,18.358
Car A,1254,83.6,4,62.291,2,4.539,20.077,-0.077,5.9984,0.0221,0.0219,1.0,0.0035,0.107,-18.356
Car B,1254,83.6,4,80.647,2,-13.817,20.263,-0.263,5.9745,0.0137,-0.3457,1.0,0.0893,-1.364,18.356
Car A,1255,83.6667,4,62.691,2,4.139,20.077,-0.077,5.9984,-0.0012,0.0147,1.0,0.0027,0.085,-18.354
Car B,1255,83.6667,4,81.045,2,-14.215,20.268,-0.268,5.9742,-0.005,0.4495,1.0,-0.0758,2.227,18.354
Car A,1256,83.7333,4,63.091,2,3.74,20.076,-0.076,5.9993,0.0148,0.026,1.0,0.0014,0.066,-18.352
Car B,1256,83.7333,4,81.443,2,-14.613,20.269,-0.269,5.9744,0.0027,-0.3163,1.0,0.088,-1.889,18.352
Car A,1257,83.8,4,63.491,2,3.34,20.075,-0.075,5.9993,-0.0014,-0.0052,1.0,0.0013,0.035,-18.351
Car B,1257,83.8,4,81.841,2,-15.011,20.274,-0.274,5.9734,-0.015,0.4098,1.0,-0.1238,2.194,18.351
Car A,1258,83.8667,4,63.891,2,2.94,20.074,-0.074,5.9999,0.0103,0.0114,1.0,0.0003,0.032,-18.349
Car B,1258,83.8667,4,82.239,2,-15.409,20.276,-0.276,5.9726,-0.0117,-0.3748,1.0,0.0841,-3.087,18.349
Car A,1259,83.9333,4,64.291,2,2.54,20.073,-0.073,5.9996,-0.0058,-0.0028,1.0,-0.0003,0.009,-18.347
Car B,1259,83.9333,4,82.638,2,-15.807,20.281,-0.281,5.9746,0.0294,0.3688,1.0,-0.1061,2.094,18.347
Car A,1260,84.0,4,64.691,2,2.139,20.072,-0.072,6.0002,0.009,-0.002,1.0,-0.0008,-0.007,-18.345
Car B,1260,84.0,4,83.036,2,-16.206,20.283,-0.283,5.9731,-0.0221,-0.3926,1.0,0.0486,-2.644,18.345
Car A,1261,84.0667,4,65.091,2,1.739,20.071,-0.071,6.0005,0.0056,-0.0052,1.0,-0.0013,-0.02,-18.343
Car B,1261,84.0667,4,83.434,2,-16.604,20.289,-0.289,5.9753,0.0327,0.3482,1.0,-0.1542,1.208,18.343
Car A,1262,84.1333,4,65.491,2,1.339,20.07,-0.07,6.0008,0.0041,0.0038,1.0,-0.0021,-0.032,-18.341
Car B,1262,84.1333,4,83.832,2,-17.002,20.293,-0.293,5.9755,0.0031,-0.536,1.0,0.0993,-3.847,18.341
Car A,1263,84.2,4,65.891,2,0.939,20.069,-0.069,6.0008,0.0006,0.0023,1.0,-0.0025,-0.05,-18.34
Car B,1263,84.2,4,84.23,2,-17.4,20.301,-0.301,5.9751,-0.005,0.2648,1.0,-0.0907,2.473,18.34
Car A,1264,84.2667,4,66.291,2,0.539,20.068,-0.068,6.0014,0.0088,-0.0101,1.0,-0.0025,-0.062,-18.338
Car B,1264,84.2667,4,84.629,2,-17.799,20.305,-0.305,5.9763,0.0181,-0.432,1.0,0.0994,-2.259,18.338
Car A,1265,84.3333,4,66.691,2,0.139,20.067,-0.067,6.0,-0.0219,0.0048,1.0,-0.0031,-0.062,-18.336
Car B,1265,84.3333,4,85.027,2,-18.197,20.313,-0.313,5.975,-0.0199,0.348,1.0,0.9509,2.478,18.336
Car A,1266,84.4,4,67.091,2,-0.261,20.067,-0.067,6.0025,0.0386,-0.0021,1.0,-0.0019,-0.074,-18.333
Car B,1266,84.4,4,85.425,2,-18.595,20.308,-0.308,5.9684,-0.0997,1.0171,1.0,0.4533,23.739,18.333
Car A,1267,84.4667,4,67.491,2,-0.661,20.066,-0.066,6.0006,-0.0286,-0.0231,1.0,-0.0008,-0.047,-18.33
Car B,1267,84.4667,4,85.822,2,-18.992,20.29,-0.29,5.954,-0.215,2.0428,1.0,1.0,11.35,18.33
Car A,1268,84.5333,4,67.891,2,-1.061,20.065,-0.065,6.0018,0.0177,-0.0251,1.0,-0.0011,-0.02,-18.326
Car B,1268,84.5333,4,86.217,2,-19.387,20.257,-0.257,5.9403,-0.2067,2.6876,1.0,1.0,24.978,18.326
Car A,1269,84.6,4,68.292,2,-1.461,20.065,-0.065,6.0006,-0.0176,-0.0048,1.0,-0.0029,-0.025,-18.319
Car B,1269,84.6,4,86.61,2,-19.78,20.206,-0.206,5.9282,-0.1809,3.1701,1.0,1.0,25.0,18.319
Car A,1270,84.6667,4,68.692,2,-1.861,20.064,-0.064,5.9998,-0.0124,0.0216,1.0,-0.0057,-0.069,-18.297
Car B,1270,84.6667,4,86.989,2,-20.17,20.137,-0.15,5.917,-0.1676,3.5398,1.0,1.0,25.0,18.297
Car A,1271,84.7333,4,69.092,2,-2.261,20.062,-0.062,5.9998,0.0001,0.0094,1.0,-0.0081,-0.137,-18.289
Car B,1271,84.7333,4,87.38,2,-20.556,20.049,-0.093,5.9073,-0.1462,3.8296,1.0,0.942,25.0,18.289
Car A,1272,84.8,4,69.492,2,-2.661,20.061,-0.061,6.0013,0.023,-0.0111,1.0,-0.0102,-0.194,-18.276
Car B,1272,84.8,4,87.768,2,-20.936,19.943,-0.017,5.8992,-0.1208,4.0526,1.0,0.5063,23.551,18.276
Car A,1273,84.8667,4,69.892,2,-3.062,20.06,-0.06,6.0026,0.0196,-0.0151,1.0,-0.0136,-0.247,-18.269
Car B,1273,84.8667,4,88.16,2,-21.313,19.82,0.016,5.9311,0.4781,4.0007,1.0,1.0,12.672,18.269
Car A,1274,84.9333,4,70.292,2,-3.462,20.061,-0.061,6.0027,0.0004,-0.1164,1.0,-0.0097,-0.337,-18.262
Car B,1274,84.9333,4,88.554,2,-21.684,19.679,0.067,5.9221,-0.1354,4.1551,1.0,1.0,24.98,18.262
Car A,1275,85.0,4,70.692,2,-3.862,20.062,-0.062,5.9918,-0.1632,-0.1084,1.0,-0.0096,-0.24,-18.271
Car B,1275,85.0,4,88.962,2,-22.046,19.519,0.1,5.915,-0.1068,4.3199,1.0,1.0,24.999,18.271
Car A,1276,85.0667,4,71.091,2,-4.261,20.063,-0.063,5.9962,0.0663,-0.05,1.0,-0.0096,-0.235,-18.266
Car B,1276,85.0667,4,89.357,3,-22.4,19.341,0.129,5.9085,-0.0969,4.4344,1.0,1.0,24.999,18.266
Car A,1277,85.1333,4,71.491,2,-4.661,20.064,-0.064,5.9965,0.0047,-0.0624,1.0,-0.0094,-0.234,-18.286
Car B,1277,85.1333,4,89.777,3,-22.744,19.144,0.162,5.9027,-0.087,4.5232,1.0,1.0,24.999,18.286
Car A,1278,85.2,4,71.891,2,-5.061,20.065,-0.065,5.9965,-0.0007,-0.054,1.0,-0.008,-0.229,-18.281
Car B,1278,85.2,4,90.172,3,-23.076,18.93,0.171,5.8975,-0.0785,4.5906,1.0,1.0,24.999,18.281
Car A,1279,85.2667,4,72.291,2,-5.461,20.066,-0.066,5.9955,-0.015,-0.0408,1.0,-0.0074,-0.196,-18.275
Car B,1279,85.2667,4,90.566,3,-23.396,18.699,0.201,5.8927,-0.072,4.6457,1.0,1.0,24.999,18.275
Car A,1280,85.3333,4,72.691,2,-5.861,20.068,-0.068,6.0028,0.1101,-0.0115,1.0,-0.0047,-0.18,-18.302
Car B,1280,85.3333,4,90.992,3,-23.703,18.451,0.192,5.8883,-0.0655,4.6923,1.0,1.0,24.999,18.302
Car A,1281,85.4,4,73.091,2,-6.261,20.07,-0.07,6.0009,-0.0282,-0.0116,1.0,-0.0028,-0.116,-18.296
Car B,1281,85.4,4,91.387,3,-23.997,18.187,0.202,5.8843,-0.0602,4.7255,1.0,1.0,24.999,18.296
Car A,1282,85.4667,4,73.491,2,-6.661,20.072,-0.072,5.9995,-0.0216,-0.0315,1.0,-0.0006,-0.07,-18.323
Car B,1282,85.4667,4,91.814,3,-24.275,17.907,0.193,5.8805,-0.0575,4.753,1.0,1.0,24.999,18.323
Car A,1283,85.5333,4,73.891,2,-7.061,20.075,-0.075,5.9982,-0.0195,0.018,1.0,0.0007,-0.016,-18.317
Car B,1283,85.5333,4,92.208,3,-24.537,17.613,0.185,5.8769,-0.0535,4.774,1.0,1.0,24.999,18.317
Car A,1284,85.6,4,74.291,2,-7.461,20.077,-0.077,6.0025,0.0639,-0.0025,1.0,0.0039,0.016,-18.34
Car B,1284,85.6,4,92.631,3,-24.783,17.305,0.176,5.8735,-0.0512,4.7918,1.0,1.0,24.999,18.34
Car A,1285,85.6667,4,74.691,2,-7.861,20.079,-0.079,6.0044,0.0286,0.0046,1.0,0.008,0.093,-18.333
Car B,1285,85.6667,4,93.024,3,-25.012,16.985,0.149,5.8702,-0.0483,4.8059,1.0,1.0,24.999,18.333
Car A,1286,85.7333,4,75.092,2,-8.261,20.082,-0.082,6.0042,-0.0021,-0.0019,1.0,0.0094,0.191,-18.348
Car B,1286,85.7333,4,93.44,3,-25.222,16.652,0.142,5.8671,-0.0469,4.8182,1.0,1.0,24.999,18.348
Car A,1287,85.8,4,75.492,2,-8.662,20.084,-0.084,5.9996,-0.07,0.0322,1.0,0.0113,0.228,-18.339
Car B,1287,85.8,4,93.83,3,-25.414,16.309,0.096,5.8641,-0.0454,4.8252,1.0,1.0,24.999,18.339
Car A,1288,85.8667,4,75.892,2,-9.062,20.086,-0.086,5.999,-0.0084,0.0365,1.0,0.0135,0.273,-18.331
Car B,1288,85.8667,4,94.223,3,-25.587,15.955,0.071,5.8612,-0.0435,4.8309,1.0,1.0,24.999,18.331
Car A,1289,85.9333,4,76.292,2,-9.462,20.088,-0.088,5.9989,-0.0014,0.0606,1.0,0.0158,0.326,-18.332
Car B,1289,85.9333,4,94.624,3,-25.74,15.593,0.028,5.8583,-0.043,4.8366,1.0,1.0,24.999,18.332
Car A,1290,86.0,4,76.692,2,-9.862,20.089,-0.089,5.9982,-0.0107,0.0633,1.0,0.0187,0.384,-18.322
Car B,1290,86.0,4,95.014,3,-25.872,15.224,-0.014,5.8556,-0.0411,4.8419,1.0,1.0,24.999,18.322
Car A,1291,86.0667,4,77.092,2,-10.261,20.09,-0.09,5.9939,-0.0649,0.0592,1.0,0.0176,0.457,-18.308
Car B,1291,86.0667,4,95.399,3,-25.984,14.847,-0.051,5.8529,-0.0408,4.8445,1.0,1.0,24.999,18.308
Car A,1292,86.1333,4,77.491,2,-10.661,20.09,-0.09,5.9922,-0.0256,0.0779,1.0,0.0176,0.43,-18.296
Car B,1292,86.1333,4,95.787,3,-26.075,14.465,-0.111,5.8502,-0.0398,4.8471,1.0,1.0,24.999,18.296
Car A,1293,86.2,4,77.891,2,-11.06,20.089,-0.089,5.9939,0.0259,0.072,1.0,0.0182,0.43,-18.287
Car B,1293,86.2,4,96.177,3,-26.145,14.079,-0.15,5.8476,-0.039,4.8476,1.0,0.6236,24.999,18.287
Car A,1294,86.2667,4,78.29,2,-11.46,20.089,-0.089,5.9941,0.0028,0.0772,1.0,0.0172,0.443,-18.265
Car B,1294,86.2667,4,96.556,3,-26.193,13.69,-0.193,5.8642,0.2483,4.7552,1.0,0.5394,15.604,18.265
Car A,1295,86.3333,4,78.69,2,-11.86,20.088,-0.088,5.9926,-0.0225,0.0972,1.0,0.0122,0.42,-18.259
Car B,1295,86.3333,4,96.949,3,-26.222,13.296,-0.222,5.8958,0.4746,4.5745,1.0,0.056,13.487,18.259
Car A,1296,86.4,4,79.089,2,-12.259,20.086,-0.086,5.9938,0.0181,0.0834,1.0,0.0062,0.303,-18.255
Car B,1296,86.4,4,97.344,3,-26.241,12.901,-0.241,5.9339,0.5712,2.7935,1.0,-0.1311,1.419,18.255
Car A,1297,86.4667,4,79.489,2,-12.659,20.084,-0.084,5.9994,0.0836,0.0761,1.0,0.0035,0.153,-18.251
Car B,1297,86.4667,4,97.74,3,-26.267,12.505,-0.267,5.9543,0.3064,0.9545,1.0,0.1004,-3.271,18.251
Car A,1298,86.5333,4,79.889,2,-13.059,20.082,-0.082,6.0044,0.0754,0.025,1.0,0.0026,0.087,-18.247
Car B,1298,86.5333,4,98.136,3,-26.296,12.109,-0.296,5.9773,0.3445,0.963,1.0,0.1014,2.501,18.247
Car A,1299,86.6,4,80.289,2,-13.459,20.08,-0.08,6.0014,-0.0444,0.0144,1.0,0.0002,0.064,-18.245
Car B,1299,86.6,4,98.534,3,-26.321,11.711,-0.321,5.9902,0.1938,0.9625,1.0,0.098,2.535,18.245
Car A,1300,86.6667,4,80.69,2,-13.86,20.077,-0.077,6.0042,0.042,0.0129,1.0,-0.0032,0.007,-18.244
Car B,1300,86.6667,4,98.934,3,-26.341,11.311,-0.341,6.0205,0.4541,0.9428,1.0,0.1008,2.45,18.244
Car A,1301,86.7333,4,81.09,2,-14.26,20.075,-0.075,6.0016,-0.0402,-0.0409,1.0,-0.0032,-0.077,-18.243
Car B,1301,86.7333,4,99.333,3,-26.357,10.912,-0.357,6.0049,-0.2334,0.9587,1.0,0.0471,2.52,18.243
Car A,1302,86.8,4,81.49,2,-14.66,20.073,-0.073,6.0017,0.0015,-0.0605,1.0,-0.0015,-0.075,-18.242
Car B,1302,86.8,4,99.733,3,-26.372,10.513,-0.372,5.9707,-0.5138,0.4897,1.0,0.0855,1.175,18.242
Car A,1303,86.8667,4,81.89,2,-15.06,20.071,-0.071,5.9988,-0.0433,-0.0205,1.0,0.0149,-0.037,-18.241
Car B,1303,86.8667,4,100.131,3,-26.385,10.115,-0.385,5.9889,0.2731,0.8203,1.0,0.0217,2.137,18.241
Car A,1304,86.9333,4,82.29,2,-15.46,20.068,-0.068,5.997,-0.0261,-0.0258,1.0,0.0089,0.36,-18.24
Car B,1304,86.9333,4,100.53,3,-26.396,9.715,-0.396,6.0141,0.3778,0.2499,1.0,0.1,0.543,18.24
Car A,1305,87.0,4,82.689,2,-15.859,20.065,-0.065,5.9998,0.042,0.0928,1.0,-0.0025,0.219,-18.241
Car B,1305,87.0,4,100.931,3,-26.406,9.314,-0.406,6.0138,-0.0037,0.91,1.0,-0.103,2.497,18.241
Car A,1306,87.0667,4,83.09,2,-16.259,20.061,-0.061,6.008,0.1226,0.0789,0.919,0.0498,-0.054,-18.242
Car B,1306,87.0667,4,101.332,3,-26.413,8.914,-0.413,6.0135,-0.0041,-0.1591,1.0,0.207,-2.567,18.242
Car A,1307,87.1333,4,83.484,2,-16.654,20.055,-0.055,5.8608,-2.2082,0.4404,0.935,-0.0182,1.244,-18.248
Car B,1307,87.1333,4,101.732,3,-26.424,8.513,-0.424,6.0106,-0.0434,0.5238,1.0,0.1192,5.163,18.248
Car A,1308,87.2,4,83.87,2,-17.04,20.05,-0.05,5.7397,-1.8165,-0.1533,1.0,0.8642,-0.453,-18.263
Car B,1308,87.2,4,102.133,3,-26.424,8.112,-0.424,6.0131,0.0369,1.1441,1.0,0.9442,2.983,18.263
Car A,1309,87.2667,4,84.253,2,-17.423,20.041,-0.041,5.7414,0.026,0.5281,1.0,0.5064,21.571,-18.281
Car B,1309,87.2667,4,102.533,3,-26.413,7.712,-0.413,6.0086,-0.0671,1.5618,1.0,0.4827,23.574,18.281
Car A,1310,87.3333,4,84.635,2,-17.805,20.02,-0.02,5.7334,-0.1204,1.6211,0.929,-0.1292,12.673,-18.298
Car B,1310,87.3333,4,102.933,3,-26.388,7.312,-0.388,5.992,-0.2495,2.4749,1.0,-0.3071,12.085,18.298
Car A,1311,87.4,4,85.016,2,-18.186,19.993,0.007,5.7363,0.0437,0.5821,1.0,0.7757,-3.206,-18.315
Car B,1311,87.4,4,103.331,3,-26.354,6.914,-0.354,6.0039,0.1785,1.5042,1.0,0.9695,-7.647,18.315
Car A,1312,87.4667,4,85.397,2,-18.567,19.968,0.032,5.7347,-0.0241,0.8189,0.9009,-0.0093,19.357,-18.331
Car B,1312,87.4667,4,103.729,3,-26.321,6.516,-0.321,5.9835,-0.3058,1.434,1.0,0.5477,24.191,18.331
Car A,1313,87.5333,4,85.778,2,-18.948,19.939,0.061,5.7213,-0.2005,0.1803,1.0,0.904,-0.201,-18.347
Car B,1313,87.5333,4,104.125,3,-26.276,6.12,-0.276,5.9765,-0.1058,2.245,1.0,1.0,13.708,18.347
Car A,1314,87.6,4,86.158,2,-19.328,19.909,0.091,5.7193,-0.0297,0.7245,1.0,0.6829,22.566,-18.344
Car B,1314,87.6,4,104.502,3,-26.214,5.726,-0.235,5.9628,-0.2053,2.8416,1.0,1.0,24.982,18.344
Car A,1315,87.6667,4,86.537,2,-19.707,19.866,0.134,5.7102,-0.1371,1.7835,1.0,-0.3308,17.08,-18.36
Car B,1315,87.6667,4,104.897,3,-26.135,5.336,-0.186,5.9505,-0.1837,3.2881,1.0,1.0,25.0,18.36
Car A,1316,87.7333,4,86.929,2,-20.084,19.818,0.175,5.7195,0.1388,0.8921,1.0,1.0,-8.232,-18.34
Car B,1316,87.7333,4,105.268,3,-26.037,4.951,-0.134,5.9394,-0.1672,3.6371,1.0,1.0,25.0,18.34
Car A,1317,87.8,4,87.308,2,-20.462,19.768,0.195,5.7053,-0.2128,1.1053,1.0,1.0,24.95,-18.356
Car B,1317,87.8,4,105.665,3,-25.922,4.571,-0.111,5.9296,-0.1463,3.9031,1.0,1.0,25.0,18.356
Car A,1318,87.8667,4,87.688,2,-20.837,19.709,0.225,5.6965,-0.1319,1.9886,1.0,0.9225,24.999,-18.371
Car B,1318,87.8667,4,106.059,3,-25.788,4.198,-0.068,5.9211,-0.1287,4.1095,1.0,1.0,25.0,18.371
Car A,1319,87.9333,4,88.104,2,-21.21,19.632,0.222,5.6877,-0.1314,2.5871,1.0,1.0,23.066,-18.342
Car B,1319,87.9333,4,106.445,3,-25.636,3.832,-0.055,5.9135,-0.1129,4.2688,1.0,1.0,24.999,18.342
Car A,1320,88.0,4,88.483,2,-21.578,19.539,0.227,5.6785,-0.139,3.0786,1.0,1.0,24.997,-18.357
Car B,1320,88.0,4,106.841,3,-25.465,3.475,-0.034,5.9068,-0.1005,4.396,1.0,1.0,24.999,18.357
Car A,1321,88.0667,4,88.899,2,-21.941,19.429,0.223,5.6706,-0.1182,3.4542,1.0,1.0,25.0,-18.334
Car B,1321,88.0667,4,107.233,3,-25.276,3.127,-0.018,5.9009,-0.089,4.4913,1.0,1.0,24.999,18.334
Car A,1322,88.1333,4,89.278,3,-22.298,19.301,0.204,5.6637,-0.1033,3.7514,1.0,1.0,25.0,-18.35
Car B,1322,88.1333,4,107.628,3,-25.069,2.791,-0.017,5.8955,-0.0803,4.5674,1.0,1.0,24.999,18.35
Car A,1323,88.2,4,89.689,3,-22.648,19.156,0.202,5.6581,-0.0845,3.9879,1.0,1.0,25.0,-18.334
Car B,1323,88.2,4,108.023,3,-24.844,2.466,0.002,5.8907,-0.0731,4.6281,1.0,1.0,24.999,18.334
Car A,1324,88.2667,4,90.066,3,-22.99,18.992,0.163,5.6536,-0.0665,4.1698,1.0,1.0,24.999,-18.351
Car B,1324,88.2667,4,108.418,3,-24.603,2.153,-0.017,5.8862,-0.0673,4.6774,1.0,1.0,24.999,18.351
Car A,1325,88.3333,4,90.445,3,-23.322,18.81,0.144,5.6501,-0.0521,4.3165,1.0,1.0,24.999,-18.367
Car B,1325,88.3333,4,108.812,3,-24.345,1.855,-0.015,5.8821,-0.0613,4.7139,1.0,1.0,24.999,18.367
Car A,1326,88.4,4,90.844,3,-23.644,18.611,0.109,5.6474,-0.0407,4.4276,1.0,1.0,24.999,-18.36
Car B,1326,88.4,4,109.204,3,-24.072,1.571,-0.031,5.8783,-0.0574,4.7434,1.0,1.0,24.999,18.36
Car A,1327,88.4667,4,91.22,3,-23.955,18.394,0.072,5.6454,-0.0305,4.5177,1.0,1.0,24.999,-18.377
Car B,1327,88.4667,4,109.598,3,-23.783,1.302,-0.048,5.8747,-0.0543,4.767,1.0,1.0,24.999,18.377
Car A,1328,88.5333,4,91.607,3,-24.253,18.161,0.045,5.6439,-0.022,4.5892,1.0,1.0,24.999,-18.377
Car B,1328,88.5333,4,109.983,3,-23.481,1.05,-0.058,5.8713,-0.0509,4.7855,1.0,1.0,24.999,18.377
Car A,1329,88.6,4,91.982,3,-24.538,17.911,-0.009,5.6429,-0.015,4.6448,1.0,1.0,24.999,-18.394
Car B,1329,88.6,4,110.375,3,-23.166,0.814,-0.094,5.868,-0.0492,4.8005,1.0,1.0,24.999,18.394
Car A,1330,88.6667,4,92.359,3,-24.808,17.646,-0.042,5.6423,-0.01,4.6913,1.0,1.0,24.999,-18.41
Car B,1330,88.6667,4,110.769,3,-22.838,0.597,-0.108,5.8649,-0.0466,4.8126,1.0,1.0,24.999,18.41
Car A,1331,88.7333,4,92.726,3,-25.063,17.366,-0.094,5.6419,-0.0049,4.7273,1.0,1.0,24.999,-18.416
Car B,1331,88.7333,4,111.142,3,-22.499,0.398,-0.15,5.8619,-0.0449,4.8208,1.0,1.0,24.999,18.416
Car A,1332,88.8,4,93.101,3,-25.302,17.072,-0.144,5.6418,-0.0018,4.7556,1.0,1.0,24.999,-18.433
Car B,1332,88.8,4,111.534,3,-22.149,0.218,-0.183,5.859,-0.0434,4.8288,1.0,1.0,24.999,18.433
Car A,1333,88.8667,4,93.451,3,-25.523,16.765,-0.179,5.6419,0.0012,4.7785,1.0,1.0,24.999,-18.443
Car B,1333,88.8667,4,111.894,3,-21.791,0.057,-0.215,5.8562,-0.0424,4.8346,1.0,1.0,24.999,18.443
Car A,1334,88.9333,4,93.824,3,-25.727,16.445,-0.246,5.6421,0.0037,4.7981,1.0,1.0,24.999,-18.46
Car B,1334,88.9333,4,112.283,3,-21.424,-0.083,-0.266,5.8534,-0.0415,4.839,1.0,1.0,24.999,18.46
Car A,1335,89.0,4,94.2,3,-25.913,16.115,-0.291,5.6425,0.0054,4.8117,1.0,1.0,24.999,-18.475
Car B,1335,89.0,4,112.675,3,-21.05,-0.203,-0.295,5.8507,-0.0404,4.8427,1.0,0.8982,24.999,18.475
Car A,1336,89.0667,4,94.526,3,-26.079,15.775,-0.344,5.643,0.0073,4.8247,1.0,1.0,24.999,-18.489
Car B,1336,89.0667,4,113.016,3,-20.67,-0.302,-0.354,5.8499,-0.0119,4.8291,1.0,1.0,22.459,18.489
Car A,1337,89.1333,4,94.9,3,-26.226,15.425,-0.405,5.6435,0.0075,4.8332,1.0,1.0,24.999,-18.505
Car B,1337,89.1333,4,113.405,3,-20.286,-0.38,-0.401,5.8471,-0.0414,4.8493,1.0,0.7927,24.996,18.505
Car A,1338,89.2,4,95.277,3,-26.352,15.068,-0.445,5.6441,0.0085,4.8419,1.0,1.0,24.999,-18.485
Car B,1338,89.2,4,113.762,3,-19.898,-0.436,-0.436,5.8481,0.0137,4.813,1.0,0.6455,19.825,18.485
Car A,1339,89.2667,4,95.579,3,-26.458,14.704,-0.512,5.6446,0.0088,4.8465,1.0,1.0,24.999,-18.574
Car B,1339,89.2667,4,114.153,3,-19.507,-0.472,-0.472,5.8532,0.0769,4.7804,1.0,0.2668,16.142,18.574
Car A,1340,89.3333,4,95.954,3,-26.543,14.335,-0.568,5.6452,0.0091,4.8505,1.0,1.0,24.999,-18.592
Car B,1340,89.3333,4,114.546,3,-19.114,-0.494,-0.494,5.9024,0.7379,2.9809,1.0,-0.2638,6.684,18.592
Car A,1341,89.4,4,96.284,3,-26.606,13.961,-0.606,5.6459,0.0096,4.8541,1.0,1.0,24.999,-18.656
Car B,1341,89.4,4,114.94,3,-18.721,-0.523,-0.523,5.922,0.2945,1.2313,1.0,0.0692,-6.576,18.656
Car A,1342,89.4667,4,96.661,3,-26.649,13.585,-0.649,5.6465,0.0096,4.8564,1.0,1.0,24.999,-18.673
Car B,1342,89.4667,4,115.334,3,-18.327,-0.557,-0.557,5.9325,0.1579,0.6921,1.0,0.0915,1.701,18.673
Car A,1343,89.5333,4,97.039,3,-26.669,13.206,-0.669,5.6472,0.0098,4.859,1.0,1.0,24.999,-18.691
Car B,1343,89.5333,4,115.73,3,-17.93,-0.588,-0.588,5.9536,0.3152,0.9164,1.0,0.0868,2.282,18.691
Car A,1344,89.6,4,97.418,3,-26.668,12.827,-0.668,5.6478,0.0093,4.8608,1.0,1.0,24.999,-18.709
Car B,1344,89.6,4,116.128,3,-17.533,-0.614,-0.614,5.9814,0.4171,0.8235,1.0,0.0913,2.169,18.709
Car A,1345,89.6667,4,97.797,3,-26.645,12.448,-0.645,5.6485,0.0102,4.8622,1.0,1.0,24.999,-18.729
Car B,1345,89.6667,4,116.526,3,-17.135,-0.637,-0.637,5.9618,-0.2938,0.8973,1.0,0.0783,2.278,18.729
Car A,1346,89.7333,4,98.174,3,-26.6,12.072,-0.6,5.6491,0.0099,4.8643,1.0,0.4847,24.999,-18.751
Car B,1346,89.7333,4,116.924,3,-16.736,-0.657,-0.657,5.9998,0.5705,0.7599,1.0,0.0888,1.957,18.751
Car A,1347,89.8,4,98.549,3,-26.54,11.696,-0.54,5.7037,0.8177,3.9396,1.0,-0.0556,12.136,-18.774
Car B,1347,89.8,4,117.324,3,-16.337,-0.673,-0.673,5.9931,-0.1004,0.8512,1.0,0.0754,2.219,18.774
Car A,1348,89.8667,4,98.926,3,-26.474,11.319,-0.474,5.7372,0.5033,2.3084,1.0,-0.0879,-1.37,-18.798
Car B,1348,89.8667,4,117.725,3,-15.936,-0.687,-0.687,6.0244,0.4689,0.7333,1.0,0.0846,1.886,18.798
Car A,1349,89.9333,4,99.305,3,-26.417,10.94,-0.417,5.7578,0.3091,0.6293,1.0,-0.0823,-2.197,-18.82
Car B,1349,89.9333,4,118.126,3,-15.535,-0.696,-0.696,6.0189,-0.0818,0.8188,1.0,0.067,2.115,18.82
Car A,1350,90.0,4,99.687,3,-26.37,10.558,-0.37,5.7756,0.2675,-0.5261,1.0,-0.0743,-2.058,-18.837
Car B,1350,90.0,4,118.524,3,-15.136,-0.704,-0.704,5.9555,-0.9514,0.4899,1.0,0.0288,1.646,18.837
Car A,1351,90.0667,4,100.075,3,-26.331,10.171,-0.331,5.8885,1.6927,-0.6928,1.0,-0.0662,-1.855,-18.847
Car B,1351,90.0667,4,118.922,3,-14.739,-0.712,-0.712,5.9776,0.3309,0.228,1.0,0.0591,0.71,18.847
Car A,1352,90.1333,4,100.468,3,-26.294,9.777,-0.294,5.9356,0.706,-0.6426,1.0,-0.0389,-1.63,-18.852
Car B,1352,90.1333,4,119.32,3,-14.34,-0.717,-0.717,5.993,0.2309,0.5621,1.0,-0.0003,1.477,18.852
Car A,1353,90.2,4,100.863,3,-26.257,9.382,-0.257,5.9668,0.4679,-0.2469,1.0,-0.087,-0.957,-18.857
Car B,1353,90.2,4,119.72,3,-13.94,-0.723,-0.723,6.0047,0.1762,0.0925,1.0,0.0704,0.003,18.857
Car A,1354,90.2667,4,101.26,3,-26.223,8.986,-0.223,5.9732,0.0973,-0.8237,0.9039,-0.0741,-2.173,-18.861
Car B,1354,90.2667,4,120.12,3,-13.54,-0.727,-0.727,6.0055,0.0122,0.6805,1.0,-0.0733,1.756,18.861
Car A,1355,90.3333,4,101.649,3,-26.194,8.596,-0.194,5.7906,-2.7392,-0.6639,0.9233,-0.13,-1.854,-18.871
Car B,1355,90.3333,4,120.521,3,-13.14,-0.73,-0.73,6.0061,0.0095,-0.3338,1.0,0.0862,-1.826,18.871
Car A,1356,90.4,4,102.031,3,-26.172,8.214,-0.172,5.6901,-1.5073,-1.128,1.0,0.2696,-3.247,-18.89
Car B,1356,90.4,4,120.921,3,-12.74,-0.737,-0.737,6.0021,-0.0599,0.4364,1.0,0.0476,2.149,18.89
Car A,1357,90.4667,4,102.41,3,-26.151,7.835,-0.151,5.6977,0.114,-0.0198,1.0,0.9698,6.724,-18.911
Car B,1357,90.4667,4,121.321,3,-12.339,-0.736,-0.736,6.0235,0.3208,0.4796,1.0,0.0523,1.186,18.911
Car A,1358,90.5333,4,102.788,3,-26.118,7.457,-0.118,5.6988,0.0164,0.6971,1.0,0.912,24.218,-18.934
Car B,1358,90.5333,4,121.723,3,-11.937,-0.734,-0.734,6.0359,0.1857,0.5252,1.0,0.0456,1.296,18.934
Car A,1359,90.6,4,103.165,3,-26.071,7.08,-0.071,5.6851,-0.2067,1.843,1.0,1.0,22.803,-18.96
Car B,1359,90.6,4,122.125,3,-11.535,-0.73,-0.73,6.0301,-0.0866,0.2636,1.0,0.0584,1.116,18.96
Car A,1360,90.6667,4,103.539,3,-26.009,6.706,-0.009,5.6752,-0.1477,2.4782,1.0,0.5219,24.996,-18.988
Car B,1360,90.6667,4,122.527,3,-11.133,-0.724,-0.724,6.0012,-0.4346,0.5857,1.0,-0.1149,1.458,18.988
Car A,1361,90.7333,4,103.91,3,-25.93,6.335,0.07,5.6754,0.0023,2.9406,1.0,-0.6868,13.065,-19.017
Car B,1361,90.7333,4,122.927,3,-10.733,-0.72,-0.72,6.002,0.0127,-0.4568,1.0,0.0614,-2.867,19.017
Car A,1362,90.8,4,104.291,3,-25.845,5.966,0.152,5.6884,0.1949,1.6978,1.0,0.8042,-17.125,-19.036
Car B,1362,90.8,4,123.327,3,-10.333,-0.72,-0.72,6.0001,-0.0283,0.3199,1.0,-0.0869,1.529,19.036
Car A,1363,90.8667,4,104.665,3,-25.751,5.599,0.217,5.6791,-0.1387,2.5084,1.0,-0.3582,20.048,-19.062
Car B,1363,90.8667,4,123.727,3,-9.933,-0.717,-0.717,5.9978,-0.0348,-0.4427,1.0,0.0278,-2.166,19.062
Car A,1364,90.9333,4,105.038,3,-25.653,5.232,0.286,5.704,0.374,0.9472,1.0,-0.3345,-8.911,-19.088
Car B,1364,90.9333,4,124.127,3,-9.533,-0.718,-0.718,5.9978,0.0005,0.2641,1.0,-0.1523,0.691,19.088
Car A,1365,91.0,4,105.466,3,-25.565,4.861,0.304,5.7108,0.1006,-0.4503,1.0,1.0,-8.362,-19.061
Car B,1365,91.0,4,124.527,3,-9.134,-0.718,-0.718,5.9969,-0.0145,-0.6198,1.0,0.0207,-3.8,19.061
Car A,1366,91.0667,4,105.845,3,-25.481,4.491,0.3,5.7013,-0.142,0.217,1.0,1.0,24.95,-19.081
Car B,1366,91.0667,4,124.926,3,-8.734,-0.722,-0.722,5.9994,0.0384,0.1827,1.0,-0.098,0.51,19.081
Car A,1367,91.1333,4,106.272,3,-25.388,4.122,0.285,5.6941,-0.1081,1.2845,1.0,1.0,24.999,-19.054
Car B,1367,91.1333,4,125.326,3,-8.334,-0.726,-0.726,5.9965,-0.0436,-0.6938,1.0,0.0285,-2.444,19.054
Car A,1368,91.2,4,106.649,3,-25.279,3.759,0.246,5.6847,-0.1404,2.0411,1.0,1.0,25.0,-19.077
Car B,1368,91.2,4,125.726,3,-7.934,-0.732,-0.732,5.9959,-0.0098,0.1752,1.0,-0.0735,0.707,19.077
Car A,1369,91.2667,4,107.028,3,-25.156,3.4,0.223,5.675,-0.1461,2.6535,1.0,1.0,25.0,-19.098
Car B,1369,91.2667,4,126.126,3,-7.535,-0.738,-0.738,5.9927,-0.0468,-0.6064,1.0,0.0116,-1.833,19.098
Car A,1370,91.3333,4,107.437,3,-25.016,3.048,0.162,5.666,-0.1342,3.1165,1.0,1.0,25.0,-19.088
Car B,1370,91.3333,4,126.525,3,-7.135,-0.745,-0.745,5.9982,0.0818,0.1193,1.0,-0.0438,0.275,19.088
Car A,1371,91.4,4,107.812,3,-24.86,2.703,0.115,5.6582,-0.118,3.4925,1.0,1.0,25.0,-19.112
Car B,1371,91.4,4,126.925,3,-6.735,-0.753,-0.753,6.0019,0.0552,-0.4317,1.0,0.0179,-1.093,19.112
Car A,1372,91.4667,4,108.201,3,-24.688,2.366,0.057,5.6516,-0.0983,3.7839,1.0,1.0,25.0,-19.124
Car B,1372,91.4667,4,127.325,3,-6.335,-0.761,-0.761,5.9927,-0.1384,0.191,1.0,-0.0585,0.434,19.124
Car A,1373,91.5333,4,108.573,3,-24.498,2.039,-0.011,5.6463,-0.0794,4.0099,1.0,1.0,25.0,-19.151
Car B,1373,91.5333,4,127.724,3,-5.936,-0.771,-0.771,5.9874,-0.079,-0.5808,1.0,0.0242,-1.458,19.151
Car A,1374,91.6,4,108.948,3,-24.291,1.722,-0.06,5.6421,-0.0629,4.1875,1.0,1.0,24.999,-19.175
Car B,1374,91.6,4,128.124,3,-5.537,-0.781,-0.781,5.9972,0.1475,0.2422,1.0,-0.0601,0.598,19.175
Car A,1375,91.6667,4,109.307,3,-24.068,1.417,-0.146,5.6389,-0.0487,4.3277,1.0,1.0,24.999,-19.217
Car B,1375,91.6667,4,128.523,3,-5.137,-0.791,-0.791,5.9942,-0.0459,-0.5458,1.0,0.0322,-1.5,19.217
Car A,1376,91.7333,4,109.679,3,-23.829,1.124,-0.213,5.6364,-0.0369,4.4378,1.0,1.0,24.999,-19.244
Car B,1376,91.7333,4,128.923,3,-4.738,-0.801,-0.801,5.9952,0.0156,0.3067,1.0,-0.0733,0.802,19.244
Car A,1377,91.8,4,110.011,3,-23.574,0.845,-0.281,5.6346,-0.027,4.5246,1.0,1.0,24.999,-19.311
Car B,1377,91.8,4,129.322,3,-4.338,-0.812,-0.812,5.9938,-0.0213,-0.5875,1.0,0.0443,-1.828,19.311
Car A,1378,91.8667,4,110.38,3,-23.304,0.58,-0.366,5.6333,-0.0191,4.5948,1.0,1.0,24.999,-19.342
Car B,1378,91.8667,4,129.722,3,-3.939,-0.825,-0.825,5.9923,-0.0223,0.3166,1.0,-0.0831,1.102,19.342
Car A,1379,91.9333,4,110.752,3,-23.019,0.331,-0.43,5.6325,-0.0121,4.6496,1.0,1.0,24.999,-19.368
Car B,1379,91.9333,4,130.121,3,-3.539,-0.837,-0.837,5.9913,-0.0142,-0.5122,1.0,0.0549,-2.073,19.368
Car A,1380,92.0,4,111.051,3,-22.722,0.098,-0.512,5.6321,-0.0067,4.6943,1.0,1.0,24.999,-19.469
Car B,1380,92.0,4,130.52,3,-3.14,-0.851,-0.851,5.99,-0.0207,0.3051,1.0,-0.0836,1.368,19.469
Car A,1381,92.0667,4,111.42,3,-22.411,-0.117,-0.593,5.6319,-0.0024,4.7306,1.0,1.0,24.999,-19.499
Car B,1381,92.0667,4,130.919,3,-2.741,-0.863,-0.863,5.9878,-0.0323,-0.464,1.0,0.074,-2.084,19.499
Car A,1382,92.1333,4,111.777,3,-22.089,-0.315,-0.652,5.632,0.0008,4.7589,1.0,1.0,24.999,-19.54
Car B,1382,92.1333,4,131.318,3,-2.343,-0.878,-0.878,5.9862,-0.0235,0.3366,1.0,-0.0701,1.845,19.54
Car A,1383,92.2,4,112.057,3,-21.756,-0.494,-0.743,5.6323,0.0041,4.7812,1.0,1.0,24.999,-19.66
Car B,1383,92.2,4,131.717,3,-1.944,-0.889,-0.889,5.9855,-0.0112,-0.4022,1.0,0.1086,-1.747,19.66
Car A,1384,92.2667,4,112.427,3,-21.413,-0.654,-0.818,5.6326,0.0058,4.7995,1.0,1.0,24.999,-19.688
Car B,1384,92.2667,4,132.115,3,-1.545,-0.904,-0.904,5.9836,-0.0284,0.3963,1.0,-0.0655,2.707,19.688
Car A,1385,92.3333,4,112.719,3,-21.062,-0.794,-0.876,5.6332,0.0085,4.8132,1.0,1.0,24.999,-19.795
Car B,1385,92.3333,4,132.514,3,-1.146,-0.915,-0.915,5.9835,-0.0015,-0.3544,1.0,0.1506,-1.631,19.795
Car A,1386,92.4,4,113.031,3,-20.703,-0.913,-0.966,5.6338,0.0085,4.8247,1.0,1.0,24.999,-19.881
Car B,1386,92.4,4,132.912,3,-0.748,-0.928,-0.928,5.9816,-0.0291,0.4375,1.0,-0.062,3.757,19.881
Car A,1387,92.4667,4,113.403,3,-20.338,-1.013,-1.036,5.6344,0.0096,4.834,1.0,1.0,24.999,-19.908
Car B,1387,92.4667,4,133.311,3,-0.349,-0.938,-0.938,5.9825,0.0138,-0.335,1.0,0.1899,-1.542,19.908
Car A,1388,92.5333,4,113.693,3,-19.968,-1.091,-1.091,5.6351,0.0105,4.842,1.0,1.0,24.999,-20.017
Car B,1388,92.5333,5,0.049,1,0.049,-0.95,-0.95,5.98,-0.0369,0.4672,1.0,-0.0504,4.736,20.017
Car A,1389,92.6,4,114.067,3,-19.594,-1.147,-1.147,5.6359,0.0111,4.8472,1.0,1.0,24.999,-20.041
Car B,1389,92.6,5,0.448,1,0.448,-0.959,-0.959,5.9813,0.019,-0.3083,1.0,0.2179,-1.251,20.041
Car A,1390,92.6667,4,114.443,3,-19.217,-1.182,-1.182,5.6366,0.0111,4.8517,1.0,1.0,24.999,-20.063
Car B,1390,92.6667,5,0.846,1,0.846,-0.969,-0.969,5.9792,-0.0321,0.5406,1.0,-0.0635,5.438,20.063
Car A,1391,92.7333,4,114.822,3,-18.839,-1.196,-1.196,5.6374,0.0119,4.8552,1.0,1.0,24.999,-20.084
Car B,1391,92.7333,5,1.245,1,1.245,-0.976,-0.976,5.9809,0.0269,-0.2528,1.0,0.2188,-1.577,20.084
Car A,1392,92.8,4,115.2,3,-18.46,-1.188,-1.188,5.6382,0.0123,4.8579,1.0,1.0,24.999,-20.103
Car B,1392,92.8,5,1.643,1,1.643,-0.985,-0.985,5.9772,-0.0565,0.5181,1.0,-0.0493,5.459,20.103
Car A,1393,92.8667,4,115.578,3,-18.083,-1.158,-1.158,5.6389,0.011,4.8598,1.0,1.0,24.999,-20.125
Car B,1393,92.8667,5,2.042,1,2.042,-0.991,-0.991,5.9796,0.037,-0.2685,1.0,0.2296,-1.221,20.125
Car A,1394,92.9333,4,115.953,3,-17.708,-1.106,-1.106,5.6398,0.0127,4.8616,1.0,1.0,24.999,-20.148
Car B,1394,92.9333,5,2.44,1,2.44,-0.998,-0.998,5.9769,-0.0414,0.5619,1.0,-0.0729,5.73,20.148
Car A,1395,93.0,4,116.324,3,-17.336,-1.033,-1.033,5.6405,0.0112,4.8627,1.0,1.0,24.999,-20.175
Car B,1395,93.0,5,2.839,1,2.839,-1.002,-1.002,5.9784,0.0234,-0.2376,1.0,0.227,-1.811,20.175
Car A,1396,93.0667,4,116.691,3,-16.969,-0.939,-0.939,5.6414,0.0123,4.8639,1.0,-0.0522,24.999,-20.206
Car B,1396,93.0667,5,3.237,1,3.237,-1.008,-1.008,5.975,-0.0511,0.4887,1.0,-0.0595,5.664,20.206
Car A,1397,93.1333,4,117.055,3,-16.605,-0.833,-0.833,5.6838,0.6366,3.3704,1.0,-0.2071,-1.265,-20.24
Car B,1397,93.1333,5,3.635,1,3.635,-1.011,-1.011,5.9763,0.0188,-0.2914,1.0,0.2215,-1.477,20.24
Car A,1398,93.2,4,117.422,3,-16.238,-0.731,-0.731,5.7176,0.5074,1.2326,1.0,-0.2112,-5.172,-20.271
Car B,1398,93.2,5,4.034,1,4.034,-1.016,-1.016,5.9739,-0.0352,0.4928,1.0,-0.1609,5.527,20.271
Car A,1399,93.2667,4,117.793,3,-15.867,-0.64,-0.64,5.7276,0.1489,-0.1022,1.0,-0.2185,-5.281,-20.299
Car B,1399,93.2667,5,4.432,1,4.432,-1.018,-1.018,5.9734,-0.0077,-0.2977,1.0,0.183,-4.008,20.299
Car A,1400,93.3333,4,118.167,3,-15.493,-0.56,-0.56,5.7327,0.0766,-1.088,1.0,-0.2111,-5.463,-20.323
Car B,1400,93.3333,5,4.83,1,4.83,-1.023,-1.023,5.9728,-0.0095,0.4316,1.0,-0.1604,4.562,20.323
Car A,1401,93.4,4,118.544,3,-15.116,-0.494,-0.494,5.7582,0.3827,-1.7426,1.0,-0.189,-5.278,-20.344
Car B,1401,93.4,5,5.228,1,5.228,-1.024,-1.024,5.9729,0.001,-0.3436,1.0,0.1779,-3.997,20.344
Car A,1402,93.4667,4,118.927,3,-14.733,-0.435,-0.435,5.8421,1.2592,-1.6819,1.0,-0.1929,-4.726,-20.359
Car B,1402,93.4667,5,5.626,1,5.626,-1.029,-1.029,5.9723,-0.0084,0.4034,1.0,-0.2408,4.435,20.359
Car A,1403,93.5333,4,119.316,3,-14.345,-0.383,-0.383,5.9089,1.0011,-1.7392,1.0,-0.1932,-4.821,-20.369
Car B,1403,93.5333,5,6.024,1,6.024,-1.031,-1.031,5.9717,-0.0088,-0.367,1.0,0.0269,-6.003,20.369
Car A,1404,93.6,4,119.71,3,-13.95,-0.339,-0.339,5.9817,1.0919,-1.7937,1.0,-0.1941,-4.829,-20.373
Car B,1404,93.6,5,6.422,1,6.423,-1.036,-1.036,5.9861,0.2157,0.2666,1.0,-0.2738,0.662,20.373
Car A,1405,93.6667,4,120.11,3,-13.551,-0.302,-0.302,6.0451,0.9522,-1.8574,1.0,-0.1948,-4.852,-20.372
Car B,1405,93.6667,5,6.821,1,6.822,-1.041,-1.041,5.9849,-0.0186,-0.6403,1.0,0.1063,-6.833,20.372
Car A,1406,93.7333,4,120.514,3,-13.147,-0.273,-0.273,6.0972,0.7811,-1.9104,1.0,-0.1882,-4.868,-20.367
Car B,1406,93.7333,5,7.22,1,7.22,-1.051,-1.051,5.9865,0.0252,0.1868,1.0,-0.2797,2.642,20.367
Car A,1407,93.8,4,120.921,3,-12.739,-0.253,-0.253,6.1272,0.4501,-1.8853,1.0,-0.1656,-4.698,-20.358
Car B,1407,93.8,5,7.619,1,7.619,-1.057,-1.057,5.9827,-0.0569,-0.517,1.0,-0.0033,-6.978,20.358
Car A,1408,93.8667,4,121.328,3,-12.332,-0.238,-0.238,6.0808,-0.6964,-1.664,1.0,-0.1325,-4.141,-20.35
Car B,1408,93.8667,5,8.018,1,8.018,-1.067,-1.067,5.9971,0.2154,-0.0204,1.0,-0.1733,-0.103,20.35
Car A,1409,93.9333,4,121.734,3,-11.926,-0.228,-0.228,6.0952,0.2161,-1.3005,1.0,-0.076,-3.308,-20.344
Car B,1409,93.9333,5,8.418,1,8.418,-1.081,-1.081,5.9944,-0.0408,-0.9311,1.0,0.3327,-4.327,20.344
Car A,1410,94.0,4,122.139,3,-11.521,-0.218,-0.218,6.063,-0.4836,-0.794,1.0,0.0537,-1.895,-20.338
Car B,1410,94.0,5,8.817,1,8.817,-1.098,-1.098,5.9922,-0.0321,0.0228,1.0,-0.0385,8.299,20.338
Car A,1411,94.0667,4,122.543,3,-11.117,-0.205,-0.205,6.06,-0.0443,0.3038,1.0,-0.0135,1.338,-20.333
Car B,1411,94.0667,5,9.216,1,9.216,-1.111,-1.111,6.0061,0.2072,-0.3907,1.0,0.2643,-0.951,20.333
Car A,1412,94.1333,4,122.946,3,-10.714,-0.189,-0.189,6.0224,-0.5642,-0.1537,1.0,0.0644,-0.324,-20.331
Car B,1412,94.1333,5,9.616,1,9.616,-1.123,-1.123,6.0054,-0.0104,0.5845,1.0,-0.21,6.596,20.331
Car A,1413,94.2,4,123.347,3,-10.314,-0.169,-0.169,6.0233,0.0141,0.6378,1.0,-0.1297,1.607,-20.33
Car B,1413,94.2,5,10.016,1,10.017,-1.132,-1.132,6.0046,-0.0118,-0.2398,1.0,0.2329,-5.23,20.33
Car A,1414,94.2667,4,123.748,3,-9.912,-0.15,-0.15,6.0234,0.0014,-0.3743,1.0,-0.032,-3.234,-20.329
Car B,1414,94.2667,5,10.416,1,10.417,-1.143,-1.143,6.003,-0.0231,0.4661,1.0,-0.1495,5.805,20.329
Car A,1415,94.3333,4,124.149,3,-9.511,-0.137,-0.137,6.0317,0.1246,-0.3696,1.0,0.0109,-0.801,-20.328
Car B,1415,94.3333,5,10.817,1,10.817,-1.152,-1.152,6.0031,0.0016,-0.3233,1.0,0.2837,-3.722,20.328
Car A,1416,94.4,4,124.55,3,-9.11,-0.122,-0.122,6.0044,-0.4092,0.0143,1.0,-0.0737,0.257,-20.326
Car B,1416,94.4,5,11.216,1,11.216,-1.163,-1.163,5.9988,-0.0645,0.4288,1.0,-0.0826,7.076,20.326
Car A,1417,94.4667,4,124.95,3,-8.71,-0.11,-0.11,5.9982,-0.0931,-0.7033,1.0,0.109,-1.839,-20.326
Car B,1417,94.4667,5,11.616,1,11.616,-1.171,-1.171,5.9998,0.0139,-0.3508,1.0,0.3322,-2.051,20.326
Car A,1418,94.5333,4,125.35,3,-8.31,-0.098,-0.098,5.9996,0.0209,0.3251,1.0,-0.0806,2.718,-20.326
Car B,1418,94.5333,5,12.016,1,12.016,-1.182,-1.182,5.9947,-0.0764,0.4686,1.0,-0.074,8.289,20.326
Car A,1419,94.6,4,125.75,3,-7.91,-0.083,-0.083,5.9988,-0.0122,-0.4134,1.0,-0.0016,-2.007,-20.326
Car B,1419,94.6,5,12.415,1,12.415,-1.189,-1.189,5.9949,0.0025,-0.3222,1.0,0.3312,-1.835,20.326
Car A,1420,94.6667,4,126.15,3,-7.511,-0.073,-0.073,5.9992,0.005,0.0404,1.0,-0.0678,-0.051,-20.325
Car B,1420,94.6667,5,12.815,1,12.815,-1.199,-1.199,5.9903,-0.0681,0.4814,1.0,-0.0661,8.265,20.325
Car A,1421,94.7333,4,126.549,3,-7.111,-0.064,-0.064,5.9774,-0.3266,-0.6858,1.0,0.1392,-1.689,-20.325
Car B,1421,94.7333,5,13.214,1,13.214,-1.204,-1.204,5.9927,0.0359,-0.3163,1.0,0.3464,-1.636,20.325
Car A,1422,94.8,4,126.948,3,-6.712,-0.055,-0.055,5.9791,0.0256,0.3921,1.0,-0.0732,3.471,-20.326
Car B,1422,94.8,5,13.613,1,13.613,-1.213,-1.213,5.9873,-0.0818,0.504,1.0,-0.0455,8.644,20.326
Car A,1423,94.8667,4,127.346,3,-6.314,-0.043,-0.043,5.9799,0.0119,-0.3574,1.0,-0.0029,-1.822,-20.326
Car B,1423,94.8667,5,14.012,1,14.012,-1.217,-1.217,5.9907,0.0513,-0.298,1.0,0.3409,-1.121,20.326
Car A,1424,94.9333,4,127.745,3,-5.915,-0.034,-0.034,5.9968,0.2542,0.0185,1.0,-0.0557,-0.083,-20.326
Car B,1424,94.9333,5,14.411,1,14.412,-1.223,-1.223,5.9877,-0.0446,0.6061,1.0,-0.1213,8.507,20.326
Car A,1425,95.0,4,128.145,3,-5.515,-0.028,-0.028,6.0196,0.3422,-0.5436,1.0,0.0998,-1.388,-20.326
Car B,1425,95.0,5,14.811,1,14.811,-1.224,-1.224,5.9888,0.0169,-0.2238,1.0,0.2721,-3.015,20.326
Car A,1426,95.0667,4,128.547,3,-5.114,-0.021,-0.021,6.0194,-0.0033,0.443,1.0,-0.0913,2.489,-20.323
Car B,1426,95.0667,5,15.21,1,15.21,-1.23,-1.23,5.9858,-0.046,0.4864,1.0,-0.1056,6.786,20.323
Car A,1427,95.1333,4,128.948,3,-4.713,-0.01,-0.01,6.0161,-0.0504,-0.3427,1.0,-0.019,-2.274,-20.321
Car B,1427,95.1333,5,15.609,1,15.609,-1.231,-1.231,5.9863,0.0085,-0.3018,1.0,0.264,-2.624,20.321
Car A,1428,95.2,4,129.349,3,-4.312,-0.005,-0.005,6.0201,0.061,-0.2585,1.0,0.0032,-0.477,-20.319
Car B,1428,95.2,5,16.007,1,16.008,-1.236,-1.236,5.9828,-0.0536,0.4447,1.0,-0.1152,6.585,20.319
Car A,1429,95.2667,4,129.749,3,-3.911,0.003,0.003,6.0089,-0.1683,-0.1216,1.0,-0.0335,0.07,-20.317
Car B,1429,95.2667,5,16.406,1,16.406,-1.237,-1.237,5.983,0.0039,-0.3356,1.0,0.1955,-2.865,20.317
Car A,1430,95.3333,4,130.15,3,-3.511,0.007,0.007,6.0126,0.0557,-0.3493,1.0,0.0357,-0.828,-20.316
Car B,1430,95.3333,5,16.805,1,16.805,-1.242,-1.242,5.9815,-0.0224,0.4139,1.0,-0.0916,4.876,20.316
Car A,1431,95.4,4,130.55,3,-3.11,0.014,0.014,6.0108,-0.0273,0.3523,1.0,-0.1003,0.888,-20.314
Car B,1431,95.4,5,17.204,1,17.204,-1.243,-1.243,5.9817,0.0028,-0.352,1.0,0.2049,-2.278,20.314
Car A,1432,95.4667,4,130.951,3,-2.709,0.02,0.02,6.0105,-0.0046,-0.5469,1.0,0.0401,-2.501,-20.312
Car B,1432,95.4667,5,17.602,1,17.602,-1.247,-1.247,5.9795,-0.0336,0.414,1.0,0.0349,5.11,20.312
Car A,1433,95.5333,4,131.352,3,-2.309,0.023,0.023,6.0077,-0.0423,0.2587,1.0,-0.0609,0.998,-20.31
Car B,1433,95.5333,5,18.002,1,18.002,-1.245,-1.245,6.0205,0.6155,0.3197,1.0,0.5638,0.873,20.31
Car A,1434,95.6,4,131.752,3,-1.908,0.028,0.028,6.0031,-0.0691,-0.5413,1.0,0.0788,-1.518,-20.311
Car B,1434,95.6,5,18.403,1,18.403,-1.239,-1.239,6.015,-0.0823,1.1215,1.0,0.4728,14.073,20.311
Car A,1435,95.6667,4,132.152,3,-1.508,0.031,0.031,6.0023,-0.0112,0.4169,1.0,-0.0851,1.964,-20.311
Car B,1435,95.6667,5,18.803,1,18.803,-1.218,-1.218,6.0073,-0.1157,1.9323,1.0,1.0,11.822,20.311
Car A,1436,95.7333,4,132.552,3,-1.108,0.037,0.037,5.9998,-0.0374,-0.3695,1.0,-0.0208,-2.12,-20.31
Car B,1436,95.7333,5,19.202,1,19.202,-1.183,-1.183,5.9931,-0.2138,2.5966,1.0,1.0,24.979,20.31
Car A,1437,95.8,4,132.952,3,-0.708,0.038,0.038,6.0184,0.2787,-0.2449,1.0,-0.0187,-0.52,-20.306
Car B,1437,95.8,5,19.599,1,19.599,-1.131,-1.131,5.98,-0.1954,3.1,1.0,0.9446,25.0,20.306
Car A,1438,95.8667,4,133.354,3,-0.307,0.04,0.04,6.0136,-0.0719,-0.1094,1.0,-0.0519,-0.457,-20.298
Car B,1438,95.8667,5,19.992,1,19.992,-1.06,-1.06,5.9686,-0.1719,3.489,1.0,0.2462,23.615,20.298
Car A,1439,95.9333,5,0.094,1,0.094,0.039,0.039,5.9891,-0.3675,-0.5177,1.0,0.0548,-1.292,-20.211
Car B,1439,95.9333,5,20.305,1,20.383,-0.98,-1.007,6.0203,0.7754,2.117,1.0,0.7731,6.18,20.211
Car A,1440,96.0,5,0.493,1,0.493,0.039,0.039,5.9906,0.0221,0.4072,1.0,-0.101,1.367,-20.209
Car B,1440,96.0,5,20.702,1,20.775,-0.894,-0.952,6.0024,-0.2684,2.6924,1.0,0.6873,19.307,20.209
Car A,1441,96.0667,5,0.893,1,0.893,0.04,0.04,5.989,-0.024,-0.4468,1.0,-0.0369,-2.519,-20.064
Car B,1441,96.0667,5,20.957,1,21.162,-0.79,-0.892,5.9931,-0.1397,3.1594,1.0,1.0,17.186,20.064
Car A,1442,96.1333,5,1.293,1,1.293,0.036,0.036,6.0245,0.5334,-0.3277,1.0,-0.0107,-0.915,-20.063
Car B,1442,96.1333,5,21.356,1,21.543,-0.669,-0.864,5.9812,-0.178,3.5492,1.0,1.0,24.988,20.063
Car A,1443,96.2,5,1.694,1,1.694,0.034,0.034,6.0199,-0.0692,-0.24,1.0,-0.0322,-0.272,-20.059
Car B,1443,96.2,5,21.753,1,21.918,-0.531,-0.817,5.9708,-0.1561,3.8409,1.0,1.0,25.0,20.059
Car A,1444,96.2667,5,2.095,1,2.095,0.03,0.03,6.0199,-0.0005,-0.3303,1.0,-0.0333,-0.796,-19.931
Car B,1444,96.2667,5,22.026,1,22.285,-0.375,-0.782,5.9614,-0.1411,4.0636,1.0,1.0,25.0,19.931
Car A,1445,96.3333,5,2.496,1,2.496,0.024,0.024,6.0209,0.015,-0.3235,1.0,-0.0055,-0.816,-19.928
Car B,1445,96.3333,5,22.424,1,22.644,-0.2,-0.759,5.953,-0.1252,4.2335,1.0,1.0,25.0,19.928
Car A,1446,96.4,5,2.897,1,2.897,0.018,0.018,6.0115,-0.1417,-0.1152,1.0,-0.0643,-0.139,-19.923
Car B,1446,96.4,5,22.82,1,22.993,-0.008,-0.715,5.9456,-0.1107,4.367,1.0,1.0,24.999,19.923
Car A,1447,96.4667,5,3.298,1,3.298,0.01,0.01,5.9947,-0.2507,-0.6462,1.0,0.0207,-1.604,-19.808
Car B,1447,96.4667,5,23.106,1,23.331,0.202,-0.703,5.939,-0.1003,4.4686,1.0,1.0,24.999,19.808
Car A,1448,96.5333,5,3.697,1,3.697,0.001,0.001,5.9993,0.0688,0.2086,1.0,-0.0751,0.508,-19.806
Car B,1448,96.5333,5,23.503,1,23.658,0.429,-0.68,5.9329,-0.0902,4.5514,1.0,1.0,24.999,19.806
Car A,1449,96.6,5,4.097,1,4.097,-0.008,-0.008,5.997,-0.0348,-0.6125,1.0,-0.0502,-1.872,-19.7
Car B,1449,96.6,5,23.797,1,23.972,0.672,-0.649,5.9274,-0.0828,4.6156,1.0,1.0,24.999,19.7
Car A,1450,96.6667,5,4.496,1,4.496,-0.022,-0.022,5.9912,-0.0865,-0.4815,1.0,0.0445,-1.255,-19.698
Car B,1450,96.6667,5,24.194,1,24.272,0.932,-0.646,5.9223,-0.0766,4.6655,1.0,1.0,24.999,19.698
Car A,1451,96.7333,5,4.896,1,4.896,-0.033,-0.033,5.9908,-0.0074,0.4043,1.0,-0.0457,1.108,-19.694
Car B,1451,96.7333,5,24.59,1,24.558,1.208,-0.623,5.9176,-0.0707,4.7047,1.0,1.0,24.999,19.694
Car A,1452,96.8,5,5.295,1,5.295,-0.043,-0.043,5.9916,0.0128,-0.4275,0.9558,0.0785,-1.138,-19.595
Car B,1452,96.8,5,24.89,1,24.828,1.498,-0.614,5.9132,-0.0659,4.737,1.0,1.0,24.999,19.595
Car A,1453,96.8667,5,5.693,1,5.693,-0.053,-0.053,5.9545,-0.5559,0.5033,1.0,0.0227,1.956,-19.594
Car B,1453,96.8667,5,25.287,1,25.082,1.802,-0.609,5.9091,-0.0624,4.7619,1.0,1.0,24.999,19.594
Car A,1454,96.9333,5,6.091,1,6.091,-0.059,-0.059,5.9831,0.4286,0.2087,1.0,0.0291,0.564,-19.558
Car B,1454,96.9333,5,25.649,1,25.319,2.119,-0.584,5.9051,-0.0598,4.7818,1.0,1.0,24.999,19.558
Car A,1455,97.0,5,6.49,1,6.49,-0.064,-0.064,6.0029,0.2962,0.2751,1.0,0.0122,0.72,-19.496
Car B,1455,97.0,5,25.986,1,25.538,2.449,-0.596,5.9013,-0.0571,4.7968,1.0,1.0,24.999,19.496
Car A,1456,97.0667,5,6.89,1,6.89,-0.07,-0.07,6.0005,-0.0353,0.1291,1.0,0.0233,0.302,-19.491
Car B,1456,97.0667,5,26.381,1,25.739,2.79,-0.589,5.8976,-0.0545,4.8093,1.0,1.0,24.999,19.491
Car A,1457,97.1333,5,7.289,1,7.289,-0.075,-0.075,5.9856,-0.223,0.1629,1.0,0.0191,0.56,-19.396
Car B,1457,97.1333,5,26.685,1,25.921,3.141,-0.583,5.8941,-0.0527,4.8189,1.0,1.0,24.999,19.396
Car A,1458,97.2,5,7.688,1,7.688,-0.079,-0.079,5.9877,0.0309,0.1258,1.0,0.0169,0.467,-19.392
Car B,1458,97.2,5,27.08,1,26.083,3.501,-0.595,5.8907,-0.0513,4.8259,1.0,1.0,24.999,19.392
Car A,1459,97.2667,5,8.088,1,8.088,-0.082,-0.082,5.9906,0.0432,0.1009,1.0,0.018,0.415,-19.388
Car B,1459,97.2667,5,27.475,1,26.226,3.869,-0.585,5.8874,-0.0499,4.8325,1.0,1.0,24.999,19.388
Car A,1460,97.3333,5,8.487,1,8.487,-0.086,-0.086,5.9944,0.0573,0.0836,1.0,0.0163,0.437,-19.291
Car B,1460,97.3333,5,27.778,1,26.347,4.245,-0.6,5.8841,-0.0488,4.8365,1.0,1.0,24.999,19.291
Car A,1461,97.4,5,8.887,1,8.887,-0.089,-0.089,5.9912,-0.0477,0.1041,1.0,0.0127,0.399,-19.285
Car B,1461,97.4,5,28.172,1,26.448,4.626,-0.609,5.8809,-0.0475,4.8401,1.0,1.0,24.999,19.285
Car A,1462,97.4667,5,9.286,1,9.286,-0.092,-0.092,5.9905,-0.0112,0.0946,1.0,0.011,0.314,-19.187
Car B,1462,97.4667,5,28.473,1,26.528,5.012,-0.604,5.8779,-0.0464,4.8438,1.0,0.5065,24.999,19.187
Car A,1463,97.5333,5,9.686,1,9.686,-0.094,-0.094,5.9936,0.0474,0.0733,1.0,0.0092,0.27,-19.18
Car B,1463,97.5333,5,28.866,1,26.592,5.402,-0.637,5.9164,0.5779,4.059,1.0,-0.0506,12.681,19.18
Car A,1464,97.6,5,10.085,1,10.085,-0.096,-0.096,5.9941,0.0073,0.0597,1.0,0.0062,0.226,-19.176
Car B,1464,97.6,5,29.261,1,26.649,5.795,-0.663,5.9458,0.441,2.3964,1.0,-0.3257,-1.244,19.176
Car A,1465,97.6667,5,10.485,1,10.485,-0.098,-0.098,6.0017,0.1143,0.0375,1.0,-0.0208,0.152,-19.117
Car B,1465,97.6667,5,29.602,1,26.714,6.187,-0.714,5.9598,0.2104,0.6503,1.0,0.0044,-8.132,19.117
Car A,1466,97.7333,5,10.885,1,10.885,-0.102,-0.102,6.0058,0.0607,-0.2058,1.0,-0.0102,-0.507,-19.108
Car B,1466,97.7333,5,29.993,1,26.786,6.578,-0.786,5.9868,0.4049,0.0509,1.0,0.2379,0.084,19.108
Car A,1467,97.8,5,11.285,1,11.285,-0.106,-0.106,6.0002,-0.0832,-0.1241,1.0,0.0695,-0.253,-19.102
Car B,1467,97.8,5,30.386,1,26.856,6.971,-0.856,5.9858,-0.0151,0.9266,1.0,0.0869,5.937,19.102
Car A,1468,97.8667,5,11.685,1,11.685,-0.106,-0.106,6.0052,0.0749,0.6687,1.0,0.037,1.735,-19.096
Car B,1468,97.8667,5,30.781,1,26.918,7.366,-0.918,6.0055,0.2951,0.8234,1.0,0.1589,2.177,19.096
Car A,1469,97.9333,5,12.084,1,12.084,-0.103,-0.103,5.9778,-0.4121,0.2887,1.0,0.1343,0.914,-19.093
Car B,1469,97.9333,5,31.177,1,26.974,7.762,-0.974,5.9982,-0.1098,1.4494,1.0,0.0366,3.968,19.093
Car A,1470,98.0,5,12.483,1,12.483,-0.097,-0.097,5.9758,-0.0301,1.0323,1.0,-0.0786,3.352,-19.091
Car B,1470,98.0,5,31.573,1,27.026,8.158,-1.026,5.9941,-0.0604,0.3677,1.0,0.3268,0.922,19.091
Car A,1471,98.0667,5,12.881,1,12.881,-0.086,-0.086,5.977,0.018,0.0357,1.0,0.0075,-1.956,-19.089
Car B,1471,98.0667,5,31.97,1,27.077,8.555,-1.077,5.989,-0.0772,1.2071,1.0,0.209,8.159,19.089
Car A,1472,98.1333,5,13.28,1,13.28,-0.081,-0.081,6.0037,0.4014,0.104,1.0,-0.0074,0.176,-19.087
Car B,1472,98.1333,5,32.367,1,27.114,8.952,-1.114,5.9924,0.0511,1.8834,1.0,-0.2072,5.228,19.087
Car A,1473,98.2,5,13.68,1,13.68,-0.076,-0.076,6.0063,0.0391,0.1121,1.0,0.0053,-0.175,-19.086
Car B,1473,98.2,5,32.766,1,27.148,9.351,-1.148,5.9989,0.0983,0.5654,1.0,0.3451,-5.164,19.086
Car A,1474,98.2667,5,14.08,1,14.08,-0.07,-0.07,5.9973,-0.1351,-0.1021,1.0,0.0608,0.123,-19.084
Car B,1474,98.2667,5,33.164,1,27.184,9.749,-1.184,5.9953,-0.0553,1.0464,1.0,0.2721,8.606,19.084
Car A,1475,98.3333,5,14.48,1,14.48,-0.061,-0.061,5.9915,-0.0871,0.6013,1.0,-0.1265,1.518,-19.083
Car B,1475,98.3333,5,33.563,1,27.207,10.148,-1.207,5.9894,-0.0877,1.8781,1.0,-0.2857,6.806,19.083
Car A,1476,98.4,5,14.879,1,14.879,-0.053,-0.053,5.9922,0.0107,-0.4136,1.0,0.0254,-3.155,-19.083
Car B,1476,98.4,5,33.962,1,27.224,10.547,-1.224,5.9934,0.0593,0.7149,1.0,0.2386,-7.121,19.083
Car A,1477,98.4667,5,15.279,1,15.279,-0.048,-0.048,5.9972,0.0741,0.2458,1.0,0.0802,0.628,-19.082
Car B,1477,98.4667,5,34.361,1,27.243,10.946,-1.243,5.9906,-0.0415,1.1525,1.0,0.4084,5.943,19.082
Car A,1478,98.5333,5,15.678,1,15.679,-0.035,-0.035,6.0044,0.1078,0.7791,1.0,-0.1253,2.003,-19.082
Car B,1478,98.5333,5,34.76,1,27.249,11.345,-1.249,5.9822,-0.1266,1.9431,1.0,0.1414,10.204,19.082
Car A,1479,98.6,5,16.079,1,16.079,-0.022,-0.022,6.0048,0.0059,-0.2868,1.0,0.5174,-3.124,-19.081
Car B,1479,98.6,5,35.16,1,27.247,11.745,-1.247,6.0192,0.5558,1.3283,1.0,-0.1231,3.543,19.081
Car A,1480,98.6667,5,16.478,1,16.478,-0.013,-0.013,5.9984,-0.0955,0.4405,1.0,0.3286,12.91,-19.083
Car B,1480,98.6667,5,35.561,1,27.248,12.146,-1.248,6.0209,0.0249,0.1472,1.0,0.8561,-3.068,19.083
Car A,1481,98.7333,5,16.878,1,16.878,0.008,0.008,5.9933,-0.0765,1.3954,0.9325,-0.1675,8.221,-19.084
Car B,1481,98.7333,5,35.962,1,27.25,12.547,-1.25,6.0117,-0.1376,0.5605,1.0,0.7699,21.365,19.084
Car A,1482,98.8,5,17.276,1,17.276,0.036,0.036,5.9872,-0.092,0.3737,1.0,0.4238,-4.167,-19.086
Car B,1482,98.8,5,36.362,1,27.241,12.947,-1.241,5.9983,-0.2011,1.6886,1.0,1.0,19.25,19.086
Car A,1483,98.8667,5,17.674,1,17.674,0.06,0.06,5.9826,-0.0682,0.9388,0.751,-0.3118,10.571,-19.087
Car B,1483,98.8667,5,36.761,1,27.216,13.346,-1.216,5.9844,-0.2079,2.4127,1.0,1.0,24.991,19.087
Car A,1484,98.9333,5,18.07,1,18.07,0.089,0.089,5.95,-0.4886,0.0367,1.0,0.2374,-7.766,-19.088
Car B,1484,98.9333,5,37.158,1,27.175,13.743,-1.175,5.9712,-0.1988,2.9528,1.0,1.0,25.0,19.088
Car A,1485,99.0,5,18.466,1,18.466,0.116,0.116,5.95,-0.0009,0.6933,1.0,0.2271,5.913,-18.998
Car B,1485,99.0,5,37.464,1,27.116,14.137,-1.123,5.9588,-0.1851,3.3786,1.0,1.0,25.0,18.998
Car A,1486,99.0667,5,18.861,1,18.861,0.155,0.155,5.9462,-0.0565,1.5793,1.0,1.0,5.677,-18.999
Car B,1486,99.0667,5,37.86,1,27.038,14.528,-1.077,5.9479,-0.1645,3.7054,1.0,1.0,25.0,18.999
Car A,1487,99.1333,5,19.253,1,19.253,0.208,0.208,5.9392,-0.1058,1.9703,1.0,-0.2721,24.971,-18.999
Car B,1487,99.1333,5,38.252,1,26.942,14.914,-1.011,5.9382,-0.1445,3.9578,1.0,1.0,25.0,18.999
Car A,1488,99.2,5,19.644,1,19.644,0.266,0.266,5.9335,-0.085,1.12,1.0,-0.481,-6.754,-18.847
Car B,1488,99.2,5,38.492,1,26.828,15.294,-0.959,5.9298,-0.1264,4.1511,1.0,1.0,25.0,18.847
Car A,1489,99.2667,5,20.062,1,20.037,0.317,0.314,5.936,0.0381,-0.3731,1.0,1.0,-12.016,-18.824
Car B,1489,99.2667,5,38.886,1,26.694,15.667,-0.917,5.9223,-0.1121,4.3024,1.0,0.7959,24.999,18.824
Car A,1490,99.3333,5,20.456,1,20.429,0.365,0.331,5.9226,-0.201,0.3448,1.0,1.0,24.944,-18.822
Car B,1490,99.3333,5,39.278,1,26.541,16.033,-0.853,5.9185,-0.057,4.4053,1.0,1.0,19.904,18.822
Car A,1491,99.4,5,20.85,1,20.82,0.421,0.355,5.9129,-0.1468,1.3814,1.0,0.9241,24.999,-18.69
Car B,1491,99.4,5,39.54,1,26.37,16.391,-0.818,5.9124,-0.0921,4.5059,1.0,1.0,24.992,18.69
Car A,1492,99.4667,5,21.3,1,21.207,0.493,0.345,5.9015,-0.1709,2.1279,1.0,1.0,23.106,-18.634
Car B,1492,99.4667,5,39.934,1,26.18,16.738,-0.776,5.9071,-0.0794,4.5789,1.0,1.0,24.999,18.634
Car A,1493,99.5333,5,21.694,1,21.591,0.581,0.34,5.8888,-0.1901,2.7345,1.0,1.0,24.997,-18.546
Car B,1493,99.5333,5,40.24,1,25.972,17.075,-0.717,5.9021,-0.0748,4.6362,1.0,1.0,24.999,18.546
Car A,1494,99.6,5,22.139,1,21.97,0.685,0.317,5.8773,-0.1729,3.2015,1.0,1.0,25.0,-18.467
Car B,1494,99.6,5,40.607,1,25.746,17.4,-0.694,5.8975,-0.0685,4.6814,1.0,1.0,24.999,18.467
Car A,1495,99.6667,5,22.531,1,22.343,0.806,0.287,5.8669,-0.1561,3.5669,1.0,1.0,25.0,-18.469
Car B,1495,99.6667,5,41.0,1,25.503,17.712,-0.65,5.8933,-0.0635,4.721,1.0,1.0,24.999,18.469
Car A,1496,99.7333,5,22.964,1,22.709,0.946,0.256,5.8578,-0.1358,3.8492,1.0,1.0,25.0,-18.33
Car B,1496,99.7333,5,41.295,1,25.244,18.01,-0.611,5.8893,-0.06,4.7485,1.0,1.0,24.999,18.33
Car A,1497,99.8,5,23.353,1,23.068,1.103,0.203,5.85,-0.1173,4.0669,1.0,1.0,25.0,-18.336
Car B,1497,99.8,5,41.689,1,24.97,18.294,-0.586,5.8856,-0.056,4.7699,1.0,1.0,24.999,18.336
Car A,1498,99.8667,5,23.743,1,23.419,1.278,0.169,5.8433,-0.1009,4.2352,1.0,1.0,24.999,-18.338
Car B,1498,99.8667,5,42.081,1,24.68,18.562,-0.54,5.882,-0.0534,4.7877,1.0,1.0,24.999,18.338
Car A,1499,99.9333,5,24.154,1,23.759,1.471,0.096,5.8374,-0.0877,4.3661,1.0,1.0,24.999,-18.238
Car B,1499,99.9333,5,42.391,1,24.377,18.813,-0.521,5.8787,-0.0506,4.8021,1.0,1.0,24.999,18.238
Car A,1500,100.0,5,24.541,1,24.088,1.681,0.042,5.8323,-0.0769,4.4694,1.0,1.0,24.999,-18.243
Car B,1500,100.0,5,42.784,1,24.06,19.048,-0.494,5.8754,-0.0495,4.8145,1.0,1.0,24.999,18.243
Car A,1501,100.0667,5,24.929,1,24.406,1.909,-0.026,5.8278,-0.0672,4.5514,1.0,1.0,24.999,-18.175
Car B,1501,100.0667,5,43.104,1,23.731,19.264,-0.457,5.8722,-0.0471,4.8217,1.0,1.0,24.999,18.175
Car A,1502,100.1333,5,25.313,1,24.711,2.153,-0.099,5.8239,-0.0592,4.6151,1.0,1.0,24.999,-18.185
Car B,1502,100.1333,5,43.498,1,23.391,19.463,-0.448,5.8692,-0.0457,4.8293,1.0,1.0,24.999,18.185
Car A,1503,100.2,5,25.675,1,25.002,2.413,-0.157,5.8203,-0.0532,4.6655,1.0,1.0,24.999,-18.215
Car B,1503,100.2,5,43.89,1,23.04,19.642,-0.418,5.8662,-0.0449,4.8342,1.0,1.0,24.999,18.215
Car A,1504,100.2667,5,26.054,1,25.278,2.689,-0.249,5.8171,-0.0478,4.7062,1.0,1.0,24.999,-18.165
Car B,1504,100.2667,5,44.219,1,22.681,19.801,-0.404,5.8633,-0.0431,4.8399,1.0,1.0,24.999,18.165
Car A,1505,100.3333,5,26.438,1,25.539,2.979,-0.32,5.8142,-0.0438,4.7376,1.0,1.0,24.999,-18.175
Car B,1505,100.3333,5,44.612,2,22.313,19.941,-0.392,5.8605,-0.0419,4.8426,1.0,0.5681,24.999,18.175
Car A,1506,100.4,5,26.764,1,25.783,3.283,-0.401,5.8115,-0.04,4.7636,1.0,1.0,24.999,-18.185
Car B,1506,100.4,5,44.949,2,21.938,20.063,-0.366,5.9091,0.7284,4.5002,1.0,0.9539,14.218,18.185
Car A,1507,100.4667,5,27.143,1,26.01,3.599,-0.49,5.8091,-0.0367,4.7847,1.0,1.0,24.999,-18.201
Car B,1507,100.4667,5,45.344,2,21.556,20.167,-0.378,5.9029,-0.0927,4.5862,1.0,0.6109,23.832,18.201
Car A,1508,100.5333,5,27.527,1,26.22,3.928,-0.557,5.8067,-0.0354,4.7992,1.0,1.0,24.999,-18.213
Car B,1508,100.5333,5,45.74,2,21.169,20.25,-0.369,5.908,0.0762,4.5762,1.0,0.3339,15.285,18.213
Car A,1509,100.6,5,27.815,1,26.41,4.268,-0.656,5.8046,-0.0326,4.8127,1.0,1.0,24.999,-18.264
Car B,1509,100.6,5,46.079,2,20.779,20.322,-0.382,5.9739,0.9887,3.0881,1.0,0.7995,8.359,18.264
Car A,1510,100.6667,5,28.195,1,26.581,4.617,-0.741,5.8025,-0.0312,4.8222,1.0,1.0,24.999,-18.282
Car B,1510,100.6667,5,46.477,2,20.385,20.386,-0.415,5.9634,-0.1577,3.4199,1.0,0.5564,19.969,18.282
Car A,1511,100.7333,5,28.473,1,26.733,4.976,-0.811,5.8005,-0.0296,4.8306,1.0,1.0,24.999,-18.368
Car B,1511,100.7333,5,46.841,2,19.989,20.43,-0.43,5.958,-0.0805,3.6962,1.0,0.7481,13.918,18.368
Car A,1512,100.8,5,28.827,1,26.864,5.342,-0.913,5.7986,-0.0288,4.8361,1.0,1.0,24.999,-18.412
Car B,1512,100.8,5,47.239,2,19.591,20.457,-0.457,5.9505,-0.1121,3.9505,1.0,0.4869,18.695,18.412
Car A,1513,100.8667,5,29.207,1,26.975,5.715,-0.995,5.7967,-0.0275,4.842,1.0,1.0,24.999,-18.43
Car B,1513,100.8667,5,47.638,2,19.193,20.464,-0.464,5.9646,0.2106,4.0411,1.0,0.207,12.183,18.43
Car A,1514,100.9333,5,29.508,1,27.065,6.093,-1.065,5.7949,-0.0272,4.845,1.0,1.0,24.999,-18.529
Car B,1514,100.9333,5,48.037,2,18.793,20.461,-0.461,6.0003,0.5366,2.3496,1.0,-0.1394,5.186,18.529
Car A,1515,101.0,5,29.891,1,27.133,6.476,-1.133,5.7932,-0.0261,4.849,1.0,1.0,24.999,-18.547
Car B,1515,101.0,5,48.438,2,18.392,20.465,-0.465,6.0134,0.1952,0.7164,1.0,0.1051,-3.471,18.547
Car A,1516,101.0667,5,30.277,1,27.18,6.862,-1.18,5.7915,-0.0258,4.8509,1.0,1.0,24.999,-18.562
Car B,1516,101.0667,5,48.839,2,17.991,20.472,-0.472,6.008,-0.0806,1.0112,1.0,0.0962,2.618,18.562
Car A,1517,101.1333,5,30.664,1,27.206,7.249,-1.206,5.7898,-0.0249,4.8526,1.0,1.0,24.999,-18.576
Car B,1517,101.1333,5,49.241,2,17.589,20.473,-0.473,6.0481,0.6021,0.9535,1.0,0.0995,2.404,18.576
Car A,1518,101.2,5,31.053,1,27.21,7.638,-1.21,5.7882,-0.0242,4.8539,1.0,1.0,24.999,-18.592
Car B,1518,101.2,5,49.645,2,17.186,20.47,-0.47,6.0692,0.316,0.9982,1.0,0.0958,2.479,18.592
Car A,1519,101.2667,5,31.441,1,27.191,8.026,-1.191,5.7866,-0.0241,4.8558,1.0,1.0,24.999,-18.608
Car B,1519,101.2667,5,50.048,2,16.782,20.462,-0.462,6.0392,-0.4494,0.9408,1.0,0.0782,2.397,18.608
Car A,1520,101.3333,5,31.827,1,27.152,8.412,-1.152,5.785,-0.0234,4.855,1.0,1.0,24.999,-18.622
Car B,1520,101.3333,5,50.449,2,16.381,20.452,-0.452,6.0001,-0.5871,0.7721,1.0,0.0451,1.955,18.622
Car A,1521,101.4,5,32.21,1,27.09,8.795,-1.09,5.7835,-0.0229,4.8552,1.0,1.0,24.999,-18.639
Car B,1521,101.4,5,50.849,2,15.981,20.442,-0.442,6.0099,0.1464,0.4374,1.0,0.0812,1.13,18.639
Car A,1522,101.4667,5,32.589,1,27.008,9.174,-1.008,5.782,-0.0224,4.8568,1.0,0.854,24.999,-18.66
Car B,1522,101.4667,5,51.249,2,15.581,20.427,-0.427,6.0109,0.0151,0.7879,1.0,-0.0576,2.029,18.66
Car A,1523,101.5333,5,32.963,1,26.904,9.548,-0.904,5.7831,0.0163,4.8343,1.0,0.1221,21.354,-18.687
Car B,1523,101.5333,5,51.65,2,15.18,20.414,-0.414,6.011,0.0028,-0.2468,1.0,0.0921,-1.433,18.687
Car A,1524,101.6,5,33.334,1,26.788,9.919,-0.788,5.8284,0.68,3.0973,1.0,-0.2079,3.08,-18.716
Car B,1524,101.6,5,52.05,2,14.78,20.404,-0.404,6.0064,-0.07,0.4899,1.0,-0.0751,2.295,18.716
Car A,1525,101.6667,5,33.708,1,26.677,10.293,-0.677,5.8539,0.3818,1.1998,1.0,-0.2108,-5.186,-18.742
Car B,1525,101.6667,5,52.45,2,14.38,20.39,-0.39,6.0041,-0.0337,-0.317,1.0,0.0819,-1.87,18.742
Car A,1526,101.7333,5,34.085,1,26.577,10.67,-0.577,5.8605,0.099,-0.1591,1.0,-0.2402,-5.268,-18.765
Car B,1526,101.7333,5,52.85,2,13.98,20.38,-0.38,6.0015,-0.0393,0.4258,1.0,-0.1447,2.04,18.765
Car A,1527,101.8,5,34.466,1,26.488,11.051,-0.488,5.8603,-0.0028,-1.1581,1.0,-0.2647,-6.004,-18.784
Car B,1527,101.8,5,53.25,2,13.58,20.366,-0.366,5.9981,-0.0512,-0.3789,1.0,0.0608,-3.609,18.784
Car A,1528,101.8667,5,34.85,1,26.413,11.434,-0.413,5.8609,0.0083,-1.9178,1.0,-0.263,-6.617,-18.8
Car B,1528,101.8667,5,53.649,2,13.181,20.357,-0.357,5.998,-0.0023,0.3705,1.0,-0.1646,1.511,18.8
Car A,1529,101.9333,5,35.237,1,26.351,11.822,-0.351,5.8902,0.4402,-2.3162,1.0,-0.239,-6.575,-18.812
Car B,1529,101.9333,5,54.049,2,12.781,20.345,-0.345,5.9952,-0.0417,-0.4753,1.0,0.0431,-4.105,18.812
Car A,1530,102.0,5,35.629,1,26.299,12.214,-0.299,5.9692,1.1851,-2.1938,0.8985,-0.1648,-5.974,-18.819
Car B,1530,102.0,5,54.449,2,12.382,20.337,-0.337,5.9958,0.0091,0.2927,1.0,-0.1743,1.068,18.819
Car A,1531,102.0667,5,36.019,1,26.252,12.604,-0.252,5.8326,-2.0491,-1.4926,0.9044,-0.178,-4.123,-18.829
Car B,1531,102.0667,5,54.848,2,11.982,20.327,-0.327,5.994,-0.0263,-0.547,1.0,0.0537,-4.348,18.829
Car A,1532,102.1333,5,36.4,1,26.211,12.985,-0.211,5.6709,-2.425,-1.5236,1.0,0.5004,-4.449,-18.848
Car B,1532,102.1333,5,55.248,2,11.582,20.321,-0.321,5.9952,0.0172,0.2594,1.0,-0.1478,1.334,18.848
Car A,1533,102.2,5,36.776,1,26.171,13.361,-0.171,5.681,0.1512,-0.2725,1.0,0.1685,12.484,-18.871
Car B,1533,102.2,5,55.647,2,11.183,20.312,-0.312,5.9923,-0.0436,-0.53,1.0,0.0607,-3.686,18.871
Car A,1534,102.2667,5,37.152,1,26.119,13.737,-0.119,5.6915,0.1578,0.7446,1.0,1.0,4.224,-18.895
Car B,1534,102.2667,5,56.046,2,10.784,20.308,-0.308,5.9919,-0.006,0.2553,1.0,-0.1636,1.509,18.895
Car A,1535,102.3333,5,37.521,1,26.055,14.11,-0.063,5.6867,-0.073,1.3504,1.0,1.0,24.969,-18.925
Car B,1535,102.3333,5,56.446,2,10.384,20.3,-0.3,5.9886,-0.0495,-0.4941,1.0,0.0252,-4.081,18.925
Car A,1536,102.4,5,37.896,1,25.976,14.481,-0.014,5.6712,-0.2317,2.3282,1.0,1.0,25.0,-18.948
Car B,1536,102.4,5,56.845,2,9.985,20.297,-0.297,5.9934,0.0731,0.2343,1.0,-0.1692,0.622,18.948
Car A,1537,102.4667,5,38.269,1,25.881,14.847,0.052,5.6621,-0.1374,2.8671,1.0,0.9173,25.0,-18.975
Car B,1537,102.4667,5,57.244,2,9.586,20.292,-0.292,5.9924,-0.0153,-0.6388,1.0,0.0504,-4.222,18.975
Car A,1538,102.5333,5,38.656,1,25.77,15.209,0.089,5.655,-0.1055,3.2739,1.0,1.0,22.935,-18.988
Car B,1538,102.5333,5,57.644,2,9.186,20.292,-0.292,5.9941,0.0247,0.185,1.0,-0.165,1.25,18.988
Car A,1539,102.6,5,39.032,1,25.641,15.564,0.131,5.6478,-0.1077,3.6175,1.0,1.0,24.996,-19.012
Car B,1539,102.6,5,58.043,2,8.787,20.289,-0.289,5.9904,-0.0556,-0.5397,1.0,0.0237,-4.116,19.012
Car A,1540,102.6667,5,39.433,1,25.494,15.913,0.173,5.6419,-0.0896,3.8827,1.0,1.0,25.0,-19.009
Car B,1540,102.6667,5,58.443,2,8.387,20.29,-0.29,5.9941,0.0565,0.209,1.0,-0.168,0.584,19.009
Car A,1541,102.7333,5,39.81,1,25.33,16.253,0.195,5.6371,-0.0712,4.0872,1.0,1.0,25.0,-19.032
Car B,1541,102.7333,5,58.842,2,7.988,20.291,-0.291,5.9924,-0.0265,-0.6894,1.0,0.0631,-4.192,19.032
Car A,1542,102.8,5,40.186,1,25.148,16.584,0.237,5.6335,-0.0548,4.2475,1.0,1.0,24.999,-19.056
Car B,1542,102.8,5,59.242,2,7.588,20.295,-0.295,5.9938,0.0214,0.1451,1.0,-0.1578,1.569,19.056
Car A,1543,102.8667,5,40.601,1,24.949,16.904,0.245,5.6306,-0.0423,4.3749,1.0,1.0,24.999,-19.04
Car B,1543,102.8667,5,59.641,2,7.189,20.297,-0.297,5.9902,-0.0539,-0.5375,1.0,0.0466,-3.935,19.04
Car A,1544,102.9333,5,40.978,1,24.732,17.214,0.268,5.6285,-0.0313,4.474,1.0,1.0,24.999,-19.062
Car B,1544,102.9333,5,60.04,2,6.79,20.302,-0.302,5.9913,0.0165,0.2564,1.0,-0.1681,1.156,19.062
Car A,1545,103.0,5,41.4,1,24.498,17.51,0.281,5.6271,-0.0223,4.5527,1.0,1.0,24.999,-19.04
Car B,1545,103.0,5,60.44,2,6.39,20.305,-0.305,5.9883,-0.0444,-0.562,1.0,0.0596,-4.194,19.04
Car A,1546,103.0667,5,41.777,1,24.249,17.794,0.287,5.6261,-0.0147,4.6175,1.0,1.0,24.999,-19.062
Car B,1546,103.0667,5,60.839,2,5.991,20.312,-0.312,5.9896,0.0195,0.2287,1.0,-0.1564,1.481,19.062
Car A,1547,103.1333,5,42.202,1,23.984,18.063,0.305,5.6255,-0.0084,4.6702,1.0,1.0,24.999,-19.036
Car B,1547,103.1333,5,61.238,2,5.592,20.316,-0.316,5.986,-0.0551,-0.5001,1.0,0.0592,-3.902,19.036
Car A,1548,103.2,5,42.58,1,23.704,18.316,0.294,5.6253,-0.0033,4.7097,1.0,1.0,24.999,-19.057
Car B,1548,103.2,5,61.637,2,5.193,20.324,-0.324,5.9869,0.0146,0.2707,1.0,-0.1555,1.471,19.057
Car A,1549,103.2667,5,42.957,1,23.411,18.554,0.304,5.6254,0.0012,4.7428,1.0,1.0,24.999,-19.079
Car B,1549,103.2667,5,62.036,2,4.794,20.329,-0.329,5.9842,-0.0407,-0.4877,1.0,0.0576,-3.879,19.079
Car A,1550,103.3333,5,43.383,1,23.104,18.774,0.289,5.6256,0.0038,4.7694,1.0,1.0,24.999,-19.052
Car B,1550,103.3333,5,62.435,2,4.395,20.338,-0.338,5.9858,0.0238,0.2964,1.0,-0.149,1.432,19.052
Car A,1551,103.4,5,43.76,1,22.785,18.977,0.283,5.626,0.0059,4.7889,1.0,1.0,24.999,-19.073
Car B,1551,103.4,5,62.833,2,3.997,20.345,-0.345,5.9823,-0.0525,-0.4775,1.0,0.0659,-3.717,19.073
Car A,1552,103.4667,5,44.183,1,22.455,19.161,0.274,5.6266,0.0082,4.8049,1.0,1.0,24.999,-19.049
Car B,1552,103.4667,5,63.232,2,3.598,20.355,-0.355,5.9835,0.0182,0.3014,1.0,-0.1367,1.64,19.049
Car A,1553,103.5333,5,44.56,2,22.115,19.326,0.252,5.6272,0.0094,4.8181,1.0,1.0,24.999,-19.071
Car B,1553,103.5333,5,63.631,2,3.199,20.362,-0.362,5.9812,-0.0354,-0.4598,1.0,0.0714,-3.411,19.071
Car A,1554,103.6,5,44.977,2,21.767,19.471,0.249,5.6279,0.0107,4.8295,1.0,1.0,24.999,-19.052
Car B,1554,103.6,5,64.029,2,2.801,20.372,-0.372,5.982,0.0125,0.3129,1.0,-0.1253,1.777,19.052
Car A,1555,103.6667,5,45.353,2,21.41,19.596,0.211,5.6287,0.0114,4.837,1.0,1.0,24.999,-19.075
Car B,1555,103.6667,5,64.428,2,2.402,20.38,-0.38,5.9799,-0.0321,-0.4427,1.0,0.0746,-3.125,19.075
Car A,1556,103.7333,5,45.731,2,21.047,19.701,0.194,5.6295,0.0124,4.8436,1.0,1.0,24.999,-19.096
Car B,1556,103.7333,5,64.826,2,2.004,20.391,-0.391,5.9804,0.008,0.3483,1.0,-0.1348,1.856,19.096
Car A,1557,103.8,5,46.137,2,20.678,19.784,0.162,5.6304,0.0132,4.8501,1.0,1.0,24.999,-19.088
Car B,1557,103.8,5,65.225,2,1.605,20.399,-0.399,5.9782,-0.0329,-0.4156,1.0,0.075,-3.361,19.088
Car A,1558,103.8667,5,46.514,2,20.305,19.846,0.129,5.6313,0.0132,4.8536,1.0,1.0,24.999,-19.109
Car B,1558,103.8667,5,65.623,2,1.207,20.41,-0.41,5.9789,0.011,0.3416,1.0,-0.1178,1.867,19.109
Car A,1559,103.9333,5,46.901,2,19.929,19.887,0.113,5.6321,0.0121,4.8572,1.0,1.0,24.999,-19.121
Car B,1559,103.9333,5,66.022,2,0.808,20.418,-0.418,5.9774,-0.0223,-0.4176,1.0,0.075,-2.938,19.121
Car A,1560,104.0,5,47.279,2,19.552,19.906,0.094,5.633,0.0135,4.8591,1.0,1.0,24.999,-19.141
Car B,1560,104.0,5,66.42,2,0.41,20.43,-0.43,5.9778,0.0051,0.3367,1.0,-0.1161,1.867,19.141
Car A,1561,104.0667,5,47.657,2,19.173,19.904,0.096,5.6339,0.0134,4.8605,1.0,0.8442,24.999,-19.161
Car B,1561,104.0667,5,66.818,2,0.012,20.439,-0.439,5.9765,-0.0186,-0.4183,1.0,0.0714,-2.896,19.161
Car A,1562,104.1333,5,48.034,2,18.796,19.879,0.121,5.638,0.0626,4.8357,1.0,-0.3098,21.111,-19.182
Car B,1562,104.1333,5,67.217,2,-0.386,20.451,-0.451,5.9781,0.0236,0.3471,1.0,-0.1398,1.778,19.182
Car A,1563,104.2,5,48.412,2,18.418,19.843,0.157,5.6784,0.6047,3.2977,1.0,-0.681,-7.7,-19.203
Car B,1563,104.2,5,67.615,2,-0.785,20.46,-0.46,5.9759,-0.0339,-0.4244,1.0,0.0568,-3.485,19.203
Car A,1564,104.2667,5,48.791,2,18.039,19.811,0.189,5.7044,0.39,1.2092,1.0,-1.0,-17.012,-19.222
Car B,1564,104.2667,5,68.013,2,-1.183,20.473,-0.473,5.9769,0.0154,0.3259,1.0,-0.1981,1.413,19.222
Car A,1565,104.3333,5,49.171,2,17.659,19.791,0.209,5.704,-0.0051,-0.1504,1.0,-1.0,-24.988,-19.241
Car B,1565,104.3333,5,68.411,2,-1.581,20.484,-0.484,5.9748,-0.0312,-0.4968,1.0,0.0448,-4.942,19.241
Car A,1566,104.4,5,49.551,2,17.28,19.783,0.217,5.6964,-0.1141,-1.1629,1.0,-0.8363,-25.0,-19.259
Car B,1566,104.4,5,68.809,2,-1.979,20.498,-0.498,5.9778,0.0449,0.2911,1.0,-0.2026,1.111,19.259
Car A,1567,104.4667,5,49.93,2,16.9,19.79,0.21,5.6889,-0.1124,-1.9162,1.0,-0.2951,-20.913,-19.277
Car B,1567,104.4667,5,69.207,2,-2.377,20.511,-0.511,5.9761,-0.0252,-0.5673,1.0,0.0387,-5.054,19.277
Car A,1568,104.5333,5,50.311,2,16.519,19.808,0.192,5.7217,0.4911,-2.073,0.9278,-0.1631,-7.398,-19.295
Car B,1568,104.5333,5,69.606,2,-2.775,20.527,-0.527,5.9791,0.0445,0.2286,1.0,-0.1877,0.958,19.295
Car A,1569,104.6,5,50.691,2,16.139,19.833,0.167,5.6916,-0.4516,-1.4106,0.979,-0.0297,-4.083,-19.313
Car B,1569,104.6,5,70.004,2,-3.174,20.542,-0.542,5.9774,-0.0253,-0.6205,1.0,0.0275,-4.684,19.313
Car A,1570,104.6667,5,51.072,2,15.758,19.854,0.146,5.7399,0.7253,-0.312,1.0,0.0588,-0.747,-19.33
Car B,1570,104.6667,5,70.402,2,-3.572,20.561,-0.561,5.9808,0.0513,0.189,1.0,-0.1657,0.68,19.33
Car A,1571,104.7333,5,51.457,2,15.373,19.868,0.132,5.8041,0.9631,0.4915,0.9817,-0.052,1.466,-19.343
Car B,1571,104.7333,5,70.8,2,-3.97,20.579,-0.579,5.979,-0.0275,-0.6632,1.0,-0.0053,-4.134,19.343
Car A,1572,104.8,5,51.844,2,14.986,19.881,0.119,5.8138,0.1446,-0.3903,1.0,0.1106,-1.296,-19.355
Car B,1572,104.8,5,71.198,2,-4.368,20.602,-0.602,5.9959,0.2532,-0.0489,1.0,-0.0797,-0.143,19.355
Car A,1573,104.8667,5,52.231,2,14.599,19.895,0.105,5.8213,0.1132,0.4767,1.0,0.0386,2.759,-19.366
Car B,1573,104.8667,5,71.597,2,-4.767,20.625,-0.625,5.9909,-0.0738,-0.7542,1.0,-0.0109,-1.989,19.366
Car A,1574,104.9333,5,52.622,2,14.208,19.903,0.097,5.9085,1.3073,0.3617,1.0,-0.0336,0.968,-19.375
Car B,1574,104.9333,5,71.997,2,-5.166,20.65,-0.65,6.0167,0.387,-0.2768,1.0,-0.0532,-0.272,19.375
Car A,1575,105.0,5,53.016,2,13.814,19.915,0.085,5.9427,0.5139,-0.3231,1.0,0.1176,-0.828,-19.38
Car B,1575,105.0,5,72.397,2,-5.567,20.677,-0.677,6.027,0.1538,-0.5282,1.0,-0.0314,-1.324,19.38
Car A,1576,105.0667,5,53.412,2,13.418,19.926,0.074,5.9447,0.0301,0.6243,1.0,-0.0092,2.933,-19.385
Car B,1576,105.0667,5,72.798,2,-5.967,20.706,-0.706,6.0271,0.0019,-0.2285,1.0,-0.0672,-0.776,19.385
Car A,1577,105.1333,5,53.809,2,13.021,19.933,0.067,5.9724,0.4155,-0.0866,1.0,0.0579,-0.225,-19.389
Car B,1577,105.1333,5,73.198,2,-6.368,20.737,-0.737,5.9973,-0.4478,-0.6604,1.0,-0.0449,-1.677,19.389
Car A,1578,105.2,5,54.208,2,12.623,19.94,0.06,5.9875,0.2253,0.5483,1.0,-0.0477,1.444,-19.388
Car B,1578,105.2,5,73.596,2,-6.766,20.77,-0.77,6.0141,0.2524,-0.4339,1.0,-0.0477,-1.122,19.388
Car A,1579,105.2667,5,54.607,2,12.223,19.947,0.053,5.9881,0.0103,-0.3847,1.0,0.1579,-1.188,-19.389
Car B,1579,105.2667,5,73.996,2,-7.166,20.806,-0.806,6.0337,0.2945,-0.4831,1.0,0.0006,-1.18,19.389
Car A,1580,105.3333,5,55.006,2,11.824,19.956,0.044,5.988,-0.0017,0.5069,1.0,0.0255,3.94,-19.39
Car B,1580,105.3333,5,74.396,2,-7.566,20.84,-0.84,6.0114,-0.3342,-0.0839,1.0,-0.0271,0.01,19.39
Car A,1581,105.4,5,55.406,2,11.424,19.959,0.041,6.0217,0.5055,0.2959,1.0,-0.003,0.638,-19.389
Car B,1581,105.4,5,74.795,2,-7.965,20.875,-0.875,5.9895,-0.3286,-0.3004,1.0,0.0568,-0.663,19.389
Car A,1582,105.4667,5,55.806,2,11.024,19.965,0.035,6.0012,-0.3079,0.0545,1.0,0.09,-0.069,-19.387
Car B,1582,105.4667,5,75.193,2,-8.363,20.908,-0.908,5.9914,0.0282,0.5283,1.0,-0.083,1.416,19.387
Car A,1583,105.5333,5,56.206,2,10.624,19.966,0.034,5.9998,-0.0215,0.8156,1.0,-0.0888,2.247,-19.385
Car B,1583,105.5333,5,75.591,2,-8.761,20.94,-0.94,5.9918,0.0058,-0.4393,1.0,0.1966,-2.069,19.385
Car A,1584,105.6,5,56.606,2,10.224,19.966,0.034,5.9994,-0.0051,-0.2209,1.0,0.0504,-2.213,-19.383
Car B,1584,105.6,5,75.989,2,-9.159,20.975,-0.975,5.9889,-0.0442,0.3866,1.0,0.0536,4.903,19.383
Car A,1585,105.6667,5,57.006,2,9.824,19.97,0.03,5.9984,-0.0146,0.4428,1.0,-0.0359,1.254,-19.382
Car B,1585,105.6667,5,76.388,2,-9.558,21.002,-1.002,6.0232,0.5157,0.4998,1.0,0.0353,1.345,19.382
Car A,1586,105.7333,5,57.406,2,9.424,19.972,0.028,5.9929,-0.083,-0.3426,1.0,0.13,-0.894,-19.381
Car B,1586,105.7333,5,76.787,2,-9.957,21.029,-1.029,5.9798,-0.6516,0.1724,1.0,0.1764,0.874,19.381
Car A,1587,105.8,5,57.806,2,9.024,19.974,0.026,5.9927,-0.0037,0.5689,1.0,-0.0533,3.244,-19.379
Car B,1587,105.8,5,77.185,2,-10.355,21.052,-1.052,5.976,-0.0571,1.0443,1.0,-0.2318,4.403,19.379
Car A,1588,105.8667,5,58.205,2,8.625,19.973,0.027,5.9929,0.0032,-0.2246,1.0,0.0437,-1.325,-19.378
Car B,1588,105.8667,5,77.583,2,-10.753,21.07,-1.07,5.9763,0.005,0.0606,1.0,0.2078,-5.779,19.378
Car A,1589,105.9333,5,58.605,2,8.225,19.974,0.026,5.9874,-0.0824,0.424,1.0,-0.0598,1.088,-19.376
Car B,1589,105.9333,5,77.981,2,-11.151,21.092,-1.092,5.9747,-0.025,0.6816,1.0,-0.0302,5.178,19.376
Car A,1590,106.0,5,59.004,2,7.826,19.975,0.025,5.9879,0.0083,-0.5078,1.0,0.1488,-1.49,-19.375
Car B,1590,106.0,5,78.379,2,-11.549,21.11,-1.11,5.9777,0.0449,-0.1459,1.0,0.29,-0.746,19.375
Car A,1591,106.0667,5,59.403,2,7.427,19.977,0.023,5.9875,-0.0073,0.4185,1.0,-0.0172,3.712,-19.374
Car B,1591,106.0667,5,78.777,2,-11.947,21.129,-1.129,5.9759,-0.0265,0.6693,1.0,0.0027,7.238,19.374
Car A,1592,106.1333,5,59.802,2,7.028,19.976,0.024,5.9946,0.1071,-0.1819,1.0,0.0662,-0.417,-19.373
Car B,1592,106.1333,5,79.175,2,-12.345,21.143,-1.143,5.995,0.2867,0.0117,1.0,0.2668,0.087,19.373
Car A,1593,106.2,5,60.202,2,6.628,19.974,0.026,5.9984,0.0576,0.6287,1.0,-0.1049,1.651,-19.372
Car B,1593,106.2,5,79.574,2,-12.744,21.157,-1.157,5.9933,-0.0262,0.857,1.0,-0.1203,6.659,19.372
Car A,1594,106.2667,5,60.602,2,6.228,19.971,0.029,5.9984,-0.0013,-0.3641,1.0,0.0243,-2.615,-19.372
Car B,1594,106.2667,5,79.974,2,-13.144,21.166,-1.166,5.9941,0.0121,-0.0261,1.0,0.2626,-2.992,19.372
Car A,1595,106.3333,5,61.002,2,5.828,19.972,0.028,6.0011,0.0411,0.24,1.0,-0.0502,0.602,-19.371
Car B,1595,106.3333,5,80.373,2,-13.543,21.179,-1.179,5.9921,-0.0289,0.6018,1.0,0.0252,6.549,19.371
Car A,1596,106.4,5,61.402,2,5.428,19.972,0.028,5.9938,-0.1089,-0.4899,1.0,0.1279,-1.251,-19.371
Car B,1596,106.4,5,80.773,2,-13.943,21.186,-1.186,5.9925,0.0059,0.2177,1.0,0.2008,0.64,19.371
Car A,1597,106.4667,5,61.802,2,5.029,19.973,0.027,5.9942,0.0054,0.4884,1.0,-0.0602,3.191,-19.371
Car B,1597,106.4667,5,81.172,2,-14.342,21.191,-1.191,5.9895,-0.0454,1.0326,1.0,-0.2525,5.014,19.371
Car A,1598,106.5333,5,62.201,2,4.629,19.969,0.031,5.9942,0.0003,-0.2928,1.0,0.0286,-1.497,-19.37
Car B,1598,106.5333,5,81.571,2,-14.741,21.191,-1.191,5.9896,0.0013,0.0602,1.0,0.181,-6.295,19.37
Car A,1599,106.6,5,62.601,2,4.229,19.969,0.031,5.9941,-0.0014,0.2818,1.0,-0.0585,0.711,-19.37
Car B,1599,106.6,5,81.971,2,-15.14,21.194,-1.194,5.9878,-0.027,0.6868,1.0,-0.1569,4.508,19.37
Car A,1600,106.6667,5,63.0,2,3.83,19.97,0.03,5.9934,-0.0105,-0.5518,1.0,0.1308,-1.459,-19.369
Car B,1600,106.6667,5,82.37,2,-15.54,21.193,-1.193,5.988,0.0024,-0.1521,1.0,0.2977,-3.91,19.369
Car A,1601,106.7333,5,63.4,2,3.43,19.971,0.029,5.9933,-0.002,0.4386,1.0,-0.0505,3.263,-19.369
Car B,1601,106.7333,5,82.769,2,-15.939,21.196,-1.196,5.9861,-0.0281,0.5212,1.0,-0.0761,7.426,19.369
Car A,1602,106.8,5,63.799,2,3.031,19.968,0.032,5.9938,0.0081,-0.3292,1.0,0.0483,-1.254,-19.368
Car B,1602,106.8,5,83.168,2,-16.338,21.195,-1.195,5.9869,0.0118,-0.2778,1.0,0.271,-1.887,19.368
Car A,1603,106.8667,5,64.199,2,2.631,19.968,0.032,5.9917,-0.0316,0.4512,1.0,-0.0841,1.204,-19.368
Car B,1603,106.8667,5,83.567,2,-16.737,21.197,-1.197,5.982,-0.0722,0.4665,1.0,-0.1268,6.762,19.368
Car A,1604,106.9333,5,64.598,2,2.232,19.967,0.033,5.9919,0.003,-0.4705,1.0,0.0716,-2.098,-19.367
Car B,1604,106.9333,5,83.965,2,-17.135,21.196,-1.196,5.9842,0.0317,-0.3215,1.0,0.2416,-3.154,19.367
Car A,1605,107.0,5,64.998,2,1.832,19.968,0.032,5.9911,-0.0126,0.3346,1.0,-0.0428,1.784,-19.366
Car B,1605,107.0,5,84.364,2,-17.534,21.197,-1.197,5.9813,-0.0435,0.4459,1.0,-0.1117,6.027,19.366
Car A,1606,107.0667,5,65.397,2,1.433,19.967,0.033,5.9887,-0.0363,-0.3644,1.0,0.0701,-1.065,-19.366
Car B,1606,107.0667,5,84.763,2,-17.933,21.195,-1.195,5.981,-0.0033,-0.3384,1.0,0.7151,-2.779,19.366
Car A,1607,107.1333,5,65.796,2,1.034,19.967,0.033,5.9892,0.0081,0.5108,1.0,-0.088,1.747,-19.365
Car B,1607,107.1333,5,85.161,2,-18.331,21.196,-1.196,5.9769,-0.0622,0.1604,1.0,0.5836,17.847,19.365
Car A,1608,107.2,5,66.195,2,0.635,19.964,0.036,5.9874,-0.0265,-0.375,1.0,0.0212,-2.193,-19.364
Car B,1608,107.2,5,85.559,2,-18.729,21.184,-1.184,5.9656,-0.1698,1.3979,1.0,0.4052,14.595,19.364
Car A,1609,107.2667,5,66.595,2,0.235,19.965,0.035,5.9944,0.1038,0.2068,1.0,-0.0651,0.524,-19.361
Car B,1609,107.2667,5,85.956,2,-19.126,21.158,-1.158,5.9582,-0.1108,2.1437,1.0,1.0,10.137,19.361
Car A,1610,107.3333,5,66.994,2,-0.164,19.967,0.033,5.9917,-0.0404,-0.6047,1.0,0.1093,-1.625,-19.357
Car B,1610,107.3333,5,86.351,2,-19.521,21.117,-1.117,5.9447,-0.2018,2.7647,1.0,1.0,24.976,19.357
Car A,1611,107.4,5,67.394,2,-0.564,19.97,0.03,5.9921,0.0067,0.3769,1.0,-0.0797,2.725,-19.349
Car B,1611,107.4,5,86.743,2,-19.913,21.058,-1.058,5.9324,-0.1843,3.2212,1.0,0.8588,25.0,19.349
Car A,1612,107.4667,5,67.793,2,-0.963,19.969,0.031,5.9916,-0.0082,-0.387,1.0,-0.016,-1.985,-19.261
Car B,1612,107.4667,5,87.054,2,-20.302,20.981,-1.002,5.9234,-0.1351,3.5644,1.0,1.0,21.474,19.261
Car A,1613,107.5333,5,68.193,2,-1.363,19.973,0.027,6.0127,0.3167,-0.2125,1.0,-0.0386,-0.4,-19.252
Car B,1613,107.5333,5,87.445,2,-20.686,20.886,-0.938,5.9137,-0.1453,3.8546,1.0,0.3512,24.994,19.252
Car A,1614,107.6,5,68.594,2,-1.764,19.978,0.022,5.9932,-0.292,-0.401,1.0,0.0046,-0.96,-19.178
Car B,1614,107.6,5,87.772,2,-21.068,20.78,-0.864,5.9394,0.3854,3.0559,1.0,0.4726,8.803,19.178
Car A,1615,107.6667,5,68.993,2,-2.163,19.983,0.017,6.0048,0.1742,-0.1013,1.0,-0.0617,0.107,-19.101
Car B,1615,107.6667,5,88.094,2,-21.447,20.661,-0.833,5.9374,-0.0309,3.4018,1.0,0.8717,11.809,19.101
Car A,1616,107.7333,5,69.394,2,-2.563,19.991,0.009,5.9846,-0.3026,-0.6296,1.0,0.0352,-1.537,-19.095
Car B,1616,107.7333,5,88.488,2,-21.819,20.524,-0.787,5.9278,-0.1432,3.7227,1.0,1.0,21.776,19.095
Car A,1617,107.8,5,69.793,2,-2.963,19.998,0.002,5.9901,0.0812,0.3299,1.0,-0.1366,0.876,-18.971
Car B,1617,107.8,5,88.764,2,-22.184,20.37,-0.739,5.9186,-0.138,3.9681,1.0,1.0,24.995,18.971
Car A,1618,107.8667,5,70.192,2,-3.362,20.004,-0.004,5.9899,-0.0023,-0.5789,1.0,-0.0784,-3.407,-18.967
Car B,1618,107.8667,5,89.159,3,-22.541,20.198,-0.717,5.9106,-0.1213,4.1621,1.0,1.0,24.999,18.967
Car A,1619,107.9333,5,70.591,2,-3.761,20.02,-0.02,6.0025,0.1893,-0.7467,1.0,-0.0131,-1.963,-18.961
Car B,1619,107.9333,5,89.553,3,-22.888,20.008,-0.674,5.9034,-0.1073,4.3088,1.0,1.0,24.999,18.961
Car A,1620,108.0,5,70.991,2,-4.161,20.034,-0.034,6.0002,-0.0353,-0.0009,1.0,-0.0331,-0.334,-18.852
Car B,1620,108.0,5,89.844,3,-23.224,19.8,-0.648,5.897,-0.0953,4.4252,1.0,1.0,24.999,18.852
Car A,1621,108.0667,5,71.391,2,-4.561,20.048,-0.048,5.9897,-0.1577,-0.3289,0.9799,0.0717,-0.813,-18.847
Car B,1621,108.0667,5,90.238,3,-23.549,19.576,-0.627,5.8914,-0.0851,4.5165,1.0,1.0,24.999,18.847
Car A,1622,108.1333,5,71.79,2,-4.96,20.059,-0.059,5.9755,-0.2128,0.5891,1.0,0.021,1.788,-18.806
Car B,1622,108.1333,5,90.596,3,-23.861,19.334,-0.585,5.8863,-0.0765,4.5852,1.0,1.0,24.999,18.806
Car A,1623,108.2,5,72.189,2,-5.359,20.067,-0.067,6.0,0.3683,0.2064,1.0,0.0355,0.522,-18.744
Car B,1623,108.2,5,90.933,3,-24.16,19.077,-0.58,5.8816,-0.0696,4.6422,1.0,1.0,24.999,18.744
Car A,1624,108.2667,5,72.589,2,-5.759,20.073,-0.073,6.0108,0.1615,0.3495,1.0,0.0275,0.882,-18.737
Car B,1624,108.2667,5,91.326,3,-24.444,18.803,-0.557,5.8774,-0.0635,4.6881,1.0,1.0,24.999,18.737
Car A,1625,108.3333,5,72.99,2,-6.159,20.079,-0.079,5.9905,-0.3041,0.1874,1.0,0.0367,0.674,-18.646
Car B,1625,108.3333,5,91.635,3,-24.713,18.516,-0.535,5.8735,-0.0585,4.7233,1.0,1.0,24.999,18.646
Car A,1626,108.4,5,73.389,2,-6.558,20.083,-0.083,5.9902,-0.0053,0.4091,1.0,0.0205,0.917,-18.641
Car B,1626,108.4,5,92.029,3,-24.965,18.214,-0.531,5.8699,-0.0544,4.7521,1.0,1.0,24.999,18.641
Car A,1627,108.4667,5,73.788,2,-6.958,20.086,-0.086,5.9863,-0.0581,0.1516,1.0,0.0321,0.506,-18.634
Car B,1627,108.4667,5,92.422,3,-25.201,17.899,-0.505,5.8664,-0.0516,4.7747,1.0,1.0,24.999,18.634
Car A,1628,108.5333,5,74.187,2,-7.357,20.088,-0.088,6.0056,0.2896,0.3278,1.0,0.0204,0.795,-18.55
Car B,1628,108.5333,5,92.736,3,-25.419,17.571,-0.505,5.8632,-0.049,4.7906,1.0,1.0,24.999,18.55
Car A,1629,108.6,5,74.587,2,-7.756,20.089,-0.089,6.0047,-0.0134,0.0707,1.0,0.0284,0.506,-18.543
Car B,1629,108.6,5,93.129,3,-25.619,17.233,-0.498,5.8601,-0.0461,4.8042,1.0,1.0,24.999,18.543
Car A,1630,108.6667,5,74.987,2,-8.157,20.09,-0.09,5.995,-0.145,0.3461,1.0,0.0117,0.708,-18.46
Car B,1630,108.6667,5,93.447,3,-25.8,16.884,-0.48,5.8571,-0.0449,4.8157,1.0,1.0,24.999,18.46
Car A,1631,108.7333,5,75.386,2,-8.556,20.09,-0.09,5.9881,-0.1039,0.1586,1.0,0.0127,0.293,-18.453
Car B,1631,108.7333,5,93.839,3,-25.961,16.526,-0.492,5.8542,-0.0433,4.8247,1.0,1.0,24.999,18.453
Car A,1632,108.8,5,75.786,2,-8.956,20.09,-0.09,5.9959,0.1164,0.0615,1.0,0.0179,0.308,-18.446
Car B,1632,108.8,5,94.231,3,-26.102,16.159,-0.482,5.8514,-0.0417,4.8311,1.0,1.0,24.999,18.446
Car A,1633,108.8667,5,76.185,2,-9.355,20.089,-0.089,5.9922,-0.0542,0.0467,1.0,0.0152,0.427,-18.363
Car B,1633,108.8667,5,94.549,3,-26.222,15.786,-0.486,5.8488,-0.0398,4.837,1.0,1.0,24.999,18.363
Car A,1634,108.9333,5,76.585,2,-9.755,20.089,-0.089,5.9916,-0.009,0.1003,1.0,0.0082,0.372,-18.356
Car B,1634,108.9333,5,94.941,3,-26.322,15.407,-0.494,5.8461,-0.0395,4.841,1.0,0.7969,24.999,18.356
Car A,1635,109.0,5,76.985,2,-10.154,20.087,-0.087,5.9996,0.1197,0.0832,1.0,0.0082,0.203,-18.319
Car B,1635,109.0,5,95.304,3,-26.401,15.023,-0.482,5.8469,0.011,4.8137,1.0,-0.011,19.928,18.319
Car A,1636,109.0667,5,77.385,2,-10.555,20.086,-0.086,6.0049,0.0797,0.038,1.0,0.0057,0.199,-18.264
Car B,1636,109.0667,5,95.648,3,-26.467,14.635,-0.515,5.8847,0.568,3.3963,1.0,0.2279,-0.244,18.264
Car A,1637,109.1333,5,77.785,2,-10.955,20.085,-0.085,6.001,-0.0592,0.028,1.0,-0.0031,0.142,-18.257
Car B,1637,109.1333,5,96.042,3,-26.536,14.246,-0.553,5.9673,1.2377,2.1277,1.0,-0.0282,5.689,18.257
Car A,1638,109.2,5,78.185,2,-11.355,20.084,-0.084,6.0009,-0.0015,0.0027,1.0,-0.0144,-0.073,-18.206
Car B,1638,109.2,5,96.392,3,-26.605,13.853,-0.605,5.9762,0.1339,0.762,1.0,0.1585,-0.694,18.206
Car A,1639,109.2667,5,78.585,2,-11.755,20.084,-0.084,5.9916,-0.14,-0.0828,1.0,-0.0466,-0.349,-18.199
Car B,1639,109.2667,5,96.784,3,-26.676,13.462,-0.676,5.9746,-0.0232,1.1696,1.0,0.1322,3.954,18.199
Car A,1640,109.3333,5,78.985,2,-12.155,20.086,-0.086,6.0062,0.2189,-0.4487,1.0,-0.0437,-1.164,-18.194
Car B,1640,109.3333,5,97.178,3,-26.739,13.067,-0.739,6.0136,0.5849,1.2561,1.0,0.1256,3.306,18.194
Car A,1641,109.4,5,79.385,2,-12.554,20.092,-0.092,6.0001,-0.0903,-0.4222,1.0,-0.0586,-1.091,-18.191
Car B,1641,109.4,5,97.575,3,-26.796,12.67,-0.796,6.0272,0.2041,1.2074,1.0,0.1192,3.141,18.191
Car A,1642,109.4667,5,79.784,2,-12.954,20.101,-0.101,5.977,-0.3462,-0.5968,1.0,0.0442,-1.462,-18.19
Car B,1642,109.4667,5,97.974,3,-26.849,12.271,-0.849,6.0025,-0.3702,1.1915,1.0,0.1076,2.978,18.19
Car A,1643,109.5333,5,80.183,2,-13.353,20.107,-0.107,5.9825,0.0823,0.3982,1.0,0.0067,1.101,-18.189
Car B,1643,109.5333,5,98.372,3,-26.898,11.873,-0.898,6.0358,0.4989,1.0439,1.0,0.1158,2.691,18.189
Car A,1644,109.6,5,80.582,2,-13.752,20.11,-0.11,6.0006,0.2715,0.0342,1.0,0.0835,0.173,-18.188
Car B,1644,109.6,5,98.77,3,-26.942,11.475,-0.942,6.0016,-0.5134,1.1042,1.0,0.0982,2.895,18.188
Car A,1645,109.6667,5,80.982,2,-14.152,20.11,-0.11,6.0057,0.0763,0.7838,1.0,-0.0324,2.084,-18.188
Car B,1645,109.6667,5,99.17,3,-26.982,11.075,-0.982,6.0469,0.6803,0.9632,1.0,0.1142,2.454,18.188
Car A,1646,109.7333,5,81.383,2,-14.552,20.108,-0.108,6.0039,-0.0279,-0.2048,1.0,0.1292,-0.805,-18.189
Car B,1646,109.7333,5,99.572,3,-27.017,10.673,-1.017,6.0696,0.3404,1.137,1.0,0.115,2.852,18.189
Car A,1647,109.8,5,81.783,2,-14.953,20.108,-0.108,6.0022,-0.025,0.6013,1.0,-0.0012,3.224,-18.193
Car B,1647,109.8,5,99.976,3,-27.046,10.27,-1.046,6.0808,0.1683,1.1576,1.0,0.1103,2.866,18.193
Car A,1648,109.8667,5,82.183,2,-15.353,20.104,-0.104,6.0018,-0.0058,-0.0235,1.0,0.3037,-0.015,-18.197
Car B,1648,109.8667,5,100.38,3,-27.071,9.865,-1.071,6.076,-0.0722,1.1067,1.0,0.1107,2.75,18.197
Car A,1649,109.9333,5,82.583,2,-15.753,20.097,-0.097,5.9991,-0.041,0.9006,1.0,0.0074,7.581,-18.202
Car B,1649,109.9333,5,100.784,3,-27.091,9.461,-1.091,6.0783,0.0344,1.108,1.0,0.085,2.758,18.202
Car A,1650,110.0,5,82.983,2,-16.153,20.087,-0.087,6.0039,0.0716,0.0702,1.0,0.6725,0.209,-18.206
Car B,1650,110.0,5,101.189,3,-27.109,9.056,-1.109,6.0706,-0.1165,0.7092,1.0,0.2728,2.101,18.206
Car A,1651,110.0667,5,83.383,2,-16.553,20.075,-0.075,6.0001,-0.0569,0.994,1.0,0.2893,16.785,-18.21
Car B,1651,110.0667,5,101.593,3,-27.121,8.652,-1.121,6.062,-0.1281,1.5169,1.0,0.004,6.811,18.21
Car A,1652,110.1333,5,83.782,2,-16.952,20.05,-0.05,5.9934,-0.0995,1.7897,1.0,0.6288,7.246,-18.216
Car B,1652,110.1333,5,101.997,3,-27.126,8.248,-1.126,6.0656,0.0538,0.4113,1.0,0.2031,0.11,18.216
Car A,1653,110.2,5,84.179,2,-17.349,20.01,-0.01,5.9829,-0.1574,2.4711,0.5464,-0.6975,15.707,-18.222
Car B,1653,110.2,5,102.401,3,-27.135,7.844,-1.135,6.0572,-0.1257,0.973,1.0,0.9468,5.068,18.222
Car A,1654,110.2667,5,84.573,2,-17.743,19.963,0.037,5.9438,-0.5864,1.486,0.5552,-1.0,-17.387,-18.231
Car B,1654,110.2667,5,102.804,3,-27.13,7.441,-1.13,6.0487,-0.128,1.5281,1.0,0.8734,23.641,18.231
Car A,1655,110.3333,5,84.963,2,-18.133,19.925,0.075,5.8393,-1.5685,-0.127,0.9647,-0.4719,-24.988,-18.244
Car B,1655,110.3333,5,103.207,3,-27.109,7.039,-1.109,6.028,-0.3101,2.5204,1.0,1.0,21.836,18.244
Car A,1656,110.4,5,85.351,2,-18.521,19.899,0.101,5.8318,-0.1119,-1.0274,1.0,-0.0682,-11.816,-18.256
Car B,1656,110.4,5,103.607,3,-27.072,6.638,-1.072,6.0142,-0.2068,3.051,1.0,1.0,24.995,18.256
Car A,1657,110.4667,5,85.74,2,-18.91,19.878,0.122,5.8747,0.6433,-0.5723,1.0,1.0,-1.721,-18.265
Car B,1657,110.4667,5,104.005,3,-27.017,6.241,-1.017,6.0017,-0.1879,3.4486,1.0,0.8538,25.0,18.265
Car A,1658,110.5333,5,86.13,2,-19.3,19.851,0.149,5.8736,-0.017,0.2834,1.0,1.0,24.96,-18.194
Car B,1658,110.5333,5,104.324,3,-26.943,5.846,-0.952,5.9925,-0.1378,3.7504,1.0,0.8052,21.351,18.194
Car A,1659,110.6,5,86.52,2,-19.69,19.812,0.188,5.8591,-0.2168,1.4454,1.0,0.4561,25.0,-18.2
Car B,1659,110.6,5,104.72,3,-26.851,5.457,-0.891,5.9844,-0.1224,3.9887,1.0,0.5838,20.13,18.2
Car A,1660,110.6667,5,86.925,2,-20.076,19.758,0.236,5.849,-0.1521,2.1578,1.0,1.0,11.422,-18.187
Car B,1660,110.6667,5,105.112,3,-26.74,5.072,-0.811,5.9808,-0.0535,4.1486,1.0,1.0,14.603,18.187
Car A,1661,110.7333,5,87.313,2,-20.46,19.688,0.274,5.8369,-0.181,2.7634,1.0,0.8631,24.978,-18.072
Car B,1661,110.7333,5,105.385,3,-26.611,4.693,-0.752,5.9722,-0.1284,4.2951,1.0,0.7789,24.983,18.072
Car A,1662,110.8,5,87.699,2,-20.84,19.602,0.331,5.8284,-0.1277,3.1956,1.0,0.7524,21.582,-18.082
Car B,1662,110.8,5,105.78,3,-26.462,4.322,-0.693,5.968,-0.0632,4.4025,1.0,0.4348,19.481,18.082
Car A,1663,110.8667,5,88.141,2,-21.216,19.498,0.352,5.8218,-0.0991,3.5488,1.0,1.0,18.814,-17.987
Car B,1663,110.8667,5,106.128,3,-26.299,3.956,-0.622,5.9993,0.4695,3.7828,1.0,1.0,10.883,17.987
Car A,1664,110.9333,5,88.529,2,-21.585,19.376,0.384,5.8134,-0.1254,3.8375,1.0,1.0,24.99,-17.948
Car B,1664,110.9333,5,106.477,3,-26.121,3.597,-0.594,5.9879,-0.1714,3.956,1.0,1.0,24.977,17.948
Car A,1665,111.0,5,88.98,2,-21.948,19.236,0.398,5.8063,-0.1061,4.0592,1.0,1.0,24.999,-17.895
Car B,1665,111.0,5,106.874,3,-25.926,3.247,-0.547,5.9786,-0.1392,4.1812,1.0,1.0,24.999,17.895
Car A,1666,111.0667,5,89.368,3,-22.303,19.078,0.409,5.8002,-0.0924,4.226,1.0,1.0,24.999,-17.823
Car B,1666,111.0667,5,107.191,3,-25.714,2.908,-0.506,5.9705,-0.1214,4.3253,1.0,1.0,24.999,17.823
Car A,1667,111.1333,5,89.823,3,-22.649,18.901,0.418,5.7949,-0.0786,4.3631,1.0,1.0,24.999,-17.767
Car B,1667,111.1333,5,107.59,3,-25.485,2.581,-0.482,5.9633,-0.1085,4.4385,1.0,1.0,24.999,17.767
Car A,1668,111.2,5,90.211,3,-22.985,18.707,0.409,5.7904,-0.0682,4.4654,1.0,1.0,24.999,-17.776
Car B,1668,111.2,5,107.987,3,-25.239,2.266,-0.437,5.9567,-0.0986,4.5258,1.0,1.0,24.999,17.776
Car A,1669,111.2667,5,90.665,3,-23.31,18.495,0.414,5.7866,-0.0576,4.5465,1.0,1.0,24.999,-17.653
Car B,1669,111.2667,5,108.318,3,-24.978,1.965,-0.424,5.9507,-0.0897,4.5952,1.0,1.0,24.999,17.653
Car A,1670,111.3333,5,91.052,3,-23.623,18.265,0.385,5.7832,-0.0509,4.6126,1.0,1.0,24.999,-17.664
Car B,1670,111.3333,5,108.716,3,-24.701,1.678,-0.4,5.9452,-0.0828,4.6495,1.0,1.0,24.999,17.664
Car A,1671,111.4,5,91.439,3,-23.923,18.02,0.378,5.7802,-0.0447,4.664,1.0,1.0,24.999,-17.615
Car B,1671,111.4,5,109.054,3,-24.409,1.406,-0.375,5.9401,-0.0775,4.6928,1.0,1.0,24.999,17.615
Car A,1672,111.4667,5,91.884,3,-24.208,17.758,0.341,5.7776,-0.0388,4.7045,1.0,1.0,24.999,-17.568
Car B,1672,111.4667,5,109.452,3,-24.104,1.151,-0.371,5.9352,-0.0724,4.7276,1.0,1.0,24.999,17.568
Car A,1673,111.5333,5,92.271,3,-24.479,17.48,0.315,5.7753,-0.0347,4.7382,1.0,1.0,24.999,-17.578
Car B,1673,111.5333,5,109.849,3,-23.785,0.913,-0.345,5.9307,-0.0685,4.7534,1.0,1.0,24.999,17.578
Car A,1674,111.6,5,92.704,3,-24.734,17.189,0.279,5.7732,-0.0315,4.7626,1.0,1.0,24.999,-17.488
Car B,1674,111.6,5,110.192,3,-23.455,0.693,-0.349,5.9264,-0.0645,4.7743,1.0,1.0,24.999,17.488
Car A,1675,111.6667,5,93.089,3,-24.972,16.884,0.235,5.7713,-0.0278,4.7845,1.0,1.0,24.999,-17.5
Car B,1675,111.6667,5,110.59,3,-23.113,0.49,-0.343,5.9222,-0.0621,4.7915,1.0,1.0,24.999,17.5
Car A,1676,111.7333,5,93.508,3,-25.193,16.566,0.202,5.7695,-0.0268,4.8007,1.0,1.0,24.999,-17.426
Car B,1676,111.7333,5,110.934,3,-22.761,0.307,-0.334,5.9182,-0.0606,4.8045,1.0,1.0,24.999,17.426
Car A,1677,111.8,5,93.891,3,-25.396,16.236,0.14,5.7679,-0.024,4.8132,1.0,1.0,24.999,-17.44
Car B,1677,111.8,5,111.331,3,-22.399,0.144,-0.347,5.9143,-0.0579,4.8146,1.0,0.8832,24.999,17.44
Car A,1678,111.8667,5,94.275,3,-25.58,15.896,0.101,5.7664,-0.0227,4.8231,1.0,1.0,24.999,-17.452
Car B,1678,111.8667,5,111.727,3,-22.03,-0.0,-0.339,5.9125,-0.0268,4.8061,1.0,0.501,22.084,17.452
Car A,1679,111.9333,5,94.671,3,-25.745,15.546,0.034,5.765,-0.0208,4.8313,1.0,1.0,24.999,-17.4
Car B,1679,111.9333,5,112.071,3,-21.653,-0.129,-0.364,5.9552,0.6398,4.1429,1.0,1.0,12.538,17.4
Car A,1680,112.0,5,95.054,3,-25.89,15.187,-0.023,5.7637,-0.0206,4.8381,1.0,1.0,24.999,-17.415
Car B,1680,112.0,5,112.469,3,-21.272,-0.242,-0.385,5.9454,-0.1464,4.2818,1.0,0.7619,24.98,17.415
Car A,1681,112.0667,5,95.428,3,-26.014,14.821,-0.079,5.7624,-0.0195,4.8434,1.0,1.0,24.999,-17.377
Car B,1681,112.0667,5,112.805,3,-20.884,-0.335,-0.403,5.9415,-0.0594,4.3914,1.0,1.0,19.057,17.377
Car A,1682,112.1333,5,95.807,3,-26.118,14.449,-0.153,5.7611,-0.0187,4.8468,1.0,1.0,24.999,-17.393
Car B,1682,112.1333,5,113.2,3,-20.493,-0.407,-0.445,5.9347,-0.1011,4.4933,1.0,0.8094,24.99,17.393
Car A,1683,112.2,5,96.19,3,-26.201,14.071,-0.205,5.7599,-0.0184,4.85,1.0,1.0,24.999,-17.407
Car B,1683,112.2,5,113.597,3,-20.099,-0.459,-0.466,5.9317,-0.0451,4.5558,1.0,0.4265,20.242,17.407
Car A,1684,112.2667,5,96.556,3,-26.262,13.689,-0.262,5.7587,-0.0179,4.8512,1.0,1.0,24.999,-17.402
Car B,1684,112.2667,5,113.958,3,-19.703,-0.496,-0.496,5.9733,0.6235,3.7926,1.0,0.6881,10.676,17.402
Car A,1685,112.3333,5,96.94,3,-26.302,13.305,-0.302,5.7576,-0.0168,4.8547,1.0,1.0,24.999,-17.416
Car B,1685,112.3333,5,114.357,3,-19.304,-0.519,-0.519,5.9669,-0.0954,3.994,1.0,0.4998,17.192,17.416
Car A,1686,112.4,5,97.326,3,-26.32,12.919,-0.32,5.7565,-0.0167,4.8559,1.0,1.0,24.999,-17.43
Car B,1686,112.4,5,114.756,3,-18.904,-0.521,-0.521,5.9705,0.0534,4.1154,1.0,0.3828,12.502,17.43
Car A,1687,112.4667,5,97.712,3,-26.316,12.533,-0.316,5.7553,-0.0168,4.8568,1.0,1.0,24.999,-17.445
Car B,1687,112.4667,5,115.157,3,-18.504,-0.509,-0.509,6.0193,0.7326,3.518,1.0,-0.0137,9.573,17.445
Car A,1688,112.5333,5,98.098,3,-26.291,12.148,-0.291,5.7543,-0.0157,4.8583,1.0,0.1115,24.999,-17.461
Car B,1688,112.5333,5,115.559,3,-18.101,-0.492,-0.492,6.039,0.2953,1.8506,1.0,0.0934,-0.326,17.461
Car A,1689,112.6,5,98.483,3,-26.252,11.763,-0.252,5.795,0.61,3.4096,1.0,-0.0205,2.82,-17.479
Car B,1689,112.6,5,115.962,3,-17.699,-0.482,-0.482,6.0608,0.3266,0.9419,1.0,0.1016,2.328,17.479
Car A,1690,112.6667,5,98.87,3,-26.22,11.376,-0.22,5.8293,0.5155,1.1734,1.0,-0.0478,-0.507,-17.496
Car B,1690,112.6667,5,116.365,3,-17.295,-0.469,-0.469,6.0698,0.1343,1.0227,1.0,0.0974,2.534,17.496
Car A,1691,112.7333,5,99.258,3,-26.199,10.987,-0.199,5.8447,0.2303,-0.1764,1.0,-0.0169,-1.193,-17.51
Car B,1691,112.7333,5,116.769,3,-16.892,-0.452,-0.452,6.0419,-0.4171,0.9497,1.0,0.0895,2.437,17.51
Car A,1692,112.8,5,99.651,3,-26.183,10.594,-0.183,5.9554,1.6612,-0.1614,1.0,0.0073,-0.424,-17.518
Car B,1692,112.8,5,117.17,3,-16.491,-0.431,-0.431,5.9943,-0.7154,0.9028,1.0,0.0152,2.237,17.518
Car A,1693,112.8667,5,100.049,3,-26.165,10.196,-0.165,5.9926,0.5579,0.0919,1.0,-0.007,0.174,-17.52
Car B,1693,112.8667,5,117.569,3,-16.091,-0.411,-0.411,6.0172,0.3449,0.2405,1.0,0.0889,0.381,17.52
Car A,1694,112.9333,5,100.449,3,-26.148,9.796,-0.148,6.0026,0.1503,0.009,1.0,0.0169,-0.161,-17.521
Car B,1694,112.9333,5,117.97,3,-15.691,-0.39,-0.39,6.0171,-0.0023,0.8395,1.0,-0.0662,2.218,17.521
Car A,1695,113.0,5,100.848,3,-26.129,9.397,-0.129,6.0058,0.0468,0.1654,1.0,-0.0206,0.408,-17.522
Car B,1695,113.0,5,118.37,3,-15.29,-0.367,-0.367,6.016,-0.0165,-0.1999,1.0,0.0889,-1.649,17.522
Car A,1696,113.0667,5,101.248,3,-26.112,8.997,-0.112,6.0075,0.0265,-0.1977,0.8474,0.0343,-0.5,-17.522
Car B,1696,113.0667,5,118.771,3,-14.89,-0.347,-0.347,6.0129,-0.047,0.4891,1.0,-0.0289,2.217,17.522
Car A,1697,113.1333,5,101.641,3,-26.093,8.604,-0.093,5.8433,-2.4631,0.2587,0.8947,-0.1074,0.855,-17.529
Car B,1697,113.1333,5,119.171,3,-14.49,-0.325,-0.325,6.0061,-0.1007,-0.2654,1.0,0.0872,-0.717,17.529
Car A,1698,113.2,5,102.028,3,-26.077,8.218,-0.077,5.7803,-0.9457,-0.5694,0.8799,-0.0661,-2.679,-17.543
Car B,1698,113.2,5,119.57,3,-14.09,-0.302,-0.302,6.0045,-0.0241,0.6304,1.0,-0.1207,2.175,17.543
Car A,1699,113.2667,5,102.407,3,-26.068,7.838,-0.068,5.6225,-2.3661,-0.5595,1.0,1.0,-1.654,-17.563
Car B,1699,113.2667,5,119.97,3,-13.691,-0.277,-0.277,6.002,-0.0374,-0.2742,1.0,0.0803,-3.01,17.563
Car A,1700,113.3333,5,102.781,3,-26.055,7.464,-0.055,5.6252,0.0397,0.2667,1.0,0.9484,24.96,-17.588
Car B,1700,113.3333,5,120.369,3,-13.291,-0.256,-0.256,6.001,-0.0159,0.4288,1.0,-0.084,2.001,17.588
Car A,1701,113.4,5,103.156,3,-26.031,7.09,-0.031,5.6182,-0.1043,1.3574,1.0,1.0,23.711,-17.613
Car B,1701,113.4,5,120.768,3,-12.892,-0.231,-0.231,5.9986,-0.036,-0.3615,1.0,0.0591,-2.092,17.613
Car A,1702,113.4667,5,103.528,3,-25.991,6.717,0.009,5.609,-0.1387,2.0879,1.0,1.0,24.998,-17.639
Car B,1702,113.4667,5,121.167,3,-12.493,-0.21,-0.21,5.9966,-0.0301,0.3783,1.0,-0.2276,1.471,17.639
Car A,1703,113.5333,5,103.898,3,-25.936,6.347,0.064,5.6005,-0.1268,2.6711,0.6595,-0.2653,25.0,-17.668
Car B,1703,113.5333,5,121.566,3,-12.094,-0.187,-0.187,5.9947,-0.0284,-0.4718,1.0,0.0104,-5.679,17.668
Car A,1704,113.6,5,104.275,3,-25.874,5.98,0.124,5.5856,-0.2235,1.6643,1.0,1.0,-6.585,-17.69
Car B,1704,113.6,5,121.966,3,-11.695,-0.168,-0.168,6.0014,0.101,0.1131,1.0,-0.2106,0.238,17.69
Car A,1705,113.6667,5,104.645,3,-25.809,5.614,0.16,5.5738,-0.1779,1.6644,1.0,0.9257,24.952,-17.72
Car B,1705,113.6667,5,122.365,3,-11.295,-0.149,-0.149,5.9997,-0.0264,-0.7568,1.0,0.0136,-5.255,17.72
Car A,1706,113.7333,5,105.014,3,-25.733,5.25,0.208,5.5668,-0.1045,2.3942,1.0,0.9168,23.145,-17.751
Car B,1706,113.7333,5,122.765,3,-10.895,-0.135,-0.135,6.0019,0.0337,0.0921,1.0,-0.2227,0.33,17.751
Car A,1707,113.8,5,105.42,3,-25.639,4.89,0.239,5.5598,-0.1047,2.9058,1.0,1.0,22.919,-17.745
Car B,1707,113.8,5,123.165,3,-10.495,-0.121,-0.121,5.9993,-0.0388,-0.7892,1.0,0.0065,-5.559,17.745
Car A,1708,113.8667,5,105.791,3,-25.528,4.535,0.264,5.5527,-0.1064,3.3255,1.0,1.0,24.996,-17.774
Car B,1708,113.8667,5,123.565,3,-10.095,-0.111,-0.111,6.0016,0.0345,0.0564,1.0,-0.1889,0.153,17.774
Car A,1709,113.9333,5,106.208,3,-25.4,4.187,0.298,5.547,-0.0859,3.648,1.0,1.0,25.0,-17.757
Car B,1709,113.9333,5,123.965,3,-9.695,-0.101,-0.101,5.9995,-0.0313,-0.8328,1.0,0.0258,-4.713,17.757
Car A,1710,114.0,5,106.579,3,-25.255,3.845,0.302,5.5425,-0.0673,3.9018,1.0,1.0,25.0,-17.786
Car B,1710,114.0,5,124.365,3,-9.296,-0.095,-0.095,6.0006,0.0165,0.0389,1.0,-0.1308,0.636,17.786
Car A,1711,114.0667,5,106.95,3,-25.091,3.512,0.326,5.5392,-0.0499,4.0993,1.0,1.0,24.999,-17.815
Car B,1711,114.0667,5,124.765,3,-8.896,-0.087,-0.087,5.9971,-0.0533,-0.6781,1.0,0.0239,-3.263,17.815
Car A,1712,114.1333,5,107.373,3,-24.91,3.188,0.326,5.5369,-0.0337,4.2551,1.0,1.0,24.999,-17.791
Car B,1712,114.1333,5,125.164,3,-8.496,-0.083,-0.083,5.9983,0.0182,0.1551,1.0,-0.1392,0.592,17.791
Car A,1713,114.2,5,107.744,3,-24.711,2.874,0.331,5.5355,-0.0209,4.379,1.0,1.0,24.999,-17.82
Car B,1713,114.2,5,125.564,3,-8.096,-0.078,-0.078,5.9954,-0.0434,-0.6988,1.0,0.0457,-3.474,17.82
Car A,1714,114.2667,5,108.17,3,-24.495,2.572,0.337,5.5349,-0.01,4.4787,1.0,1.0,24.999,-17.794
Car B,1714,114.2667,5,125.964,3,-7.697,-0.077,-0.077,5.9969,0.0221,0.1504,1.0,-0.0818,1.135,17.794
Car A,1715,114.3333,5,108.541,3,-24.263,2.282,0.325,5.5348,-0.0011,4.5582,1.0,1.0,24.999,-17.822
Car B,1715,114.3333,5,126.363,3,-7.297,-0.073,-0.073,5.9929,-0.0594,-0.5513,1.0,0.0487,-2.041,17.822
Car A,1716,114.4,5,108.912,3,-24.014,2.006,0.335,5.5353,0.0067,4.6206,1.0,1.0,24.999,-17.85
Car B,1716,114.4,5,126.763,3,-6.898,-0.072,-0.072,5.9912,-0.0252,0.2911,1.0,-0.1271,1.211,17.85
Car A,1717,114.4667,5,109.336,3,-23.75,1.744,0.31,5.5361,0.0131,4.6708,1.0,1.0,24.999,-17.826
Car B,1717,114.4667,5,127.162,3,-6.498,-0.069,-0.069,5.9891,-0.0316,-0.5082,1.0,0.0507,-3.169,17.826
Car A,1718,114.5333,5,109.708,3,-23.471,1.498,0.304,5.5373,0.0175,4.712,1.0,1.0,24.999,-17.853
Car B,1718,114.5333,5,127.561,3,-6.099,-0.07,-0.07,5.9894,0.0042,0.2812,1.0,-0.0897,1.26,17.853
Car A,1719,114.6,5,110.127,3,-23.179,1.268,0.286,5.5387,0.0215,4.7446,1.0,1.0,24.999,-17.833
Car B,1719,114.6,5,127.96,3,-5.7,-0.068,-0.068,5.9873,-0.032,-0.5183,1.0,0.0621,-2.236,17.833
Car A,1720,114.6667,5,110.498,3,-22.874,1.055,0.264,5.5404,0.0246,4.7704,1.0,1.0,24.999,-17.861
Car B,1720,114.6667,5,128.359,3,-5.301,-0.069,-0.069,5.9866,-0.0103,0.2942,1.0,-0.0596,1.545,17.861
Car A,1721,114.7333,5,110.911,3,-22.557,0.86,0.255,5.5422,0.0271,4.7913,1.0,1.0,24.999,-17.847
Car B,1721,114.7333,5,128.758,3,-4.902,-0.068,-0.068,5.9852,-0.0215,-0.4329,1.0,0.063,-1.484,17.847
Car A,1722,114.8,5,111.282,3,-22.229,0.684,0.217,5.5441,0.0282,4.8083,1.0,1.0,24.999,-17.876
Car B,1722,114.8,5,129.157,3,-4.503,-0.068,-0.068,5.9842,-0.0137,0.4099,1.0,-0.1001,1.569,17.876
Car A,1723,114.8667,5,111.654,3,-21.891,0.527,0.202,5.5461,0.0303,4.8216,1.0,1.0,24.999,-17.902
Car B,1723,114.8667,5,129.556,3,-4.104,-0.067,-0.067,5.9833,-0.0138,-0.4131,1.0,0.0598,-2.497,17.902
Car A,1724,114.9333,5,112.056,3,-21.545,0.39,0.166,5.5481,0.0302,4.8323,1.0,1.0,24.999,-17.899
Car B,1724,114.9333,5,129.955,3,-3.705,-0.068,-0.068,5.9835,0.0034,0.3462,1.0,-0.0612,1.488,17.899
Car A,1725,115.0,5,112.427,3,-21.191,0.273,0.135,5.5502,0.0321,4.8406,1.0,1.0,24.999,-17.927
Car B,1725,115.0,5,130.354,3,-3.306,-0.067,-0.067,5.9826,-0.0143,-0.4526,1.0,0.0687,-1.524,17.927
Car A,1726,115.0667,5,112.819,3,-20.83,0.177,0.111,5.5523,0.0315,4.8472,1.0,1.0,24.999,-17.934
Car B,1726,115.0667,5,130.753,3,-2.908,-0.069,-0.069,5.9815,-0.0158,0.4008,1.0,-0.0746,1.713,17.934
Car A,1727,115.1333,5,113.189,3,-20.465,0.102,0.065,5.5544,0.0318,4.8525,1.0,1.0,24.999,-17.963
Car B,1727,115.1333,5,131.151,3,-2.509,-0.067,-0.067,5.981,-0.0086,-0.3882,1.0,0.0644,-1.86,17.963
Car A,1728,115.2,5,113.561,3,-20.096,0.048,0.04,5.5566,0.0316,4.8566,1.0,1.0,24.999,-17.989
Car B,1728,115.2,5,131.55,3,-2.11,-0.069,-0.069,5.98,-0.0139,0.3773,1.0,-0.0662,1.605,17.989
Car A,1729,115.2667,5,113.937,3,-19.724,0.016,0.016,5.5586,0.0306,4.8601,1.0,1.0,24.999,-18.012
Car B,1729,115.2667,5,131.949,3,-1.712,-0.068,-0.068,5.98,-0.0008,-0.4031,1.0,0.0667,-1.65,18.012
Car A,1730,115.3333,5,114.31,3,-19.35,0.005,0.005,5.5607,0.032,4.8627,1.0,1.0,24.999,-18.037
Car B,1730,115.3333,5,132.347,3,-1.313,-0.069,-0.069,5.9796,-0.0058,0.3899,1.0,-0.0749,1.662,18.037
Car A,1731,115.4,5,114.683,3,-18.977,0.017,0.017,5.5628,0.0312,4.8646,1.0,-0.0399,24.999,-18.062
Car B,1731,115.4,5,132.746,3,-0.915,-0.068,-0.068,5.9786,-0.015,-0.3953,1.0,0.0649,-1.866,18.062
Car A,1732,115.4667,5,115.057,3,-18.603,0.04,0.04,5.6073,0.6668,3.3977,1.0,-0.2664,-0.958,-18.087
Car B,1732,115.4667,5,133.144,3,-0.516,-0.07,-0.07,5.9776,-0.0147,0.3729,1.0,-0.1049,1.617,18.087
Car A,1733,115.5333,5,115.433,3,-18.228,0.059,0.059,5.6432,0.5397,1.2802,1.0,-0.265,-6.65,-18.11
Car B,1733,115.5333,5,133.543,3,-0.118,-0.069,-0.069,5.977,-0.0098,-0.417,1.0,0.0636,-2.617,18.11
Car A,1734,115.6,5,115.809,3,-17.851,0.067,0.067,5.6543,0.1663,-0.0576,1.0,-0.2461,-6.625,-18.132
Car B,1734,115.6,6,0.281,1,0.281,-0.072,-0.072,5.977,0.0009,0.3433,1.0,-0.1164,1.584,18.132
Car A,1735,115.6667,5,116.186,3,-17.474,0.062,0.062,5.66,0.0857,-1.044,1.0,-0.0969,-6.152,-18.153
Car B,1735,115.6667,6,0.679,1,0.679,-0.072,-0.072,5.976,-0.0153,-0.4372,1.0,0.069,-2.903,18.153
Car A,1736,115.7333,5,116.566,3,-17.094,0.051,0.051,5.7396,1.1929,-0.8287,1.0,-0.0306,-2.429,-18.172
Car B,1736,115.7333,6,1.077,1,1.078,-0.075,-0.075,5.9769,0.014,0.3302,1.0,-0.1333,1.718,18.172
Car A,1737,115.8,5,116.952,3,-16.709,0.04,0.04,5.8281,1.328,-0.2813,1.0,-0.0293,-0.768,-18.185
Car B,1737,115.8,6,1.476,1,1.476,-0.076,-0.076,5.9748,-0.0321,-0.4332,1.0,0.0674,-3.325,18.185
Car A,1738,115.8667,5,117.345,3,-16.315,0.031,0.031,5.9563,1.9237,-0.2862,1.0,-0.0104,-0.725,-18.189
Car B,1738,115.8667,6,1.874,1,1.874,-0.08,-0.08,5.9761,0.0197,0.3336,1.0,-0.2246,1.677,18.189
Car A,1739,115.9333,5,117.744,3,-15.916,0.021,0.021,6.0086,0.7832,-0.1534,1.0,-0.0011,-0.261,-18.188
Car B,1739,115.9333,6,2.272,1,2.272,-0.082,-0.082,5.9733,-0.0422,-0.4647,1.0,0.0652,-5.602,18.188
Car A,1740,116.0,5,118.145,3,-15.516,0.012,0.012,6.0098,0.0182,-0.0399,1.0,0.0032,-0.033,-18.186
Car B,1740,116.0,6,2.671,1,2.671,-0.087,-0.087,5.9747,0.0209,0.3112,1.0,-0.1847,1.62,18.186
Car A,1741,116.0667,5,118.545,3,-15.115,0.004,0.004,6.0063,-0.0526,-0.0536,1.0,0.0098,0.073,-18.184
Car B,1741,116.0667,6,3.069,1,3.069,-0.089,-0.089,5.9725,-0.0333,-0.463,1.0,0.0752,-4.608,18.184
Car A,1742,116.1333,5,118.945,3,-14.715,-0.005,-0.005,6.0018,-0.0672,-0.0347,1.0,0.0134,0.233,-18.182
Car B,1742,116.1333,6,3.467,1,3.467,-0.095,-0.095,5.9734,0.0142,0.3145,1.0,-0.1311,1.87,18.182
Car A,1743,116.2,5,119.345,3,-14.315,-0.012,-0.012,5.9998,-0.0294,-0.047,1.0,0.0168,0.318,-18.18
Car B,1743,116.2,6,3.865,1,3.865,-0.098,-0.098,5.9723,-0.0163,-0.4332,1.0,0.0801,-3.269,18.18
Car A,1744,116.2667,5,119.744,3,-13.916,-0.019,-0.019,5.9951,-0.0707,0.0188,1.0,0.0153,0.401,-18.179
Car B,1744,116.2667,6,4.263,1,4.263,-0.105,-0.105,5.9723,-0.0006,0.3348,1.0,-0.1018,1.995,18.179
Car A,1745,116.3333,5,120.144,3,-13.516,-0.026,-0.026,5.993,-0.0321,0.0808,1.0,0.0147,0.375,-18.177
Car B,1745,116.3333,6,4.661,1,4.661,-0.108,-0.108,5.9728,0.0067,-0.4061,1.0,0.0831,-2.538,18.177
Car A,1746,116.4,5,120.544,3,-13.117,-0.033,-0.033,5.9936,0.0097,0.0781,1.0,0.0169,0.359,-18.176
Car B,1746,116.4,6,5.059,1,5.059,-0.115,-0.115,5.9726,-0.0026,0.3536,1.0,-0.0829,2.07,18.176
Car A,1747,116.4667,5,120.943,3,-12.717,-0.039,-0.039,5.9969,0.0489,0.0712,1.0,0.0208,0.41,-18.174
Car B,1747,116.4667,6,5.457,1,5.457,-0.118,-0.118,5.9731,0.0083,-0.3872,1.0,0.0847,-2.066,18.174
Car A,1748,116.5333,5,121.343,3,-12.318,-0.044,-0.044,5.9858,-0.1655,0.1406,1.0,0.0145,0.498,-18.173
Car B,1748,116.5333,6,5.855,1,5.855,-0.124,-0.124,5.9727,-0.0067,0.3744,1.0,-0.0704,2.111,18.173
Car A,1749,116.6,5,121.742,3,-11.918,-0.049,-0.049,5.9895,0.0556,0.0904,1.0,0.0171,0.36,-18.172
Car B,1749,116.6,6,6.254,1,6.254,-0.127,-0.127,5.9731,0.0059,-0.3735,1.0,0.086,-1.753,18.172
Car A,1750,116.6667,5,122.142,3,-11.519,-0.054,-0.054,5.9967,0.1072,0.0747,1.0,0.0212,0.416,-18.17
Car B,1750,116.6667,6,6.652,1,6.652,-0.133,-0.133,5.9728,-0.0047,0.3939,1.0,-0.0731,2.144,18.17
Car A,1751,116.7333,5,122.541,3,-11.119,-0.057,-0.057,5.9857,-0.1645,0.1386,1.0,0.0138,0.507,-18.169
Car B,1751,116.7333,6,7.05,1,7.05,-0.136,-0.136,5.973,0.004,-0.3636,1.0,0.0866,-1.82,18.169
Car A,1752,116.8,5,122.94,3,-10.72,-0.061,-0.061,5.9899,0.0619,0.083,1.0,0.016,0.343,-18.168
Car B,1752,116.8,6,7.448,1,7.448,-0.142,-0.142,5.9724,-0.009,0.3956,1.0,-0.0639,2.159,18.168
Car A,1753,116.8667,5,123.34,3,-10.32,-0.064,-0.064,5.9967,0.1026,0.0708,1.0,0.0187,0.388,-18.166
Car B,1753,116.8667,6,7.846,1,7.846,-0.145,-0.145,5.9734,0.0139,-0.3608,1.0,0.0869,-1.591,18.166
Car A,1754,116.9333,5,123.74,3,-9.92,-0.067,-0.067,5.9977,0.0144,0.0624,1.0,0.0197,0.452,-18.165
Car B,1754,116.9333,6,8.244,1,8.244,-0.15,-0.15,5.9734,0.001,0.4191,1.0,-0.0718,2.167,18.165
Car A,1755,117.0,5,124.14,3,-9.521,-0.07,-0.07,5.9949,-0.0412,0.0873,1.0,0.0181,0.479,-18.163
Car B,1755,117.0,6,8.642,1,8.642,-0.152,-0.152,5.9731,-0.0045,-0.3603,1.0,0.0872,-1.79,18.163
Car A,1756,117.0667,5,124.539,3,-9.121,-0.072,-0.072,5.9921,-0.0416,0.1019,1.0,0.0153,0.442,-18.161
Car B,1756,117.0667,6,9.04,1,9.04,-0.157,-0.157,5.973,-0.0022,0.4026,1.0,-0.0597,2.174,18.161
Car A,1757,117.1333,5,124.939,3,-8.722,-0.073,-0.073,5.9903,-0.0273,0.1007,1.0,0.0123,0.374,-18.16
Car B,1757,117.1333,6,9.438,1,9.439,-0.159,-0.159,5.9736,0.0099,-0.355,1.0,0.0876,-1.487,18.16
Car A,1758,117.2,5,125.338,3,-8.322,-0.074,-0.074,5.9911,0.0119,0.0871,1.0,0.0105,0.301,-18.159
Car B,1758,117.2,6,9.837,1,9.837,-0.163,-0.163,5.9729,-0.0106,0.4332,1.0,-0.074,2.183,18.159
Car A,1759,117.2667,5,125.738,3,-7.923,-0.075,-0.075,5.9935,0.0358,0.0729,1.0,0.0097,0.258,-18.158
Car B,1759,117.2667,6,10.235,1,10.235,-0.164,-0.164,5.9733,0.0057,-0.3442,1.0,0.0869,-1.845,18.158
Car A,1760,117.3333,5,126.137,3,-7.523,-0.076,-0.076,5.9965,0.0448,0.0595,1.0,0.0097,0.237,-18.156
Car B,1760,117.3333,6,10.633,1,10.633,-0.168,-0.168,5.9727,-0.0094,0.4042,1.0,-0.065,2.165,18.156
Car A,1761,117.4,5,126.537,3,-7.123,-0.076,-0.076,5.9971,0.0092,0.049,1.0,0.0093,0.238,-18.154
Car B,1761,117.4,6,11.031,1,11.031,-0.169,-0.169,5.9735,0.0118,-0.355,1.0,0.0872,-1.618,18.154
Car A,1762,117.4667,5,126.937,3,-6.723,-0.076,-0.076,5.9965,-0.0092,0.0499,1.0,0.0081,0.226,-18.153
Car B,1762,117.4667,6,11.429,1,11.429,-0.173,-0.173,5.9732,-0.0035,0.4148,1.0,-0.0694,2.175,18.153
Car A,1763,117.5333,5,127.337,3,-6.324,-0.076,-0.076,5.996,-0.0067,0.0495,1.0,0.0065,0.199,-18.151
Car B,1763,117.5333,6,11.827,1,11.827,-0.174,-0.174,5.9733,0.0016,-0.3521,1.0,0.087,-1.728,18.151
Car A,1764,117.6,5,127.736,3,-5.924,-0.076,-0.076,5.9956,-0.0071,0.0252,1.0,0.0056,0.16,-18.149
Car B,1764,117.6,6,12.225,1,12.226,-0.177,-0.177,5.9728,-0.0079,0.4084,1.0,-0.0689,2.169,18.149
Car A,1765,117.6667,5,128.136,3,-5.524,-0.075,-0.075,5.9971,0.0223,0.0328,1.0,0.0043,0.137,-18.148
Car B,1765,117.6667,6,12.624,1,12.624,-0.177,-0.177,5.9735,0.0099,-0.3561,1.0,0.087,-1.717,18.148
Car A,1766,117.7333,5,128.536,3,-5.124,-0.075,-0.075,5.9982,0.0171,0.0385,1.0,0.003,0.106,-18.146
Car B,1766,117.7333,6,13.022,1,13.022,-0.18,-0.18,5.9725,-0.0148,0.4063,1.0,-0.0716,2.169,18.146
Car A,1767,117.8,5,128.936,3,-4.724,-0.074,-0.074,5.9989,0.011,0.0212,1.0,0.0023,0.076,-18.144
Car B,1767,117.8,6,13.42,1,13.42,-0.18,-0.18,5.9732,0.0109,-0.3578,1.0,0.0868,-1.785,18.144
Car A,1768,117.8667,5,129.336,3,-4.324,-0.073,-0.073,5.9995,0.0092,0.0145,1.0,0.0017,0.057,-18.142
Car B,1768,117.8667,6,13.818,1,13.818,-0.183,-0.183,5.9729,-0.005,0.3997,1.0,-0.07,2.164,18.142
Car A,1769,117.9333,5,129.736,3,-3.924,-0.072,-0.072,6.0007,0.0175,0.0182,1.0,0.0009,0.042,-18.141
Car B,1769,117.9333,6,14.216,1,14.216,-0.183,-0.183,5.9732,0.0049,-0.3605,1.0,0.0867,-1.744,18.141
Car A,1770,118.0,5,130.136,3,-3.524,-0.071,-0.071,6.001,0.0046,0.0132,1.0,0.0002,0.022,-18.138
Car B,1770,118.0,6,14.614,1,14.614,-0.185,-0.185,5.9727,-0.0071,0.4032,1.0,-0.0741,2.162,18.138
Car A,1771,118.0667,5,130.536,3,-3.124,-0.07,-0.07,6.0005,-0.0069,0.0023,1.0,-0.0003,0.006,-18.137
Car B,1771,118.0667,6,15.012,1,15.013,-0.185,-0.185,5.9728,0.0006,-0.3589,1.0,0.0813,-1.845,18.137
Car A,1772,118.1333,5,130.936,3,-2.724,-0.069,-0.069,6.0014,0.0133,0.028,1.0,-0.0015,-0.008,-18.135
Car B,1772,118.1333,6,15.411,1,15.411,-0.187,-0.187,5.9727,-0.0018,0.3961,1.0,-0.1246,2.027,18.135
Car A,1773,118.2,5,131.337,3,-2.324,-0.068,-0.068,6.0017,0.0044,-0.0144,1.0,-0.0003,-0.034,-18.132
Car B,1773,118.2,6,15.809,1,15.809,-0.187,-0.187,5.9715,-0.0169,-0.3853,1.0,0.0827,-3.107,18.132
Car A,1774,118.2667,5,131.737,3,-1.924,-0.068,-0.068,6.0017,-0.0004,-0.0137,1.0,-0.0001,-0.008,-18.13
Car B,1774,118.2667,6,16.207,1,16.207,-0.19,-0.19,5.9718,0.0035,0.3629,1.0,-0.177,2.058,18.13
Car A,1775,118.3333,5,132.137,3,-1.524,-0.067,-0.067,6.0005,-0.0177,-0.004,1.0,-0.0008,-0.003,-18.128
Car B,1775,118.3333,6,16.605,1,16.605,-0.19,-0.19,5.9704,-0.02,-0.411,1.0,0.0613,-4.414,18.128
Car A,1776,118.4,5,132.537,3,-1.123,-0.066,-0.066,6.0015,0.0145,0.011,1.0,-0.0017,-0.019,-18.126
Car B,1776,118.4,6,17.003,1,17.003,-0.193,-0.193,5.9726,0.0319,0.3481,1.0,-0.2416,1.523,18.126
Car A,1777,118.4667,5,132.937,3,-0.723,-0.065,-0.065,6.0007,-0.0122,-0.0044,1.0,-0.0018,-0.041,-18.124
Car B,1777,118.4667,6,17.401,1,17.401,-0.195,-0.195,5.9701,-0.0376,-0.4778,1.0,0.0546,-6.027,18.124
Car A,1778,118.5333,5,133.337,3,-0.323,-0.064,-0.064,6.0014,0.0109,-0.0243,1.0,-0.0013,-0.043,-18.122
Car B,1778,118.5333,6,17.799,1,17.799,-0.2,-0.2,5.9721,0.031,0.3028,1.0,-0.1782,1.353,18.122
Car A,1779,118.6,6,0.077,1,0.077,-0.064,-0.064,6.0012,-0.0035,-0.0136,1.0,-0.0014,-0.032,-18.12
Car B,1779,118.6,6,18.197,1,18.197,-0.203,-0.203,5.9704,-0.0259,-0.5204,1.0,0.582,-4.445,18.12
Car A,1780,118.6667,6,0.477,1,0.477,-0.063,-0.063,6.0009,-0.0035,-0.0126,1.0,-0.0014,-0.034,-18.117
Car B,1780,118.6667,6,18.594,1,18.594,-0.209,-0.209,5.9689,-0.0221,-0.0106,1.0,0.5877,14.522,18.117
Car A,1781,118.7333,6,0.877,1,0.877,-0.062,-0.062,6.001,0.0005,-0.0131,1.0,-0.0012,-0.034,-18.115
Car B,1781,118.7333,6,18.992,1,18.992,-0.203,-0.203,5.9588,-0.1522,1.3089,1.0,1.0,14.692,18.115
Car A,1782,118.8,6,1.277,1,1.277,-0.062,-0.062,6.0008,-0.0028,-0.0098,1.0,-0.0012,-0.029,-18.111
Car B,1782,118.8,6,19.388,1,19.388,-0.183,-0.183,5.9446,-0.2119,2.1247,1.0,1.0,24.984,18.111
Car A,1783,118.8667,6,1.677,1,1.677,-0.061,-0.061,6.0008,-0.0003,-0.0094,1.0,-0.0018,-0.028,-18.106
Car B,1783,118.8667,6,19.783,1,19.783,-0.146,-0.146,5.9317,-0.1948,2.7226,1.0,1.0,25.0,18.106
Car A,1784,118.9333,6,2.077,1,2.077,-0.06,-0.06,6.0008,0.0012,-0.0012,1.0,-0.0028,-0.042,-18.09
Car B,1784,118.9333,6,20.167,1,20.175,-0.092,-0.106,5.9194,-0.1837,3.1955,1.0,1.0,25.0,18.09
Car A,1785,119.0,6,2.477,1,2.477,-0.06,-0.06,6.0007,-0.0013,0.0005,1.0,-0.0042,-0.068,-18.083
Car B,1785,119.0,6,20.56,1,20.564,-0.021,-0.065,5.9084,-0.1647,3.5639,1.0,1.0,25.0,18.083
Car A,1786,119.0667,6,2.877,1,2.878,-0.059,-0.059,6.001,0.0036,-0.0017,1.0,-0.0061,-0.101,-18.072
Car B,1786,119.0667,6,20.95,1,20.948,0.069,-0.007,5.8987,-0.1454,3.8485,1.0,1.0,25.0,18.072
Car A,1787,119.1333,6,3.278,1,3.278,-0.058,-0.058,6.0011,0.002,-0.0064,1.0,-0.0067,-0.147,-18.067
Car B,1787,119.1333,6,21.344,1,21.328,0.178,0.011,5.8903,-0.1261,4.0669,1.0,1.0,25.0,18.067
Car A,1788,119.2,6,3.678,1,3.678,-0.057,-0.057,6.003,0.0278,-0.0202,1.0,-0.0068,-0.163,-18.059
Car B,1788,119.2,6,21.736,1,21.701,0.306,0.048,5.883,-0.1093,4.235,1.0,1.0,24.999,18.059
Car A,1789,119.2667,6,4.078,1,4.078,-0.057,-0.057,6.0038,0.0119,-0.027,1.0,-0.0065,-0.166,-18.062
Car B,1789,119.2667,6,22.14,1,22.066,0.453,0.066,5.8767,-0.0958,4.3667,1.0,1.0,24.999,18.062
Car A,1790,119.3333,6,4.478,1,4.478,-0.057,-0.057,6.0043,0.0074,-0.0324,1.0,-0.0057,-0.158,-18.054
Car B,1790,119.3333,6,22.533,1,22.423,0.618,0.082,5.871,-0.0853,4.4703,1.0,1.0,24.999,18.054
Car A,1791,119.4,6,4.879,1,4.879,-0.057,-0.057,6.0045,0.0041,-0.0403,1.0,-0.0052,-0.139,-18.063
Car B,1791,119.4,6,22.942,1,22.771,0.802,0.102,5.8659,-0.0757,4.551,1.0,1.0,24.999,18.063
Car A,1792,119.4667,6,5.279,1,5.279,-0.057,-0.057,6.0027,-0.0269,-0.0287,1.0,-0.0045,-0.127,-18.056
Car B,1792,119.4667,6,23.335,1,23.108,1.004,0.098,5.8614,-0.0676,4.615,1.0,1.0,24.999,18.056
Car A,1793,119.5333,6,5.679,1,5.679,-0.057,-0.057,6.0039,0.017,-0.0269,1.0,-0.0036,-0.109,-18.048
Car B,1793,119.5333,6,23.727,1,23.433,1.224,0.116,5.8573,-0.0616,4.6653,1.0,1.0,24.999,18.048
Car A,1794,119.6,6,6.079,1,6.08,-0.057,-0.057,6.0037,-0.003,-0.05,1.0,-0.0014,-0.089,-18.058
Car B,1794,119.6,6,24.138,1,23.746,1.461,0.097,5.8536,-0.0562,4.7058,1.0,1.0,24.999,18.058
Car A,1795,119.6667,6,6.48,1,6.48,-0.058,-0.058,6.004,0.0045,-0.0199,1.0,-0.0001,-0.035,-18.05
Car B,1795,119.6667,6,24.53,1,24.046,1.715,0.096,5.8501,-0.0518,4.7376,1.0,1.0,24.999,18.05
Car A,1796,119.7333,6,6.88,1,6.88,-0.059,-0.059,5.9999,-0.0608,-0.0033,1.0,0.0003,-0.002,-18.057
Car B,1796,119.7333,6,24.937,1,24.331,1.984,0.08,5.8469,-0.0478,4.7629,1.0,1.0,24.999,18.057
Car A,1797,119.8,6,7.28,1,7.28,-0.059,-0.059,6.0007,0.0118,-0.0039,1.0,0.0022,0.008,-18.049
Car B,1797,119.8,6,25.329,1,24.6,2.269,0.06,5.8439,-0.0454,4.7832,1.0,1.0,24.999,18.049
Car A,1798,119.8667,6,7.68,1,7.68,-0.06,-0.06,6.0028,0.0307,-0.0026,1.0,0.004,0.052,-18.049
Car B,1798,119.8667,6,25.729,1,24.854,2.567,0.049,5.841,-0.0428,4.7996,1.0,1.0,24.999,18.049
Car A,1799,119.9333,6,8.08,1,8.08,-0.061,-0.061,6.0022,-0.009,0.0116,1.0,0.0062,0.095,-18.039
Car B,1799,119.9333,6,26.119,1,25.09,2.88,0.011,5.8383,-0.0411,4.8104,1.0,1.0,24.999,18.039
Car A,1800,120.0,6,8.481,1,8.481,-0.062,-0.062,6.0017,-0.0069,0.0119,1.0,0.008,0.15,-18.029
Car B,1800,120.0,6,26.51,1,25.309,3.204,-0.006,5.8357,-0.0388,4.8213,1.0,1.0,24.999,18.029
Car A,1801,120.0667,6,8.881,1,8.881,-0.062,-0.062,6.0005,-0.0176,0.0246,1.0,0.0098,0.193,-18.017
Car B,1801,120.0667,6,26.897,1,25.51,3.54,-0.05,5.8332,-0.0377,4.8294,1.0,1.0,24.999,18.017
Car A,1802,120.1333,6,9.281,1,9.281,-0.063,-0.063,5.9996,-0.0132,0.0327,1.0,0.0111,0.237,-18.006
Car B,1802,120.1333,6,27.287,1,25.692,3.887,-0.086,5.8308,-0.0363,4.8349,1.0,1.0,24.999,18.006
Car A,1803,120.2,6,9.681,1,9.681,-0.063,-0.063,5.9984,-0.018,0.0348,1.0,0.0121,0.269,-17.98
Car B,1803,120.2,6,27.66,1,25.854,4.243,-0.121,5.8284,-0.0352,4.8398,1.0,1.0,24.999,17.98
Car A,1804,120.2667,6,10.081,1,10.081,-0.063,-0.063,5.9977,-0.0119,0.0535,1.0,0.0123,0.295,-17.967
Car B,1804,120.2667,6,28.048,1,25.996,4.607,-0.174,5.8261,-0.0345,4.8438,1.0,1.0,24.999,17.967
Car A,1805,120.3333,6,10.481,1,10.481,-0.063,-0.063,5.9964,-0.0184,0.0574,1.0,0.0112,0.3,-17.957
Car B,1805,120.3333,6,28.437,1,26.117,4.978,-0.205,5.8239,-0.0337,4.8466,1.0,0.9144,24.999,17.957
Car A,1806,120.4,6,10.88,1,10.88,-0.062,-0.062,5.9954,-0.015,0.0736,1.0,0.0095,0.274,-17.909
Car B,1806,120.4,6,28.79,1,26.218,5.356,-0.268,5.8226,-0.0193,4.8392,1.0,1.0,22.863,17.909
Car A,1807,120.4667,6,11.28,1,11.28,-0.061,-0.061,5.9945,-0.0137,0.0615,1.0,0.0062,0.232,-17.897
Car B,1807,120.4667,6,29.177,1,26.298,5.738,-0.317,5.8203,-0.034,4.8544,1.0,0.9846,24.996,17.897
Car A,1808,120.5333,6,11.68,1,11.68,-0.059,-0.059,6.0018,0.1087,0.0402,1.0,0.003,0.151,-17.859
Car B,1808,120.5333,6,29.539,1,26.356,6.124,-0.356,5.8185,-0.0278,4.8497,1.0,0.8303,24.616,17.859
Car A,1809,120.6,6,12.08,1,12.08,-0.058,-0.058,6.0028,0.0163,0.0285,1.0,-0.0028,0.075,-17.847
Car B,1809,120.6,6,29.927,1,26.392,6.512,-0.392,5.8192,0.0104,4.8251,1.0,0.3129,20.763,17.847
Car A,1810,120.6667,6,12.48,1,12.48,-0.056,-0.056,5.999,-0.0583,0.0058,1.0,-0.0061,-0.062,-17.838
Car B,1810,120.6667,6,30.318,1,26.416,6.903,-0.416,5.8661,0.7035,3.0557,1.0,0.05,7.843,17.838
Car A,1811,120.7333,6,12.88,1,12.88,-0.054,-0.054,5.9994,0.0061,0.0023,1.0,-0.0121,-0.145,-17.83
Car B,1811,120.7333,6,30.71,1,26.444,7.295,-0.444,5.8976,0.4733,1.3046,1.0,0.1288,1.259,17.83
Car A,1812,120.8,6,13.281,1,13.281,-0.053,-0.053,6.0075,0.1218,-0.0612,1.0,-0.0119,-0.284,-17.822
Car B,1812,120.8,6,31.103,1,26.476,7.688,-0.476,5.9077,0.1512,1.2764,1.0,0.1246,3.211,17.822
Car A,1813,120.8667,6,13.681,1,13.681,-0.053,-0.053,6.0062,-0.0191,-0.0558,1.0,-0.0169,-0.289,-17.818
Car B,1813,120.8667,6,31.499,1,26.503,8.084,-0.503,5.9759,1.0226,1.1765,1.0,0.1307,3.115,17.818
Car A,1814,120.9333,6,14.082,1,14.082,-0.053,-0.053,6.0081,0.0279,-0.1442,1.0,-0.0126,-0.418,-17.815
Car B,1814,120.9333,6,31.896,1,26.523,8.481,-0.523,5.9607,-0.228,1.2861,1.0,0.1229,3.265,17.815
Car A,1815,121.0,6,14.481,1,14.481,-0.054,-0.054,5.9899,-0.2733,-0.0728,1.0,-0.0164,-0.313,-17.814
Car B,1815,121.0,6,32.295,1,26.539,8.88,-0.539,5.9837,0.3445,1.2294,1.0,0.1199,3.071,17.814
Car A,1816,121.0667,6,14.881,1,14.881,-0.055,-0.055,5.9985,0.1296,-0.0215,1.0,-0.0177,-0.395,-17.815
Car B,1816,121.0667,6,32.696,1,26.55,9.281,-0.55,6.021,0.5609,1.1564,1.0,0.1258,2.996,17.815
Car A,1817,121.1333,6,15.281,1,15.281,-0.056,-0.056,5.9959,-0.0394,-0.0796,1.0,-0.0001,-0.431,-17.816
Car B,1817,121.1333,6,33.097,1,26.555,9.682,-0.555,6.0165,-0.0683,1.2182,1.0,0.1097,3.145,17.816
Car A,1818,121.2,6,15.681,1,15.681,-0.057,-0.057,5.9917,-0.0631,-0.177,1.0,0.0093,-0.014,-17.819
Car B,1818,121.2,6,33.5,1,26.556,10.085,-0.556,6.0272,0.1608,1.067,1.0,0.0742,2.743,17.819
Car A,1819,121.2667,6,16.08,1,16.08,-0.058,-0.058,5.9977,0.0902,0.0019,0.9073,0.0334,0.226,-17.821
Car B,1819,121.2667,6,33.902,1,26.556,10.487,-0.556,6.0445,0.26,0.7484,1.0,0.1218,1.855,17.821
Car A,1820,121.3333,6,16.473,1,16.474,-0.056,-0.056,5.833,-2.4709,0.2895,0.9386,-0.0214,0.833,-17.83
Car B,1820,121.3333,6,34.304,1,26.55,10.889,-0.55,6.0368,-0.1165,1.1792,1.0,0.0397,3.041,17.83
Car A,1821,121.4,6,16.858,1,16.858,-0.056,-0.056,5.7037,-1.9391,-0.1984,0.9717,0.1599,-0.533,-17.848
Car B,1821,121.4,6,34.706,1,26.542,11.291,-0.542,6.0192,-0.2642,0.3864,1.0,0.1304,0.993,17.848
Car A,1822,121.4667,6,17.238,1,17.238,-0.054,-0.054,5.7061,0.0358,0.649,1.0,0.962,3.99,-17.869
Car B,1822,121.4667,6,35.107,1,26.532,11.692,-0.532,6.0149,-0.0642,1.1498,1.0,-0.0849,3.255,17.869
Car A,1823,121.5333,6,17.618,1,17.618,-0.039,-0.039,5.7033,-0.0422,1.2315,1.0,0.7508,24.02,-17.889
Car B,1823,121.5333,6,35.507,1,26.518,12.092,-0.518,6.0145,-0.0061,0.0657,1.0,0.6183,-2.115,17.889
Car A,1824,121.6,6,17.997,1,17.997,-0.009,-0.009,5.6908,-0.1864,2.2059,1.0,0.5153,18.776,-17.911
Car B,1824,121.6,6,35.908,1,26.507,12.493,-0.507,6.0093,-0.0782,0.4945,1.0,0.5247,15.43,17.911
Car A,1825,121.6667,6,18.374,1,18.374,0.036,0.036,5.6883,-0.0375,2.7361,0.2829,-1.0,12.89,-17.933
Car B,1825,121.6667,6,36.307,1,26.483,12.892,-0.483,5.9978,-0.1721,1.6361,1.0,1.0,13.121,17.933
Car A,1826,121.7333,6,18.745,1,18.745,0.089,0.089,5.5587,-1.9446,1.7109,1.0,-1.0,-24.943,-17.96
Car B,1826,121.7333,6,36.705,1,26.444,13.29,-0.444,5.9834,-0.2165,2.3595,1.0,0.9452,24.981,17.96
Car A,1827,121.8,6,19.113,1,19.113,0.137,0.137,5.5638,0.0764,0.3203,1.0,-0.9105,-25.0,-17.987
Car B,1827,121.8,6,37.1,1,26.389,13.685,-0.389,5.9713,-0.1814,2.8974,1.0,0.0522,23.632,17.987
Car A,1828,121.8667,6,19.482,1,19.482,0.173,0.173,5.5624,-0.0213,-0.7227,1.0,-1.0,-22.767,-17.986
Car B,1828,121.8667,6,37.468,1,26.325,14.079,-0.331,5.988,0.2506,1.8063,1.0,1.0,1.338,17.986
Car A,1829,121.9333,6,19.852,1,19.852,0.196,0.196,5.5555,-0.1033,-1.5922,1.0,1.0,-24.996,-18.013
Car B,1829,121.9333,6,37.865,1,26.26,14.472,-0.296,5.9667,-0.3188,1.7023,1.0,1.0,24.964,18.013
Car A,1830,122.0,6,20.237,1,20.221,0.218,0.2,5.5454,-0.1513,-0.311,1.0,1.0,24.925,-18.022
Car B,1830,122.0,6,38.259,1,26.181,14.861,-0.248,5.9474,-0.289,2.5806,1.0,1.0,25.0,18.022
Car A,1831,122.0667,6,20.608,1,20.59,0.244,0.197,5.5509,0.0823,0.6975,1.0,1.0,24.997,-18.011
Car B,1831,122.0667,6,38.618,1,26.085,15.246,-0.227,5.9348,-0.1892,3.0839,1.0,1.0,25.0,18.011
Car A,1832,122.1333,6,21.01,1,20.958,0.287,0.203,5.5444,-0.0974,1.574,1.0,1.0,25.0,-18.004
Car B,1832,122.1333,6,39.014,1,25.972,15.626,-0.205,5.9233,-0.1733,3.4802,1.0,1.0,25.0,18.004
Car A,1833,122.2,6,21.379,1,21.323,0.344,0.173,5.5366,-0.1167,2.2583,1.0,1.0,25.0,-18.002
Car B,1833,122.2,6,39.381,1,25.841,15.999,-0.18,5.9131,-0.1523,3.7795,1.0,1.0,25.0,18.002
Car A,1834,122.2667,6,21.748,1,21.685,0.418,0.16,5.529,-0.1147,2.8014,1.0,1.0,25.0,-18.028
Car B,1834,122.2667,6,39.776,1,25.692,16.366,-0.183,5.9043,-0.1323,4.0178,1.0,1.0,25.0,18.028
Car A,1835,122.3333,6,22.14,1,22.044,0.508,0.126,5.5221,-0.1027,3.2319,1.0,1.0,25.0,-18.031
Car B,1835,122.3333,6,40.171,1,25.525,16.724,-0.165,5.8966,-0.1163,4.1958,1.0,1.0,25.0,18.031
Car A,1836,122.4,6,22.508,1,22.397,0.616,0.091,5.5164,-0.0858,3.5722,1.0,1.0,25.0,-18.032
Car B,1836,122.4,6,40.54,1,25.34,17.072,-0.177,5.8897,-0.1021,4.3383,1.0,1.0,24.999,18.032
Car A,1837,122.4667,6,22.888,1,22.744,0.742,0.065,5.512,-0.0655,3.8431,1.0,1.0,25.0,-18.046
Car B,1837,122.4667,6,40.934,1,25.137,17.411,-0.181,5.8838,-0.0896,4.4466,1.0,1.0,24.999,18.046
Car A,1838,122.5333,6,23.253,1,23.084,0.886,0.01,5.5088,-0.0483,4.0531,1.0,1.0,24.999,-18.047
Car B,1838,122.5333,6,41.3,1,24.917,17.738,-0.185,5.8784,-0.0799,4.5319,1.0,1.0,24.999,18.047
Car A,1839,122.6,6,23.621,1,23.416,1.049,-0.025,5.5068,-0.0308,4.2197,1.0,1.0,24.999,-18.073
Car B,1839,122.6,6,41.693,1,24.68,18.052,-0.209,5.8736,-0.0725,4.5996,1.0,1.0,24.999,18.073
Car A,1840,122.6667,6,23.981,1,23.738,1.229,-0.074,5.5055,-0.0181,4.3505,1.0,1.0,24.999,-18.106
Car B,1840,122.6667,6,42.087,1,24.427,18.353,-0.212,5.8693,-0.0654,4.6553,1.0,1.0,24.999,18.106
Car A,1841,122.7333,6,24.346,1,24.05,1.427,-0.126,5.5052,-0.0058,4.4553,1.0,1.0,24.999,-18.099
Car B,1841,122.7333,6,42.445,1,24.158,18.64,-0.247,5.8653,-0.0594,4.6977,1.0,1.0,24.999,18.099
Car A,1842,122.8,6,24.707,1,24.351,1.642,-0.158,5.5054,0.0039,4.5387,1.0,1.0,24.999,-18.13
Car B,1842,122.8,6,42.838,1,23.874,18.912,-0.27,5.8616,-0.0554,4.7297,1.0,1.0,24.999,18.13
Car A,1843,122.8667,6,25.053,1,24.639,1.874,-0.225,5.5061,0.0108,4.6052,1.0,1.0,24.999,-18.133
Car B,1843,122.8667,6,43.186,1,23.576,19.168,-0.293,5.8582,-0.0514,4.7566,1.0,1.0,24.999,18.133
Car A,1844,122.9333,6,25.42,1,24.913,2.122,-0.273,5.5073,0.0181,4.6591,1.0,1.0,24.999,-18.157
Car B,1844,122.9333,6,43.577,1,23.264,19.407,-0.334,5.855,-0.0483,4.777,1.0,1.0,24.999,18.157
Car A,1845,123.0,6,25.74,1,25.172,2.385,-0.317,5.5089,0.0234,4.702,1.0,1.0,24.999,-18.229
Car B,1845,123.0,6,43.969,1,22.94,19.628,-0.353,5.8519,-0.0461,4.7949,1.0,1.0,24.999,18.229
Car A,1846,123.0667,6,26.105,1,25.417,2.663,-0.38,5.5107,0.0273,4.7363,1.0,1.0,24.999,-18.197
Car B,1846,123.0667,6,44.302,1,22.604,19.831,-0.403,5.849,-0.0429,4.8071,1.0,1.0,24.999,18.197
Car A,1847,123.1333,6,26.473,1,25.644,2.955,-0.422,5.5128,0.0308,4.765,1.0,1.0,24.999,-18.22
Car B,1847,123.1333,6,44.692,2,22.258,20.016,-0.44,5.8462,-0.0422,4.8192,1.0,1.0,24.999,18.22
Car A,1848,123.2,6,26.77,1,25.855,3.26,-0.476,5.515,0.0325,4.7861,1.0,1.0,24.999,-18.241
Car B,1848,123.2,6,45.011,2,21.902,20.181,-0.472,5.8435,-0.0403,4.8268,1.0,1.0,24.999,18.241
Car A,1849,123.2667,6,27.137,1,26.048,3.577,-0.533,5.5172,0.0344,4.8044,1.0,1.0,24.999,-18.262
Car B,1849,123.2667,6,45.399,2,21.538,20.325,-0.528,5.841,-0.038,4.8336,1.0,1.0,24.999,18.262
Car A,1850,123.3333,6,27.506,1,26.221,3.904,-0.568,5.5197,0.0365,4.8186,1.0,1.0,24.999,-18.283
Car B,1850,123.3333,6,45.789,2,21.167,20.45,-0.563,5.8384,-0.0381,4.8388,1.0,1.0,24.999,18.283
Car A,1851,123.4,6,27.781,1,26.376,4.241,-0.629,5.5222,0.0371,4.8312,1.0,1.0,24.999,-18.306
Car B,1851,123.4,6,46.087,2,20.789,20.554,-0.614,5.836,-0.0374,4.8425,1.0,1.0,24.999,18.306
Car A,1852,123.4667,6,28.149,1,26.511,4.587,-0.679,5.5246,0.0372,4.8391,1.0,1.0,24.999,-18.326
Car B,1852,123.4667,6,46.475,2,20.407,20.636,-0.666,5.8336,-0.0352,4.8453,1.0,0.8199,24.999,18.326
Car A,1853,123.5333,6,28.473,1,26.625,4.94,-0.71,5.5271,0.0377,4.8461,1.0,1.0,24.999,-18.357
Car B,1853,123.5333,6,46.83,2,20.02,20.698,-0.698,5.8342,0.0085,4.8188,1.0,0.4389,20.503,18.357
Car A,1854,123.6,6,28.773,1,26.719,5.3,-0.772,5.5297,0.038,4.8525,1.0,1.0,24.999,-18.427
Car B,1854,123.6,6,47.2,2,19.63,20.744,-0.744,5.8958,0.9248,3.7911,1.0,0.3403,10.985,18.427
Car A,1855,123.6667,6,29.142,1,26.791,5.664,-0.815,5.5322,0.0378,4.857,1.0,1.0,24.999,-18.452
Car B,1855,123.6667,6,47.594,2,19.236,20.784,-0.784,5.9628,1.0039,3.0894,1.0,-0.125,8.511,18.452
Car A,1856,123.7333,6,29.447,1,26.842,6.032,-0.842,5.5347,0.0373,4.8601,1.0,1.0,24.999,-18.544
Car B,1856,123.7333,6,47.991,2,18.839,20.82,-0.82,5.9786,0.2383,1.5553,1.0,0.1111,-3.106,18.544
Car A,1857,123.8,6,29.818,1,26.872,6.403,-0.872,5.5372,0.0375,4.8638,1.0,1.0,24.999,-18.569
Car B,1857,123.8,6,48.387,2,18.443,20.86,-0.86,5.9752,-0.0518,1.0694,1.0,0.1767,2.769,18.569
Car A,1858,123.8667,6,30.19,1,26.88,6.775,-0.88,5.5396,0.0368,4.8661,1.0,1.0,24.999,-18.594
Car B,1858,123.8667,6,48.784,2,18.046,20.893,-0.893,5.9774,0.0327,1.6109,1.0,0.077,4.414,18.594
Car A,1859,123.9333,6,30.562,1,26.866,7.147,-0.866,5.5421,0.0364,4.8677,1.0,1.0,24.999,-18.62
Car B,1859,123.9333,6,49.182,2,17.648,20.922,-0.922,5.9943,0.2543,0.7403,1.0,0.2112,1.928,18.62
Car A,1860,124.0,6,30.933,1,26.83,7.518,-0.83,5.5445,0.0359,4.8687,1.0,1.0,24.999,-18.648
Car B,1860,124.0,6,49.581,2,17.249,20.948,-0.948,5.9891,-0.0784,1.4528,1.0,0.0643,5.274,18.648
Car A,1861,124.0667,6,31.301,1,26.773,7.886,-0.773,5.5468,0.0354,4.8698,1.0,0.6347,24.999,-18.679
Car B,1861,124.0667,6,49.98,2,16.85,20.968,-0.968,5.9973,0.1233,0.6143,1.0,0.2036,1.615,18.679
Car A,1862,124.1333,6,31.667,1,26.696,8.252,-0.696,5.6004,0.803,4.5728,1.0,-0.0605,15.881,-18.712
Car B,1862,124.1333,6,50.379,2,16.451,20.985,-0.985,5.9921,-0.0776,1.3676,1.0,0.0061,5.085,18.712
Car A,1863,124.2,6,32.034,1,26.609,8.619,-0.609,5.6456,0.6788,2.9185,1.0,-0.1765,-1.486,-18.745
Car B,1863,124.2,6,50.779,2,16.051,20.997,-0.997,5.9971,0.0742,0.3254,1.0,0.1538,0.161,18.745
Car A,1864,124.2667,6,32.403,1,26.528,8.988,-0.528,5.6739,0.4251,1.0547,1.0,-0.2,-4.408,-18.775
Car B,1864,124.2667,6,51.178,2,15.652,21.011,-1.011,5.9928,-0.065,0.9308,1.0,0.0058,3.84,18.775
Car A,1865,124.3333,6,32.775,1,26.458,9.36,-0.458,5.6844,0.1561,-0.2261,1.0,-0.205,-4.999,-18.802
Car B,1865,124.3333,6,51.578,2,15.252,21.021,-1.021,5.9997,0.1037,0.0364,1.0,0.1632,0.157,18.802
Car A,1866,124.4,6,33.15,1,26.4,9.735,-0.4,5.6924,0.1206,-1.1677,1.0,-0.2086,-5.125,-18.827
Car B,1866,124.4,6,51.977,2,14.853,21.03,-1.03,5.9969,-0.0413,0.9288,1.0,-0.0459,4.072,18.827
Car A,1867,124.4667,6,33.528,1,26.355,10.113,-0.355,5.7306,0.5725,-1.7372,1.0,-0.1688,-5.213,-18.849
Car B,1867,124.4667,6,52.377,2,14.453,21.035,-1.035,5.9982,0.0195,0.0197,1.0,0.0933,-1.139,18.849
Car A,1868,124.5333,6,33.912,1,26.316,10.497,-0.316,5.8139,1.2502,-1.5795,1.0,-0.2106,-4.222,-18.865
Car B,1868,124.5333,6,52.777,2,14.053,21.043,-1.043,5.9959,-0.0342,0.6274,1.0,-0.0621,2.327,18.865
Car A,1869,124.6,6,34.301,1,26.285,10.886,-0.285,5.8723,0.8754,-1.8474,1.0,0.1829,-5.263,-18.875
Car B,1869,124.6,6,53.176,2,13.654,21.048,-1.048,5.9942,-0.0267,-0.2351,1.0,0.0469,-1.546,18.875
Car A,1870,124.6667,6,34.692,1,26.256,11.277,-0.256,5.881,0.1315,-0.5795,1.0,0.2354,4.556,-18.884
Car B,1870,124.6667,6,53.576,2,13.254,21.056,-1.056,5.9923,-0.0277,0.4306,1.0,-0.0692,1.167,18.884
Car A,1871,124.7333,6,35.082,1,26.216,11.667,-0.216,5.8838,0.0421,0.6126,0.9835,-0.1044,5.882,-18.893
Car B,1871,124.7333,6,53.975,2,12.855,21.063,-1.063,5.9923,0.0003,-0.475,1.0,0.0995,-1.725,18.893
Car A,1872,124.8,6,35.472,1,26.172,12.057,-0.172,5.8842,0.005,-0.1804,1.0,0.7102,-2.596,-18.902
Car B,1872,124.8,6,54.374,2,12.456,21.073,-1.073,5.9904,-0.0287,0.3708,1.0,-0.063,2.48,18.902
Car A,1873,124.8667,6,35.862,1,26.13,12.447,-0.13,5.8814,-0.0419,0.2645,0.9546,0.1303,17.723,-18.912
Car B,1873,124.8667,6,54.774,2,12.056,21.079,-1.079,5.9901,-0.0053,-0.3715,1.0,0.0854,-1.569,18.912
Car A,1874,124.9333,6,36.25,1,26.081,12.835,-0.081,5.8656,-0.2365,0.9206,1.0,1.0,3.279,-18.923
Car B,1874,124.9333,6,55.173,2,11.657,21.088,-1.088,5.9886,-0.0219,0.4295,1.0,-0.0562,2.129,18.923
Car A,1875,125.0,6,36.636,1,26.021,13.221,-0.021,5.8592,-0.0969,1.4525,1.0,0.5427,24.967,-18.936
Car B,1875,125.0,6,55.572,2,11.258,21.093,-1.093,5.9875,-0.016,-0.3476,1.0,0.1174,-1.398,18.936
Car A,1876,125.0667,6,37.019,1,25.946,13.604,0.054,5.8457,-0.2013,2.3642,1.0,-0.5437,13.585,-18.952
Car B,1876,125.0667,6,55.971,2,10.859,21.101,-1.101,5.9849,-0.0402,0.4929,1.0,-0.0374,2.928,18.952
Car A,1877,125.1333,6,37.401,1,25.866,13.986,0.134,5.8549,0.1377,1.2906,1.0,-0.4356,-13.552,-18.969
Car B,1877,125.1333,6,56.37,2,10.46,21.105,-1.105,5.9875,0.0404,-0.3041,1.0,0.1417,-0.928,18.969
Car A,1878,125.2,6,37.8,1,25.793,14.37,0.177,5.8591,0.0633,-0.241,1.0,1.0,-10.894,-18.969
Car B,1878,125.2,6,56.769,2,10.061,21.11,-1.11,5.9865,-0.0162,0.5959,1.0,-0.0524,3.535,18.969
Car A,1879,125.2667,6,38.187,1,25.723,14.753,0.217,5.8467,-0.1862,0.4129,1.0,0.9665,24.946,-18.981
Car B,1879,125.2667,6,57.168,2,9.662,21.111,-1.111,5.9864,-0.0004,-0.2148,1.0,0.1301,-1.303,18.981
Car A,1880,125.3333,6,38.613,1,25.645,15.135,0.227,5.8379,-0.1316,1.447,1.0,1.0,24.162,-18.954
Car B,1880,125.3333,6,57.567,2,9.263,21.115,-1.115,5.9847,-0.0263,0.5181,1.0,-0.0303,3.246,18.954
Car A,1881,125.4,6,39.002,1,25.551,15.512,0.231,5.8262,-0.1762,2.1814,1.0,1.0,24.998,-18.964
Car B,1881,125.4,6,57.966,2,8.864,21.116,-1.116,5.9874,0.0407,-0.2691,1.0,0.1451,-0.752,18.964
Car A,1882,125.4667,6,39.428,1,25.441,15.885,0.234,5.8146,-0.1739,2.7734,1.0,1.0,25.0,-18.937
Car B,1882,125.4667,6,58.365,2,8.465,21.117,-1.117,5.987,-0.0064,0.6316,1.0,-0.0584,3.62,18.937
Car A,1883,125.5333,6,39.816,1,25.314,16.252,0.21,5.8042,-0.1565,3.2216,1.0,1.0,25.0,-18.949
Car B,1883,125.5333,6,58.764,2,8.066,21.114,-1.114,5.9876,0.01,-0.1925,1.0,0.1011,-1.452,18.949
Car A,1884,125.6,6,40.203,1,25.171,16.612,0.204,5.7947,-0.1415,3.5813,1.0,1.0,25.0,-18.96
Car B,1884,125.6,6,59.163,2,7.667,21.115,-1.115,5.9858,-0.0269,0.5089,1.0,-0.042,2.522,18.96
Car A,1885,125.6667,6,40.62,1,25.01,16.965,0.16,5.7867,-0.1209,3.8568,1.0,1.0,25.0,-18.942
Car B,1885,125.6667,6,59.562,2,7.268,21.112,-1.112,5.9864,0.0084,-0.291,1.0,0.1088,-1.044,18.942
Car A,1886,125.7333,6,41.007,1,24.832,17.309,0.132,5.7799,-0.1021,4.0744,1.0,1.0,25.0,-18.955
Car B,1886,125.7333,6,59.961,2,6.869,21.11,-1.11,5.9862,-0.0024,0.5512,1.0,-0.0659,2.714,18.955
Car A,1887,125.8,6,41.41,1,24.637,17.643,0.09,5.7741,-0.0862,4.2385,1.0,1.0,24.999,-18.95
Car B,1887,125.8,6,60.36,2,6.47,21.105,-1.105,5.9852,-0.0152,-0.2501,1.0,0.0705,-1.64,18.95
Car A,1888,125.8667,6,41.794,1,24.424,17.966,0.042,5.7693,-0.0721,4.3668,1.0,1.0,24.999,-18.965
Car B,1888,125.8667,6,60.759,2,6.071,21.103,-1.103,5.9853,0.0012,0.4596,1.0,-0.066,1.757,18.965
Car A,1889,125.9333,6,42.181,1,24.195,18.277,0.005,5.7652,-0.0623,4.47,1.0,1.0,24.999,-18.977
Car B,1889,125.9333,6,61.158,2,5.672,21.099,-1.099,5.9836,-0.0249,-0.3595,1.0,0.0851,-1.645,18.977
Car A,1890,126.0,6,42.562,1,23.949,18.575,-0.062,5.7617,-0.0524,4.5517,1.0,1.0,24.999,-18.995
Car B,1890,126.0,6,61.557,2,5.273,21.097,-1.097,5.9824,-0.0187,0.4075,1.0,-0.0644,2.121,18.995
Car A,1891,126.0667,6,42.945,1,23.688,18.86,-0.109,5.7587,-0.0447,4.6164,1.0,1.0,24.999,-19.01
Car B,1891,126.0667,6,61.956,2,4.874,21.092,-1.092,5.9821,-0.0041,-0.3568,1.0,0.0729,-1.604,19.01
Car A,1892,126.1333,6,43.306,1,23.411,19.129,-0.174,5.7562,-0.0378,4.6661,1.0,1.0,24.999,-19.048
Car B,1892,126.1333,6,62.354,2,4.476,21.09,-1.09,5.9811,-0.0158,0.4096,1.0,-0.0715,1.818,19.048
Car A,1893,126.2,6,43.687,1,23.12,19.383,-0.239,5.7539,-0.034,4.709,1.0,1.0,24.999,-19.066
Car B,1893,126.2,6,62.753,2,4.077,21.085,-1.085,5.9803,-0.0117,-0.3749,1.0,0.0693,-1.783,19.066
Car A,1894,126.2667,6,44.026,1,22.816,19.62,-0.289,5.752,-0.0292,4.7403,1.0,1.0,24.999,-19.126
Car B,1894,126.2667,6,63.152,2,3.679,21.083,-1.083,5.9794,-0.0139,0.3857,1.0,-0.0723,1.726,19.126
Car A,1895,126.3333,6,44.403,1,22.499,19.84,-0.371,5.7502,-0.0257,4.7666,1.0,1.0,24.999,-19.148
Car B,1895,126.3333,6,63.55,2,3.28,21.079,-1.079,5.9788,-0.0083,-0.3955,1.0,0.0725,-1.801,19.148
Car A,1896,126.4,6,44.783,2,22.17,20.042,-0.431,5.7487,-0.0231,4.7842,1.0,1.0,24.999,-19.165
Car B,1896,126.4,6,63.949,2,2.881,21.077,-1.077,5.9776,-0.0175,0.3801,1.0,-0.0771,1.807,19.165
Car A,1897,126.4667,6,45.091,2,21.831,20.225,-0.499,5.7474,-0.0204,4.8012,1.0,1.0,24.999,-19.256
Car B,1897,126.4667,6,64.347,2,2.483,21.072,-1.072,5.9778,0.0021,-0.3811,1.0,0.0716,-1.92,19.256
Car A,1898,126.5333,6,45.468,2,21.482,20.389,-0.577,5.7461,-0.0194,4.8154,1.0,1.0,24.999,-19.277
Car B,1898,126.5333,6,64.745,2,2.085,21.07,-1.07,5.9774,-0.0063,0.3747,1.0,-0.0832,1.784,19.277
Car A,1899,126.6,6,45.85,2,21.124,20.533,-0.634,5.7449,-0.0172,4.824,1.0,1.0,24.999,-19.294
Car B,1899,126.6,6,65.144,2,1.686,21.066,-1.066,5.9761,-0.0186,-0.3857,1.0,0.0689,-2.073,19.294
Car A,1900,126.6667,6,46.125,2,20.759,20.657,-0.715,5.7438,-0.0167,4.8333,1.0,1.0,24.999,-19.417
Car B,1900,126.6667,6,65.542,2,1.288,21.064,-1.064,5.977,0.0137,0.3603,1.0,-0.0921,1.716,19.417
Car A,1901,126.7333,6,46.503,2,20.388,20.76,-0.788,5.7428,-0.0155,4.8387,1.0,1.0,24.999,-19.437
Car B,1901,126.7333,6,65.941,2,0.89,21.06,-1.06,5.9762,-0.0131,-0.4115,1.0,0.0859,-2.296,19.437
Car A,1902,126.8,6,46.83,2,20.011,20.842,-0.842,5.7418,-0.0147,4.843,1.0,1.0,24.999,-19.509
Car B,1902,126.8,6,66.339,2,0.491,21.059,-1.059,5.9756,-0.0084,0.3474,1.0,-0.0982,2.142,19.509
Car A,1903,126.8667,6,47.199,2,19.631,20.903,-0.903,5.7409,-0.0137,4.8472,1.0,1.0,24.999,-19.538
Car B,1903,126.8667,6,66.737,2,0.093,21.055,-1.055,5.9751,-0.007,-0.3926,1.0,0.0901,-2.447,19.538
Car A,1904,126.9333,6,47.583,2,19.248,20.942,-0.942,5.74,-0.0125,4.8501,1.0,1.0,24.999,-19.553
Car B,1904,126.9333,6,67.135,2,-0.305,21.054,-1.054,5.9755,0.006,0.3618,1.0,-0.1112,2.246,19.553
Car A,1905,127.0,6,47.967,2,18.863,20.959,-0.959,5.7392,-0.0129,4.8529,1.0,1.0,24.999,-19.566
Car B,1905,127.0,6,67.534,2,-0.704,21.05,-1.05,5.9745,-0.0157,-0.3875,1.0,0.0876,-2.772,19.566
Car A,1906,127.0667,6,48.352,2,18.478,20.955,-0.955,5.7383,-0.0136,4.8546,1.0,1.0,24.999,-19.58
Car B,1906,127.0667,6,67.932,2,-1.102,21.049,-1.049,5.9749,0.0056,0.3764,1.0,-0.1261,2.182,19.58
Car A,1907,127.1333,6,48.737,2,18.094,20.929,-0.929,5.7375,-0.0119,4.8559,1.0,1.0,24.999,-19.594
Car B,1907,127.1333,6,68.33,2,-1.5,21.045,-1.045,5.974,-0.0127,-0.3897,1.0,0.0875,-3.145,19.594
Car A,1908,127.2,6,49.119,2,17.711,20.881,-0.881,5.7367,-0.0115,4.8583,1.0,1.0,24.999,-19.61
Car B,1908,127.2,6,68.728,2,-1.898,21.045,-1.045,5.9743,0.0038,0.3564,1.0,-0.1286,2.18,19.61
Car A,1909,127.2667,6,49.497,2,17.333,20.812,-0.812,5.736,-0.0113,4.8586,1.0,-0.0143,24.999,-19.629
Car B,1909,127.2667,6,69.127,2,-2.296,21.041,-1.041,5.9732,-0.0156,-0.3953,1.0,0.0954,-3.206,19.629
Car A,1910,127.3333,6,49.874,2,16.956,20.731,-0.731,5.7763,0.6046,3.3544,1.0,-0.0686,-0.318,-19.651
Car B,1910,127.3333,6,69.525,2,-2.695,21.041,-1.041,5.974,0.0113,0.3554,1.0,-0.1751,2.376,19.651
Car A,1911,127.4,6,50.254,2,16.576,20.654,-0.654,5.8091,0.4925,1.1697,1.0,-0.0741,-1.712,-19.669
Car B,1911,127.4,6,69.923,2,-3.093,21.037,-1.037,5.9716,-0.0353,-0.398,1.0,0.0553,-4.368,19.669
Car A,1912,127.4667,6,50.636,2,16.194,20.589,-0.589,5.8215,0.186,-0.1585,1.0,-0.0741,-1.852,-19.685
Car B,1912,127.4667,6,70.321,2,-3.491,21.037,-1.037,5.9738,0.0328,0.3461,1.0,-0.214,1.374,19.685
Car A,1913,127.5333,6,51.022,2,15.808,20.533,-0.533,5.8994,1.1684,-0.7098,1.0,-0.0706,-1.851,-19.697
Car B,1913,127.5333,6,70.719,2,-3.889,21.035,-1.035,5.9728,-0.0158,-0.5073,1.0,0.0422,-5.34,19.697
Car A,1914,127.6,6,51.414,2,15.416,20.48,-0.48,5.9524,0.7949,-0.6822,1.0,-0.0803,-1.763,-19.703
Car B,1914,127.6,6,71.117,2,-4.287,21.037,-1.037,5.9759,0.0467,0.2615,1.0,-0.2476,1.046,19.703
Car A,1915,127.6667,6,51.808,2,15.022,20.431,-0.431,5.9327,-0.2955,-0.8087,1.0,-0.0888,-1.987,-19.708
Car B,1915,127.6667,6,71.516,2,-4.686,21.038,-1.038,5.9738,-0.0305,-0.5627,1.0,0.0709,-6.18,19.708
Car A,1916,127.7333,6,52.201,2,14.629,20.387,-0.387,5.9174,-0.2291,-0.9144,1.0,-0.1053,-2.2,-19.713
Car B,1916,127.7333,6,71.914,2,-5.084,21.042,-1.042,5.9756,0.0266,0.2427,1.0,-0.2006,1.759,19.713
Car A,1917,127.8,6,52.593,2,14.237,20.348,-0.348,5.9058,-0.1735,-1.0251,1.0,-0.1305,-2.61,-19.719
Car B,1917,127.8,6,72.312,2,-5.482,21.044,-1.044,5.9721,-0.0525,-0.4958,1.0,0.1157,-5.005,19.719
Car A,1918,127.8667,6,52.986,2,13.844,20.315,-0.315,5.9224,0.248,-1.2055,1.0,-0.1425,-3.26,-19.724
Car B,1918,127.8667,6,72.71,2,-5.88,21.049,-1.049,5.9734,0.019,0.3042,1.0,-0.2147,2.879,19.724
Car A,1919,127.9333,6,53.381,2,13.449,20.29,-0.29,5.9339,0.1725,-1.3798,1.0,-0.1293,-3.562,-19.727
Car B,1919,127.9333,6,73.108,2,-6.278,21.05,-1.05,5.9717,-0.0251,-0.4381,1.0,0.1072,-5.353,19.727
Car A,1920,128.0,6,53.778,2,13.052,20.269,-0.269,5.9856,0.7754,-1.2324,1.0,-0.1492,-3.234,-19.728
Car B,1920,128.0,6,73.506,2,-6.676,21.055,-1.055,5.9722,0.0069,0.3426,1.0,-0.2546,2.668,19.728
Car A,1921,128.0667,6,54.178,2,12.652,20.255,-0.255,5.9847,-0.0134,-1.4943,1.0,-0.0675,-3.727,-19.726
Car B,1921,128.0667,6,73.904,2,-7.074,21.057,-1.057,5.9691,-0.0457,-0.4198,1.0,0.0819,-6.352,19.726
Car A,1922,128.1333,6,54.577,2,12.253,20.243,-0.243,5.9971,0.1866,-0.629,1.0,-0.1446,-1.691,-19.725
Car B,1922,128.1333,6,74.302,2,-7.472,21.063,-1.063,5.9708,0.0246,0.3294,1.0,-0.2477,2.034,19.725
Car A,1923,128.2,6,54.977,2,11.853,20.235,-0.235,5.9998,0.0406,-1.3249,1.0,0.0393,-3.612,-19.723
Car B,1923,128.2,6,74.7,2,-7.87,21.065,-1.065,5.9674,-0.051,-0.4277,1.0,0.0969,-6.179,19.723
Car A,1924,128.2667,6,55.376,2,11.454,20.229,-0.229,5.9986,-0.0188,-0.2029,1.0,0.0344,0.976,-19.721
Car B,1924,128.2667,6,75.098,2,-8.268,21.072,-1.072,5.9691,0.0256,0.3273,1.0,-0.2353,2.408,19.721
Car A,1925,128.3333,6,55.776,2,11.054,20.215,-0.215,5.9839,-0.2207,0.3371,1.0,-0.0509,0.846,-19.72
Car B,1925,128.3333,6,75.496,2,-8.666,21.075,-1.075,5.9667,-0.0352,-0.4305,1.0,0.1388,-5.87,19.72
Car A,1926,128.4,6,56.175,2,10.655,20.203,-0.203,5.982,-0.0276,-0.4915,1.0,0.0838,-1.269,-19.718
Car B,1926,128.4,6,75.893,2,-9.063,21.081,-1.081,5.9664,-0.0042,0.3518,1.0,-0.2208,3.455,19.718
Car A,1927,128.4667,6,56.574,2,10.256,20.191,-0.191,5.9835,0.0225,0.4548,1.0,-0.0459,2.09,-19.717
Car B,1927,128.4667,6,76.291,2,-9.461,21.085,-1.085,5.9654,-0.0151,-0.4019,1.0,0.1546,-5.506,19.717
Car A,1928,128.5333,6,56.972,2,9.858,20.176,-0.176,5.9834,-0.0014,-0.3215,1.0,0.0348,-1.142,-19.716
Car B,1928,128.5333,6,76.689,2,-9.859,21.091,-1.091,5.966,0.0088,0.3701,1.0,-0.2151,3.851,19.716
Car A,1929,128.6,6,57.371,2,9.459,20.163,-0.163,5.9834,-0.0001,0.3435,1.0,-0.0807,0.864,-19.715
Car B,1929,128.6,6,77.086,2,-10.256,21.094,-1.094,5.9656,-0.0059,-0.3851,1.0,0.173,-5.363,19.715
Car A,1930,128.6667,6,57.77,2,9.06,20.152,-0.152,5.9816,-0.0275,-0.6006,1.0,0.0977,-2.013,-19.714
Car B,1930,128.6667,6,77.484,2,-10.654,21.101,-1.101,5.965,-0.0092,0.3715,1.0,-0.2009,4.311,19.714
Car A,1931,128.7333,6,58.168,2,8.662,20.142,-0.142,5.9823,0.0102,0.301,1.0,-0.0451,2.435,-19.713
Car B,1931,128.7333,6,77.881,2,-11.051,21.104,-1.104,5.9645,-0.0074,-0.3918,1.0,0.1982,-5.007,19.713
Car A,1932,128.8,6,58.567,2,8.263,20.129,-0.129,5.9844,0.0323,-0.4029,1.0,0.0515,-1.123,-19.712
Car B,1932,128.8,6,78.279,2,-11.449,21.111,-1.111,5.9639,-0.0096,0.3931,1.0,-0.1996,4.94,19.712
Car A,1933,128.8667,6,58.966,2,7.864,20.117,-0.117,5.9854,0.0146,0.4691,1.0,-0.1264,1.282,-19.711
Car B,1933,128.8667,6,78.677,2,-11.846,21.114,-1.114,5.9638,-0.0013,-0.3762,1.0,0.2106,-4.974,19.711
Car A,1934,128.9333,6,59.365,2,7.466,20.105,-0.105,5.9855,0.001,-0.4575,1.0,0.0045,-3.152,-19.709
Car B,1934,128.9333,6,79.074,2,-12.244,21.121,-1.121,5.9631,-0.0101,0.3869,1.0,-0.184,5.25,19.709
Car A,1935,129.0,6,59.764,2,7.066,20.096,-0.096,5.9968,0.1698,0.1148,1.0,-0.0779,0.102,-19.708
Car B,1935,129.0,6,79.472,2,-12.641,21.124,-1.124,5.9641,0.0151,-0.3606,1.0,0.2151,-4.585,19.708
Car A,1936,129.0667,6,60.163,2,6.667,20.087,-0.087,5.9949,-0.0283,-0.6315,1.0,0.0931,-1.944,-19.706
Car B,1936,129.0667,6,79.869,2,-13.039,21.131,-1.131,5.9622,-0.0284,0.3856,1.0,-0.1779,5.362,19.706
Car A,1937,129.1333,6,60.563,2,6.267,20.08,-0.08,5.9951,0.0031,0.3047,1.0,-0.0754,2.322,-19.704
Car B,1937,129.1333,6,80.266,2,-13.436,21.134,-1.134,5.9635,0.0187,-0.3873,1.0,0.2431,-4.433,19.704
Car A,1938,129.2,6,60.962,2,5.868,20.07,-0.07,5.993,-0.0317,-0.4085,1.0,0.0263,-1.88,-19.702
Car B,1938,129.2,6,80.664,2,-13.834,21.141,-1.141,5.962,-0.0222,0.3848,1.0,-0.1603,6.061,19.702
Car A,1939,129.2667,6,61.362,2,5.468,20.063,-0.063,5.9942,0.0175,0.2594,1.0,-0.0883,0.652,-19.7
Car B,1939,129.2667,6,81.061,2,-14.231,21.144,-1.144,5.9627,0.01,-0.3716,1.0,0.2551,-3.992,19.7
Car A,1940,129.3333,6,61.761,2,5.069,20.056,-0.056,5.9929,-0.0192,-0.6331,1.0,0.1116,-2.202,-19.697
Car B,1940,129.3333,6,81.459,2,-14.629,21.15,-1.15,5.961,-0.0247,0.3905,1.0,-0.1491,6.36,19.697
Car A,1941,129.4,6,62.161,2,4.669,20.052,-0.052,5.9917,-0.0185,0.276,1.0,-0.0439,2.782,-19.695
Car B,1941,129.4,6,81.856,2,-15.026,21.153,-1.153,5.962,0.014,-0.3801,1.0,0.3144,-3.712,19.695
Car A,1942,129.4667,6,62.56,2,4.27,20.044,-0.044,5.9937,0.0305,-0.4078,1.0,0.0668,-1.09,-19.693
Car B,1942,129.4667,6,82.253,2,-15.423,21.159,-1.159,5.9603,-0.0244,0.392,1.0,-0.1203,7.843,19.693
Car A,1943,129.5333,6,62.96,2,3.871,20.037,-0.037,5.9934,-0.0043,0.5117,1.0,-0.1198,1.665,-19.691
Car B,1943,129.5333,6,82.651,2,-15.821,21.162,-1.162,5.9611,0.0112,-0.3777,1.0,0.321,-2.991,19.691
Car A,1944,129.6,6,63.359,2,3.471,20.028,-0.028,5.9913,-0.0317,-0.3827,1.0,-0.0082,-2.988,-19.689
Car B,1944,129.6,6,83.048,2,-16.218,21.168,-1.168,5.9582,-0.0439,0.404,1.0,-0.1615,8.007,19.689
Car A,1945,129.6667,6,63.759,2,3.071,20.024,-0.024,6.0029,0.1744,0.0279,1.0,-0.058,-0.216,-19.686
Car B,1945,129.6667,6,83.445,2,-16.615,21.17,-1.17,5.9584,0.004,-0.357,1.0,0.2241,-4.019,19.686
Car A,1946,129.7333,6,64.159,2,2.671,20.022,-0.022,6.006,0.0458,-0.5593,1.0,0.1353,-1.447,-19.683
Car B,1946,129.7333,6,83.842,2,-17.012,21.176,-1.176,5.9577,-0.0108,0.3816,1.0,-0.0876,5.586,19.683
Car A,1947,129.8,6,64.559,2,2.271,20.018,-0.018,6.0064,0.0058,0.4386,1.0,-0.0683,3.374,-19.68
Car B,1947,129.8,6,84.239,2,-17.409,21.178,-1.178,5.9596,0.0288,-0.3729,1.0,0.222,-2.178,19.68
Car A,1948,129.8667,6,64.959,2,1.871,20.011,-0.011,6.0053,-0.0165,-0.3272,1.0,0.0247,-1.701,-19.677
Car B,1948,129.8667,6,84.636,2,-17.806,21.183,-1.183,5.9579,-0.0253,0.4048,1.0,-0.0881,5.539,19.677
Car A,1949,129.9333,6,65.359,2,1.471,20.007,-0.007,6.0008,-0.0668,0.245,1.0,-0.0681,0.612,-19.674
Car B,1949,129.9333,6,85.034,2,-18.203,21.185,-1.185,5.9583,0.0063,-0.3369,1.0,0.7829,-2.189,19.674
Car A,1950,130.0,6,65.76,2,1.071,20.004,-0.004,5.9952,-0.0841,-0.6157,1.0,0.1316,-1.699,-19.671
Car B,1950,130.0,6,85.43,2,-18.6,21.188,-1.188,5.956,-0.0348,0.2221,1.0,0.6164,19.539,19.671
Car A,1951,130.0667,6,66.159,2,0.671,20.003,-0.003,5.9951,-0.0013,0.3676,1.0,-0.0566,3.282,-19.668
Car B,1951,130.0667,6,85.827,2,-18.997,21.179,-1.179,5.9448,-0.1678,1.4448,1.0,1.0,15.416,19.668
Car A,1952,130.1333,6,66.559,2,0.271,19.997,0.003,5.9957,0.0083,-0.3959,1.0,0.0352,-1.408,-19.664
Car B,1952,130.1333,6,86.222,2,-19.392,21.156,-1.156,5.9308,-0.2104,2.2326,1.0,1.0,24.985,19.664
Car A,1953,130.2,6,66.958,2,-0.128,19.994,0.006,5.9947,-0.0139,0.3434,1.0,-0.1084,0.877,-19.657
Car B,1953,130.2,6,86.616,2,-19.786,21.117,-1.117,5.9182,-0.1896,2.7927,1.0,0.9355,25.0,19.657
Car A,1954,130.2667,6,67.358,2,-0.528,19.992,0.008,5.9945,-0.004,-0.584,1.0,0.0246,-2.704,-19.565
Car B,1954,130.2667,6,86.923,2,-20.177,21.06,-1.07,5.9074,-0.1618,3.2464,1.0,1.0,23.39,19.565
Car A,1955,130.3333,6,67.758,2,-0.928,19.993,0.007,5.9943,-0.0021,0.2121,1.0,-0.0922,0.61,-19.557
Car B,1955,130.3333,6,87.315,2,-20.564,20.985,-1.026,5.8969,-0.1574,3.5996,1.0,0.9644,24.997,19.557
Car A,1956,130.4,6,68.157,2,-1.327,19.993,0.007,5.9935,-0.0132,-0.6377,1.0,0.0555,-2.3,-19.547
Car B,1956,130.4,6,87.704,2,-20.947,20.892,-0.963,5.8878,-0.1358,3.877,1.0,1.0,24.112,19.547
Car A,1957,130.4667,6,68.557,2,-1.727,19.996,0.004,5.992,-0.0218,0.2342,1.0,-0.0984,1.383,-19.391
Car B,1957,130.4667,6,87.948,2,-21.325,20.78,-0.92,5.8798,-0.1209,4.0875,1.0,1.0,24.998,19.391
Car A,1958,130.5333,6,68.956,2,-2.126,19.996,0.004,5.9897,-0.0338,-0.5015,1.0,-0.0051,-2.454,-19.383
Car B,1958,130.5333,6,88.339,2,-21.696,20.649,-0.88,5.8728,-0.105,4.2511,1.0,1.0,24.999,19.383
Car A,1959,130.6,6,69.356,2,-2.525,20.001,-0.001,5.9967,0.1047,-0.045,1.0,-0.0894,-0.134,-19.358
Car B,1959,130.6,6,88.713,2,-22.059,20.499,-0.819,5.8666,-0.0931,4.3791,1.0,1.0,24.999,19.358
Car A,1960,130.6667,6,69.755,2,-2.925,20.008,-0.008,5.9894,-0.1093,-0.8372,1.0,0.0457,-2.23,-19.237
Car B,1960,130.6667,6,88.992,2,-22.414,20.33,-0.791,5.8612,-0.0812,4.4807,1.0,1.0,24.999,19.237
Car A,1961,130.7333,6,70.154,2,-3.324,20.016,-0.016,5.9919,0.0366,0.2001,1.0,-0.0988,1.136,-19.228
Car B,1961,130.7333,6,89.382,3,-22.76,20.143,-0.75,5.8563,-0.073,4.5586,1.0,1.0,24.999,19.228
Car A,1962,130.8,6,70.554,2,-3.724,20.022,-0.022,5.9891,-0.0421,-0.5454,1.0,-0.1074,-2.465,-19.107
Car B,1962,130.8,6,89.661,3,-23.094,19.938,-0.698,5.852,-0.065,4.6228,1.0,1.0,24.999,19.107
Car A,1963,130.8667,6,70.953,2,-4.123,20.039,-0.039,5.972,-0.2565,-1.0534,0.9844,0.108,-2.682,-19.1
Car B,1963,130.8667,6,90.052,3,-23.417,19.716,-0.677,5.848,-0.0593,4.67,1.0,1.0,24.999,19.1
Car A,1964,130.9333,6,71.351,2,-4.52,20.055,-0.055,5.9735,0.0232,0.0565,1.0,0.0599,2.692,-19.092
Car B,1964,130.9333,6,90.442,3,-23.727,19.476,-0.635,5.8445,-0.053,4.7079,1.0,1.0,24.999,19.092
Car A,1965,131.0,6,71.749,2,-4.919,20.062,-0.062,6.0065,0.4948,0.5867,1.0,-0.0105,1.499,-18.987
Car B,1965,131.0,6,90.736,3,-24.024,19.22,-0.601,5.8412,-0.049,4.7413,1.0,1.0,24.999,18.987
Car A,1966,131.0667,6,72.15,2,-5.32,20.07,-0.07,5.9978,-0.13,-0.092,1.0,0.0439,-0.252,-18.978
Car B,1966,131.0667,6,91.127,3,-24.305,18.948,-0.577,5.8381,-0.0461,4.7651,1.0,1.0,24.999,18.978
Car A,1967,131.1333,6,72.55,2,-5.719,20.076,-0.076,5.9815,-0.2449,0.4532,1.0,0.0194,1.084,-18.967
Car B,1967,131.1333,6,91.516,3,-24.572,18.661,-0.532,5.8353,-0.0433,4.7856,1.0,1.0,24.999,18.967
Car A,1968,131.2,6,72.949,2,-6.119,20.081,-0.081,6.003,0.3216,0.2095,1.0,0.0324,0.483,-18.876
Car B,1968,131.2,6,91.825,3,-24.822,18.36,-0.517,5.8325,-0.0408,4.8013,1.0,1.0,24.999,18.876
Car A,1969,131.2667,6,73.349,2,-6.519,20.086,-0.086,6.0202,0.2593,0.2455,1.0,0.0326,0.795,-18.866
Car B,1969,131.2667,6,92.215,3,-25.055,18.046,-0.49,5.83,-0.0388,4.8116,1.0,1.0,24.999,18.866
Car A,1970,131.3333,6,73.75,2,-6.92,20.09,-0.09,6.0169,-0.0508,0.1372,1.0,0.0425,0.792,-18.782
Car B,1970,131.3333,6,92.532,3,-25.27,17.72,-0.455,5.8275,-0.0375,4.8222,1.0,1.0,24.999,18.782
Car A,1971,131.4,6,74.151,2,-7.321,20.092,-0.092,5.9928,-0.3609,0.4308,1.0,0.0175,1.056,-18.771
Car B,1971,131.4,6,92.923,3,-25.467,17.382,-0.447,5.8251,-0.0349,4.8303,1.0,1.0,24.999,18.771
Car A,1972,131.4667,6,74.551,2,-7.721,20.093,-0.093,5.9955,0.04,0.154,1.0,0.0265,0.434,-18.761
Car B,1972,131.4667,6,93.312,3,-25.645,17.034,-0.416,5.8228,-0.0342,4.8354,1.0,1.0,24.999,18.761
Car A,1973,131.5333,6,74.951,2,-8.121,20.093,-0.093,5.9953,-0.002,0.3115,1.0,0.0157,0.656,-18.688
Car B,1973,131.5333,6,93.639,3,-25.803,16.677,-0.404,5.8206,-0.0338,4.8409,1.0,1.0,24.999,18.688
Car A,1974,131.6,6,75.35,2,-8.52,20.093,-0.093,5.9872,-0.122,0.1157,1.0,0.017,0.391,-18.679
Car B,1974,131.6,6,94.029,3,-25.94,16.312,-0.391,5.8185,-0.032,4.8449,1.0,1.0,24.999,18.679
Car A,1975,131.6667,6,75.75,2,-8.919,20.093,-0.093,5.9947,0.1121,0.0769,1.0,0.0199,0.414,-18.613
Car B,1975,131.6667,6,94.362,3,-26.058,15.939,-0.362,5.8163,-0.0319,4.847,1.0,0.0294,24.999,18.613
Car A,1976,131.7333,6,76.149,2,-9.319,20.092,-0.092,5.995,0.0056,0.0171,1.0,0.0184,0.481,-18.603
Car B,1976,131.7333,6,94.752,3,-26.163,15.563,-0.376,5.8549,0.5792,3.3498,1.0,0.162,0.772,18.603
Car A,1977,131.8,6,76.549,2,-9.719,20.091,-0.091,5.9919,-0.047,0.1119,1.0,0.0087,0.45,-18.595
Car B,1977,131.8,6,95.144,3,-26.274,15.186,-0.396,5.9263,1.071,1.4897,1.0,-0.178,4.046,18.595
Car A,1978,131.8667,6,76.948,2,-10.118,20.09,-0.09,5.9991,0.1086,0.0935,1.0,0.0064,0.214,-18.522
Car B,1978,131.8667,6,95.47,3,-26.39,14.808,-0.453,5.9311,0.071,0.2826,1.0,0.4861,-4.436,18.522
Car A,1979,131.9333,6,77.348,2,-10.518,20.088,-0.088,6.0005,0.0197,0.022,1.0,-0.0018,0.157,-18.506
Car B,1979,131.9333,6,95.855,3,-26.51,14.432,-0.542,5.9274,-0.0557,0.8575,1.0,0.3194,12.127,18.506
Car A,1980,132.0,6,77.748,2,-10.918,20.087,-0.087,5.9957,-0.0712,0.0545,1.0,-0.0271,-0.037,-18.494
Car B,1980,132.0,6,96.243,3,-26.616,14.051,-0.618,5.9227,-0.0701,1.6961,1.0,0.0999,7.991,18.494
Car A,1981,132.0667,6,78.149,2,-11.319,20.088,-0.088,6.0179,0.3334,-0.2979,1.0,-0.0543,-0.665,-18.428
Car B,1981,132.0667,6,96.577,3,-26.716,13.668,-0.716,5.9519,0.4381,0.9131,1.0,0.6927,2.505,18.428
Car A,1982,132.1333,6,78.55,2,-11.72,20.093,-0.093,6.0325,0.2177,-0.5455,1.0,-0.0818,-1.35,-18.412
Car B,1982,132.1333,6,96.962,3,-26.812,13.283,-0.812,5.9436,-0.1243,1.6712,1.0,0.2567,17.295,18.412
Car A,1983,132.2,6,78.952,2,-12.122,20.103,-0.103,6.0501,0.2648,-0.8172,1.0,0.1081,-2.039,-18.398
Car B,1983,132.2,6,97.35,3,-26.895,12.895,-0.895,5.9628,0.2877,2.0728,1.0,0.0594,6.432,18.398
Car A,1984,132.2667,6,79.355,2,-12.525,20.112,-0.112,6.0498,-0.0053,0.2791,1.0,0.178,2.694,-18.385
Car B,1984,132.2667,6,97.74,3,-26.974,12.505,-0.974,5.9777,0.2234,0.8165,1.0,0.5435,1.492,18.385
Car A,1985,132.3333,6,79.758,2,-12.928,20.108,-0.108,6.0429,-0.1028,1.2778,1.0,-0.0602,4.448,-18.372
Car B,1985,132.3333,6,98.131,3,-27.053,12.114,-1.053,5.9723,-0.0811,1.4375,1.0,0.3106,13.568,18.372
Car A,1986,132.4,6,80.161,2,-13.331,20.099,-0.099,6.0427,-0.0032,0.2419,1.0,0.0008,-1.495,-18.363
Car B,1986,132.4,6,98.524,3,-27.118,11.721,-1.118,5.9659,-0.0962,2.1395,1.0,0.0653,7.774,18.363
Car A,1987,132.4667,6,80.563,2,-13.733,20.097,-0.097,6.0067,-0.5393,0.0109,1.0,0.109,0.011,-18.355
Car B,1987,132.4667,6,98.918,3,-27.176,11.327,-1.176,5.9804,0.2172,0.8985,1.0,0.5202,1.641,18.355
Car A,1988,132.5333,6,80.963,2,-14.133,20.091,-0.091,6.004,-0.0404,0.799,1.0,-0.0913,2.72,-18.349
Car B,1988,132.5333,6,99.312,3,-27.235,10.933,-1.235,5.975,-0.0801,1.4994,1.0,0.3913,12.986,18.349
Car A,1989,132.6,6,81.363,2,-14.533,20.082,-0.082,6.0037,-0.005,-0.1155,1.0,0.0088,-2.274,-18.345
Car B,1989,132.6,6,99.708,3,-27.279,10.537,-1.279,5.9676,-0.1108,2.2034,1.0,0.2144,9.788,18.345
Car A,1990,132.6667,6,81.764,2,-14.933,20.078,-0.078,6.0106,0.1032,0.1563,1.0,-0.0215,0.204,-18.343
Car B,1990,132.6667,6,100.106,3,-27.312,10.139,-1.312,6.0124,0.6712,2.0009,1.0,0.1888,5.365,18.343
Car A,1991,132.7333,6,82.164,2,-15.334,20.074,-0.074,6.0079,-0.0403,-0.2256,1.0,0.3313,-0.522,-18.344
Car B,1991,132.7333,6,100.508,3,-27.339,9.737,-1.339,6.0448,0.4862,1.849,1.0,0.286,4.72,18.344
Car A,1992,132.8,6,82.564,2,-15.734,20.067,-0.067,6.0058,-0.0314,0.7726,1.0,0.0208,8.268,-18.346
Car B,1992,132.8,6,100.911,3,-27.356,9.335,-1.356,6.0344,-0.1564,2.3231,1.0,0.1615,7.146,18.346
Car A,1993,132.8667,6,82.964,2,-16.134,20.054,-0.054,6.0022,-0.0534,0.1849,1.0,0.6601,0.535,-18.349
Car B,1993,132.8667,6,101.313,3,-27.365,8.932,-1.365,6.0391,0.0713,1.5749,1.0,0.5459,4.042,18.349
Car A,1994,132.9333,6,83.364,2,-16.534,20.04,-0.04,5.9972,-0.076,1.0293,1.0,0.2377,16.476,-18.352
Car B,1994,132.9333,6,101.716,3,-27.368,8.529,-1.368,6.0295,-0.1442,2.1724,1.0,0.3884,13.631,18.352
Car A,1995,133.0,6,83.763,2,-16.933,20.012,-0.012,5.9895,-0.1151,1.7996,1.0,0.3864,5.957,-18.355
Car B,1995,133.0,6,102.118,3,-27.354,8.127,-1.354,6.0219,-0.1145,2.7333,1.0,1.0,9.716,18.355
Car A,1996,133.0667,6,84.16,2,-17.33,19.969,0.031,5.982,-0.1128,2.428,0.2959,-1.0,9.654,-18.359
Car B,1996,133.0667,6,102.519,3,-27.323,7.727,-1.323,6.0083,-0.2039,3.2021,1.0,1.0,24.975,18.359
Car A,1997,133.1333,6,84.55,2,-17.72,19.919,0.081,5.839,-2.1446,1.442,0.831,-1.0,-24.948,-18.367
Car B,1997,133.1333,6,102.917,3,-27.275,7.328,-1.275,5.9957,-0.1884,3.5755,1.0,0.9754,25.0,18.367
Car A,1998,133.2,6,84.936,2,-18.106,19.876,0.124,5.8152,-0.3577,0.0547,0.8706,-0.9756,-25.0,-18.376
Car B,1998,133.2,6,103.312,3,-27.207,6.934,-1.207,5.9852,-0.1579,3.8598,1.0,0.5884,24.385,18.376
Car A,1999,133.2667,6,85.322,2,-18.491,19.845,0.155,5.7925,-0.3391,-0.9769,1.0,-0.5894,-24.39,-18.381
Car B,1999,133.2667,6,103.703,3,-27.121,6.543,-1.121,5.9813,-0.0578,4.0402,1.0,-0.023,14.724,18.381
Car A,2000,133.3333,6,85.707,2,-18.877,19.827,0.173,5.7846,-0.1189,-1.7689,1.0,1.0,-14.748,-18.384
Car B,2000,133.3333,6,104.091,3,-27.023,6.154,-1.023,6.0105,0.4374,2.3801,1.0,0.4474,-0.552,18.384
Car A,2001,133.4,6,86.092,2,-19.262,19.812,0.188,5.7771,-0.113,-0.6019,1.0,1.0,24.94,-18.315
Car B,2001,133.4,6,104.407,3,-26.926,5.765,-0.942,6.0069,-0.0541,2.4384,1.0,0.4906,11.166,18.315
Car A,2002,133.4667,6,86.477,2,-19.646,19.79,0.21,5.7749,-0.0327,0.6329,1.0,1.0,24.999,-18.323
Car B,2002,133.4667,6,104.799,3,-26.813,5.38,-0.859,5.9981,-0.1325,2.9509,1.0,-0.1173,12.264,18.323
Car A,2003,133.5333,6,86.879,2,-20.029,19.753,0.244,5.7646,-0.1553,1.5576,1.0,1.0,25.0,-18.308
Car B,2003,133.5333,6,105.187,3,-26.691,4.998,-0.768,6.0147,0.2491,1.5484,1.0,0.7096,-2.908,18.308
Car A,2004,133.6,6,87.262,2,-20.41,19.701,0.266,5.7538,-0.1615,2.2718,1.0,1.0,25.0,-18.207
Car B,2004,133.6,6,105.469,3,-26.57,4.616,-0.73,6.0125,-0.0321,1.5319,1.0,0.9691,17.708,18.207
Car A,2005,133.6667,6,87.644,2,-20.788,19.633,0.304,5.7433,-0.1577,2.829,1.0,0.9182,25.0,-18.223
Car B,2005,133.6667,6,105.867,3,-26.436,4.239,-0.688,5.9929,-0.294,2.5232,1.0,1.0,24.217,18.223
Car A,2006,133.7333,6,88.077,2,-21.162,19.549,0.315,5.7352,-0.1209,3.2515,1.0,1.0,22.958,-18.086
Car B,2006,133.7333,6,106.163,3,-26.285,3.869,-0.641,5.9798,-0.1964,3.0402,1.0,0.9631,24.998,18.086
Car A,2007,133.8,6,88.46,2,-21.531,19.446,0.328,5.7269,-0.1241,3.6015,1.0,1.0,24.996,-18.102
Car B,2007,133.8,6,106.562,3,-26.118,3.506,-0.625,5.968,-0.1778,3.4437,1.0,0.9992,24.079,18.102
Car A,2008,133.8667,6,88.897,2,-21.895,19.325,0.336,5.7199,-0.1055,3.8683,1.0,1.0,25.0,-18.062
Car B,2008,133.8667,6,106.959,3,-25.935,3.152,-0.592,5.9572,-0.161,3.7586,1.0,1.0,24.978,18.062
Car A,2009,133.9333,6,89.279,3,-22.252,19.187,0.328,5.714,-0.0878,4.0824,1.0,1.0,25.0,-17.986
Car B,2009,133.9333,6,107.266,3,-25.735,2.808,-0.576,5.9477,-0.1432,4.0016,1.0,1.0,24.999,17.986
Car A,2010,134.0,6,89.715,3,-22.601,19.029,0.335,5.7093,-0.0718,4.2438,1.0,1.0,24.999,-17.949
Car B,2010,134.0,6,107.664,3,-25.518,2.474,-0.566,5.9393,-0.1262,4.1852,1.0,1.0,25.0,17.949
Car A,2011,134.0667,6,90.097,3,-22.941,18.854,0.307,5.7054,-0.0582,4.3723,1.0,1.0,24.999,-17.915
Car B,2011,134.0667,6,108.011,3,-25.285,2.152,-0.537,5.9318,-0.1116,4.328,1.0,1.0,24.999,17.915
Car A,2012,134.1333,6,90.479,3,-23.27,18.66,0.299,5.7022,-0.0475,4.4754,1.0,1.0,24.999,-17.894
Car B,2012,134.1333,6,108.372,3,-25.035,1.843,-0.547,5.9252,-0.0996,4.4399,1.0,1.0,24.999,17.894
Car A,2013,134.2,6,90.907,3,-23.589,18.449,0.267,5.6996,-0.0388,4.5541,1.0,1.0,24.999,-17.863
Car B,2013,134.2,6,108.769,3,-24.771,1.548,-0.537,5.9192,-0.09,4.5283,1.0,1.0,24.999,17.863
Car A,2014,134.2667,6,91.288,3,-23.896,18.221,0.242,5.6976,-0.0311,4.6162,1.0,1.0,24.999,-17.795
Car B,2014,134.2667,6,109.083,3,-24.491,1.267,-0.534,5.9138,-0.0816,4.596,1.0,1.0,24.999,17.795
Car A,2015,134.3333,6,91.706,3,-24.189,17.976,0.214,5.6959,-0.0243,4.6682,1.0,1.0,24.999,-17.773
Car B,2015,134.3333,6,109.479,3,-24.196,1.002,-0.545,5.9088,-0.0746,4.6509,1.0,1.0,24.999,17.773
Car A,2016,134.4,6,92.085,3,-24.469,17.715,0.171,5.6946,-0.0198,4.708,1.0,1.0,24.999,-17.789
Car B,2016,134.4,6,109.874,3,-23.889,0.753,-0.534,5.9042,-0.0691,4.6937,1.0,1.0,24.999,17.789
Car A,2017,134.4667,6,92.467,3,-24.733,17.439,0.149,5.6936,-0.0159,4.7418,1.0,1.0,24.999,-17.719
Car B,2017,134.4667,6,110.186,3,-23.568,0.521,-0.555,5.8999,-0.0644,4.7282,1.0,1.0,24.999,17.719
Car A,2018,134.5333,6,92.868,3,-24.981,17.149,0.089,5.6928,-0.0114,4.7658,1.0,1.0,24.999,-17.713
Car B,2018,134.5333,6,110.581,3,-23.236,0.307,-0.563,5.8959,-0.0604,4.7549,1.0,1.0,24.999,17.713
Car A,2019,134.6,6,93.248,3,-25.213,16.845,0.05,5.6922,-0.0094,4.7875,1.0,1.0,24.999,-17.64
Car B,2019,134.6,6,110.888,3,-22.892,0.111,-0.566,5.8921,-0.0569,4.776,1.0,1.0,24.999,17.64
Car A,2020,134.6667,6,93.632,3,-25.427,16.529,-0.001,5.6917,-0.0078,4.8044,1.0,1.0,24.999,-17.65
Car B,2020,134.6667,6,111.282,3,-22.539,-0.065,-0.594,5.8884,-0.0544,4.7924,1.0,1.0,24.999,17.65
Car A,2021,134.7333,6,94.01,3,-25.623,16.201,-0.056,5.6913,-0.0058,4.8186,1.0,1.0,24.999,-17.667
Car B,2021,134.7333,6,111.677,3,-22.177,-0.222,-0.6,5.8849,-0.0524,4.8053,1.0,0.6782,24.999,17.667
Car A,2022,134.8,6,94.376,3,-25.8,15.863,-0.094,5.691,-0.0041,4.8268,1.0,1.0,24.999,-17.6
Car B,2022,134.8,6,111.976,3,-21.806,-0.359,-0.623,5.8881,0.0473,4.7717,1.0,1.0,16.967,17.6
Car A,2023,134.8667,6,94.751,3,-25.958,15.515,-0.166,5.6908,-0.0033,4.835,1.0,1.0,24.999,-17.619
Car B,2023,134.8667,6,112.37,3,-21.43,-0.476,-0.649,5.8844,-0.056,4.8469,1.0,0.5669,24.987,17.619
Car A,2024,134.9333,6,95.129,3,-26.096,15.159,-0.216,5.6906,-0.0033,4.8413,1.0,1.0,24.999,-17.589
Car B,2024,134.9333,6,112.719,3,-21.046,-0.575,-0.658,5.928,0.6546,4.5072,1.0,0.5255,14.189,17.589
Car A,2025,135.0,6,95.469,3,-26.213,14.795,-0.275,5.6905,-0.0014,4.8472,1.0,1.0,24.999,-17.588
Car B,2025,135.0,6,113.057,3,-20.656,-0.655,-0.705,5.9387,0.1611,4.4761,1.0,0.9036,13.138,17.588
Car A,2026,135.0667,6,95.845,3,-26.309,14.425,-0.342,5.6903,-0.0019,4.8515,1.0,1.0,24.999,-17.609
Car B,2026,135.0667,6,113.454,3,-20.263,-0.717,-0.735,5.9337,-0.0759,4.5507,1.0,0.6605,22.575,17.609
Car A,2027,135.1333,6,96.225,3,-26.385,14.051,-0.387,5.6902,-0.0015,4.854,1.0,1.0,24.999,-17.568
Car B,2027,135.1333,6,113.792,3,-19.868,-0.757,-0.757,5.9332,-0.008,4.5755,1.0,0.784,16.52,17.568
Car A,2028,135.2,6,96.572,3,-26.438,13.673,-0.438,5.6902,-0.001,4.8564,1.0,1.0,24.999,-17.617
Car B,2028,135.2,6,114.189,3,-19.471,-0.776,-0.776,5.9297,-0.0525,4.6229,1.0,0.4525,19.595,17.617
Car A,2029,135.2667,6,96.953,3,-26.471,13.292,-0.471,5.6901,-0.0008,4.8584,1.0,1.0,24.999,-17.635
Car B,2029,135.2667,6,114.588,3,-19.073,-0.78,-0.78,5.9658,0.5426,3.9523,1.0,0.277,11.324,17.635
Car A,2030,135.3333,6,97.335,3,-26.481,12.91,-0.481,5.6901,-0.0001,4.8597,1.0,1.0,24.999,-17.653
Car B,2030,135.3333,6,114.988,3,-18.672,-0.776,-0.776,6.0243,0.8767,2.6176,1.0,0.1204,6.933,17.653
Car A,2031,135.4,6,97.717,3,-26.47,12.529,-0.47,5.6901,-0.0006,4.8609,1.0,1.0,24.999,-17.673
Car B,2031,135.4,6,115.39,3,-18.27,-0.773,-0.773,6.0379,0.2041,1.1937,1.0,0.114,3.016,17.673
Car A,2032,135.4667,6,98.097,3,-26.437,12.148,-0.437,5.69,-0.0008,4.8616,1.0,0.2015,24.999,-17.695
Car B,2032,135.4667,6,115.792,3,-17.868,-0.771,-0.771,6.0246,-0.1991,1.1077,1.0,0.1099,2.851,17.695
Car A,2033,135.5333,6,98.477,3,-26.391,11.768,-0.391,5.7326,0.6384,3.4724,1.0,-0.0385,5.068,-17.717
Car B,2033,135.5333,6,116.195,3,-17.466,-0.765,-0.765,6.052,0.4108,1.0893,1.0,0.1101,2.746,17.717
Car A,2034,135.6,6,98.859,3,-26.351,11.386,-0.351,5.7711,0.5784,1.2268,1.0,-0.0467,-0.954,-17.737
Car B,2034,135.6,6,116.596,3,-17.064,-0.754,-0.754,6.022,-0.4498,1.073,1.0,0.1055,2.752,17.737
Car A,2035,135.6667,6,99.244,3,-26.322,11.001,-0.322,5.7895,0.2758,-0.1145,1.0,-0.0312,-1.167,-17.754
Car B,2035,135.6667,6,116.997,3,-16.663,-0.739,-0.739,6.0193,-0.0404,1.0132,1.0,0.1024,2.639,17.754
Car A,2036,135.7333,6,99.633,3,-26.299,10.612,-0.299,5.9087,1.7885,-0.2972,1.0,0.019,-0.78,-17.764
Car B,2036,135.7333,6,117.397,3,-16.263,-0.72,-0.72,5.9791,-0.6029,1.0111,1.0,0.0896,2.558,17.764
Car A,2037,135.8,6,100.028,3,-26.274,10.217,-0.274,5.9676,0.8822,0.1967,1.0,0.0011,0.462,-17.769
Car B,2037,135.8,6,117.797,3,-15.863,-0.697,-0.697,6.021,0.6276,0.8665,1.0,0.0935,2.24,17.769
Car A,2038,135.8667,6,100.426,3,-26.248,9.819,-0.248,5.9937,0.3926,0.0465,1.0,0.0383,0.031,-17.77
Car B,2038,135.8667,6,118.197,3,-15.463,-0.67,-0.67,5.9713,-0.7454,0.965,1.0,-0.0207,2.335,17.77
Car A,2039,135.9333,6,100.825,3,-26.22,9.42,-0.22,5.9827,-0.1659,0.4049,1.0,-0.0226,0.944,-17.77
Car B,2039,135.9333,6,118.595,3,-15.066,-0.646,-0.646,5.9797,0.1265,-0.1818,1.0,0.0958,-0.513,17.77
Car A,2040,136.0,6,101.223,3,-26.193,9.022,-0.193,5.9843,0.0237,-0.1526,0.8731,0.0308,-0.547,-17.769
Car B,2040,136.0,6,118.992,3,-14.668,-0.622,-0.622,5.9806,0.0142,0.6666,1.0,0.0191,2.391,17.769
Car A,2041,136.0667,6,101.615,3,-26.165,8.631,-0.165,5.8263,-2.3698,0.2349,0.9261,-0.1495,0.767,-17.776
Car B,2041,136.0667,6,119.391,3,-14.27,-0.594,-0.594,6.0059,0.3791,0.184,1.0,0.0904,0.478,17.776
Car A,2042,136.1333,6,102.002,3,-26.14,8.243,-0.14,5.8165,-0.1471,-0.5994,0.8983,-0.1266,-3.731,-17.788
Car B,2042,136.1333,6,119.79,3,-13.87,-0.564,-0.564,6.0101,0.0628,0.8515,1.0,-0.0784,2.256,17.788
Car A,2043,136.2,6,102.386,3,-26.126,7.86,-0.126,5.6947,-1.8259,-1.0933,1.0,1.0,-3.165,-17.804
Car B,2043,136.2,6,120.189,3,-13.471,-0.532,-0.532,6.0092,-0.0131,-0.1736,1.0,0.0909,-1.953,17.804
Car A,2044,136.2667,6,102.765,3,-26.111,7.48,-0.111,5.6979,0.0477,-0.0704,1.0,0.9626,24.958,-17.824
Car B,2044,136.2667,6,120.589,3,-13.071,-0.504,-0.504,6.0069,-0.0345,0.496,1.0,-0.0048,2.266,17.824
Car A,2045,136.3333,6,103.144,3,-26.085,7.101,-0.085,5.6904,-0.1125,1.1036,1.0,1.0,24.066,-17.844
Car B,2045,136.3333,6,120.988,3,-12.672,-0.472,-0.472,6.0014,-0.0834,-0.0535,1.0,0.0718,-0.109,17.844
Car A,2046,136.4,6,103.521,3,-26.044,6.724,-0.044,5.6809,-0.1425,1.9066,1.0,1.0,24.998,-17.866
Car B,2046,136.4,6,121.387,3,-12.274,-0.438,-0.438,6.0077,0.0945,0.6946,1.0,-0.1979,1.792,17.866
Car A,2047,136.4667,6,103.895,3,-25.988,6.35,0.012,5.6713,-0.1437,2.54,1.0,-0.0401,25.0,-17.89
Car B,2047,136.4667,6,121.786,3,-11.875,-0.404,-0.404,6.0078,0.002,-0.3429,1.0,0.053,-4.938,17.89
Car A,2048,136.5333,6,104.275,3,-25.925,5.976,0.073,5.6882,0.2535,1.5014,1.0,1.0,-0.964,-17.91
Car B,2048,136.5333,6,122.185,3,-11.475,-0.374,-0.374,6.0074,-0.0067,0.3915,1.0,-0.2394,1.316,17.91
Car A,2049,136.6,6,104.652,3,-25.86,5.603,0.108,5.6793,-0.1346,1.4433,1.0,1.0,24.961,-17.932
Car B,2049,136.6,6,122.584,3,-11.076,-0.342,-0.342,6.0052,-0.0318,-0.4957,1.0,0.0164,-5.974,17.932
Car A,2050,136.6667,6,105.028,3,-25.783,5.232,0.156,5.666,-0.1992,2.3222,1.0,0.9166,25.0,-17.956
Car B,2050,136.6667,6,122.983,3,-10.677,-0.313,-0.313,6.0055,0.0043,0.1767,1.0,-0.2735,0.396,17.956
Car A,2051,136.7333,6,105.432,3,-25.69,4.866,0.184,5.6581,-0.1178,2.8552,1.0,1.0,22.919,-17.951
Car B,2051,136.7333,6,123.383,3,-10.277,-0.285,-0.285,6.0043,-0.0181,-0.6988,1.0,0.0243,-6.826,17.951
Car A,2052,136.8,6,105.809,3,-25.579,4.504,0.207,5.6498,-0.1258,3.2848,1.0,1.0,24.996,-17.973
Car B,2052,136.8,6,123.782,3,-9.878,-0.261,-0.261,6.0054,0.0157,0.1354,1.0,-0.3089,0.595,17.973
Car A,2053,136.8667,6,106.223,3,-25.451,4.149,0.237,5.6427,-0.1064,3.6194,1.0,1.0,25.0,-17.959
Car B,2053,136.8667,6,124.182,3,-9.478,-0.237,-0.237,6.003,-0.0355,-0.7383,1.0,0.0136,-7.71,17.959
Car A,2054,136.9333,6,106.601,3,-25.306,3.8,0.238,5.6368,-0.0878,3.8801,1.0,1.0,25.0,-17.981
Car B,2054,136.9333,6,124.582,3,-9.079,-0.216,-0.216,6.0047,0.0264,0.1102,1.0,-0.329,0.328,17.981
Car A,2055,137.0,6,106.978,3,-25.143,3.46,0.258,5.6321,-0.0708,4.088,1.0,1.0,25.0,-18.004
Car B,2055,137.0,6,124.981,3,-8.679,-0.196,-0.196,6.002,-0.0408,-0.8038,1.0,0.0168,-8.211,18.004
Car A,2056,137.0667,6,107.396,3,-24.962,3.129,0.251,5.6285,-0.054,4.2474,1.0,1.0,24.999,-17.985
Car B,2056,137.0667,6,125.381,3,-8.279,-0.179,-0.179,6.004,0.0292,0.0713,1.0,-0.3035,0.406,17.985
Car A,2057,137.1333,6,107.773,3,-24.763,2.808,0.253,5.6257,-0.0412,4.3748,1.0,1.0,24.999,-18.008
Car B,2057,137.1333,6,125.781,3,-7.879,-0.162,-0.162,6.0012,-0.042,-0.795,1.0,0.0232,-7.574,18.008
Car A,2058,137.2,6,108.191,3,-24.547,2.499,0.25,5.6237,-0.0301,4.4748,1.0,1.0,24.999,-17.99
Car B,2058,137.2,6,126.181,3,-7.479,-0.15,-0.15,6.003,0.0275,0.0744,1.0,-0.2699,0.566,17.99
Car A,2059,137.2667,6,108.568,3,-24.315,2.202,0.234,5.6223,-0.021,4.5551,1.0,1.0,24.999,-18.013
Car B,2059,137.2667,6,126.581,3,-7.079,-0.136,-0.136,5.9998,-0.0484,-0.7542,1.0,0.0274,-6.737,18.013
Car A,2060,137.3333,6,108.983,3,-24.066,1.918,0.237,5.6214,-0.0134,4.6179,1.0,1.0,24.999,-17.998
Car B,2060,137.3333,6,126.981,3,-6.68,-0.127,-0.127,6.0013,0.0233,0.0998,1.0,-0.2381,0.673,17.998
Car A,2061,137.4,6,109.359,3,-23.802,1.649,0.203,5.621,-0.0071,4.6688,1.0,1.0,24.999,-18.022
Car B,2061,137.4,6,127.381,3,-6.28,-0.116,-0.116,5.9982,-0.0477,-0.7171,1.0,0.0344,-5.943,18.022
Car A,2062,137.4667,6,109.736,3,-23.523,1.395,0.191,5.6208,-0.0029,4.7107,1.0,1.0,24.999,-18.045
Car B,2062,137.4667,6,127.78,3,-5.88,-0.11,-0.11,5.9995,0.0202,0.1227,1.0,-0.2043,0.85,18.045
Car A,2063,137.5333,6,110.142,3,-23.23,1.157,0.164,5.6209,0.0024,4.7422,1.0,1.0,24.999,-18.039
Car B,2063,137.5333,6,128.18,3,-5.48,-0.101,-0.101,5.996,-0.0526,-0.665,1.0,0.041,-5.099,18.039
Car A,2064,137.6,6,110.518,3,-22.924,0.936,0.136,5.6212,0.0047,4.7684,1.0,1.0,24.999,-18.062
Car B,2064,137.6,6,128.58,3,-5.08,-0.097,-0.097,5.998,0.0297,0.1643,1.0,-0.1663,1.016,18.062
Car A,2065,137.6667,6,110.915,3,-22.606,0.733,0.118,5.6217,0.0075,4.7896,1.0,1.0,24.999,-18.065
Car B,2065,137.6667,6,128.979,3,-4.681,-0.091,-0.091,5.9935,-0.0679,-0.6155,1.0,0.0478,-4.15,18.065
Car A,2066,137.7333,6,111.289,3,-22.277,0.548,0.073,5.6223,0.0091,4.8057,1.0,1.0,24.999,-18.09
Car B,2066,137.7333,6,129.379,3,-4.281,-0.089,-0.089,5.9948,0.0208,0.1962,1.0,-0.134,1.185,18.09
Car A,2067,137.8,6,111.666,3,-21.938,0.382,0.05,5.623,0.0103,4.8187,1.0,1.0,24.999,-18.112
Car B,2067,137.8,6,129.778,3,-3.882,-0.084,-0.084,5.9914,-0.052,-0.5421,1.0,0.0505,-3.343,18.112
Car A,2068,137.8667,6,112.048,3,-21.589,0.236,0.006,5.6238,0.0121,4.8294,1.0,1.0,24.999,-18.13
Car B,2068,137.8667,6,130.178,3,-3.483,-0.082,-0.082,5.992,0.0097,0.2538,1.0,-0.1309,1.255,18.13
Car A,2069,137.9333,6,112.424,3,-21.233,0.111,-0.033,5.6247,0.0122,4.8374,1.0,1.0,24.999,-18.153
Car B,2069,137.9333,6,130.577,3,-3.083,-0.079,-0.079,5.989,-0.046,-0.5375,1.0,0.0592,-3.264,18.153
Car A,2070,138.0,6,112.792,3,-20.87,0.006,-0.063,5.6256,0.0138,4.8439,1.0,1.0,24.999,-18.184
Car B,2070,138.0,6,130.976,3,-2.684,-0.079,-0.079,5.9886,-0.0053,0.2484,1.0,-0.0962,1.471,18.184
Car A,2071,138.0667,6,113.166,3,-20.502,-0.079,-0.118,5.6264,0.013,4.8493,1.0,1.0,24.999,-18.21
Car B,2071,138.0667,6,131.375,3,-2.285,-0.077,-0.077,5.9871,-0.023,-0.4744,1.0,0.0618,-2.398,18.21
Car A,2072,138.1333,6,113.542,3,-20.13,-0.141,-0.151,5.6274,0.0144,4.8532,1.0,1.0,24.999,-18.232
Car B,2072,138.1333,6,131.774,3,-1.886,-0.077,-0.077,5.9865,-0.0084,0.315,1.0,-0.1028,1.539,18.232
Car A,2073,138.2,6,113.906,3,-19.754,-0.183,-0.183,5.6283,0.0139,4.8563,1.0,1.0,24.999,-18.267
Car B,2073,138.2,6,132.173,3,-1.487,-0.075,-0.075,5.9846,-0.0293,-0.4484,1.0,0.0635,-2.563,18.267
Car A,2074,138.2667,6,114.284,3,-19.377,-0.202,-0.202,5.6293,0.0139,4.8591,1.0,1.0,24.999,-18.289
Car B,2074,138.2667,6,132.572,3,-1.088,-0.077,-0.077,5.9838,-0.0116,0.3247,1.0,-0.0986,1.581,18.289
Car A,2075,138.3333,6,114.662,3,-18.999,-0.2,-0.2,5.6302,0.0144,4.8607,1.0,1.0,24.999,-18.309
Car B,2075,138.3333,6,132.971,3,-0.689,-0.075,-0.075,5.9828,-0.015,-0.4338,1.0,0.0658,-2.458,18.309
Car A,2076,138.4,6,115.039,3,-18.621,-0.177,-0.177,5.6312,0.0142,4.8624,1.0,-0.0225,24.999,-18.331
Car B,2076,138.4,6,133.37,3,-0.29,-0.077,-0.077,5.9821,-0.0097,0.3307,1.0,-0.109,1.637,18.331
Car A,2077,138.4667,6,115.416,3,-18.244,-0.14,-0.14,5.674,0.6433,3.3859,1.0,-0.0929,-0.525,-18.352
Car B,2077,138.4667,7,0.108,1,0.108,-0.076,-0.076,5.981,-0.0163,-0.4299,1.0,0.0651,-2.718,18.352
Car A,2078,138.5333,6,115.795,3,-17.865,-0.109,-0.109,5.71,0.5388,1.2219,1.0,-0.1363,-2.32,-18.372
Car B,2078,138.5333,7,0.507,1,0.507,-0.078,-0.078,5.9809,-0.0016,0.3352,1.0,-0.1791,1.62,18.372
Car A,2079,138.6,6,116.176,3,-17.484,-0.09,-0.09,5.7231,0.1975,-0.1152,1.0,-0.1164,-3.406,-18.39
Car B,2079,138.6,7,0.906,1,0.906,-0.078,-0.078,5.979,-0.029,-0.4525,1.0,0.0666,-4.468,18.39
Car A,2080,138.6667,6,116.559,3,-17.102,-0.082,-0.082,5.7585,0.5302,-0.9769,1.0,-0.0599,-2.911,-18.406
Car B,2080,138.6667,7,1.304,1,1.304,-0.082,-0.082,5.9803,0.0189,0.3182,1.0,-0.1872,1.657,18.406
Car A,2081,138.7333,6,116.946,3,-16.714,-0.077,-0.077,5.8561,1.4649,-0.5668,1.0,-0.0512,-1.5,-18.417
Car B,2081,138.7333,7,1.703,1,1.703,-0.082,-0.082,5.9776,-0.0403,-0.461,1.0,0.0634,-4.67,18.417
Car A,2082,138.8,6,117.341,3,-16.32,-0.073,-0.073,5.9457,1.3427,-0.5019,1.0,-0.0364,-1.253,-18.421
Car B,2082,138.8,7,2.101,1,2.101,-0.087,-0.087,5.9787,0.0174,0.3145,1.0,-0.2436,1.575,18.421
Car A,2083,138.8667,6,117.74,3,-15.92,-0.07,-0.07,6.0195,1.1077,-0.2333,1.0,-0.0281,-0.895,-18.42
Car B,2083,138.8667,7,2.5,1,2.5,-0.088,-0.088,5.976,-0.0406,-0.483,1.0,0.0549,-6.078,18.42
Car A,2084,138.9333,6,118.142,3,-15.518,-0.066,-0.066,6.0215,0.0296,-0.1734,1.0,-0.0261,-0.691,-18.417
Car B,2084,138.9333,7,2.898,1,2.898,-0.094,-0.094,5.9776,0.0232,0.2968,1.0,-0.2169,1.362,18.417
Car A,2085,139.0,6,118.543,3,-15.117,-0.062,-0.062,6.0165,-0.0746,-0.1411,1.0,-0.0256,-0.638,-18.414
Car B,2085,139.0,7,3.296,1,3.296,-0.097,-0.097,5.975,-0.0393,-0.5045,1.0,0.0697,-5.411,18.414
Car A,2086,139.0667,6,118.944,3,-14.716,-0.059,-0.059,6.0137,-0.0418,-0.1104,1.0,-0.0257,-0.622,-18.411
Car B,2086,139.0667,7,3.695,1,3.695,-0.104,-0.104,5.9766,0.0242,0.2809,1.0,-0.163,1.73,18.411
Car A,2087,139.1333,6,119.345,3,-14.315,-0.056,-0.056,6.0126,-0.0172,-0.1049,1.0,-0.0252,-0.623,-18.408
Car B,2087,139.1333,7,4.093,1,4.093,-0.108,-0.108,5.9743,-0.0345,-0.4648,1.0,0.0741,-4.066,18.408
Car A,2088,139.2,6,119.746,3,-13.914,-0.054,-0.054,6.0128,0.0033,-0.1048,1.0,-0.0239,-0.61,-18.405
Car B,2088,139.2,7,4.491,1,4.491,-0.116,-0.116,5.9756,0.0204,0.3108,1.0,-0.144,1.843,18.405
Car A,2089,139.2667,6,120.147,3,-13.513,-0.052,-0.052,6.0133,0.0082,-0.1119,1.0,-0.0219,-0.581,-18.403
Car B,2089,139.2667,7,4.889,1,4.889,-0.12,-0.12,5.9741,-0.0231,-0.4398,1.0,0.0773,-3.592,18.403
Car A,2090,139.3333,6,120.548,3,-13.112,-0.051,-0.051,6.0135,0.0019,-0.124,1.0,-0.0192,-0.533,-18.4
Car B,2090,139.3333,7,5.287,1,5.288,-0.128,-0.128,5.9749,0.0124,0.3327,1.0,-0.1302,1.924,18.4
Car A,2091,139.4,6,120.949,3,-12.712,-0.05,-0.05,5.995,-0.2772,-0.0969,1.0,-0.0192,-0.469,-18.397
Car B,2091,139.4,7,5.686,1,5.686,-0.133,-0.133,5.9732,-0.0263,-0.4184,1.0,0.0808,-3.247,18.397
Car A,2092,139.4667,6,121.348,3,-12.312,-0.05,-0.05,5.993,-0.0306,-0.0906,1.0,-0.0175,-0.468,-18.396
Car B,2092,139.4667,7,6.084,1,6.084,-0.142,-0.142,5.9739,0.0113,0.3471,1.0,-0.1116,2.011,18.396
Car A,2093,139.5333,6,121.748,3,-11.913,-0.05,-0.05,5.9917,-0.0195,-0.1142,1.0,-0.0142,-0.429,-18.395
Car B,2093,139.5333,7,6.482,1,6.482,-0.147,-0.147,5.9733,-0.009,-0.408,1.0,0.0832,-2.782,18.395
Car A,2094,139.6,6,122.147,3,-11.513,-0.051,-0.051,5.9913,-0.0048,-0.0648,1.0,-0.0119,-0.351,-18.393
Car B,2094,139.6,7,6.88,1,6.88,-0.155,-0.155,5.9731,-0.0036,0.3543,1.0,-0.0994,2.071,18.393
Car A,2095,139.6667,6,122.546,3,-11.114,-0.052,-0.052,5.9923,0.0138,-0.0702,1.0,-0.0082,-0.294,-18.392
Car B,2095,139.6667,7,7.278,1,7.278,-0.161,-0.161,5.9732,0.0017,-0.3934,1.0,0.0846,-2.478,18.392
Car A,2096,139.7333,6,122.946,3,-10.714,-0.054,-0.054,6.0014,0.1375,-0.0382,1.0,-0.0039,-0.203,-18.39
Car B,2096,139.7333,7,7.676,1,7.676,-0.169,-0.169,5.973,-0.0027,0.3635,1.0,-0.0925,2.107,18.39
Car A,2097,139.8,6,123.347,3,-10.314,-0.056,-0.056,6.0076,0.0934,-0.0512,1.0,0.001,-0.099,-18.388
Car B,2097,139.8,7,8.074,1,8.074,-0.175,-0.175,5.9733,0.0039,-0.3852,1.0,0.0854,-2.306,18.388
Car A,2098,139.8667,6,123.747,3,-9.914,-0.058,-0.058,5.9981,-0.1439,-0.0302,1.0,0.0013,0.02,-18.386
Car B,2098,139.8667,7,8.472,1,8.472,-0.184,-0.184,5.9732,-0.0015,0.3672,1.0,-0.0782,2.129,18.386
Car A,2099,139.9333,6,124.147,3,-9.514,-0.06,-0.06,6.0008,0.0405,-0.0017,1.0,0.0023,0.032,-18.384
Car B,2099,139.9333,7,8.871,1,8.871,-0.189,-0.189,5.9734,0.0041,-0.3787,1.0,0.087,-1.95,18.384
Car A,2100,140.0,6,124.547,3,-9.114,-0.061,-0.061,6.0008,0.0,0.005,1.0,0.0037,0.056,-18.382
Car B,2100,140.0,7,9.269,1,9.269,-0.197,-0.197,5.9725,-0.0148,0.384,1.0,-0.0757,2.169,18.382
Car A,2101,140.0667,6,124.947,3,-8.714,-0.063,-0.063,6.0009,0.0029,0.0033,1.0,0.0053,0.09,-18.38
Car B,2101,140.0667,7,9.667,1,9.667,-0.203,-0.203,5.9733,0.0126,-0.3705,1.0,0.0878,-1.886,18.38
Car A,2102,140.1333,6,125.347,3,-8.313,-0.065,-0.065,6.0013,0.0052,0.0092,1.0,0.0068,0.127,-18.378
Car B,2102,140.1333,7,10.065,1,10.065,-0.211,-0.211,5.9725,-0.0126,0.3889,1.0,-0.0678,2.189,18.378
Car A,2103,140.2,6,125.747,3,-7.913,-0.067,-0.067,6.0021,0.0127,0.0148,1.0,0.008,0.164,-18.376
Car B,2103,140.2,7,10.463,1,10.463,-0.216,-0.216,5.9734,0.0141,-0.3627,1.0,0.0885,-1.688,18.376
Car A,2104,140.2667,6,126.147,3,-7.513,-0.068,-0.068,6.0033,0.0174,0.023,1.0,0.009,0.193,-18.374
Car B,2104,140.2667,7,10.861,1,10.861,-0.224,-0.224,5.9732,-0.0033,0.406,1.0,-0.0664,2.205,18.374
Car A,2105,140.3333,6,126.547,3,-7.113,-0.07,-0.07,6.0039,0.0087,0.0324,1.0,0.0093,0.218,-18.372
Car B,2105,140.3333,7,11.259,1,11.259,-0.229,-0.229,5.9736,0.0058,-0.3538,1.0,0.0888,-1.653,18.372
Car A,2106,140.4,6,126.948,3,-6.713,-0.071,-0.071,6.0042,0.0041,0.035,1.0,0.0096,0.227,-18.37
Car B,2106,140.4,7,11.657,1,11.657,-0.236,-0.236,5.973,-0.0091,0.413,1.0,-0.0644,2.213,18.37
Car A,2107,140.4667,6,127.348,3,-6.312,-0.072,-0.072,6.0047,0.008,0.0367,1.0,0.0094,0.233,-18.368
Car B,2107,140.4667,7,12.055,1,12.055,-0.24,-0.24,5.9737,0.0112,-0.3486,1.0,0.0891,-1.603,18.368
Car A,2108,140.5333,6,127.748,3,-5.912,-0.073,-0.073,6.0053,0.0091,0.0372,1.0,0.0093,0.229,-18.365
Car B,2108,140.5333,7,12.453,1,12.454,-0.247,-0.247,5.9732,-0.008,0.4193,1.0,-0.063,2.221,18.365
Car A,2109,140.6,6,128.149,3,-5.511,-0.073,-0.073,6.0052,-0.001,0.0388,1.0,0.0086,0.225,-18.363
Car B,2109,140.6,7,12.852,1,12.852,-0.251,-0.251,5.9736,0.0073,-0.3441,1.0,0.0892,-1.57,18.363
Car A,2110,140.6667,6,128.549,3,-5.111,-0.074,-0.074,6.0056,0.0063,0.0407,1.0,0.0079,0.21,-18.361
Car B,2110,140.6667,7,13.25,1,13.25,-0.257,-0.257,5.9732,-0.0061,0.4258,1.0,-0.0635,2.224,18.361
Car A,2111,140.7333,6,128.95,3,-4.711,-0.074,-0.074,6.0054,-0.0034,0.0388,1.0,0.007,0.194,-18.359
Car B,2111,140.7333,7,13.648,1,13.648,-0.26,-0.26,5.974,0.0112,-0.343,1.0,0.0894,-1.58,18.359
Car A,2112,140.8,6,129.35,3,-4.31,-0.074,-0.074,6.0058,0.0053,0.0408,1.0,0.006,0.17,-18.356
Car B,2112,140.8,7,14.046,1,14.046,-0.266,-0.266,5.9734,-0.0083,0.4247,1.0,-0.0617,2.228,18.356
Car A,2113,140.8667,6,129.75,3,-3.91,-0.074,-0.074,6.0049,-0.0125,0.0364,1.0,0.0048,0.147,-18.354
Car B,2113,140.8667,7,14.444,1,14.444,-0.269,-0.269,5.9741,0.0106,-0.3408,1.0,0.0894,-1.538,18.354
Car A,2114,140.9333,6,130.151,3,-3.509,-0.073,-0.073,6.0047,-0.0035,0.0259,1.0,0.0041,0.118,-18.352
Car B,2114,140.9333,7,14.842,1,14.842,-0.274,-0.274,5.9732,-0.0147,0.4313,1.0,-0.0649,2.229,18.352
Car A,2115,141.0,6,130.551,3,-3.109,-0.073,-0.073,6.0039,-0.0123,0.0271,1.0,0.0028,0.1,-18.35
Car B,2115,141.0,7,15.241,1,15.241,-0.276,-0.276,5.9742,0.0157,-0.341,1.0,0.0834,-1.617,18.35
Car A,2116,141.0667,6,130.951,3,-2.709,-0.072,-0.072,6.0011,-0.0418,0.0046,1.0,0.002,0.069,-18.348
Car B,2116,141.0667,7,15.639,1,15.639,-0.281,-0.281,5.9732,-0.0153,0.4265,1.0,-0.1241,2.08,18.348
Car A,2117,141.1333,6,131.351,3,-2.309,-0.071,-0.071,5.9998,-0.0195,0.0156,1.0,0.0006,0.051,-18.346
Car B,2117,141.1333,7,16.037,1,16.037,-0.283,-0.283,5.9723,-0.0136,-0.3665,1.0,0.0404,-3.093,18.346
Car A,2118,141.2,6,131.751,3,-1.909,-0.07,-0.07,5.9989,-0.013,0.0283,1.0,-0.0013,0.016,-18.344
Car B,2118,141.2,7,16.435,1,16.435,-0.288,-0.288,5.9767,0.0668,0.3464,1.0,-0.1534,1.004,18.344
Car A,2119,141.2667,6,132.151,3,-1.509,-0.069,-0.069,5.999,0.0002,0.0178,1.0,-0.0022,-0.029,-18.343
Car B,2119,141.2667,7,16.834,1,16.834,-0.293,-0.293,5.9769,0.003,-0.5668,1.0,0.086,-3.828,18.343
Car A,2120,141.3333,6,132.551,3,-1.109,-0.068,-0.068,6.0005,0.0231,0.0024,1.0,-0.0021,-0.053,-18.341
Car B,2120,141.3333,7,17.232,1,17.232,-0.301,-0.301,5.9776,0.0093,0.2377,1.0,-0.0772,2.14,18.341
Car A,2121,141.4,6,132.951,3,-0.709,-0.068,-0.068,6.0014,0.014,-0.0165,1.0,-0.0014,-0.05,-18.339
Car B,2121,141.4,7,17.63,1,17.63,-0.307,-0.307,5.9778,0.0041,-0.454,1.0,0.1089,-1.923,18.339
Car A,2122,141.4667,6,133.352,3,-0.309,-0.067,-0.067,6.0006,-0.0124,-0.0313,1.0,-0.0007,-0.034,-18.337
Car B,2122,141.4667,7,18.029,1,18.029,-0.314,-0.314,5.9764,-0.0213,0.3843,1.0,0.9626,2.715,18.337
Car A,2123,141.5333,7,0.091,1,0.091,-0.066,-0.066,6.0019,0.0193,0.0431,1.0,-0.0028,-0.017,-18.335
Car B,2123,141.5333,7,18.426,1,18.427,-0.31,-0.31,5.9695,-0.104,1.065,1.0,0.4546,24.032,18.335
Car A,2124,141.6,7,0.491,1,0.492,-0.066,-0.066,6.0027,0.0129,-0.0025,1.0,-0.0019,-0.067,-18.332
Car B,2124,141.6,7,18.824,1,18.824,-0.291,-0.291,5.9544,-0.2259,2.0761,1.0,1.0,11.384,18.332
Car A,2125,141.6667,7,0.892,1,0.892,-0.065,-0.065,6.001,-0.0268,-0.0343,1.0,-0.0009,-0.046,-18.327
Car B,2125,141.6667,7,19.219,1,19.219,-0.257,-0.257,5.9409,-0.2031,2.7073,1.0,1.0,24.978,18.327
Car A,2126,141.7333,7,1.292,1,1.292,-0.065,-0.065,6.0012,0.0029,-0.0115,1.0,-0.002,-0.023,-18.32
Car B,2126,141.7333,7,19.612,1,19.612,-0.206,-0.206,5.9289,-0.1798,3.1852,1.0,0.6677,25.0,18.32
Car A,2127,141.8,7,1.692,1,1.692,-0.064,-0.064,6.0005,-0.0098,-0.0023,1.0,-0.0049,-0.049,-18.308
Car B,2127,141.8,7,20.0,1,20.002,-0.136,-0.136,5.9218,-0.106,3.5273,1.0,0.7315,16.704,18.308
Car A,2128,141.8667,7,2.092,1,2.092,-0.063,-0.063,5.9994,-0.0163,0.0114,1.0,-0.0082,-0.116,-18.291
Car B,2128,141.8667,7,20.383,1,20.388,-0.049,-0.079,5.9145,-0.1105,3.8165,1.0,0.9509,18.285,18.291
Car A,2129,141.9333,7,2.492,1,2.492,-0.062,-0.062,6.0007,0.0199,-0.0136,1.0,-0.0103,-0.194,-18.28
Car B,2129,141.9333,7,20.771,1,20.769,0.057,-0.003,5.9065,-0.1187,4.0535,1.0,0.5157,23.764,18.28
Car A,2130,142.0,7,2.892,1,2.892,-0.061,-0.061,6.0026,0.0275,-0.0211,1.0,-0.0143,-0.247,-18.276
Car B,2130,142.0,7,21.168,1,21.146,0.181,0.056,5.9318,0.3792,4.0461,1.0,1.0,12.908,18.276
Car A,2131,142.0667,7,3.292,1,3.293,-0.062,-0.062,6.0132,0.1586,-0.1654,1.0,-0.007,-0.336,-18.269
Car B,2131,142.0667,7,21.562,1,21.517,0.323,0.107,5.9231,-0.1306,4.1957,1.0,0.8123,24.981,18.269
Car A,2132,142.1333,7,3.693,1,3.693,-0.062,-0.062,6.0042,-0.1342,-0.0766,1.0,-0.0115,-0.172,-18.286
Car B,2132,142.1333,7,21.979,1,21.879,0.483,0.166,5.9189,-0.0639,4.3337,1.0,1.0,20.315,18.286
Car A,2133,142.2,7,4.093,1,4.093,-0.064,-0.064,5.9981,-0.0923,-0.0204,1.0,-0.0128,-0.279,-18.281
Car B,2133,142.2,7,22.374,1,22.233,0.662,0.196,5.9123,-0.0983,4.4481,1.0,1.0,24.992,18.281
Car A,2134,142.2667,7,4.493,1,4.493,-0.064,-0.064,5.9975,-0.008,-0.0527,1.0,-0.0128,-0.312,-18.273
Car B,2134,142.2667,7,22.766,1,22.576,0.859,0.246,5.9067,-0.0845,4.5329,1.0,0.672,24.999,18.273
Car A,2135,142.3333,7,4.893,1,4.893,-0.066,-0.066,5.9956,-0.0282,-0.0565,1.0,-0.0131,-0.311,-18.309
Car B,2135,142.3333,7,23.201,1,22.909,1.074,0.262,5.907,0.0056,4.577,1.0,1.0,16.812,18.309
Car A,2136,142.4,7,5.293,1,5.293,-0.067,-0.067,5.9959,0.0035,-0.0559,1.0,-0.0122,-0.319,-18.303
Car B,2136,142.4,7,23.596,1,23.229,1.306,0.292,5.9017,-0.0799,4.657,1.0,1.0,24.987,18.303
Car A,2137,142.4667,7,5.692,1,5.693,-0.069,-0.069,5.9946,-0.0193,-0.0562,1.0,-0.0118,-0.299,-18.347
Car B,2137,142.4667,7,24.039,1,23.537,1.555,0.304,5.8973,-0.0657,4.6811,1.0,1.0,24.999,18.347
Car A,2138,142.5333,7,6.092,1,6.092,-0.072,-0.072,5.9956,0.015,-0.0588,1.0,-0.0095,-0.289,-18.342
Car B,2138,142.5333,7,24.434,1,23.83,1.819,0.315,5.8931,-0.0636,4.7187,1.0,1.0,24.999,18.342
Car A,2139,142.6,7,6.492,1,6.492,-0.075,-0.075,6.0026,0.1047,-0.1069,1.0,-0.0051,-0.235,-18.389
Car B,2139,142.6,7,24.881,1,24.109,2.099,0.324,5.8891,-0.0605,4.7448,1.0,1.0,24.999,18.389
Car A,2140,142.6667,7,6.892,1,6.892,-0.078,-0.078,6.0063,0.0565,-0.0559,1.0,-0.0015,-0.129,-18.383
Car B,2140,142.6667,7,25.275,1,24.371,2.394,0.315,5.8853,-0.0565,4.7683,1.0,1.0,24.999,18.383
Car A,2141,142.7333,7,7.293,1,7.293,-0.081,-0.081,6.0018,-0.0687,0.0273,1.0,-0.004,-0.036,-18.428
Car B,2141,142.7333,7,25.721,1,24.618,2.702,0.321,5.8817,-0.0532,4.7872,1.0,1.0,24.999,18.428
Car A,2142,142.8,7,7.693,1,7.693,-0.084,-0.084,6.0015,-0.0039,-0.0044,1.0,0.0005,-0.095,-18.421
Car B,2142,142.8,7,26.114,1,24.846,3.023,0.294,5.8784,-0.0506,4.8023,1.0,1.0,24.999,18.421
Car A,2143,142.8667,7,8.093,1,8.093,-0.088,-0.088,6.007,0.0827,-0.0183,1.0,0.0057,0.007,-18.415
Car B,2143,142.8667,7,26.508,1,25.057,3.356,0.288,5.8751,-0.049,4.8144,1.0,1.0,24.999,18.415
Car A,2144,142.9333,7,8.494,1,8.494,-0.091,-0.091,6.0053,-0.026,-0.0152,1.0,0.0082,0.134,-18.452
Car B,2144,142.9333,7,26.945,1,25.249,3.7,0.252,5.8719,-0.0478,4.8217,1.0,1.0,24.999,18.452
Car A,2145,143.0,7,8.894,1,8.894,-0.094,-0.094,6.0018,-0.0525,0.0197,1.0,0.0102,0.199,-18.444
Car B,2145,143.0,7,27.338,1,25.422,4.054,0.227,5.8689,-0.0458,4.8289,1.0,1.0,24.999,18.444
Car A,2146,143.0667,7,9.294,1,9.294,-0.098,-0.098,5.9998,-0.0295,0.0316,1.0,0.0123,0.248,-18.471
Car B,2146,143.0667,7,27.765,1,25.575,4.417,0.191,5.8659,-0.0442,4.8347,1.0,1.0,24.999,18.471
Car A,2147,143.1333,7,9.694,1,9.694,-0.101,-0.101,5.9992,-0.0095,0.0407,1.0,0.0164,0.299,-18.461
Car B,2147,143.1333,7,28.156,1,25.708,4.787,0.148,5.863,-0.0433,4.8401,1.0,1.0,24.999,18.461
Car A,2148,143.2,7,10.094,1,10.094,-0.102,-0.102,5.9949,-0.0648,0.0229,1.0,0.0162,0.39,-18.473
Car B,2148,143.2,7,28.567,1,25.82,5.164,0.114,5.8602,-0.0427,4.8424,1.0,1.0,24.999,18.473
Car A,2149,143.2667,7,10.493,1,10.494,-0.104,-0.104,5.995,0.0017,0.082,1.0,0.0185,0.395,-18.462
Car B,2149,143.2667,7,28.955,1,25.911,5.546,0.053,5.8574,-0.0412,4.8457,1.0,0.9722,24.999,18.462
Car A,2150,143.3333,7,10.893,1,10.893,-0.106,-0.106,5.9967,0.0258,0.0784,1.0,0.0219,0.449,-18.453
Car B,2150,143.3333,7,29.346,1,25.981,5.932,0.014,5.855,-0.0363,4.8437,1.0,0.3177,24.306,18.453
Car A,2151,143.4,7,11.293,1,11.293,-0.106,-0.106,5.9855,-0.1685,0.15,1.0,0.0109,0.524,-18.444
Car B,2151,143.4,7,29.737,1,26.038,6.322,-0.038,5.9039,0.7325,3.0516,1.0,0.6171,7.968,18.444
Car A,2152,143.4667,7,11.692,1,11.692,-0.106,-0.106,5.9882,0.0412,0.0308,1.0,0.0175,0.274,-18.436
Car B,2152,143.4667,7,30.128,1,26.089,6.713,-0.089,5.8963,-0.1129,3.2871,1.0,0.3886,15.415,18.436
Car A,2153,143.5333,7,12.091,1,12.091,-0.105,-0.105,5.9938,0.0835,0.0047,1.0,0.0136,0.423,-18.431
Car B,2153,143.5333,7,30.522,1,26.124,7.107,-0.124,5.9347,0.576,3.3389,1.0,0.1195,9.722,18.431
Car A,2154,143.6,7,12.491,1,12.491,-0.104,-0.104,5.9902,-0.0528,0.0995,1.0,0.005,0.335,-18.427
Car B,2154,143.6,7,30.918,1,26.152,7.503,-0.152,5.9623,0.413,1.7806,1.0,-0.0963,2.999,18.427
Car A,2155,143.6667,7,12.89,1,12.89,-0.102,-0.102,5.9994,0.138,0.0703,1.0,0.0065,0.127,-18.424
Car B,2155,143.6667,7,31.314,1,26.189,7.899,-0.189,5.973,0.161,0.2133,1.0,0.1088,-2.399,18.424
Car A,2156,143.7333,7,13.29,1,13.29,-0.101,-0.101,5.9997,0.0045,0.0279,1.0,0.0097,0.158,-18.42
Car B,2156,143.7333,7,31.711,1,26.23,8.296,-0.23,5.9733,0.005,0.7683,1.0,0.1044,2.711,18.42
Car A,2157,143.8,7,13.69,1,13.691,-0.101,-0.101,6.0016,0.027,0.0262,1.0,0.0096,0.234,-18.418
Car B,2157,143.8,7,32.108,1,26.261,8.693,-0.261,5.9981,0.3714,0.9945,1.0,0.0946,2.611,18.418
Car A,2158,143.8667,7,14.09,1,14.09,-0.099,-0.099,5.9975,-0.0608,0.0486,1.0,0.0057,0.234,-18.418
Car B,2158,143.8667,7,32.509,1,26.289,9.094,-0.289,6.0237,0.385,0.9193,1.0,0.0915,2.365,18.418
Car A,2159,143.9333,7,14.49,1,14.49,-0.097,-0.097,5.9957,-0.0263,0.0808,1.0,0.003,0.141,-18.42
Car B,2159,143.9333,7,32.91,1,26.313,9.495,-0.313,6.0079,-0.2373,0.9236,1.0,0.0526,2.286,18.42
Car A,2160,144.0,7,14.89,1,14.89,-0.095,-0.095,5.9968,0.0162,0.0493,1.0,0.0016,0.075,-18.42
Car B,2160,144.0,7,33.31,1,26.336,9.895,-0.336,6.017,0.1361,0.5046,1.0,0.1007,1.314,18.42
Car A,2161,144.0667,7,15.29,1,15.29,-0.092,-0.092,5.9989,0.0304,0.0079,1.0,0.0242,0.039,-18.421
Car B,2161,144.0667,7,33.711,1,26.355,10.296,-0.355,6.0305,0.2031,0.9873,1.0,-0.0417,2.515,18.421
Car A,2162,144.1333,7,15.69,1,15.69,-0.088,-0.088,5.9888,-0.1511,0.2795,1.0,0.0031,0.592,-18.423
Car B,2162,144.1333,7,34.112,1,26.373,10.697,-0.373,6.0291,-0.0212,-0.0717,1.0,0.1189,-1.036,18.423
Car A,2163,144.2,7,16.089,1,16.089,-0.085,-0.085,6.0042,0.232,0.0792,0.9093,0.0757,0.079,-18.424
Car B,2163,144.2,7,34.513,1,26.394,11.098,-0.394,6.0237,-0.0815,0.5945,1.0,0.3648,2.967,18.424
Car A,2164,144.2667,7,16.484,1,16.484,-0.077,-0.077,5.8773,-1.9043,0.6493,0.9515,0.0212,1.889,-18.43
Car B,2164,144.2667,7,34.914,1,26.403,11.499,-0.403,6.014,-0.1447,1.5411,1.0,0.0526,9.109,18.43
Car A,2165,144.3333,7,16.873,1,16.873,-0.068,-0.068,5.7628,-1.7171,0.1858,0.9102,0.0187,0.532,-18.443
Car B,2165,144.3333,7,35.316,1,26.405,11.901,-0.405,6.0176,0.0529,0.5163,1.0,1.0,1.326,18.443
Car A,2166,144.4,7,17.249,1,17.249,-0.06,-0.06,5.5821,-2.7112,0.1551,1.0,1.0,0.469,-18.467
Car B,2166,144.4,7,35.716,1,26.406,12.301,-0.406,6.0134,-0.0625,1.1076,1.0,0.9342,24.964,18.467
Car A,2167,144.4667,7,17.621,1,17.621,-0.046,-0.046,5.5824,0.0044,0.7978,1.0,0.7051,24.963,-18.496
Car B,2167,144.4667,7,36.117,1,26.393,12.702,-0.393,5.9958,-0.2634,2.1199,1.0,0.1312,23.358,18.496
Car A,2168,144.5333,7,17.992,1,17.992,-0.019,-0.019,5.5742,-0.1221,1.8156,1.0,0.9344,17.639,-18.524
Car B,2168,144.5333,7,36.516,1,26.372,13.101,-0.372,6.0074,0.1735,1.2452,1.0,0.99,3.31,18.524
Car A,2169,144.6,7,18.362,1,18.362,0.024,0.024,5.5666,-0.1153,2.4592,0.5004,-0.5521,23.351,-18.554
Car B,2169,144.6,7,36.915,1,26.345,13.5,-0.345,5.9968,-0.1588,1.711,1.0,0.9176,24.717,18.554
Car A,2170,144.6667,7,18.728,1,18.728,0.073,0.073,5.5336,-0.4944,1.4976,1.0,-1.0,-13.745,-18.585
Car B,2170,144.6667,7,37.312,1,26.304,13.897,-0.304,5.9778,-0.2855,2.6209,1.0,1.0,22.943,18.585
Car A,2171,144.7333,7,19.094,1,19.094,0.114,0.114,5.5358,0.0333,-0.1037,1.0,-0.6423,-24.983,-18.593
Car B,2171,144.7333,7,37.687,1,26.244,14.292,-0.266,5.9649,-0.1927,3.1186,1.0,1.0,24.996,18.593
Car A,2172,144.8,7,19.462,1,19.462,0.142,0.142,5.535,-0.012,-1.0404,1.0,-0.3643,-16.071,-18.62
Car B,2172,144.8,7,38.082,1,26.167,14.683,-0.22,5.9532,-0.1767,3.5075,1.0,1.0,25.0,18.62
Car A,2173,144.8667,7,19.831,1,19.831,0.157,0.157,5.5378,0.0426,-1.7906,1.0,1.0,-9.117,-18.618
Car B,2173,144.8667,7,38.449,1,26.072,15.069,-0.172,5.9427,-0.1566,3.8082,1.0,1.0,25.0,18.618
Car A,2174,144.9333,7,20.213,1,20.2,0.168,0.152,5.5357,-0.0322,-0.7088,1.0,1.0,24.949,-18.633
Car B,2174,144.9333,7,38.846,1,25.958,15.45,-0.151,5.9335,-0.1378,4.0361,1.0,1.0,25.0,18.633
Car A,2175,145.0,7,20.582,1,20.569,0.188,0.142,5.5363,0.0091,0.5324,1.0,1.0,24.999,-18.659
Car B,2175,145.0,7,39.241,1,25.826,15.824,-0.109,5.9255,-0.1207,4.2134,1.0,1.0,25.0,18.659
Car A,2176,145.0667,7,20.974,1,20.936,0.222,0.144,5.5298,-0.0972,1.4367,1.0,1.0,25.0,-18.647
Car B,2176,145.0667,7,39.621,1,25.674,16.19,-0.099,5.9184,-0.1067,4.3489,1.0,1.0,24.999,18.647
Car A,2177,145.1333,7,21.34,1,21.302,0.27,0.106,5.5225,-0.1105,2.1483,1.0,1.0,25.0,-18.676
Car B,2177,145.1333,7,40.017,1,25.504,16.548,-0.079,5.912,-0.0955,4.4558,1.0,1.0,24.999,18.676
Car A,2178,145.2,7,21.708,1,21.665,0.334,0.084,5.5149,-0.1127,2.7127,1.0,1.0,25.0,-18.694
Car B,2178,145.2,7,40.402,1,25.316,16.896,-0.064,5.9063,-0.085,4.5412,1.0,1.0,24.999,18.694
Car A,2179,145.2667,7,22.087,1,22.024,0.416,0.048,5.5081,-0.1025,3.1598,1.0,1.0,25.0,-18.711
Car B,2179,145.2667,7,40.798,1,25.109,17.234,-0.065,5.9011,-0.078,4.6067,1.0,1.0,24.999,18.711
Car A,2180,145.3333,7,22.452,1,22.379,0.514,0.003,5.5024,-0.0859,3.5156,1.0,1.0,25.0,-18.733
Car B,2180,145.3333,7,41.186,1,24.885,17.56,-0.045,5.8964,-0.0713,4.6584,1.0,1.0,24.999,18.733
Car A,2181,145.4,7,22.82,1,22.728,0.631,-0.023,5.498,-0.0664,3.7973,1.0,1.0,25.0,-18.761
Car B,2181,145.4,7,41.58,1,24.644,17.873,-0.065,5.8921,-0.0647,4.6997,1.0,1.0,24.999,18.761
Car A,2182,145.4667,7,23.179,1,23.071,0.766,-0.086,5.4947,-0.0489,4.0172,1.0,1.0,25.0,-18.796
Car B,2182,145.4667,7,41.975,1,24.387,18.172,-0.064,5.888,-0.0611,4.733,1.0,1.0,24.999,18.796
Car A,2183,145.5333,7,23.545,1,23.406,0.919,-0.131,5.4926,-0.0308,4.1911,1.0,1.0,24.999,-18.815
Car B,2183,145.5333,7,42.36,1,24.114,18.457,-0.079,5.8842,-0.0573,4.76,1.0,1.0,24.999,18.815
Car A,2184,145.6,7,23.886,1,23.732,1.09,-0.176,5.4915,-0.017,4.3277,1.0,1.0,24.999,-18.868
Car B,2184,145.6,7,42.754,1,23.825,18.726,-0.097,5.8806,-0.054,4.779,1.0,1.0,24.999,18.868
Car A,2185,145.6667,7,24.25,1,24.049,1.279,-0.237,5.4912,-0.0054,4.4366,1.0,1.0,24.999,-18.883
Car B,2185,145.6667,7,43.133,1,23.523,18.979,-0.105,5.8771,-0.0518,4.7949,1.0,1.0,24.999,18.883
Car A,2186,145.7333,7,24.616,1,24.354,1.486,-0.278,5.4915,0.0055,4.5237,1.0,1.0,24.999,-18.909
Car B,2186,145.7333,7,43.525,1,23.208,19.216,-0.142,5.8738,-0.0494,4.8081,1.0,1.0,24.999,18.909
Car A,2187,145.8,7,24.934,1,24.647,1.71,-0.338,5.4924,0.0131,4.5929,1.0,1.0,24.999,-18.984
Car B,2187,145.8,7,43.918,1,22.88,19.434,-0.156,5.8707,-0.047,4.8176,1.0,1.0,24.999,18.984
Car A,2188,145.8667,7,25.298,1,24.927,1.95,-0.395,5.4937,0.0203,4.65,1.0,1.0,24.999,-18.986
Car B,2188,145.8667,7,44.285,1,22.541,19.634,-0.196,5.8677,-0.0458,4.8256,1.0,1.0,24.999,18.986
Car A,2189,145.9333,7,25.649,1,25.192,2.206,-0.431,5.4954,0.0248,4.6944,1.0,1.0,24.999,-19.028
Car B,2189,145.9333,7,44.677,2,22.192,19.815,-0.229,5.8647,-0.0446,4.8326,1.0,1.0,24.999,19.028
Car A,2190,146.0,7,25.96,1,25.443,2.477,-0.5,5.4974,0.0304,4.7312,1.0,1.0,24.999,-19.07
Car B,2190,146.0,7,45.031,2,21.833,19.976,-0.257,5.8618,-0.044,4.8372,1.0,1.0,24.999,19.07
Car A,2191,146.0667,7,26.326,1,25.678,2.763,-0.551,5.4996,0.0329,4.7603,1.0,1.0,24.999,-19.094
Car B,2191,146.0667,7,45.42,2,21.466,20.117,-0.309,5.859,-0.0418,4.8406,1.0,1.0,24.999,19.094
Car A,2192,146.1333,7,26.602,1,25.895,3.061,-0.59,5.502,0.0354,4.7828,1.0,1.0,24.999,-19.21
Car B,2192,146.1333,7,45.812,2,21.092,20.238,-0.339,5.8563,-0.0407,4.8441,1.0,1.0,24.999,19.21
Car A,2193,146.2,7,26.966,1,26.095,3.372,-0.656,5.5045,0.0378,4.8014,1.0,1.0,24.999,-19.18
Car B,2193,146.2,7,46.146,2,20.712,20.337,-0.392,5.8535,-0.0415,4.8462,1.0,1.0,24.999,19.18
Car A,2194,146.2667,7,27.333,1,26.277,3.694,-0.7,5.5071,0.0389,4.8165,1.0,1.0,24.999,-19.202
Car B,2194,146.2667,7,46.536,2,20.328,20.416,-0.44,5.8509,-0.039,4.8484,1.0,1.0,24.999,19.202
Car A,2195,146.3333,7,27.588,1,26.44,4.027,-0.741,5.5097,0.0399,4.8292,1.0,1.0,24.999,-19.303
Car B,2195,146.3333,7,46.89,2,19.94,20.473,-0.473,5.8483,-0.0391,4.8498,1.0,0.9393,24.999,19.303
Car A,2196,146.4,7,27.953,1,26.583,4.368,-0.8,5.5124,0.0405,4.8385,1.0,1.0,24.999,-19.328
Car B,2196,146.4,7,47.281,2,19.549,20.509,-0.509,5.8464,-0.0284,4.8449,1.0,0.2873,23.484,19.328
Car A,2197,146.4667,7,28.322,1,26.706,4.718,-0.838,5.5151,0.0404,4.8454,1.0,1.0,24.999,-19.352
Car B,2197,146.4667,7,47.673,2,19.157,20.531,-0.531,5.8944,0.7199,3.0543,1.0,-0.4228,7.207,19.352
Car A,2198,146.5333,7,28.555,1,26.808,5.074,-0.878,5.5178,0.0405,4.8519,1.0,1.0,24.999,-19.511
Car B,2198,146.5333,7,48.067,2,18.763,20.559,-0.559,5.9141,0.2964,1.3381,1.0,-0.2666,-10.542,19.511
Car A,2199,146.6,7,28.922,1,26.889,5.436,-0.931,5.5205,0.0408,4.8567,1.0,1.0,24.999,-19.537
Car B,2199,146.6,7,48.459,2,18.371,20.596,-0.596,5.9191,0.0737,-0.0802,1.0,0.0421,-6.67,19.537
Car A,2200,146.6667,7,29.292,1,26.95,5.802,-0.962,5.5232,0.0402,4.8603,1.0,1.0,24.999,-19.56
Car B,2200,146.6667,7,48.852,2,17.978,20.638,-0.638,5.9424,0.3494,0.402,1.0,-0.0003,1.041,19.56
Car A,2201,146.7333,7,29.586,1,26.988,6.171,-0.988,5.5259,0.0402,4.8645,1.0,1.0,24.999,-19.661
Car B,2201,146.7333,7,49.248,2,17.583,20.678,-0.678,5.9866,0.6637,0.0099,1.0,0.1191,-0.004,19.661
Car A,2202,146.8,7,29.957,1,27.005,6.542,-1.005,5.5285,0.0395,4.866,1.0,1.0,24.999,-19.688
Car B,2202,146.8,7,49.645,2,17.185,20.714,-0.714,5.9846,-0.0298,0.8704,1.0,-0.0454,2.973,19.688
Car A,2203,146.8667,7,30.329,1,27.0,6.914,-1.0,5.5311,0.039,4.8678,1.0,1.0,24.999,-19.714
Car B,2203,146.8667,7,50.042,2,16.788,20.747,-0.747,5.9848,0.0026,-0.0405,1.0,0.1773,-1.129,19.714
Car A,2204,146.9333,7,30.699,1,26.973,7.284,-0.973,5.5337,0.0389,4.8689,1.0,1.0,24.999,-19.74
Car B,2204,146.9333,7,50.44,2,16.39,20.783,-0.783,5.9817,-0.0456,0.6276,1.0,0.0676,4.424,19.74
Car A,2205,147.0,7,31.068,1,26.925,7.653,-0.925,5.5363,0.0383,4.8688,1.0,1.0,24.999,-19.769
Car B,2205,147.0,7,50.837,2,15.993,20.811,-0.811,5.9551,-0.3999,0.5833,1.0,0.0745,1.674,19.769
Car A,2206,147.0667,7,31.434,1,26.855,8.019,-0.855,5.5388,0.0374,4.8697,1.0,0.1992,24.999,-19.8
Car B,2206,147.0667,7,51.234,2,15.597,20.836,-0.836,5.9406,-0.218,0.7471,1.0,-0.0179,1.841,19.8
Car A,2207,147.1333,7,31.797,1,26.772,8.382,-0.772,5.5849,0.6919,3.5196,1.0,-0.069,5.009,-19.832
Car B,2207,147.1333,7,51.629,2,15.201,20.863,-0.863,5.9636,0.3461,-0.1792,1.0,0.2413,-0.444,19.832
Car A,2208,147.2,7,32.164,1,26.695,8.749,-0.695,5.6285,0.6539,1.3251,1.0,-0.0803,-1.714,-19.862
Car B,2208,147.2,7,52.026,2,14.804,20.889,-0.889,5.9637,0.0008,0.7286,1.0,-0.0381,6.023,19.862
Car A,2209,147.2667,7,32.534,1,26.628,9.119,-0.628,5.6476,0.2862,-0.0299,1.0,-0.064,-2.007,-19.889
Car B,2209,147.2667,7,52.423,2,14.407,20.911,-0.911,5.9668,0.0465,-0.1116,1.0,0.2527,-0.941,19.889
Car A,2210,147.3333,7,32.909,1,26.57,9.494,-0.57,5.7418,1.4132,-0.5735,1.0,-0.0604,-1.601,-19.91
Car B,2210,147.3333,7,52.82,2,14.01,20.935,-0.935,5.9641,-0.0401,0.6412,1.0,-0.0931,6.305,19.91
Car A,2211,147.4,7,33.294,1,26.514,9.879,-0.514,5.8782,2.0466,-0.5731,1.0,-0.0669,-1.51,-19.923
Car B,2211,147.4,7,53.217,2,13.613,20.956,-0.956,5.9661,0.0294,-0.1823,1.0,0.1779,-2.315,19.923
Car A,2212,147.4667,7,33.684,1,26.461,10.269,-0.461,5.9227,0.667,-0.651,1.0,-0.0432,-1.649,-19.93
Car B,2212,147.4667,7,53.614,2,13.216,20.979,-0.979,5.965,-0.0162,0.5048,1.0,-0.1729,4.436,19.93
Car A,2213,147.5333,7,34.077,1,26.408,10.662,-0.408,5.9616,0.5827,-0.3047,1.0,-0.088,-1.065,-19.934
Car B,2213,147.5333,7,54.011,2,12.819,20.999,-0.999,5.9647,-0.0043,-0.2812,1.0,0.2136,-4.308,19.934
Car A,2214,147.6,7,34.471,1,26.357,11.056,-0.357,5.9681,0.0979,-0.8345,0.9745,-0.1144,-2.198,-19.936
Car B,2214,147.6,7,54.408,2,12.422,21.022,-1.022,5.9639,-0.0126,0.4259,1.0,-0.1198,5.324,19.936
Car A,2215,147.6667,7,34.864,1,26.315,11.449,-0.315,5.8874,-1.21,-1.0739,1.0,0.0181,-2.859,-19.941
Car B,2215,147.6667,7,54.805,2,12.025,21.042,-1.042,5.9644,0.0082,-0.3398,1.0,0.3288,-2.982,19.941
Car A,2216,147.7333,7,35.255,1,26.273,11.84,-0.273,5.9002,0.1924,0.0124,1.0,0.9476,0.448,-19.947
Car B,2216,147.7333,7,55.202,2,11.629,21.066,-1.066,5.961,-0.0508,0.4204,1.0,0.054,8.202,19.947
Car A,2217,147.8,7,35.644,1,26.22,12.229,-0.22,5.8971,-0.0478,0.7238,1.0,0.5956,23.654,-19.955
Car B,2217,147.8,7,55.599,2,11.231,21.082,-1.082,5.9859,0.3728,0.4932,1.0,0.0461,1.359,19.955
Car A,2218,147.8667,7,36.031,1,26.155,12.616,-0.155,5.8842,-0.1931,1.8129,0.5939,-1.0,14.904,-19.967
Car B,2218,147.8667,7,55.998,2,10.832,21.097,-1.097,5.9709,-0.2251,0.3608,1.0,0.1211,1.128,19.967
Car A,2219,147.9333,7,36.414,1,26.084,12.999,-0.084,5.837,-0.7072,0.8655,1.0,-0.2245,-24.94,-19.981
Car B,2219,147.9333,7,56.396,2,10.434,21.108,-1.108,5.9721,0.0188,1.0525,1.0,-0.2139,3.024,19.981
Car A,2220,148.0,7,36.798,1,26.023,13.383,-0.023,5.8382,0.0174,-0.1599,1.0,-0.3277,-5.641,-19.995
Car B,2220,148.0,7,56.794,2,10.036,21.116,-1.116,5.9731,0.0151,-0.0339,1.0,0.309,-5.334,19.995
Car A,2221,148.0667,7,37.184,1,25.974,13.769,0.026,5.8341,-0.0614,-1.3983,1.0,1.0,-8.189,-20.007
Car B,2221,148.0667,7,57.192,2,9.638,21.128,-1.128,5.9723,-0.0133,0.5994,1.0,-0.0029,7.704,20.007
Car A,2222,148.1333,7,37.575,1,25.927,14.155,0.06,5.8251,-0.1355,-0.4056,1.0,1.0,24.95,-20.015
Car B,2222,148.1333,7,57.59,2,9.24,21.135,-1.135,5.9911,0.2826,-0.0523,1.0,0.3378,-0.057,20.015
Car A,2223,148.2,7,37.963,1,25.873,14.539,0.084,5.8189,-0.0931,0.8605,1.0,1.0,24.999,-20.027
Car B,2223,148.2,7,57.989,2,8.841,21.142,-1.142,5.9889,-0.0323,0.8276,1.0,-0.1128,8.431,20.027
Car A,2224,148.2667,7,38.368,1,25.804,14.921,0.123,5.8073,-0.1732,1.7281,1.0,1.0,25.0,-20.021
Car B,2224,148.2667,7,58.389,2,8.441,21.144,-1.144,5.9905,0.023,-0.0736,1.0,0.3313,-2.801,20.021
Car A,2225,148.3333,7,38.755,1,25.719,15.298,0.117,5.7959,-0.1709,2.4058,1.0,1.0,25.0,-20.033
Car B,2225,148.3333,7,58.788,2,8.042,21.15,-1.15,5.9869,-0.0537,0.5983,1.0,0.0012,8.264,20.033
Car A,2226,148.4,7,39.141,1,25.619,15.672,0.128,5.785,-0.1633,2.948,1.0,1.0,25.0,-20.046
Car B,2226,148.4,7,59.187,2,7.643,21.151,-1.151,5.9975,0.1584,-0.0045,1.0,0.3113,0.056,20.046
Car A,2227,148.4667,7,39.548,1,25.501,16.04,0.118,5.7753,-0.1467,3.363,1.0,1.0,25.0,-20.039
Car B,2227,148.4667,7,59.587,2,7.243,21.15,-1.15,5.9947,-0.0409,0.8871,1.0,-0.1677,7.77,20.039
Car A,2228,148.5333,7,39.934,1,25.367,16.402,0.104,5.7667,-0.1292,3.683,1.0,1.0,25.0,-20.053
Car B,2228,148.5333,7,59.987,2,6.844,21.145,-1.145,5.996,0.0187,-0.0193,1.0,0.2644,-4.174,20.053
Car A,2229,148.6,7,40.336,1,25.214,16.756,0.095,5.7594,-0.1091,3.9395,1.0,1.0,25.0,-20.05
Car B,2229,148.6,7,60.386,2,6.444,21.144,-1.144,5.9942,-0.0267,0.628,1.0,-0.103,6.592,20.05
Car A,2230,148.6667,7,40.72,1,25.044,17.102,0.06,5.7533,-0.0909,4.1331,1.0,1.0,25.0,-20.066
Car B,2230,148.6667,7,60.786,2,6.044,21.138,-1.138,5.9952,0.0144,-0.2093,1.0,0.3043,-2.561,20.066
Car A,2231,148.7333,7,41.105,1,24.856,17.438,0.044,5.7482,-0.076,4.2835,1.0,1.0,24.999,-20.08
Car B,2231,148.7333,7,61.185,2,5.645,21.136,-1.136,5.9902,-0.0743,0.5072,1.0,-0.0802,7.592,20.08
Car A,2232,148.8,7,41.494,1,24.651,17.764,0.0,5.744,-0.0634,4.4041,1.0,1.0,24.999,-20.091
Car B,2232,148.8,7,61.584,2,5.246,21.131,-1.131,5.992,0.027,-0.305,1.0,0.31,-1.991,20.091
Car A,2233,148.8667,7,41.877,1,24.429,18.079,-0.035,5.7404,-0.0536,4.4978,1.0,1.0,24.999,-20.106
Car B,2233,148.8667,7,61.983,2,4.847,21.127,-1.127,5.9866,-0.0811,0.4928,1.0,-0.1083,7.734,20.106
Car A,2234,148.9333,7,42.252,1,24.19,18.38,-0.07,5.7375,-0.0442,4.5759,1.0,1.0,24.999,-20.13
Car B,2234,148.9333,7,62.382,2,4.448,21.12,-1.12,5.987,0.0056,-0.2987,1.0,0.2773,-2.691,20.13
Car A,2235,149.0,7,42.633,1,23.935,18.668,-0.123,5.735,-0.038,4.6317,1.0,1.0,24.999,-20.148
Car B,2235,149.0,7,62.781,2,4.049,21.117,-1.117,5.9835,-0.0521,0.4353,1.0,-0.1152,6.918,20.148
Car A,2236,149.0667,7,43.016,1,23.664,18.942,-0.156,5.7329,-0.0315,4.6799,1.0,1.0,24.999,-20.164
Car B,2236,149.0667,7,63.18,2,3.65,21.11,-1.11,5.9848,0.02,-0.3195,1.0,0.2554,-2.864,20.164
Car A,2237,149.1333,7,43.371,1,23.379,19.2,-0.217,5.7311,-0.0268,4.719,1.0,1.0,24.999,-20.208
Car B,2237,149.1333,7,63.579,2,3.251,21.106,-1.106,5.9824,-0.0359,0.4219,1.0,-0.1369,6.371,20.208
Car A,2238,149.2,7,43.752,1,23.08,19.441,-0.267,5.7296,-0.0228,4.7484,1.0,1.0,24.999,-20.226
Car B,2238,149.2,7,63.978,2,2.852,21.098,-1.098,5.9825,0.0004,-0.3366,1.0,0.2267,-3.408,20.226
Car A,2239,149.2667,7,44.087,1,22.768,19.666,-0.312,5.7282,-0.0197,4.7745,1.0,1.0,24.999,-20.289
Car B,2239,149.2667,7,64.376,2,2.454,21.094,-1.094,5.9802,-0.034,0.3997,1.0,-0.152,5.654,20.289
Car A,2240,149.3333,7,44.466,1,22.444,19.873,-0.379,5.7271,-0.0166,4.791,1.0,1.0,24.999,-20.309
Car B,2240,149.3333,7,64.775,2,2.055,21.086,-1.086,5.9802,0.0004,-0.358,1.0,0.1959,-3.785,20.309
Car A,2241,149.4,7,44.847,2,22.109,20.061,-0.425,5.7261,-0.0156,4.8075,1.0,1.0,24.999,-20.326
Car B,2241,149.4,7,65.173,2,1.657,21.082,-1.082,5.979,-0.0182,0.3957,1.0,-0.1702,4.883,20.326
Car A,2242,149.4667,7,45.157,2,21.764,20.23,-0.488,5.7252,-0.0138,4.8173,1.0,1.0,24.999,-20.415
Car B,2242,149.4667,7,65.572,2,1.258,21.074,-1.074,5.9784,-0.0089,-0.3553,1.0,0.1483,-4.241,20.415
Car A,2243,149.5333,7,45.536,2,21.41,20.379,-0.551,5.7244,-0.0122,4.8286,1.0,1.0,24.999,-20.434
Car B,2243,149.5333,7,65.97,2,0.86,21.07,-1.07,5.9785,0.0018,0.394,1.0,-0.1833,3.696,20.434
Car A,2244,149.6,7,45.889,2,21.048,20.509,-0.593,5.7236,-0.0114,4.8351,1.0,1.0,24.999,-20.48
Car B,2244,149.6,7,66.369,2,0.461,21.062,-1.062,5.9776,-0.0145,-0.3756,1.0,0.1218,-4.569,20.48
Car A,2245,149.6667,7,46.201,2,20.68,20.617,-0.669,5.723,-0.0096,4.8412,1.0,1.0,24.999,-20.567
Car B,2245,149.6667,7,66.767,2,0.063,21.058,-1.058,5.9781,0.0082,0.3771,1.0,-0.1865,3.034,20.567
Car A,2246,149.7333,7,46.58,2,20.306,20.705,-0.727,5.7223,-0.0103,4.8466,1.0,1.0,24.999,-20.585
Car B,2246,149.7333,7,67.166,2,-0.336,21.05,-1.05,5.9764,-0.025,-0.3806,1.0,0.0844,-4.649,20.585
Car A,2247,149.8,7,46.902,2,19.928,20.771,-0.771,5.7217,-0.0082,4.8499,1.0,1.0,24.999,-20.662
Car B,2247,149.8,7,67.564,2,-0.734,21.046,-1.046,5.9774,0.0149,0.3791,1.0,-0.1935,2.1,20.662
Car A,2248,149.8667,7,47.284,2,19.546,20.816,-0.816,5.7211,-0.0093,4.8536,1.0,1.0,24.999,-20.679
Car B,2248,149.8667,7,67.962,2,-1.132,21.039,-1.039,5.9746,-0.0434,-0.4308,1.0,0.0787,-4.827,20.679
Car A,2249,149.9333,7,47.667,2,19.163,20.839,-0.839,5.7205,-0.0089,4.8553,1.0,1.0,24.999,-20.694
Car B,2249,149.9333,7,68.361,2,-1.531,21.035,-1.035,5.9761,0.0225,0.3435,1.0,-0.1876,1.957,20.694
Car A,2250,150.0,7,48.051,2,18.779,20.841,-0.841,5.72,-0.0071,4.8571,1.0,1.0,24.999,-20.708
Car B,2250,150.0,7,68.759,2,-1.929,21.029,-1.029,5.9744,-0.0251,-0.4242,1.0,0.0639,-4.68,20.708
Car A,2251,150.0667,7,48.434,2,18.396,20.821,-0.821,5.7195,-0.0083,4.8583,1.0,1.0,24.999,-20.723
Car B,2251,150.0667,7,69.157,2,-2.327,21.026,-1.026,5.9757,0.0202,0.3398,1.0,-0.1954,1.587,20.723
Car A,2252,150.1333,7,48.816,2,18.014,20.779,-0.779,5.719,-0.008,4.8587,1.0,1.0,24.999,-20.739
Car B,2252,150.1333,7,69.555,2,-2.725,21.021,-1.021,5.9726,-0.0469,-0.4587,1.0,0.0714,-4.874,20.739
Car A,2253,150.2,7,49.194,2,17.636,20.715,-0.715,5.7185,-0.0063,4.8594,1.0,-0.012,24.999,-20.759
Car B,2253,150.2,7,69.953,2,-3.123,21.019,-1.019,5.9749,0.035,0.3118,1.0,-0.1964,1.774,20.759
Car A,2254,150.2667,7,49.571,2,17.259,20.639,-0.639,5.7594,0.6125,3.3627,1.0,-0.0712,-0.263,-20.78
Car B,2254,150.2667,7,70.351,2,-3.521,21.014,-1.014,5.9716,-0.0503,-0.4545,1.0,0.0255,-4.899,20.78
Car A,2255,150.3333,7,49.951,2,16.879,20.569,-0.569,5.7925,0.4966,1.1831,1.0,-0.0766,-1.779,-20.799
Car B,2255,150.3333,7,70.75,2,-3.92,21.013,-1.013,5.9837,0.1813,0.2377,1.0,-0.2395,0.629,20.799
Car A,2256,150.4,7,50.333,2,16.497,20.509,-0.509,5.8057,0.1987,-0.1572,1.0,-0.0737,-1.914,-20.816
Car B,2256,150.4,7,71.149,2,-4.319,21.012,-1.012,5.9824,-0.0183,-0.6461,1.0,0.1076,-5.976,20.816
Car A,2257,150.4667,7,50.719,2,16.111,20.459,-0.459,5.8903,1.2683,-0.7007,1.0,-0.0705,-1.844,-20.828
Car B,2257,150.4667,7,71.547,2,-4.717,21.015,-1.015,5.9837,0.0181,0.1711,1.0,-0.2614,2.675,20.828
Car A,2258,150.5333,7,51.111,2,15.719,20.412,-0.412,5.9322,0.6294,-0.6739,1.0,-0.0881,-1.746,-20.835
Car B,2258,150.5333,7,71.946,2,-5.116,21.015,-1.015,5.9804,-0.0495,-0.5198,1.0,-0.0567,-6.52,20.835
Car A,2259,150.6,7,51.507,2,15.323,20.369,-0.369,5.9602,0.419,-0.8609,1.0,-0.1054,-2.197,-20.839
Car B,2259,150.6,7,72.345,2,-5.515,21.021,-1.021,5.986,0.0845,-0.5591,1.0,-0.0053,-1.424,20.839
Car A,2260,150.6667,7,51.901,2,14.929,20.332,-0.332,5.947,-0.198,-0.9877,1.0,-0.1252,-2.631,-20.843
Car B,2260,150.6667,7,72.745,2,-5.915,21.026,-1.026,6.0089,0.343,-0.1773,1.0,-0.1298,-0.137,20.843
Car A,2261,150.7333,7,52.297,2,14.533,20.301,-0.301,5.9475,0.0082,-1.2256,1.0,-0.1367,-3.126,-20.848
Car B,2261,150.7333,7,73.145,2,-6.315,21.035,-1.035,6.0059,-0.044,-0.8967,1.0,0.2759,-3.24,20.848
Car A,2262,150.8,7,52.694,2,14.136,20.277,-0.277,5.9544,0.1041,-1.338,1.0,-0.1432,-3.416,-20.851
Car B,2262,150.8,7,73.545,2,-6.715,21.046,-1.046,6.0033,-0.0389,0.0877,1.0,-0.152,6.881,20.851
Car A,2263,150.8667,7,53.093,2,13.737,20.259,-0.259,6.0331,1.18,-1.3822,1.0,-0.1179,-3.579,-20.852
Car B,2263,150.8667,7,73.945,2,-7.115,21.054,-1.054,6.0017,-0.0239,-0.5733,1.0,0.1111,-3.784,20.852
Car A,2264,150.9333,7,53.495,2,13.335,20.245,-0.245,6.0421,0.1353,-1.1445,1.0,-0.0883,-2.949,-20.85
Car B,2264,150.9333,7,74.345,2,-7.515,21.066,-1.066,6.0012,-0.0077,0.2532,1.0,-0.2385,2.767,20.85
Car A,2265,151.0,7,53.895,2,12.935,20.234,-0.234,5.977,-0.9769,-0.8666,1.0,0.056,-2.208,-20.85
Car B,2265,151.0,7,74.745,2,-7.915,21.074,-1.074,5.9979,-0.0503,-0.4643,1.0,0.1577,-5.948,20.85
Car A,2266,151.0667,7,54.294,2,12.537,20.22,-0.22,5.9801,0.0471,0.1786,1.0,0.0756,1.394,-20.851
Car B,2266,151.0667,7,75.145,2,-8.315,21.087,-1.087,5.9987,0.0118,0.3184,1.0,-0.1736,3.927,20.851
Car A,2267,151.1333,7,54.692,2,12.138,20.196,-0.196,5.9673,-0.1919,0.7507,1.0,-0.1102,1.885,-20.853
Car B,2267,151.1333,7,75.544,2,-8.714,21.095,-1.095,5.9971,-0.0233,-0.431,1.0,0.1878,-4.327,20.853
Car A,2268,151.2,7,55.089,2,11.741,20.173,-0.173,5.9699,0.0386,-0.2732,1.0,-0.0687,-2.748,-20.855
Car B,2268,151.2,7,75.944,2,-9.114,21.107,-1.107,5.9946,-0.0372,0.3481,1.0,-0.139,4.681,20.855
Car A,2269,151.2667,7,55.488,2,11.342,20.159,-0.159,5.9708,0.0135,-0.6654,1.0,0.0859,-1.714,-20.856
Car B,2269,151.2667,7,76.343,2,-9.513,21.116,-1.116,5.9947,0.0016,-0.4017,1.0,0.1998,-3.463,20.856
Car A,2270,151.3333,7,55.885,2,10.945,20.144,-0.144,5.9736,0.0413,0.3169,1.0,-0.0596,2.141,-20.857
Car B,2270,151.3333,7,76.743,2,-9.913,21.127,-1.127,5.9928,-0.0295,0.3702,1.0,-0.1179,4.981,20.857
Car A,2271,151.4,7,56.283,2,10.547,20.125,-0.125,5.974,0.0063,-0.3952,1.0,-0.0086,-1.484,-20.859
Car B,2271,151.4,7,77.142,2,-10.312,21.136,-1.136,5.9927,-0.0003,-0.3812,1.0,0.2116,-2.934,20.859
Car A,2272,151.4667,7,56.682,2,10.148,20.111,-0.111,5.9886,0.2194,-0.1429,1.0,-0.0426,-0.215,-20.859
Car B,2272,151.4667,7,77.541,2,-10.711,21.147,-1.147,5.991,-0.0265,0.3921,1.0,-0.1132,5.278,20.859
Car A,2273,151.5333,7,57.081,2,9.749,20.098,-0.098,5.9835,-0.077,-0.4149,1.0,0.0336,-1.06,-20.86
Car B,2273,151.5333,7,77.94,2,-11.11,21.155,-1.155,5.9906,-0.0057,-0.3649,1.0,0.2178,-2.818,20.86
Car A,2274,151.6,7,57.48,2,9.351,20.083,-0.083,5.9873,0.057,0.3199,1.0,-0.1118,0.837,-20.86
Car B,2274,151.6,7,78.339,2,-11.509,21.167,-1.167,5.9882,-0.0364,0.3834,1.0,-0.0784,5.432,20.86
Car A,2275,151.6667,7,57.879,2,8.952,20.069,-0.069,5.9868,-0.0077,-0.5973,1.0,0.0217,-2.788,-20.86
Car B,2275,151.6667,7,78.739,2,-11.909,21.174,-1.174,5.9882,0.0002,-0.357,1.0,0.2302,-1.949,20.86
Car A,2276,151.7333,7,58.278,2,8.553,20.059,-0.059,5.9895,0.0411,0.1838,1.0,-0.08,0.536,-20.86
Car B,2276,151.7333,7,79.137,2,-12.307,21.185,-1.185,5.9852,-0.0452,0.4328,1.0,-0.0799,5.743,20.86
Car A,2277,151.8,7,58.677,2,8.153,20.048,-0.048,5.9885,-0.0149,-0.6516,1.0,0.0794,-1.995,-20.86
Car B,2277,151.8,7,79.536,2,-12.706,21.192,-1.192,5.986,0.0119,-0.3306,1.0,0.2304,-1.985,20.86
Car A,2278,151.8667,7,59.076,2,7.754,20.04,-0.04,5.9877,-0.0117,0.2744,1.0,-0.0675,1.978,-20.859
Car B,2278,151.8667,7,79.935,2,-13.105,21.202,-1.202,5.9824,-0.0534,0.4466,1.0,-0.0646,5.747,20.859
Car A,2279,151.9333,7,59.475,2,7.355,20.027,-0.027,5.9869,-0.0131,-0.4201,1.0,0.0058,-1.682,-20.859
Car B,2279,151.9333,7,80.334,2,-13.504,21.208,-1.208,5.9831,0.0102,-0.3254,1.0,0.2387,-1.603,20.859
Car A,2280,152.0,7,59.874,2,6.956,20.019,-0.019,6.0004,0.2039,0.0957,1.0,-0.0686,0.136,-20.858
Car B,2280,152.0,7,80.732,2,-13.902,21.216,-1.216,5.9802,-0.0426,0.492,1.0,-0.0871,5.956,20.858
Car A,2281,152.0667,7,60.274,2,6.556,20.012,-0.012,6.003,0.0376,-0.6622,1.0,0.1207,-1.712,-20.857
Car B,2281,152.0667,7,81.131,2,-14.301,21.221,-1.221,5.9808,0.009,-0.2873,1.0,0.214,-2.165,20.857
Car A,2282,152.1333,7,60.674,2,6.156,20.006,-0.006,6.0036,0.0092,0.3416,1.0,-0.0535,3.011,-20.855
Car B,2282,152.1333,7,81.529,2,-14.699,21.229,-1.229,5.9776,-0.0488,0.4479,1.0,-0.062,5.339,20.855
Car A,2283,152.2,7,61.074,2,5.756,19.996,0.004,6.0023,-0.0187,-0.3756,1.0,0.0195,-1.329,-20.854
Car B,2283,152.2,7,81.928,2,-15.098,21.233,-1.233,5.9795,0.0283,-0.3173,1.0,0.1976,-1.539,20.854
Car A,2284,152.2667,7,61.474,2,5.356,19.989,0.011,5.9956,-0.1009,0.2088,1.0,-0.0753,0.481,-20.852
Car B,2284,152.2667,7,82.326,2,-15.496,21.24,-1.24,5.9765,-0.0445,0.5049,1.0,-0.0927,4.93,20.852
Car A,2285,152.3333,7,61.874,2,4.956,19.984,0.016,5.9937,-0.0278,-0.6877,1.0,0.1175,-1.878,-20.851
Car B,2285,152.3333,7,82.725,2,-15.895,21.242,-1.242,5.9774,0.0131,-0.2795,1.0,0.1865,-2.307,20.851
Car A,2286,152.4,7,62.273,2,4.557,19.98,0.02,5.9937,0.0,0.3246,1.0,-0.042,2.93,-20.85
Car B,2286,152.4,7,83.123,2,-16.293,21.249,-1.249,5.9749,-0.0374,0.4367,1.0,-0.0616,4.651,20.85
Car A,2287,152.4667,7,62.673,2,4.157,19.972,0.028,5.9943,0.0084,-0.384,1.0,0.0381,-1.044,-20.849
Car B,2287,152.4667,7,83.521,2,-16.691,21.251,-1.251,5.9766,0.0253,-0.3255,1.0,0.1665,-1.529,20.849
Car A,2288,152.5333,7,63.072,2,3.758,19.966,0.034,5.9933,-0.0157,0.3778,1.0,-0.0952,0.949,-20.847
Car B,2288,152.5333,7,83.92,2,-17.089,21.256,-1.256,5.9743,-0.0341,0.4872,1.0,0.1284,4.153,20.847
Car A,2289,152.6,7,63.472,2,3.358,19.96,0.04,5.9927,-0.0076,-0.5406,1.0,0.0339,-2.373,-20.846
Car B,2289,152.6,7,84.318,2,-17.488,21.249,-1.249,5.9796,0.0789,1.2124,1.0,-0.0604,3.21,20.846
Car A,2290,152.6667,7,63.871,2,2.959,19.958,0.042,5.9929,0.0017,0.2555,1.0,-0.0615,0.841,-20.845
Car B,2290,152.6667,7,84.717,2,-17.887,21.241,-1.241,5.9821,0.038,0.069,1.0,0.5008,-1.502,20.845
Car A,2291,152.7333,7,64.271,2,2.559,19.954,0.046,5.9904,-0.0374,-0.5535,1.0,0.0846,-1.534,-20.844
Car B,2291,152.7333,7,85.115,2,-18.285,21.235,-1.235,5.9753,-0.1022,0.7484,1.0,0.4332,12.499,20.844
Car A,2292,152.8,7,64.67,2,2.16,19.951,0.049,5.9912,0.0121,0.4182,1.0,-0.0776,2.11,-20.843
Car B,2292,152.8,7,85.513,2,-18.683,21.216,-1.216,5.9685,-0.1014,1.6324,1.0,0.2288,10.833,20.843
Car A,2293,152.8667,7,65.069,2,1.761,19.945,0.055,5.9896,-0.0239,-0.3604,1.0,-0.0182,-1.933,-20.841
Car B,2293,152.8667,7,85.911,2,-19.081,21.183,-1.183,5.9955,0.4049,2.0762,1.0,1.0,5.726,20.841
Car A,2294,152.9333,7,65.469,2,1.361,19.944,0.056,6.0147,0.3768,-0.2306,1.0,-0.0112,-0.455,-20.838
Car B,2294,152.9333,7,86.308,2,-19.478,21.138,-1.138,5.9919,-0.0544,2.2881,1.0,0.7184,24.971,20.838
Car A,2295,153.0,7,65.87,2,0.96,19.942,0.058,6.0125,-0.0336,-0.0595,1.0,-0.0451,-0.281,-20.832
Car B,2295,153.0,7,86.702,2,-19.872,21.076,-1.076,5.9726,-0.29,3.0783,1.0,0.4228,17.97,20.832
Car A,2296,153.0667,7,66.27,2,0.56,19.944,0.056,5.9728,-0.5945,-0.4534,1.0,0.0538,-1.109,-20.744
Car B,2296,153.0667,7,87.014,2,-20.263,20.997,-1.015,5.9743,0.0256,3.3992,1.0,0.5475,10.58,20.744
Car A,2297,153.1333,7,66.668,2,0.162,19.943,0.057,5.9761,0.0487,0.4812,1.0,-0.1117,1.341,-20.74
Car B,2297,153.1333,7,87.408,2,-20.651,20.901,-0.949,5.968,-0.0944,3.6929,1.0,-0.1527,13.682,20.74
Car A,2298,153.2,7,67.067,2,-0.237,19.941,0.059,5.9764,0.005,-0.4458,1.0,-0.0411,-2.785,-20.705
Car B,2298,153.2,7,87.772,2,-21.036,20.794,-0.873,5.9924,0.3666,2.1314,1.0,0.1754,-3.79,20.705
Car A,2299,153.2667,7,67.466,2,-0.636,19.945,0.055,6.0041,0.4158,-0.4181,1.0,0.0122,-1.029,-20.598
Car B,2299,153.2667,7,88.064,2,-21.422,20.689,-0.855,6.0293,0.5529,1.6887,1.0,0.9479,4.374,20.598
Car A,2300,153.3333,7,67.866,2,-1.036,19.946,0.054,6.0017,-0.0357,0.1728,1.0,-0.0682,0.299,-20.599
Car B,2300,153.3333,7,88.465,2,-21.807,20.574,-0.833,6.0251,-0.0623,1.9728,1.0,1.0,23.669,20.599
Car A,2301,153.4,7,68.267,2,-1.436,19.949,0.051,5.9976,-0.0618,-0.61,1.0,0.0525,-1.7,-20.472
Car B,2301,153.4,7,88.738,2,-22.187,20.445,-0.81,6.003,-0.3323,2.8589,1.0,1.0,24.998,20.472
Car A,2302,153.4667,7,68.666,2,-1.836,19.953,0.047,5.9977,0.0007,0.3511,1.0,-0.0509,1.308,-20.472
Car B,2302,153.4667,7,89.139,3,-22.56,20.298,-0.817,5.9901,-0.1936,3.3093,1.0,1.0,25.0,20.472
Car A,2303,153.5333,7,69.066,2,-2.236,19.955,0.045,5.9935,-0.0628,-0.443,1.0,0.0649,-1.268,-20.473
Car B,2303,153.5333,7,89.539,3,-22.925,20.135,-0.806,5.9785,-0.174,3.653,1.0,1.0,25.0,20.473
Car A,2304,153.6,7,69.466,2,-2.636,19.958,0.042,5.9935,0.0,0.4461,1.0,-0.0711,1.618,-20.347
Car B,2304,153.6,7,89.812,3,-23.282,19.955,-0.811,5.9682,-0.1543,3.9241,1.0,1.0,25.0,20.347
Car A,2305,153.6667,7,69.865,2,-3.035,19.959,0.041,5.9916,-0.0284,-0.3993,1.0,0.0501,-1.773,-20.346
Car B,2305,153.6667,7,90.211,3,-23.629,19.758,-0.824,5.9592,-0.1347,4.126,1.0,1.0,25.0,20.346
Car A,2306,153.7333,7,70.264,2,-3.434,19.962,0.038,5.99,-0.0239,0.3659,1.0,-0.0495,1.247,-20.332
Car B,2306,153.7333,7,90.596,3,-23.965,19.543,-0.817,5.9512,-0.1201,4.2805,1.0,1.0,24.999,20.332
Car A,2307,153.8,7,70.664,2,-3.834,19.965,0.035,5.9899,-0.0017,-0.4485,1.0,0.1012,-1.234,-20.215
Car B,2307,153.8,7,90.879,3,-24.289,19.312,-0.844,5.944,-0.1077,4.404,1.0,1.0,24.999,20.215
Car A,2308,153.8667,7,71.063,2,-4.233,19.967,0.033,5.9901,0.0035,0.4949,1.0,-0.0486,2.525,-20.213
Car B,2308,153.8667,7,91.276,3,-24.601,19.065,-0.858,5.9376,-0.0967,4.5003,1.0,1.0,24.999,20.213
Car A,2309,153.9333,7,71.462,2,-4.632,19.967,0.033,5.9897,-0.0061,-0.3029,1.0,0.0266,-1.21,-20.077
Car B,2309,153.9333,7,91.539,3,-24.899,18.802,-0.862,5.9317,-0.0881,4.5755,0.8946,1.0,24.999,20.077
Car A,2310,154.0,7,71.862,2,-5.032,19.969,0.031,5.9817,-0.1197,0.2907,1.0,-0.0406,0.655,-20.073
Car B,2310,154.0,7,91.934,3,-25.183,18.524,-0.897,5.9154,-0.2452,4.6269,1.0,1.0,24.999,20.073
Car A,2311,154.0667,7,72.261,2,-5.431,19.973,0.027,5.9776,-0.0627,-0.4188,1.0,0.1638,-0.997,-20.07
Car B,2311,154.0667,7,92.33,3,-25.45,18.231,-0.911,5.9108,-0.068,4.6601,1.0,1.0,24.999,20.07
Car A,2312,154.1333,7,72.659,2,-5.829,19.975,0.025,5.9782,0.0098,0.5692,1.0,-0.0552,4.086,-19.923
Car B,2312,154.1333,7,92.582,3,-25.702,17.925,-0.931,5.9063,-0.0685,4.7005,1.0,1.0,24.999,19.923
Car A,2313,154.2,7,73.058,2,-6.228,19.973,0.027,5.9789,0.011,-0.2326,1.0,0.0483,-1.372,-19.919
Car B,2313,154.2,7,92.977,3,-25.936,17.606,-0.964,5.902,-0.0635,4.7312,1.0,1.0,24.999,19.919
Car A,2314,154.2667,7,73.456,2,-6.626,19.973,0.027,5.982,0.0458,0.4557,1.0,-0.0713,1.202,-19.916
Car B,2314,154.2667,7,93.372,3,-26.153,17.275,-0.976,5.898,-0.0606,4.7596,1.0,1.0,24.999,19.916
Car A,2315,154.3333,7,73.855,2,-7.025,19.974,0.026,5.9822,0.0036,-0.495,1.0,0.111,-1.778,-19.757
Car B,2315,154.3333,7,93.612,3,-26.351,16.933,-1.008,5.8942,-0.0567,4.7795,1.0,1.0,24.999,19.757
Car A,2316,154.4,7,74.254,2,-7.424,19.977,0.023,5.9806,-0.0247,0.3621,1.0,-0.0186,2.767,-19.752
Car B,2316,154.4,7,94.006,3,-26.53,16.581,-1.039,5.8906,-0.0544,4.796,1.0,1.0,24.999,19.752
Car A,2317,154.4667,7,74.653,2,-7.823,19.975,0.025,5.9863,0.0852,-0.2019,1.0,0.0558,-0.453,-19.709
Car B,2317,154.4667,7,94.362,3,-26.69,16.22,-1.049,5.8871,-0.0527,4.8091,1.0,1.0,24.999,19.709
Car A,2318,154.5333,7,75.052,2,-8.222,19.973,0.027,5.9998,0.2035,0.5378,1.0,-0.1169,1.392,-19.575
Car B,2318,154.5333,7,94.627,3,-26.829,15.851,-1.091,5.8837,-0.0505,4.8197,1.0,1.0,24.999,19.575
Car A,2319,154.6,7,75.452,2,-8.622,19.971,0.029,5.9996,-0.0032,-0.4404,1.0,0.0454,-2.915,-19.569
Car B,2319,154.6,7,95.021,3,-26.948,15.475,-1.119,5.8804,-0.0492,4.8255,1.0,1.0,24.999,19.569
Car A,2320,154.6667,7,75.852,2,-9.022,19.973,0.027,5.9991,-0.0074,0.3293,1.0,-0.0748,1.128,-19.452
Car B,2320,154.6667,7,95.304,3,-27.047,15.093,-1.131,5.8773,-0.0472,4.8319,1.0,1.0,24.999,19.452
Car A,2321,154.7333,7,76.252,2,-9.422,19.973,0.027,5.9978,-0.0199,-0.5362,1.0,0.1202,-1.865,-19.377
Car B,2321,154.7333,7,95.629,3,-27.124,14.707,-1.175,5.8742,-0.046,4.8371,1.0,1.0,24.999,19.377
Car A,2322,154.8,7,76.652,2,-9.821,19.976,0.024,5.9945,-0.0501,0.3653,1.0,-0.022,2.996,-19.371
Car B,2322,154.8,7,96.022,3,-27.179,14.317,-1.2,5.8712,-0.0451,4.8411,1.0,1.0,24.999,19.371
Car A,2323,154.8667,7,77.051,2,-10.221,19.974,0.026,5.9991,0.0695,-0.2224,1.0,0.053,-0.543,-19.27
Car B,2323,154.8667,7,96.321,3,-27.213,13.924,-1.213,5.8682,-0.0443,4.843,1.0,1.0,24.999,19.27
Car A,2324,154.9333,7,77.451,2,-10.621,19.973,0.027,5.9989,-0.0024,0.5131,1.0,-0.0977,1.323,-19.263
Car B,2324,154.9333,7,96.714,3,-27.226,13.531,-1.226,5.8653,-0.0433,4.8454,1.0,1.0,24.999,19.263
Car A,2325,155.0,7,77.851,2,-11.021,19.972,0.028,5.9991,0.0033,-0.4604,1.0,0.0656,-2.437,-19.256
Car B,2325,155.0,7,97.107,3,-27.216,13.138,-1.216,5.8625,-0.0424,4.8475,1.0,1.0,24.999,19.256
Car A,2326,155.0667,7,78.251,2,-11.421,19.974,0.026,5.9975,-0.0245,0.317,1.0,-0.0634,1.632,-19.248
Car B,2326,155.0667,7,97.499,3,-27.185,12.746,-1.185,5.8597,-0.0418,4.8498,1.0,0.5082,24.999,19.248
Car A,2327,155.1333,7,78.651,2,-11.821,19.973,0.027,5.995,-0.0384,-0.4129,1.0,0.0466,-1.579,-19.24
Car B,2327,155.1333,7,97.891,3,-27.138,12.355,-1.138,5.8988,0.5868,4.0708,1.0,0.0933,12.722,19.24
Car A,2328,155.2,7,79.05,2,-12.22,19.975,0.025,5.9925,-0.0361,0.3757,1.0,-0.0917,1.161,-19.232
Car B,2328,155.2,7,98.282,3,-27.083,11.963,-1.083,5.9318,0.4948,2.3861,1.0,-0.4048,2.347,19.232
Car A,2329,155.2667,7,79.45,2,-12.62,19.975,0.025,5.9923,-0.0034,-0.4924,1.0,0.0408,-2.287,-19.226
Car B,2329,155.2667,7,98.676,3,-27.037,11.57,-1.037,5.9455,0.2047,0.6726,1.0,-0.3603,-10.1,19.226
Car A,2330,155.3333,7,79.849,2,-13.019,19.979,0.021,5.9913,-0.015,0.302,1.0,-0.0749,1.015,-19.221
Car B,2330,155.3333,7,99.07,3,-27.001,11.175,-1.001,5.9464,0.0139,-0.5534,1.0,-0.3175,-9.01,19.221
Car A,2331,155.4,7,80.248,2,-13.418,19.981,0.019,5.99,-0.0196,-0.543,1.0,0.0888,-1.869,-19.218
Car B,2331,155.4,7,99.466,3,-26.978,10.779,-0.978,5.9415,-0.0736,-1.4756,1.0,-0.095,-7.938,19.218
Car A,2332,155.4667,7,80.648,2,-13.818,19.985,0.015,5.9886,-0.0207,0.3362,1.0,-0.0458,2.213,-19.215
Car B,2332,155.4667,7,99.863,3,-26.962,10.383,-0.962,5.9609,0.2905,-0.8962,1.0,-0.1377,-2.382,19.215
Car A,2333,155.5333,7,81.047,2,-14.217,19.986,0.014,5.9889,0.0044,-0.3708,1.0,0.0649,-1.14,-19.214
Car B,2333,155.5333,7,100.261,3,-26.95,9.985,-0.95,5.9646,0.0566,-1.3608,1.0,0.0487,-3.439,19.214
Car A,2334,155.6,7,81.446,2,-14.616,19.988,0.012,5.9893,0.0054,0.5153,1.0,-0.0947,1.618,-19.212
Car B,2334,155.6,7,100.658,3,-26.939,9.587,-0.939,5.9712,0.0983,-0.0965,1.0,-0.3522,1.21,19.212
Car A,2335,155.6667,7,81.845,2,-15.015,19.989,0.011,5.988,-0.0193,-0.3766,1.0,0.2144,-2.361,-19.211
Car B,2335,155.6667,7,101.056,3,-26.925,9.189,-0.925,5.9661,-0.0762,-0.7454,1.0,-0.1523,-8.788,19.211
Car A,2336,155.7333,7,82.244,2,-15.414,19.992,0.008,5.9854,-0.0393,0.4112,1.0,0.0823,5.348,-19.21
Car B,2336,155.7333,7,101.454,3,-26.923,8.791,-0.923,5.9826,0.2475,-1.3875,1.0,0.1288,-3.813,19.21
Car A,2337,155.8,7,82.644,2,-15.814,19.986,0.014,6.01,0.3688,0.7837,1.0,-0.1119,2.062,-19.209
Car B,2337,155.8,7,101.853,3,-26.923,8.392,-0.923,5.9843,0.0248,-0.2265,1.0,-0.3735,3.208,19.209
Car A,2338,155.8667,7,83.045,2,-16.215,19.982,0.018,6.011,0.0154,-0.2723,1.0,0.5619,-2.79,-19.207
Car B,2338,155.8667,7,102.252,3,-26.92,7.993,-0.92,5.9808,-0.0518,-0.8085,1.0,0.3025,-9.319,19.207
Car A,2339,155.9333,7,83.445,2,-16.615,19.98,0.02,6.0033,-0.1157,0.4676,1.0,0.4096,14.02,-19.205
Car B,2339,155.9333,7,102.65,3,-26.921,7.595,-0.921,5.9814,0.0082,0.1033,1.0,0.2262,7.534,19.205
Car A,2340,156.0,7,83.845,2,-17.015,19.966,0.034,5.9975,-0.0868,1.4187,1.0,0.7932,10.245,-19.204
Car B,2340,156.0,7,103.049,3,-26.91,7.196,-0.91,5.9778,-0.054,1.1126,1.0,1.0,5.656,19.204
Car A,2341,156.0667,7,84.244,2,-17.414,19.938,0.062,5.9856,-0.1788,2.2152,0.5761,-0.6038,19.815,-19.203
Car B,2341,156.0667,7,103.446,3,-26.885,6.799,-0.885,5.9703,-0.1122,1.644,1.0,0.9116,24.971,19.203
Car A,2342,156.1333,7,84.639,2,-17.809,19.904,0.096,5.9496,-0.5393,1.2267,0.4377,-1.0,-15.042,-19.203
Car B,2342,156.1333,7,103.842,3,-26.846,6.404,-0.846,5.9503,-0.3006,2.5845,1.0,0.5688,22.793,19.203
Car A,2343,156.2,7,85.029,2,-18.199,19.877,0.123,5.8106,-2.0848,-0.0934,1.0,-0.005,-24.985,-19.206
Car B,2343,156.2,7,104.235,3,-26.789,6.01,-0.789,5.9426,-0.1144,3.0466,1.0,0.6522,14.233,19.206
Car A,2344,156.2667,7,85.415,2,-18.585,19.852,0.148,5.8188,0.1221,0.3498,1.0,-0.2566,-0.163,-19.152
Car B,2344,156.2667,7,104.567,3,-26.715,5.621,-0.742,5.9345,-0.1221,3.4423,1.0,0.6967,16.3,19.152
Car A,2345,156.3333,7,85.803,2,-18.973,19.832,0.168,5.8256,0.1021,-0.93,1.0,1.0,-6.405,-19.156
Car B,2345,156.3333,7,104.959,3,-26.622,5.235,-0.681,5.9272,-0.1088,3.7496,1.0,1.0,17.416,19.156
Car A,2346,156.4,7,86.19,2,-19.36,19.815,0.185,5.8155,-0.1517,-0.0713,1.0,1.0,24.953,-19.061
Car B,2346,156.4,7,105.251,3,-26.512,4.854,-0.618,5.9182,-0.1361,4.0054,1.0,1.0,24.988,19.061
Car A,2347,156.4667,7,86.577,2,-19.747,19.789,0.211,5.8072,-0.1236,1.1133,1.0,1.0,24.999,-19.069
Car B,2347,156.4667,7,105.645,3,-26.383,4.48,-0.58,5.9104,-0.116,4.1868,1.0,1.0,24.999,19.069
Car A,2348,156.5333,7,86.981,2,-20.132,19.747,0.242,5.7955,-0.1754,1.9267,1.0,1.0,25.0,-19.056
Car B,2348,156.5333,7,106.037,3,-26.234,4.113,-0.521,5.9034,-0.1051,4.3281,1.0,1.0,24.999,19.056
Car A,2349,156.6,7,87.367,2,-20.514,19.69,0.269,5.7843,-0.1685,2.5669,1.0,0.9375,25.0,-18.985
Car B,2349,156.6,7,106.351,3,-26.067,3.755,-0.483,5.8972,-0.0931,4.4382,1.0,1.0,24.999,18.985
Car A,2350,156.6667,7,87.799,2,-20.893,19.616,0.313,5.7751,-0.1386,3.0485,1.0,1.0,23.439,-18.945
Car B,2350,156.6667,7,106.744,3,-25.882,3.406,-0.446,5.8916,-0.0841,4.5278,1.0,1.0,24.999,18.945
Car A,2351,156.7333,7,88.185,2,-21.268,19.525,0.314,5.7655,-0.1426,3.4493,1.0,1.0,24.997,-18.888
Car B,2351,156.7333,7,107.073,3,-25.679,3.068,-0.392,5.8866,-0.0752,4.5943,1.0,1.0,24.999,18.888
Car A,2352,156.8,7,88.57,2,-21.637,19.416,0.333,5.7575,-0.121,3.7496,1.0,1.0,25.0,-18.897
Car B,2352,156.8,7,107.467,3,-25.458,2.741,-0.375,5.882,-0.0689,4.6506,1.0,1.0,24.999,18.897
Car A,2353,156.8667,7,89.009,2,-22.001,19.288,0.33,5.7506,-0.1038,3.9889,1.0,1.0,25.0,-18.851
Car B,2353,156.8667,7,107.86,3,-25.219,2.427,-0.336,5.8778,-0.0633,4.695,1.0,1.0,24.999,18.851
Car A,2354,156.9333,7,89.394,3,-22.357,19.142,0.329,5.7449,-0.0855,4.1731,1.0,1.0,25.0,-18.809
Car B,2354,156.9333,7,108.203,3,-24.965,2.127,-0.309,5.8739,-0.0579,4.7272,1.0,1.0,24.999,18.809
Car A,2355,157.0,7,89.831,3,-22.705,18.978,0.324,5.74,-0.0723,4.3166,1.0,1.0,24.999,-18.765
Car B,2355,157.0,7,108.596,3,-24.694,1.841,-0.289,5.8703,-0.0548,4.7548,1.0,1.0,24.999,18.765
Car A,2356,157.0667,7,90.215,3,-23.044,18.796,0.302,5.7361,-0.0584,4.4316,1.0,1.0,24.999,-18.738
Car B,2356,157.0667,7,108.953,3,-24.409,1.57,-0.251,5.8669,-0.0508,4.7755,1.0,1.0,24.999,18.738
Car A,2357,157.1333,7,90.646,3,-23.372,18.595,0.297,5.7328,-0.0501,4.5176,1.0,1.0,24.999,-18.695
Car B,2357,157.1333,7,109.342,3,-24.109,1.315,-0.25,5.8636,-0.049,4.7935,1.0,1.0,24.999,18.695
Car A,2358,157.2,7,91.029,3,-23.688,18.377,0.257,5.7301,-0.0411,4.5884,1.0,1.0,24.999,-18.705
Car B,2358,157.2,7,109.734,3,-23.796,1.077,-0.227,5.8605,-0.0459,4.806,1.0,1.0,24.999,18.705
Car A,2359,157.2667,7,91.412,3,-23.993,18.143,0.238,5.7278,-0.0346,4.6475,1.0,1.0,24.999,-18.681
Car B,2359,157.2667,7,110.093,3,-23.47,0.857,-0.217,5.8576,-0.0448,4.8172,1.0,1.0,24.999,18.681
Car A,2360,157.3333,7,91.831,3,-24.283,17.892,0.197,5.7259,-0.0285,4.6918,1.0,1.0,24.999,-18.655
Car B,2360,157.3333,7,110.486,3,-23.133,0.656,-0.213,5.8547,-0.0434,4.8255,1.0,1.0,24.999,18.655
Car A,2361,157.4,7,92.213,3,-24.56,17.625,0.16,5.7243,-0.0242,4.728,1.0,1.0,24.999,-18.634
Car B,2361,157.4,7,110.848,3,-22.786,0.473,-0.191,5.8519,-0.0416,4.8321,1.0,1.0,24.999,18.634
Car A,2362,157.4667,7,92.618,3,-24.821,17.343,0.125,5.7229,-0.0205,4.7554,1.0,1.0,24.999,-18.622
Car B,2362,157.4667,7,111.24,3,-22.429,0.31,-0.205,5.8492,-0.0401,4.8373,1.0,1.0,24.999,18.622
Car A,2363,157.5333,7,92.999,3,-25.065,17.047,0.071,5.7217,-0.0175,4.7787,1.0,1.0,24.999,-18.634
Car B,2363,157.5333,7,111.632,3,-22.064,0.166,-0.198,5.8466,-0.0396,4.841,1.0,0.7003,24.999,18.634
Car A,2364,157.6,7,93.381,3,-25.293,16.738,0.038,5.7207,-0.0146,4.797,1.0,1.0,24.999,-18.613
Car B,2364,157.6,7,111.994,3,-21.691,0.044,-0.205,5.8502,0.0537,4.7978,1.0,0.8507,17.519,18.613
Car A,2365,157.6667,7,93.765,3,-25.503,16.417,-0.027,5.7198,-0.0137,4.8108,1.0,1.0,24.999,-18.621
Car B,2365,157.6667,7,112.386,3,-21.313,-0.059,-0.216,5.8488,-0.0201,4.8223,1.0,0.2088,21.26,18.621
Car A,2366,157.7333,7,94.145,3,-25.695,16.084,-0.077,5.719,-0.012,4.8217,1.0,1.0,24.999,-18.599
Car B,2366,157.7333,7,112.745,3,-20.93,-0.149,-0.221,5.8937,0.6739,3.0361,1.0,0.5433,5.245,18.599
Car A,2367,157.8,7,94.51,3,-25.867,15.741,-0.13,5.7183,-0.0108,4.8293,1.0,1.0,24.999,-18.625
Car B,2367,157.8,7,113.134,3,-20.546,-0.237,-0.279,5.8962,0.0369,2.9481,1.0,0.2329,13.569,18.625
Car A,2368,157.8667,7,94.888,3,-26.02,15.389,-0.196,5.7177,-0.009,4.8376,1.0,1.0,24.999,-18.639
Car B,2368,157.8667,7,113.526,3,-20.159,-0.316,-0.328,5.9428,0.6987,2.0999,1.0,0.055,5.835,18.639
Car A,2369,157.9333,7,95.269,3,-26.153,15.029,-0.241,5.7171,-0.0091,4.8432,1.0,1.0,24.999,-18.621
Car B,2369,157.9333,7,113.89,3,-19.771,-0.396,-0.396,5.9567,0.2092,0.7826,1.0,0.2544,1.382,18.621
Car A,2370,158.0,7,95.606,3,-26.265,14.662,-0.316,5.7165,-0.0084,4.848,1.0,1.0,24.999,-18.673
Car B,2370,158.0,7,114.278,3,-19.382,-0.477,-0.477,5.9531,-0.0544,1.3283,1.0,0.1655,6.352,18.673
Car A,2371,158.0667,7,95.984,3,-26.356,14.29,-0.378,5.716,-0.008,4.8507,1.0,1.0,24.999,-18.686
Car B,2371,158.0667,7,114.671,3,-18.99,-0.547,-0.547,6.0031,0.7503,1.5735,1.0,0.1357,4.14,18.686
Car A,2372,158.1333,7,96.333,3,-26.426,13.912,-0.426,5.7155,-0.0073,4.8551,1.0,1.0,24.999,-18.733
Car B,2372,158.1333,7,115.066,3,-18.595,-0.613,-0.613,6.0228,0.2952,1.3088,1.0,0.1213,3.392,18.733
Car A,2373,158.2,7,96.713,3,-26.475,13.532,-0.475,5.7151,-0.0068,4.8567,1.0,1.0,24.999,-18.75
Car B,2373,158.2,7,115.463,3,-18.197,-0.674,-0.674,6.037,0.2129,1.1742,1.0,0.12,3.034,18.75
Car A,2374,158.2667,7,97.096,3,-26.501,13.149,-0.501,5.7146,-0.0067,4.8578,1.0,1.0,24.999,-18.766
Car B,2374,158.2667,7,115.862,3,-17.798,-0.731,-0.731,6.0527,0.2363,1.1691,1.0,0.1179,3.0,18.766
Car A,2375,158.3333,7,97.479,3,-26.507,12.766,-0.507,5.7142,-0.0062,4.859,1.0,1.0,24.999,-18.781
Car B,2375,158.3333,7,116.261,3,-17.4,-0.783,-0.783,6.0174,-0.5304,1.1374,1.0,0.1024,2.948,18.781
Car A,2376,158.4,7,97.863,3,-26.49,12.383,-0.49,5.7138,-0.0064,4.8601,1.0,1.0,24.999,-18.797
Car B,2376,158.4,7,116.66,3,-17.0,-0.832,-0.832,6.0504,0.4946,1.0041,1.0,0.1306,2.56,18.797
Car A,2377,158.4667,7,98.244,3,-26.452,12.001,-0.452,5.7134,-0.0061,4.8595,1.0,0.0955,24.999,-18.815
Car B,2377,158.4667,7,117.059,3,-16.601,-0.874,-0.874,6.0244,-0.3895,1.2587,1.0,0.0611,3.264,18.815
Car A,2378,158.5333,7,98.625,3,-26.401,11.62,-0.401,5.755,0.6237,3.4203,1.0,-0.0717,2.421,-18.833
Car B,2378,158.5333,7,117.458,3,-16.202,-0.914,-0.914,6.014,-0.1558,0.5904,1.0,0.1675,1.532,18.833
Car A,2379,158.6,7,99.008,3,-26.355,11.237,-0.355,5.7895,0.5176,1.2,1.0,-0.0825,-1.785,-18.849
Car B,2379,158.6,7,117.857,3,-15.803,-0.95,-0.95,6.0081,-0.0886,1.3349,1.0,-0.0403,4.182,18.849
Car A,2380,158.6667,7,99.393,3,-26.321,10.852,-0.321,5.8032,0.2058,-0.1357,1.0,-0.0641,-2.062,-18.864
Car B,2380,158.6667,7,118.257,3,-15.404,-0.981,-0.981,6.0093,0.0177,0.2771,1.0,0.1965,-1.0,18.864
Car A,2381,158.7333,7,99.782,3,-26.296,10.463,-0.296,5.8946,1.3709,-0.6048,1.0,-0.0714,-1.603,-18.874
Car B,2381,158.7333,7,118.656,3,-15.005,-1.015,-1.015,6.0061,-0.0482,0.8407,1.0,-0.0082,4.904,18.874
Car A,2382,158.8,7,100.176,3,-26.274,10.07,-0.274,5.9192,0.3685,-0.7159,1.0,-0.1237,-1.763,-18.879
Car B,2382,158.8,7,119.055,3,-14.605,-1.045,-1.045,6.0068,0.0111,-0.0367,1.0,0.2195,-0.196,18.879
Car A,2383,158.8667,7,100.57,3,-26.26,9.675,-0.26,5.9432,0.3599,-1.1501,1.0,0.4606,-3.092,-18.884
Car B,2383,158.8667,7,119.454,3,-14.206,-1.075,-1.075,6.005,-0.0275,0.8368,1.0,-0.0148,5.478,18.884
Car A,2384,158.9333,7,100.967,3,-26.245,9.279,-0.245,5.9453,0.0327,0.0485,1.0,0.4796,11.492,-18.887
Car B,2384,158.9333,7,119.854,3,-13.807,-1.101,-1.101,6.0059,0.0136,-0.0419,1.0,0.2239,-0.36,18.887
Car A,2385,159.0,7,101.362,3,-26.217,8.883,-0.217,5.9414,-0.0584,1.0965,1.0,0.9045,11.989,-18.891
Car B,2385,159.0,7,120.253,3,-13.407,-1.128,-1.128,6.004,-0.0285,0.7907,1.0,0.0292,5.587,18.891
Car A,2386,159.0667,7,101.756,3,-26.176,8.49,-0.176,5.9298,-0.1738,1.9565,1.0,0.1065,22.597,-18.897
Car B,2386,159.0667,7,120.653,3,-13.007,-1.15,-1.15,6.0112,0.1078,0.2849,1.0,0.1783,0.733,18.897
Car A,2387,159.1333,7,102.149,3,-26.129,8.097,-0.129,5.942,0.1822,1.1196,0.9846,0.3538,2.692,-18.905
Car B,2387,159.1333,7,121.053,3,-12.607,-1.168,-1.168,6.0078,-0.0501,1.0768,1.0,-0.0254,4.451,18.905
Car A,2388,159.2,7,102.541,3,-26.076,7.704,-0.076,5.9308,-0.1675,1.7141,0.2715,-0.9476,8.836,-18.913
Car B,2388,159.2,7,121.453,3,-12.207,-1.182,-1.182,6.0096,0.0258,0.1225,1.0,0.2157,-0.626,18.913
Car A,2389,159.2667,7,102.926,3,-26.018,7.319,-0.018,5.7829,-2.2183,0.9845,0.8491,-1.0,-23.642,-18.927
Car B,2389,159.2667,7,121.853,3,-11.807,-1.199,-1.199,6.0042,-0.0805,0.7728,1.0,0.2068,5.383,18.927
Car A,2390,159.3333,7,103.307,3,-25.967,6.938,0.033,5.7604,-0.3376,-0.2871,1.0,1.0,-24.998,-18.946
Car B,2390,159.3333,7,122.254,3,-11.407,-1.202,-1.202,5.9982,-0.0902,1.6344,1.0,-0.1641,5.169,18.946
Car A,2391,159.4,7,103.687,3,-25.916,6.559,0.084,5.742,-0.277,0.6524,1.0,0.4092,24.925,-18.967
Car B,2391,159.4,7,122.654,3,-11.007,-1.201,-1.201,6.0009,0.0408,0.5044,1.0,0.2078,-4.089,18.967
Car A,2392,159.4667,7,104.066,3,-25.859,6.179,0.141,5.7499,0.1189,1.4425,1.0,0.331,10.249,-18.988
Car B,2392,159.4667,7,123.054,3,-10.607,-1.202,-1.202,5.9984,-0.0374,0.9904,1.0,0.0491,5.179,18.988
Car A,2393,159.5333,7,104.459,3,-25.785,5.803,0.198,5.7494,-0.007,2.0993,1.0,0.9355,8.277,-18.995
Car B,2393,159.5333,7,123.454,3,-10.207,-1.198,-1.198,6.0115,0.1966,0.4693,1.0,0.1584,1.234,18.995
Car A,2394,159.6,7,104.838,3,-25.697,5.43,0.257,5.7402,-0.1388,2.7021,1.0,-0.1584,23.364,-19.017
Car B,2394,159.6,7,123.854,3,-9.806,-1.19,-1.19,6.0054,-0.0922,1.231,1.0,-0.1703,3.956,19.017
Car A,2395,159.6667,7,105.266,3,-25.601,5.058,0.315,5.7567,0.2477,1.5845,1.0,1.0,-3.919,-18.989
Car B,2395,159.6667,7,124.254,3,-9.406,-1.179,-1.179,6.0048,-0.008,0.1755,1.0,0.1122,-4.245,18.989
Car A,2396,159.7333,7,105.649,3,-25.504,4.688,0.324,5.7479,-0.1316,1.5629,1.0,1.0,24.956,-19.006
Car B,2396,159.7333,7,124.655,3,-9.006,-1.17,-1.17,6.0032,-0.0242,0.7484,1.0,-0.0582,2.793,19.006
Car A,2397,159.8,7,106.031,3,-25.394,4.32,0.344,5.7339,-0.2103,2.4125,1.0,0.9628,25.0,-19.023
Car B,2397,159.8,7,125.054,3,-8.606,-1.158,-1.158,6.0026,-0.0089,-0.1287,1.0,0.1335,-1.447,19.023
Car A,2398,159.8667,7,106.469,3,-25.268,3.959,0.334,5.7243,-0.1433,2.9326,1.0,1.0,24.072,-18.986
Car B,2398,159.8667,7,125.454,3,-8.206,-1.148,-1.148,5.9989,-0.0559,0.5467,1.0,-0.0405,3.331,18.986
Car A,2399,159.9333,7,106.851,3,-25.125,3.604,0.33,5.7153,-0.1355,3.3572,1.0,1.0,24.998,-19.003
Car B,2399,159.9333,7,125.854,3,-7.806,-1.136,-1.136,5.9986,-0.0042,-0.2599,1.0,0.1039,-1.006,19.003
Car A,2400,160.0,7,107.285,3,-24.965,3.257,0.315,5.7076,-0.1161,3.6726,1.0,1.0,25.0,-18.969
Car B,2400,160.0,7,126.254,3,-7.407,-1.125,-1.125,5.9967,-0.0286,0.5436,1.0,-0.0765,2.592,18.969
Car A,2401,160.0667,7,107.666,3,-24.788,2.919,0.289,5.701,-0.0985,3.9329,1.0,1.0,25.0,-18.987
Car B,2401,160.0667,7,126.653,3,-7.007,-1.11,-1.11,5.9953,-0.0219,-0.2673,1.0,0.0395,-1.905,18.987
Car A,2402,160.1333,7,108.091,3,-24.595,2.59,0.273,5.6957,-0.0798,4.1282,1.0,1.0,25.0,-18.962
Car B,2402,160.1333,7,127.053,3,-6.608,-1.1,-1.1,5.9955,0.0033,0.3721,1.0,-0.0784,0.984,18.962
Car A,2403,160.2,7,108.47,3,-24.384,2.272,0.227,5.6914,-0.0643,4.2781,1.0,1.0,24.999,-18.982
Car B,2403,160.2,7,127.452,3,-6.208,-1.089,-1.089,5.9951,-0.0051,-0.5477,1.0,0.0752,-1.955,18.982
Car A,2404,160.2667,7,108.85,3,-24.156,1.966,0.201,5.6879,-0.0521,4.3994,1.0,1.0,24.999,-19.001
Car B,2404,160.2667,7,127.852,3,-5.809,-1.08,-1.08,5.9928,-0.0344,0.3209,1.0,-0.0785,1.873,19.001
Car A,2405,160.3333,7,109.259,3,-23.913,1.673,0.15,5.6852,-0.0413,4.4947,1.0,1.0,24.999,-18.992
Car B,2405,160.3333,7,128.251,3,-5.409,-1.068,-1.068,5.9914,-0.0224,-0.4098,1.0,0.0207,-1.956,18.992
Car A,2406,160.4,7,109.637,3,-23.653,1.393,0.106,5.683,-0.0329,4.5715,1.0,1.0,24.999,-19.013
Car B,2406,160.4,7,128.65,3,-5.01,-1.06,-1.06,5.9947,0.0497,0.2027,1.0,-0.0776,0.511,19.013
Car A,2407,160.4667,7,110.029,3,-23.379,1.128,0.062,5.6812,-0.0259,4.6314,1.0,1.0,24.999,-19.02
Car B,2407,160.4667,7,129.05,3,-4.611,-1.053,-1.053,5.9896,-0.0757,-0.6874,1.0,0.0901,-1.936,19.02
Car A,2408,160.5333,7,110.405,3,-23.091,0.879,0.001,5.6799,-0.0196,4.6787,1.0,1.0,24.999,-19.044
Car B,2408,160.5333,7,129.449,3,-4.211,-1.047,-1.047,5.9895,-0.0022,0.2998,1.0,-0.0861,2.246,19.044
Car A,2409,160.6,7,110.784,3,-22.789,0.647,-0.04,5.679,-0.0146,4.7176,1.0,1.0,24.999,-19.064
Car B,2409,160.6,7,129.848,3,-3.812,-1.038,-1.038,5.9895,0.0004,-0.418,1.0,0.0178,-2.145,19.064
Car A,2410,160.6667,7,111.152,3,-22.474,0.431,-0.11,5.6782,-0.0109,4.7482,1.0,1.0,24.999,-19.096
Car B,2410,160.6667,7,130.247,3,-3.413,-1.032,-1.032,5.997,0.113,0.181,1.0,-0.0741,0.436,19.096
Car A,2411,160.7333,7,111.528,3,-22.148,0.234,-0.167,5.6777,-0.0078,4.7719,1.0,1.0,24.999,-19.119
Car B,2411,160.7333,7,130.647,3,-3.013,-1.027,-1.027,5.9945,-0.038,-0.6322,1.0,0.0803,-1.847,19.119
Car A,2412,160.8,7,111.874,3,-21.811,0.056,-0.221,5.6773,-0.0059,4.7928,1.0,1.0,24.999,-19.172
Car B,2412,160.8,7,131.047,3,-2.613,-1.024,-1.024,5.9937,-0.0118,0.3236,1.0,-0.0899,2.002,19.172
Car A,2413,160.8667,7,112.248,3,-21.465,-0.103,-0.295,5.6771,-0.0028,4.8067,1.0,1.0,24.999,-19.198
Car B,2413,160.8667,7,131.446,3,-2.214,-1.017,-1.017,5.9924,-0.0193,-0.4074,1.0,0.0254,-2.24,19.198
Car A,2414,160.9333,7,112.626,3,-21.11,-0.243,-0.348,5.677,-0.0022,4.8198,1.0,1.0,24.999,-19.22
Car B,2414,160.9333,7,131.846,3,-1.815,-1.013,-1.013,5.9965,0.0609,0.2466,1.0,-0.0787,0.63,19.22
Car A,2415,161.0,7,112.943,3,-20.748,-0.362,-0.419,5.6769,-0.0008,4.8296,1.0,1.0,24.999,-19.303
Car B,2415,161.0,7,132.245,3,-1.415,-1.01,-1.01,5.995,-0.0216,-0.6046,1.0,0.084,-1.962,19.303
Car A,2416,161.0667,7,113.317,3,-20.38,-0.46,-0.488,5.6769,0.0002,4.8376,1.0,1.0,24.999,-19.328
Car B,2416,161.0667,7,132.645,3,-1.015,-1.009,-1.009,5.9936,-0.022,0.3064,1.0,-0.0863,2.095,19.328
Car A,2417,161.1333,7,113.66,3,-20.007,-0.537,-0.537,5.677,0.0002,4.8437,1.0,1.0,24.999,-19.384
Car B,2417,161.1333,7,133.044,3,-0.616,-1.004,-1.004,5.9923,-0.0196,-0.413,1.0,0.0444,-2.15,19.384
Car A,2418,161.2,7,114.03,3,-19.63,-0.593,-0.593,5.6771,0.0022,4.8486,1.0,1.0,24.999,-19.414
Car B,2418,161.2,7,133.444,3,-0.216,-1.003,-1.003,5.9911,-0.0175,0.3403,1.0,-0.1044,1.105,19.414
Car A,2419,161.2667,7,114.41,3,-19.25,-0.627,-0.627,5.6772,0.001,4.8517,1.0,1.0,24.999,-19.433
Car B,2419,161.2667,8,0.183,1,0.183,-1.0,-1.0,5.9907,-0.0054,-0.5136,1.0,0.0749,-2.604,19.433
Car A,2420,161.3333,7,114.791,3,-18.87,-0.639,-0.639,5.6773,0.0025,4.855,1.0,1.0,24.999,-19.452
Car B,2420,161.3333,8,0.582,1,0.582,-1.0,-1.0,5.9894,-0.0196,0.2854,1.0,-0.0838,1.865,19.452
Car A,2421,161.4,7,115.172,3,-18.489,-0.63,-0.63,5.6774,0.0016,4.8574,1.0,1.0,24.999,-19.47
Car B,2421,161.4,8,0.981,1,0.982,-0.998,-0.998,5.9884,-0.0153,-0.4276,1.0,0.0638,-2.088,19.47
Car A,2422,161.4667,7,115.552,3,-18.109,-0.599,-0.599,5.6776,0.0026,4.859,1.0,1.0,24.999,-19.489
Car B,2422,161.4667,8,1.381,1,1.381,-0.998,-0.998,5.9871,-0.0202,0.346,1.0,-0.1074,1.588,19.489
Car A,2423,161.5333,7,115.929,3,-17.731,-0.547,-0.547,5.6778,0.0029,4.8606,1.0,-0.031,24.999,-19.511
Car B,2423,161.5333,8,1.78,1,1.78,-0.996,-0.996,5.9852,-0.0275,-0.4296,1.0,0.0727,-2.677,19.511
Car A,2424,161.6,7,116.305,3,-17.355,-0.482,-0.482,5.7195,0.625,3.3684,1.0,-0.1076,-0.736,-19.533
Car B,2424,161.6,8,2.179,1,2.179,-0.997,-0.997,5.9844,-0.013,0.3398,1.0,-0.1378,1.81,19.533
Car A,2425,161.6667,7,116.684,3,-16.976,-0.422,-0.422,5.7535,0.5098,1.2088,1.0,-0.1237,-2.687,-19.554
Car B,2425,161.6667,8,2.577,1,2.577,-0.995,-0.995,5.9828,-0.0236,-0.4239,1.0,0.0409,-3.435,19.554
Car A,2426,161.7333,7,117.065,3,-16.595,-0.373,-0.373,5.7654,0.1791,-0.1295,1.0,-0.1332,-3.092,-19.572
Car B,2426,161.7333,8,2.976,1,2.976,-0.997,-0.997,5.9855,0.0402,0.3257,1.0,-0.1632,1.014,19.572
Car A,2427,161.8,7,117.448,3,-16.212,-0.336,-0.336,5.7842,0.2822,-1.0694,1.0,-0.0979,-3.328,-19.587
Car B,2427,161.8,8,3.375,1,3.375,-0.997,-0.997,5.9845,-0.0148,-0.571,1.0,0.0872,-4.073,19.587
Car A,2428,161.8667,7,117.836,3,-15.824,-0.305,-0.305,5.8722,1.3194,-0.9441,1.0,-0.1289,-2.433,-19.598
Car B,2428,161.8667,8,3.774,1,3.774,-1.002,-1.002,5.9851,0.0094,0.2328,1.0,-0.1723,2.171,19.598
Car A,2429,161.9333,7,118.227,3,-15.433,-0.28,-0.28,5.8785,0.0954,-1.0303,1.0,-0.1388,-3.19,-19.606
Car B,2429,161.9333,8,4.173,1,4.173,-1.003,-1.003,5.983,-0.0317,-0.4733,1.0,0.0418,-4.298,19.606
Car A,2430,162.0,7,118.62,3,-15.04,-0.261,-0.261,5.9095,0.4641,-1.2858,1.0,-0.0882,-3.469,-19.612
Car B,2430,162.0,8,4.572,1,4.572,-1.008,-1.008,5.9848,0.0266,0.2984,1.0,-0.2111,1.037,19.612
Car A,2431,162.0667,7,119.014,3,-14.646,-0.245,-0.245,5.9198,0.1552,-0.9212,1.0,-0.1371,-2.197,-19.617
Car B,2431,162.0667,8,4.971,1,4.971,-1.011,-1.011,5.9834,-0.0202,-0.5552,1.0,0.0705,-5.268,19.617
Car A,2432,162.1333,7,119.409,3,-14.251,-0.235,-0.235,5.9416,0.3268,-1.2724,1.0,-0.0396,-3.425,-19.621
Car B,2432,162.1333,8,5.37,1,5.37,-1.018,-1.018,5.9851,0.0246,0.2443,1.0,-0.1805,1.752,19.621
Car A,2433,162.2,7,119.806,3,-13.854,-0.226,-0.226,5.9644,0.3423,-0.3826,1.0,-0.112,-0.982,-19.623
Car B,2433,162.2,8,5.768,1,5.769,-1.022,-1.022,5.9819,-0.0477,-0.4805,1.0,0.0622,-4.502,19.623
Car A,2434,162.2667,7,120.203,3,-13.457,-0.218,-0.218,5.9647,0.0037,-1.0246,1.0,0.0429,-2.795,-19.624
Car B,2434,162.2667,8,6.167,1,6.167,-1.03,-1.03,5.9831,0.0184,0.2995,1.0,-0.1991,1.546,19.624
Car A,2435,162.3333,7,120.601,3,-13.059,-0.213,-0.213,5.9669,0.0329,0.0312,1.0,0.0102,1.065,-19.625
Car B,2435,162.3333,8,6.566,1,6.566,-1.035,-1.035,5.9801,-0.0458,-0.4795,1.0,0.0977,-4.967,19.625
Car A,2436,162.4,7,121.0,3,-12.661,-0.201,-0.201,6.0018,0.5243,0.2095,1.0,-0.0409,0.257,-19.625
Car B,2436,162.4,8,6.964,1,6.964,-1.044,-1.044,5.981,0.0134,0.3047,1.0,-0.2031,2.43,19.625
Car A,2437,162.4667,7,121.4,3,-12.261,-0.193,-0.193,5.983,-0.2824,-0.4277,1.0,0.1031,-1.01,-19.624
Car B,2437,162.4667,8,7.363,1,7.363,-1.049,-1.049,5.9787,-0.0345,-0.435,1.0,0.1108,-5.066,19.624
Car A,2438,162.5333,7,121.798,3,-11.862,-0.183,-0.183,5.9836,0.0087,0.5343,1.0,-0.0233,2.572,-19.623
Car B,2438,162.5333,8,7.761,1,7.761,-1.058,-1.058,5.9795,0.0127,0.337,1.0,-0.1833,2.758,19.623
Car A,2439,162.6,7,122.197,3,-11.463,-0.169,-0.169,5.9869,0.0495,-0.2186,1.0,0.0318,-0.576,-19.623
Car B,2439,162.6,8,8.16,1,8.16,-1.063,-1.063,5.9777,-0.0266,-0.4144,1.0,0.1372,-4.571,19.623
Car A,2440,162.6667,7,122.596,3,-11.064,-0.157,-0.157,5.9792,-0.1148,0.3142,1.0,-0.0654,0.782,-19.622
Car B,2440,162.6667,8,8.558,1,8.558,-1.073,-1.073,5.9781,0.0058,0.3557,1.0,-0.1673,3.418,19.622
Car A,2441,162.7333,7,122.995,3,-10.665,-0.148,-0.148,5.977,-0.0328,-0.609,1.0,0.1271,-1.631,-19.622
Car B,2441,162.7333,8,8.957,1,8.957,-1.078,-1.078,5.9766,-0.0228,-0.3932,1.0,0.1719,-4.172,19.622
Car A,2442,162.8,7,123.393,3,-10.267,-0.139,-0.139,5.978,0.0147,0.4148,1.0,-0.0461,3.17,-19.622
Car B,2442,162.8,8,9.355,1,9.355,-1.087,-1.087,5.9766,0.0002,0.3689,1.0,-0.1516,4.284,19.622
Car A,2443,162.8667,7,123.792,3,-9.869,-0.126,-0.126,5.9803,0.0337,-0.3445,1.0,0.0401,-1.146,-19.622
Car B,2443,162.8667,8,9.753,1,9.753,-1.093,-1.093,5.9762,-0.0059,-0.3867,1.0,0.1983,-3.778,19.622
Car A,2444,162.9333,7,124.19,3,-9.47,-0.115,-0.115,5.9811,0.0127,0.3904,1.0,-0.1046,0.998,-19.621
Car B,2444,162.9333,8,10.151,1,10.151,-1.102,-1.102,5.9751,-0.0168,0.3769,1.0,-0.137,4.944,19.621
Car A,2445,163.0,7,124.589,3,-9.071,-0.105,-0.105,5.9813,0.0026,-0.5541,1.0,0.0631,-2.609,-19.621
Car B,2445,163.0,8,10.55,1,10.55,-1.108,-1.108,5.9756,0.0076,-0.377,1.0,0.2229,-3.413,19.621
Car A,2446,163.0667,7,124.988,3,-8.673,-0.098,-0.098,5.9812,-0.001,0.2598,1.0,-0.0585,1.571,-19.621
Car B,2446,163.0667,8,10.948,1,10.948,-1.117,-1.117,5.9736,-0.03,0.3894,1.0,-0.1229,5.558,19.621
Car A,2447,163.1333,7,125.386,3,-8.274,-0.088,-0.088,5.9817,0.007,-0.4649,1.0,0.0625,-1.457,-19.62
Car B,2447,163.1333,8,11.346,1,11.346,-1.122,-1.122,5.9743,0.0101,-0.3661,1.0,0.2438,-3.058,19.62
Car A,2448,163.2,7,125.785,3,-7.875,-0.079,-0.079,5.9819,0.0039,0.4288,1.0,-0.109,1.558,-19.62
Car B,2448,163.2,8,11.744,1,11.744,-1.131,-1.131,5.9728,-0.022,0.4042,1.0,-0.1115,6.08,19.62
Car A,2449,163.2667,7,126.183,3,-7.477,-0.069,-0.069,5.9807,-0.0191,-0.4132,1.0,0.0057,-2.719,-19.619
Car B,2449,163.2667,8,12.142,1,12.142,-1.135,-1.135,5.9727,-0.0018,-0.3583,1.0,0.2634,-2.774,19.619
Car A,2450,163.3333,7,126.582,3,-7.078,-0.062,-0.062,5.9953,0.2189,0.0962,1.0,-0.0684,0.131,-19.618
Car B,2450,163.3333,8,12.54,1,12.54,-1.144,-1.144,5.9699,-0.0422,0.4254,1.0,-0.1254,6.571,19.618
Car A,2451,163.4,7,126.982,3,-6.678,-0.056,-0.056,5.9913,-0.0589,-0.6385,1.0,0.119,-1.706,-19.616
Car B,2451,163.4,8,12.938,1,12.938,-1.148,-1.148,5.9714,0.022,-0.3506,1.0,0.2697,-3.12,19.616
Car A,2452,163.4667,7,127.381,3,-6.279,-0.051,-0.051,5.9916,0.0034,0.3641,1.0,-0.0722,2.968,-19.615
Car B,2452,163.4667,8,13.336,1,13.336,-1.156,-1.156,5.9679,-0.0526,0.4193,1.0,-0.1035,6.727,19.615
Car A,2453,163.5333,7,127.781,3,-5.88,-0.042,-0.042,5.992,0.0061,-0.379,1.0,0.026,-1.797,-19.613
Car B,2453,163.5333,8,13.734,1,13.734,-1.16,-1.16,5.9691,0.019,-0.3454,1.0,0.2827,-2.572,19.613
Car A,2454,163.6,7,128.18,3,-5.48,-0.037,-0.037,5.9919,-0.0008,0.2554,1.0,-0.0793,0.645,-19.612
Car B,2454,163.6,8,14.131,1,14.131,-1.167,-1.167,5.9658,-0.0495,0.4445,1.0,-0.1087,7.053,19.612
Car A,2455,163.6667,7,128.58,3,-5.081,-0.032,-0.032,5.988,-0.0591,-0.6583,1.0,0.1329,-1.979,-19.61
Car B,2455,163.6667,8,14.529,1,14.529,-1.17,-1.17,5.967,0.0183,-0.3316,1.0,0.2917,-2.703,19.61
Car A,2456,163.7333,7,128.979,3,-4.682,-0.029,-0.029,5.9889,0.0138,0.3056,1.0,-0.0392,3.314,-19.608
Car B,2456,163.7333,8,14.927,1,14.927,-1.177,-1.177,5.9637,-0.0493,0.4399,1.0,-0.0949,7.277,19.608
Car A,2457,163.8,7,129.378,3,-4.282,-0.023,-0.023,5.9919,0.0446,-0.3649,1.0,0.0609,-0.973,-19.607
Car B,2457,163.8,8,15.324,1,15.324,-1.179,-1.179,5.9666,0.0426,-0.3358,1.0,0.3371,-2.356,19.607
Car A,2458,163.8667,7,129.777,3,-3.883,-0.017,-0.017,5.9932,0.0206,0.5077,1.0,-0.1131,1.519,-19.604
Car B,2458,163.8667,8,15.721,1,15.722,-1.185,-1.185,5.9611,-0.0816,0.4522,1.0,-0.0895,8.409,19.604
Car A,2459,163.9333,7,130.177,3,-3.483,-0.01,-0.01,5.9924,-0.013,-0.4301,1.0,0.0159,-2.822,-19.602
Car B,2459,163.9333,8,16.119,1,16.119,-1.187,-1.187,5.9626,0.0211,-0.3259,1.0,0.2511,-2.221,19.602
Car A,2460,164.0,7,130.576,3,-3.084,-0.008,-0.008,5.9997,0.1103,0.1667,1.0,-0.0644,0.384,-19.6
Car B,2460,164.0,8,16.516,1,16.516,-1.192,-1.192,5.96,-0.0388,0.4375,1.0,-0.1414,6.264,19.6
Car A,2461,164.0667,7,130.976,3,-2.684,-0.005,-0.005,5.995,-0.0715,-0.5935,1.0,0.1151,-1.606,-19.598
Car B,2461,164.0667,8,16.913,1,16.914,-1.194,-1.194,5.9613,0.0204,-0.3174,1.0,0.2307,-3.519,19.598
Car A,2462,164.1333,7,131.376,3,-2.284,-0.002,-0.002,5.9947,-0.004,0.3846,1.0,-0.0632,2.869,-19.595
Car B,2462,164.1333,8,17.311,1,17.311,-1.199,-1.199,5.9597,-0.0247,0.4153,1.0,-0.0573,5.753,19.595
Car A,2463,164.2,7,131.776,3,-1.885,0.003,0.003,5.995,0.0045,-0.3679,1.0,0.0356,-1.573,-19.593
Car B,2463,164.2,8,17.708,1,17.708,-1.2,-1.2,5.9627,0.0447,-0.3458,1.0,0.2438,-1.422,19.593
Car A,2464,164.2667,7,132.175,3,-1.485,0.006,0.006,5.9939,-0.0159,0.3408,1.0,-0.0814,0.886,-19.591
Car B,2464,164.2667,8,18.105,1,18.106,-1.203,-1.203,5.9608,-0.0285,0.5089,1.0,0.5782,6.082,19.591
Car A,2465,164.3333,7,132.575,3,-1.085,0.009,0.009,5.9937,-0.0035,-0.5704,1.0,0.0928,-2.029,-19.588
Car B,2465,164.3333,8,18.503,1,18.503,-1.193,-1.193,5.9541,-0.0997,1.4694,1.0,0.5076,14.442,19.588
Car A,2466,164.4,7,132.974,3,-0.686,0.009,0.009,5.9916,-0.0312,0.3072,1.0,-0.0564,2.313,-19.585
Car B,2466,164.4,8,18.899,1,18.899,-1.169,-1.169,5.9466,-0.1119,2.1925,1.0,1.0,12.692,19.585
Car A,2467,164.4667,7,133.374,3,-0.287,0.013,0.013,5.9914,-0.003,-0.4044,1.0,0.0285,-1.403,-19.58
Car B,2467,164.4667,8,19.293,1,19.293,-1.13,-1.13,5.9337,-0.1949,2.7999,1.0,1.0,24.98,19.58
Car A,2468,164.5333,8,0.113,1,0.113,0.015,0.015,5.9936,0.0333,0.2802,1.0,-0.1059,0.707,-19.573
Car B,2468,164.5333,8,19.685,1,19.685,-1.072,-1.072,5.9218,-0.1779,3.252,1.0,0.7165,25.0,19.573
Car A,2469,164.6,8,0.512,1,0.512,0.016,0.016,5.9934,-0.0035,-0.6029,1.0,0.0123,-2.641,-19.488
Car B,2469,164.6,8,20.0,1,20.074,-0.997,-1.0,5.9145,-0.1098,3.5825,1.0,0.2757,17.922,19.488
Car A,2470,164.6667,8,0.912,1,0.912,0.013,0.013,5.9982,0.072,0.1223,1.0,-0.0787,0.3,-19.476
Car B,2470,164.6667,8,20.388,1,20.461,-0.911,-0.944,5.9702,0.8362,2.5524,1.0,0.696,6.91,19.476
Car A,2471,164.7333,8,1.312,1,1.312,0.01,0.01,5.9899,-0.1251,-0.7233,1.0,0.0745,-1.964,-19.469
Car B,2471,164.7333,8,20.781,1,20.847,-0.816,-0.88,5.9596,-0.1599,2.9808,1.0,0.6572,17.384,19.469
Car A,2472,164.8,8,1.711,1,1.711,0.006,0.006,5.9909,0.0159,0.2868,1.0,-0.1094,1.856,-19.332
Car B,2472,164.8,8,21.043,1,21.229,-0.703,-0.824,5.9509,-0.1303,3.3785,1.0,1.0,16.431,19.332
Car A,2473,164.8667,8,2.11,1,2.11,0.005,0.005,5.9893,-0.0238,-0.4407,1.0,-0.0658,-2.729,-19.328
Car B,2473,164.8667,8,21.438,1,21.605,-0.574,-0.785,5.9403,-0.1591,3.7255,1.0,0.9249,24.986,19.328
Car A,2474,164.9333,8,2.51,1,2.51,-0.005,-0.005,5.9878,-0.0227,-0.6437,1.0,-0.0475,-1.644,-19.321
Car B,2474,164.9333,8,21.831,1,21.974,-0.426,-0.728,5.9323,-0.1199,3.956,1.0,1.0,23.125,19.321
Car A,2475,165.0,8,2.908,1,2.908,-0.015,-0.015,5.966,-0.328,-0.2923,1.0,-0.0744,-1.169,-19.207
Car B,2475,165.0,8,22.115,1,22.334,-0.261,-0.696,5.924,-0.1248,4.155,1.0,1.0,24.997,19.207
Car A,2476,165.0667,8,3.305,1,3.305,-0.029,-0.029,5.9694,0.0521,-0.7524,0.9859,0.0504,-1.857,-19.204
Car B,2476,165.0667,8,22.509,1,22.686,-0.077,-0.661,5.9167,-0.1093,4.3036,1.0,1.0,24.999,19.204
Car A,2477,165.1333,8,3.703,1,3.703,-0.042,-0.042,5.9661,-0.0506,0.2812,1.0,-0.0045,1.255,-19.121
Car B,2477,165.1333,8,22.824,1,23.027,0.124,-0.61,5.9101,-0.0989,4.4206,1.0,1.0,24.999,19.121
Car A,2478,165.2,8,4.101,1,4.102,-0.051,-0.051,5.9923,0.3928,-0.0764,0.9994,0.039,-0.101,-19.1
Car B,2478,165.2,8,23.202,1,23.357,0.343,-0.596,5.9042,-0.0881,4.5121,1.0,1.0,24.999,19.1
Car A,2479,165.2667,8,4.501,1,4.501,-0.058,-0.058,6.0174,0.3777,0.406,1.0,0.0109,0.966,-19.094
Car B,2479,165.2667,8,23.595,1,23.675,0.578,-0.561,5.8989,-0.0794,4.5835,1.0,1.0,24.999,19.094
Car A,2480,165.3333,8,4.902,1,4.902,-0.064,-0.064,6.0137,-0.0567,0.1544,1.0,0.0291,0.272,-19.003
Car B,2480,165.3333,8,23.905,1,23.979,0.83,-0.534,5.8941,-0.0722,4.6411,1.0,1.0,24.999,19.003
Car A,2481,165.4,8,5.303,1,5.303,-0.07,-0.07,6.0134,-0.0034,0.2829,1.0,0.0218,0.719,-18.997
Car B,2481,165.4,8,24.3,1,24.269,1.098,-0.519,5.8897,-0.0667,4.686,1.0,1.0,24.999,18.997
Car A,2482,165.4667,8,5.704,1,5.704,-0.074,-0.074,6.0164,0.0451,0.1323,1.0,0.0302,0.535,-18.989
Car B,2482,165.4667,8,24.693,1,24.545,1.381,-0.482,5.8856,-0.0613,4.7224,1.0,1.0,24.999,18.989
Car A,2483,165.5333,8,6.105,1,6.105,-0.077,-0.077,5.9953,-0.3176,0.3059,1.0,0.0162,0.742,-18.907
Car B,2483,165.5333,8,25.012,1,24.804,1.678,-0.478,5.8817,-0.058,4.7494,1.0,1.0,24.999,18.907
Car A,2484,165.6,8,6.504,1,6.505,-0.08,-0.08,5.9881,-0.1068,0.1933,1.0,0.018,0.396,-18.901
Car B,2484,165.6,8,25.406,1,25.047,1.989,-0.461,5.8781,-0.0539,4.7732,1.0,1.0,24.999,18.901
Car A,2485,165.6667,8,6.904,1,6.904,-0.083,-0.083,5.9955,0.1108,0.0775,1.0,0.0269,0.437,-18.826
Car B,2485,165.6667,8,25.73,1,25.272,2.312,-0.44,5.8747,-0.0519,4.7899,1.0,1.0,24.999,18.826
Car A,2486,165.7333,8,7.303,1,7.303,-0.084,-0.084,5.9821,-0.2018,0.1881,1.0,0.0148,0.662,-18.82
Car B,2486,165.7333,8,26.124,1,25.479,2.647,-0.442,5.8714,-0.0489,4.805,1.0,1.0,24.999,18.82
Car A,2487,165.8,8,7.702,1,7.702,-0.085,-0.085,5.9867,0.0695,0.1146,1.0,0.0148,0.368,-18.815
Car B,2487,165.8,8,26.517,1,25.667,2.993,-0.422,5.8683,-0.0471,4.8153,1.0,1.0,24.999,18.815
Car A,2488,165.8667,8,8.102,1,8.102,-0.086,-0.086,5.994,0.1087,0.0768,1.0,0.0166,0.361,-18.743
Car B,2488,165.8667,8,26.845,1,25.836,3.348,-0.425,5.8652,-0.0457,4.8238,1.0,1.0,24.999,18.743
Car A,2489,165.9333,8,8.502,1,8.502,-0.087,-0.087,5.9965,0.0387,0.0747,1.0,0.0166,0.404,-18.736
Car B,2489,165.9333,8,27.238,1,25.986,3.712,-0.424,5.8622,-0.0446,4.83,1.0,1.0,24.999,18.736
Car A,2490,166.0,8,8.901,1,8.901,-0.088,-0.088,5.9943,-0.0332,0.08,1.0,0.0161,0.404,-18.665
Car B,2490,166.0,8,27.567,1,26.114,4.083,-0.411,5.8594,-0.0429,4.8349,1.0,1.0,24.999,18.665
Car A,2491,166.0667,8,9.301,1,9.301,-0.088,-0.088,5.9938,-0.0075,0.0843,1.0,0.013,0.393,-18.658
Car B,2491,166.0667,8,27.959,1,26.222,4.461,-0.428,5.8566,-0.0416,4.8403,1.0,1.0,24.999,18.658
Car A,2492,166.1333,8,9.7,1,9.7,-0.087,-0.087,5.9911,-0.0405,0.0926,1.0,0.0087,0.319,-18.651
Car B,2492,166.1333,8,28.352,1,26.309,4.844,-0.423,5.8539,-0.0411,4.8432,1.0,0.3601,24.999,18.651
Car A,2493,166.2,8,10.1,1,10.1,-0.086,-0.086,6.0022,0.1667,0.0518,1.0,0.0079,0.213,-18.578
Car B,2493,166.2,8,28.678,1,26.383,5.231,-0.443,5.9121,0.8741,3.2075,1.0,0.2204,9.026,18.578
Car A,2494,166.2667,8,10.5,1,10.5,-0.085,-0.085,5.9983,-0.0593,0.0434,1.0,0.0027,0.194,-18.572
Car B,2494,166.2667,8,29.073,1,26.458,5.62,-0.486,5.979,1.0037,2.0588,1.0,-0.0761,5.515,18.572
Car A,2495,166.3333,8,10.9,1,10.9,-0.084,-0.084,5.9952,-0.0459,0.0241,1.0,-0.0034,0.072,-18.527
Car B,2495,166.3333,8,29.427,1,26.535,6.012,-0.535,5.9871,0.1213,0.704,1.0,0.177,-1.89,18.527
Car A,2496,166.4,8,11.3,1,11.3,-0.083,-0.083,5.9953,0.0017,0.0781,1.0,-0.0267,-0.076,-18.518
Car B,2496,166.4,8,29.818,1,26.615,6.403,-0.615,5.9845,-0.0395,1.1534,1.0,0.1271,4.414,18.518
Car A,2497,166.4667,8,11.7,1,11.7,-0.084,-0.084,6.0174,0.3308,-0.2861,1.0,-0.0276,-0.653,-18.511
Car B,2497,166.4667,8,30.211,1,26.686,6.796,-0.686,5.9835,-0.0156,1.2516,1.0,0.0884,3.177,18.511
Car A,2498,166.5333,8,12.101,1,12.101,-0.087,-0.087,6.0246,0.1084,-0.2969,1.0,-0.0683,-0.67,-18.504
Car B,2498,166.5333,8,30.605,1,26.754,7.19,-0.754,6.013,0.4429,0.852,1.0,0.1212,2.211,18.504
Car A,2499,166.6,8,12.503,1,12.503,-0.095,-0.095,5.997,-0.4137,-0.6733,1.0,0.0142,-1.705,-18.497
Car B,2499,166.6,8,31.0,1,26.817,7.585,-0.817,6.0091,-0.0586,1.1581,1.0,0.0841,3.028,18.497
Car A,2500,166.6667,8,12.902,1,12.903,-0.101,-0.101,5.9999,0.0434,0.1484,1.0,0.017,0.349,-18.494
Car B,2500,166.6667,8,31.397,1,26.878,7.982,-0.878,6.0403,0.4676,0.8216,1.0,0.1434,2.102,18.494
Car A,2501,166.7333,8,13.303,1,13.303,-0.104,-0.104,6.0029,0.0453,0.1811,1.0,0.0888,0.416,-18.493
Car B,2501,166.7333,8,31.795,1,26.932,8.38,-0.932,6.0431,0.0433,1.3903,1.0,0.0616,3.582,18.493
Car A,2502,166.8,8,13.703,1,13.703,-0.101,-0.101,6.0007,-0.0341,0.8544,1.0,-0.0476,2.217,-18.491
Car B,2502,166.8,8,32.194,1,26.984,8.779,-0.984,6.0216,-0.323,0.5944,1.0,0.1962,1.544,18.491
Car A,2503,166.8667,8,14.103,1,14.103,-0.098,-0.098,6.0007,0.0011,-0.1871,1.0,0.1249,-1.184,-18.49
Car B,2503,166.8667,8,32.593,1,27.031,9.178,-1.031,6.0153,-0.0944,1.3419,1.0,0.0178,4.9,18.49
Car A,2504,166.9333,8,14.503,1,14.503,-0.097,-0.097,5.9974,-0.0502,0.5431,1.0,0.0102,3.114,-18.489
Car B,2504,166.9333,8,32.992,1,27.073,9.577,-1.073,6.0171,0.0261,0.3134,1.0,0.4165,0.451,18.489
Car A,2505,167.0,8,14.903,1,14.903,-0.092,-0.092,5.9975,0.0011,0.0673,1.0,0.0642,0.261,-18.488
Car B,2505,167.0,8,33.39,1,27.116,9.975,-1.116,6.0142,-0.0433,1.072,1.0,0.1969,10.397,18.488
Car A,2506,167.0667,8,15.303,1,15.303,-0.086,-0.086,6.0107,0.1981,0.6293,1.0,0.0496,1.602,-18.487
Car B,2506,167.0667,8,33.79,1,27.145,10.375,-1.145,6.0127,-0.0225,1.7802,1.0,-0.1642,4.93,18.487
Car A,2507,167.1333,8,15.701,1,15.701,-0.076,-0.076,5.9684,-0.6345,0.2969,1.0,0.0433,1.217,-18.489
Car B,2507,167.1333,8,34.19,1,27.171,10.775,-1.171,6.0155,0.043,0.5373,1.0,0.33,-4.09,18.489
Car A,2508,167.2,8,16.1,1,16.1,-0.065,-0.065,6.0113,0.6444,0.4244,1.0,0.5044,1.083,-18.491
Car B,2508,167.2,8,34.59,1,27.199,11.175,-1.199,6.0122,-0.0496,1.0186,1.0,0.5588,8.232,18.491
Car A,2509,167.2667,8,16.5,1,16.5,-0.048,-0.048,6.0065,-0.0731,1.2416,1.0,0.017,12.593,-18.491
Car B,2509,167.2667,8,34.991,1,27.214,11.576,-1.214,6.0031,-0.1367,1.8585,1.0,0.3039,13.961,18.491
Car A,2510,167.3333,8,16.9,1,16.9,-0.026,-0.026,6.0107,0.0642,0.2458,1.0,0.8333,0.444,-18.491
Car B,2510,167.3333,8,35.391,1,27.213,11.976,-1.213,6.0016,-0.0224,2.4566,1.0,1.0,7.607,18.491
Car A,2511,167.4,8,17.3,1,17.3,-0.003,-0.003,6.0107,-0.001,0.798,1.0,0.3823,20.801,-18.491
Car B,2511,167.4,8,35.791,1,27.197,12.376,-1.197,5.9978,-0.0577,2.6217,1.0,0.9327,24.974,18.491
Car A,2512,167.4667,8,17.698,1,17.698,0.034,0.034,5.9946,-0.2413,1.8829,0.3946,-0.9089,9.573,-18.491
Car B,2512,167.4667,8,36.189,1,27.164,12.774,-1.164,5.9754,-0.3354,3.3672,1.0,1.0,23.318,18.491
Car A,2513,167.5333,8,18.091,1,18.091,0.076,0.076,5.8799,-1.7209,0.8618,0.7844,-0.53,-22.672,-18.494
Car B,2513,167.5333,8,36.585,1,27.112,13.17,-1.112,5.9643,-0.1665,3.7079,1.0,0.8147,24.997,18.494
Car A,2514,167.6,8,18.481,1,18.481,0.109,0.109,5.8538,-0.3911,-0.3784,1.0,-0.3419,-13.263,-18.497
Car B,2514,167.6,8,36.977,1,27.041,13.562,-1.041,5.9571,-0.1079,3.9386,1.0,0.3718,20.373,18.497
Car A,2515,167.6667,8,18.87,1,18.87,0.13,0.13,5.8519,-0.0284,-1.2822,1.0,1.0,-8.555,-18.497
Car B,2515,167.6667,8,37.368,1,26.957,13.953,-0.957,5.9818,0.3699,3.281,1.0,0.7046,9.31,18.497
Car A,2516,167.7333,8,19.259,1,19.259,0.148,0.148,5.8419,-0.1497,-0.3276,1.0,1.0,24.95,-18.428
Car B,2516,167.7333,8,37.687,1,26.86,14.34,-0.884,5.9726,-0.1378,3.584,1.0,0.6317,17.602,18.428
Car A,2517,167.8,8,19.648,1,19.648,0.175,0.175,5.8354,-0.0978,0.9169,1.0,1.0,24.999,-18.429
Car B,2517,167.8,8,38.077,1,26.744,14.722,-0.798,5.9659,-0.0998,3.8513,1.0,0.942,15.794,18.429
Car A,2518,167.8667,8,20.051,1,20.034,0.217,0.213,5.8234,-0.1793,1.7849,1.0,1.0,25.0,-18.306
Car B,2518,167.8667,8,38.357,1,26.61,15.098,-0.702,5.9572,-0.1303,4.0807,1.0,0.1253,23.538,18.306
Car A,2519,167.9333,8,20.438,1,20.418,0.274,0.24,5.8117,-0.1762,2.4488,1.0,0.9665,25.0,-18.309
Car B,2519,167.9333,8,38.747,1,26.465,15.47,-0.649,5.9856,0.4256,2.7805,1.0,0.6876,3.163,18.309
Car A,2520,168.0,8,20.824,1,20.799,0.348,0.284,5.801,-0.1608,2.971,1.0,0.9167,24.164,-18.319
Car B,2520,168.0,8,39.143,1,26.32,15.841,-0.593,5.9743,-0.1702,2.5179,1.0,1.0,17.169,18.319
Car A,2521,168.0667,8,21.257,1,21.175,0.439,0.299,5.792,-0.135,3.3789,1.0,1.0,22.92,-18.193
Car B,2521,168.0667,8,39.45,1,26.159,16.206,-0.552,5.9615,-0.1916,3.057,1.0,1.0,24.988,18.193
Car A,2522,168.1333,8,21.644,1,21.547,0.547,0.318,5.7833,-0.1301,3.7028,1.0,1.0,24.996,-18.204
Car B,2522,168.1333,8,39.847,1,25.981,16.562,-0.525,5.9499,-0.1743,3.4534,1.0,1.0,25.0,18.204
Car A,2523,168.2,8,22.082,1,21.912,0.674,0.329,5.776,-0.1102,3.9525,1.0,1.0,25.0,-18.157
Car B,2523,168.2,8,40.24,1,25.788,16.91,-0.479,5.9393,-0.1586,3.7656,1.0,1.0,25.0,18.157
Car A,2524,168.2667,8,22.469,1,22.271,0.82,0.326,5.7697,-0.0943,4.1447,1.0,1.0,25.0,-18.095
Car B,2524,168.2667,8,40.564,1,25.578,17.247,-0.471,5.9301,-0.1384,4.0039,1.0,1.0,25.0,18.095
Car A,2525,168.3333,8,22.908,1,22.621,0.983,0.335,5.7645,-0.0782,4.2945,1.0,1.0,24.999,-18.052
Car B,2525,168.3333,8,40.96,1,25.352,17.573,-0.448,5.9219,-0.1226,4.1894,1.0,1.0,25.0,18.052
Car A,2526,168.4,8,23.294,1,22.961,1.165,0.312,5.76,-0.0663,4.412,1.0,1.0,24.999,-17.995
Car B,2526,168.4,8,41.289,1,25.109,17.886,-0.427,5.9147,-0.1079,4.3313,1.0,1.0,24.999,17.995
Car A,2527,168.4667,8,23.68,1,23.292,1.365,0.309,5.7563,-0.0565,4.5055,1.0,1.0,24.999,-18.005
Car B,2527,168.4667,8,41.685,1,24.851,18.187,-0.426,5.9083,-0.0963,4.4422,1.0,1.0,24.999,18.005
Car A,2528,168.5333,8,24.113,1,23.611,1.582,0.277,5.7531,-0.0472,4.5793,1.0,1.0,24.999,-17.967
Car B,2528,168.5333,8,42.08,1,24.578,18.473,-0.404,5.9026,-0.086,4.5274,1.0,1.0,24.999,17.967
Car A,2529,168.6,8,24.498,1,23.917,1.816,0.256,5.7504,-0.0407,4.6385,1.0,1.0,24.999,-17.914
Car B,2529,168.6,8,42.412,1,24.29,18.744,-0.412,5.8974,-0.0776,4.598,1.0,1.0,24.999,17.914
Car A,2530,168.6667,8,24.922,1,24.21,2.067,0.226,5.7481,-0.0347,4.6836,1.0,1.0,24.999,-17.885
Car B,2530,168.6667,8,42.807,1,23.989,18.999,-0.41,5.8927,-0.0707,4.6507,1.0,1.0,24.999,17.885
Car A,2531,168.7333,8,25.305,1,24.489,2.333,0.187,5.7461,-0.0296,4.7219,1.0,1.0,24.999,-17.834
Car B,2531,168.7333,8,43.139,1,23.674,19.238,-0.404,5.8883,-0.0649,4.6929,1.0,1.0,24.999,17.834
Car A,2532,168.8,8,25.716,1,24.752,2.615,0.161,5.7444,-0.026,4.751,1.0,1.0,24.999,-17.817
Car B,2532,168.8,8,43.533,1,23.347,19.459,-0.422,5.8843,-0.061,4.7287,1.0,1.0,24.999,17.817
Car A,2533,168.8667,8,26.098,1,25.0,2.91,0.104,5.7428,-0.0233,4.7742,1.0,1.0,24.999,-17.83
Car B,2533,168.8667,8,43.928,1,23.009,19.661,-0.418,5.8805,-0.0574,4.7548,1.0,1.0,24.999,17.83
Car A,2534,168.9333,8,26.481,1,25.23,3.219,0.069,5.7415,-0.0201,4.7935,1.0,1.0,24.999,-17.774
Car B,2534,168.9333,8,44.256,1,22.66,19.846,-0.437,5.8769,-0.0527,4.7767,1.0,1.0,24.999,17.774
Car A,2535,169.0,8,26.872,1,25.443,3.54,0.012,5.7402,-0.0189,4.8071,1.0,1.0,24.999,-17.778
Car B,2535,169.0,8,44.649,2,22.302,20.01,-0.452,5.8735,-0.0512,4.7938,1.0,0.9411,24.999,17.778
Car A,2536,169.0667,8,27.253,1,25.637,3.873,-0.04,5.7391,-0.0164,4.8191,1.0,1.0,24.999,-17.719
Car B,2536,169.0667,8,44.972,2,21.936,20.155,-0.455,5.8709,-0.0394,4.8004,1.0,1.0,23.53,17.719
Car A,2537,169.1333,8,27.625,1,25.812,4.216,-0.087,5.7381,-0.0156,4.8291,1.0,1.0,24.999,-17.74
Car B,2537,169.1333,8,45.364,2,21.562,20.279,-0.489,5.8677,-0.0482,4.8188,1.0,0.9721,24.997,17.74
Car A,2538,169.2,8,28.003,1,25.968,4.568,-0.156,5.7372,-0.014,4.8364,1.0,1.0,24.999,-17.754
Car B,2538,169.2,8,45.758,2,21.183,20.383,-0.501,5.865,-0.04,4.8225,1.0,0.5197,24.302,17.754
Car A,2539,169.2667,8,28.385,1,26.104,4.928,-0.204,5.7363,-0.0137,4.8424,1.0,1.0,24.999,-17.686
Car B,2539,169.2667,8,46.071,2,20.798,20.471,-0.532,5.9107,0.6858,4.1368,1.0,1.0,13.009,17.686
Car A,2540,169.3333,8,28.73,1,26.219,5.295,-0.274,5.7354,-0.0131,4.846,1.0,1.0,24.999,-17.735
Car B,2540,169.3333,8,46.465,2,20.409,20.543,-0.574,5.9023,-0.1262,4.2732,1.0,0.6452,24.981,17.735
Car A,2541,169.4,8,29.109,1,26.313,5.669,-0.338,5.7346,-0.012,4.8498,1.0,1.0,24.999,-17.721
Car B,2541,169.4,8,46.83,2,20.017,20.595,-0.595,5.9019,-0.006,4.3751,1.0,0.3318,16.143,17.721
Car A,2542,169.4667,8,29.461,1,26.386,6.046,-0.386,5.7338,-0.0119,4.8519,1.0,1.0,24.999,-17.746
Car B,2542,169.4667,8,47.207,2,19.623,20.634,-0.634,5.9636,0.9259,3.0406,1.0,0.2765,8.306,17.746
Car A,2543,169.5333,8,29.843,1,26.438,6.428,-0.438,5.733,-0.0115,4.8544,1.0,1.0,24.999,-17.764
Car B,2543,169.5333,8,47.606,2,19.224,20.669,-0.669,6.0273,0.9541,2.5912,1.0,0.1678,6.914,17.764
Car A,2544,169.6,8,30.226,1,26.468,6.811,-0.468,5.7323,-0.011,4.8568,1.0,1.0,24.999,-17.782
Car B,2544,169.6,8,48.008,2,18.822,20.701,-0.701,6.0667,0.5919,1.6174,1.0,0.1367,4.198,17.782
Car A,2545,169.6667,8,30.611,1,26.476,7.196,-0.476,5.7316,-0.0105,4.8579,1.0,1.0,24.999,-17.799
Car B,2545,169.6667,8,48.41,2,18.42,20.731,-0.731,6.0625,-0.0636,1.3396,1.0,0.1275,3.417,17.799
Car A,2546,169.7333,8,30.995,1,26.463,7.58,-0.463,5.7309,-0.0105,4.8588,1.0,1.0,24.999,-17.817
Car B,2546,169.7333,8,48.812,2,18.018,20.757,-0.757,6.0383,-0.3622,1.2287,1.0,0.1185,3.187,17.817
Car A,2547,169.8,8,31.378,1,26.428,7.963,-0.428,5.7302,-0.0101,4.8598,1.0,0.0741,24.999,-17.836
Car B,2547,169.8,8,49.215,2,17.616,20.778,-0.778,6.0319,-0.0958,1.1513,1.0,0.1142,2.962,17.836
Car A,2548,169.8667,8,31.76,1,26.38,8.345,-0.38,5.7711,0.613,3.3997,1.0,-0.0403,1.887,-17.856
Car B,2548,169.8667,8,49.616,2,17.214,20.795,-0.795,6.0201,-0.1772,1.1051,1.0,0.1116,2.856,17.856
Car A,2549,169.9333,8,32.145,1,26.337,8.73,-0.337,5.8054,0.5145,1.1753,1.0,-0.0534,-1.004,-17.873
Car B,2549,169.9333,8,50.018,2,16.812,20.807,-0.807,6.0556,0.5325,1.1042,1.0,0.1137,2.788,17.873
Car A,2550,170.0,8,32.531,1,26.306,9.116,-0.306,5.8213,0.2392,-0.1634,1.0,-0.0247,-1.333,-17.889
Car B,2550,170.0,8,50.42,2,16.41,20.814,-0.814,6.0174,-0.5737,1.1357,1.0,0.1091,2.842,17.889
Car A,2551,170.0667,8,32.923,1,26.281,9.508,-0.281,5.932,1.66,-0.2354,1.0,-0.0107,-0.619,-17.9
Car B,2551,170.0667,8,50.823,2,16.007,20.816,-0.816,6.0251,0.1162,1.0608,1.0,0.1128,2.728,17.9
Car A,2552,170.1333,8,33.32,1,26.256,9.905,-0.256,5.9875,0.8324,-0.0577,1.0,-0.0208,-0.265,-17.905
Car B,2552,170.1333,8,51.225,2,15.605,20.814,-0.814,6.0192,-0.0887,1.124,1.0,0.113,2.82,17.905
Car A,2553,170.2,8,33.718,1,26.231,10.303,-0.231,5.9892,0.0262,-0.0935,1.0,-0.0205,-0.498,-17.908
Car B,2553,170.2,8,51.626,2,15.204,20.806,-0.806,6.0223,0.0455,1.0878,1.0,0.11,2.825,17.908
Car A,2554,170.2667,8,34.117,1,26.205,10.702,-0.205,5.9921,0.0438,-0.1036,1.0,-0.0914,-0.5,-17.91
Car B,2554,170.2667,8,52.027,2,14.803,20.794,-0.794,6.0032,-0.2853,1.0685,1.0,0.1009,2.751,17.91
Car A,2555,170.3333,8,34.516,1,26.185,11.101,-0.185,5.9842,-0.1193,-0.8731,0.9343,0.1005,-2.282,-17.913
Car B,2555,170.3333,8,52.428,2,14.402,20.778,-0.778,6.0379,0.52,0.9895,1.0,0.1021,2.522,17.913
Car A,2556,170.4,8,34.914,1,26.166,11.499,-0.166,5.9645,-0.2952,0.2199,0.9585,-0.0617,2.505,-17.915
Car B,2556,170.4,8,52.829,2,14.001,20.758,-0.758,5.9918,-0.6917,1.0007,1.0,0.0669,2.55,17.915
Car A,2557,170.4667,8,35.31,1,26.143,11.895,-0.143,5.9398,-0.3702,-0.4449,1.0,0.9808,-1.535,-17.918
Car B,2557,170.4667,8,53.228,2,13.602,20.736,-0.736,6.0122,0.3064,0.656,1.0,0.0923,1.674,17.918
Car A,2558,170.5333,8,35.705,1,26.12,12.29,-0.12,5.9378,-0.0309,0.3708,1.0,0.9389,24.481,-17.922
Car B,2558,170.5333,8,53.626,2,13.204,20.71,-0.71,5.9974,-0.2227,0.8896,1.0,0.0141,2.308,17.922
Car A,2559,170.6,8,36.099,1,26.086,12.684,-0.086,5.9245,-0.1995,1.4935,0.8537,0.1312,23.474,-17.927
Car B,2559,170.6,8,54.025,2,12.805,20.684,-0.684,5.9998,0.0363,0.1466,1.0,0.092,0.352,17.927
Car A,2560,170.6667,8,36.49,1,26.045,13.075,-0.045,5.8696,-0.8229,1.135,1.0,1.0,3.31,-17.934
Car B,2560,170.6667,8,54.424,2,12.406,20.656,-0.656,5.998,-0.0271,0.8714,1.0,-0.0835,2.296,17.934
Car A,2561,170.7333,8,36.878,1,25.996,13.463,0.004,5.866,-0.0534,1.5873,1.0,0.5615,24.967,-17.945
Car B,2561,170.7333,8,54.823,2,12.007,20.628,-0.628,5.9994,0.0219,-0.2071,1.0,0.0911,-2.08,17.945
Car A,2562,170.8,8,37.264,1,25.932,13.849,0.068,5.8521,-0.2087,2.4688,1.0,0.1569,14.054,-17.959
Car B,2562,170.8,8,55.222,2,11.608,20.602,-0.602,5.9978,-0.0243,0.4708,1.0,-0.0305,2.27,17.959
Car A,2563,170.8667,8,37.659,1,25.859,14.233,0.122,5.9006,0.7267,1.4365,1.0,1.0,3.939,-17.962
Car B,2563,170.8667,8,55.621,2,11.209,20.573,-0.573,5.996,-0.0278,-0.272,1.0,0.0821,-0.758,17.962
Car A,2564,170.9333,8,38.049,1,25.781,14.619,0.17,5.8961,-0.0672,1.8099,1.0,0.2913,24.968,-17.971
Car B,2564,170.9333,8,56.02,2,10.81,20.545,-0.545,5.9954,-0.0082,0.6013,1.0,-0.1642,2.047,17.971
Car A,2565,171.0,8,38.473,1,25.694,15.003,0.211,5.9038,0.1151,1.965,1.0,1.0,7.308,-17.945
Car B,2565,171.0,8,56.418,2,10.412,20.515,-0.515,5.9935,-0.0288,-0.3342,1.0,0.0566,-4.096,17.945
Car A,2566,171.0667,8,38.866,1,25.594,15.383,0.219,5.8974,-0.0949,2.2601,1.0,1.0,24.973,-17.951
Car B,2566,171.0667,8,56.817,2,10.013,20.489,-0.489,5.9941,0.0082,0.3867,1.0,-0.1662,1.405,17.951
Car A,2567,171.1333,8,39.258,1,25.478,15.758,0.244,5.8754,-0.3308,3.0933,1.0,1.0,25.0,-17.957
Car B,2567,171.1333,8,57.215,2,9.615,20.46,-0.46,5.9926,-0.0224,-0.466,1.0,0.0521,-4.145,17.957
Car A,2568,171.2,8,39.689,1,25.345,16.128,0.229,5.8647,-0.1606,3.4883,1.0,1.0,25.0,-17.925
Car B,2568,171.2,8,57.614,2,9.216,20.435,-0.435,5.9935,0.0148,0.3158,1.0,-0.1721,1.293,17.925
Car A,2569,171.2667,8,40.081,1,25.195,16.49,0.23,5.8554,-0.1391,3.7829,1.0,1.0,25.0,-17.932
Car B,2569,171.2667,8,58.013,2,8.817,20.408,-0.408,5.9903,-0.0487,-0.5262,1.0,0.0532,-4.293,17.932
Car A,2570,171.3333,8,40.508,1,25.027,16.843,0.21,5.8473,-0.1216,4.0176,1.0,1.0,25.0,-17.903
Car B,2570,171.3333,8,58.411,2,8.419,20.385,-0.385,5.9913,0.0154,0.2623,1.0,-0.1778,1.321,17.903
Car A,2571,171.4,8,40.899,1,24.841,17.188,0.188,5.8404,-0.1039,4.1971,1.0,1.0,25.0,-17.911
Car B,2571,171.4,8,58.81,2,8.02,20.36,-0.36,5.9886,-0.0411,-0.5172,1.0,0.0485,-4.435,17.911
Car A,2572,171.4667,8,41.318,1,24.638,17.522,0.167,5.8344,-0.0893,4.3354,1.0,1.0,24.999,-17.891
Car B,2572,171.4667,8,59.208,2,7.622,20.338,-0.338,5.9897,0.0167,0.2702,1.0,-0.1987,1.205,17.891
Car A,2573,171.5333,8,41.706,1,24.418,17.845,0.125,5.8292,-0.0784,4.4449,1.0,1.0,24.999,-17.901
Car B,2573,171.5333,8,59.607,2,7.223,20.314,-0.314,5.987,-0.0402,-0.528,1.0,0.0492,-4.958,17.901
Car A,2574,171.6,8,42.096,1,24.181,18.155,0.103,5.8246,-0.0687,4.5328,1.0,1.0,24.999,-17.909
Car B,2574,171.6,8,60.006,2,6.825,20.294,-0.294,5.9885,0.0227,0.2569,1.0,-0.217,1.22,17.909
Car A,2575,171.6667,8,42.498,1,23.928,18.453,0.045,5.8206,-0.0601,4.6007,1.0,1.0,24.999,-17.906
Car B,2575,171.6667,8,60.404,2,6.426,20.272,-0.272,5.9853,-0.049,-0.548,1.0,0.0526,-5.414,17.906
Car A,2576,171.7333,8,42.886,1,23.66,18.736,0.004,5.8171,-0.0534,4.6551,1.0,1.0,24.999,-17.916
Car B,2576,171.7333,8,60.803,2,6.027,20.253,-0.253,5.9875,0.0331,0.2544,1.0,-0.227,1.304,17.916
Car A,2577,171.8,8,43.271,1,23.376,19.003,-0.049,5.8138,-0.049,4.695,1.0,1.0,24.999,-17.93
Car B,2577,171.8,8,61.201,2,5.629,20.233,-0.233,5.984,-0.0527,-0.566,1.0,0.0547,-5.663,17.93
Car A,2578,171.8667,8,43.656,1,23.079,19.255,-0.108,5.8109,-0.0437,4.7298,1.0,1.0,24.999,-17.944
Car B,2578,171.8667,8,61.6,2,5.23,20.216,-0.216,5.9855,0.0237,0.2564,1.0,-0.2435,1.357,17.944
Car A,2579,171.9333,8,44.02,1,22.768,19.49,-0.15,5.8082,-0.0394,4.7586,1.0,1.0,24.999,-17.978
Car B,2579,171.9333,8,61.998,2,4.832,20.197,-0.197,5.9818,-0.0565,-0.5538,1.0,0.0483,-6.077,17.978
Car A,2580,172.0,8,44.402,1,22.445,19.708,-0.227,5.8058,-0.037,4.7803,1.0,1.0,24.999,-17.994
Car B,2580,172.0,8,62.397,2,4.434,20.182,-0.182,5.9839,0.0325,0.2424,1.0,-0.2596,1.197,17.994
Car A,2581,172.0667,8,44.787,2,22.11,19.907,-0.283,5.8035,-0.0345,4.7969,1.0,1.0,24.999,-18.008
Car B,2581,172.0667,8,62.795,2,4.035,20.165,-0.165,5.9808,-0.0467,-0.5615,1.0,0.0448,-6.479,18.008
Car A,2582,172.1333,8,45.123,2,21.765,20.087,-0.35,5.8013,-0.0326,4.8096,1.0,1.0,24.999,-18.071
Car B,2582,172.1333,8,63.193,2,3.637,20.152,-0.152,5.9832,0.0352,0.2427,1.0,-0.2852,1.108,18.071
Car A,2583,172.2,8,45.505,2,21.411,20.248,-0.423,5.7993,-0.03,4.8195,1.0,1.0,24.999,-18.087
Car B,2583,172.2,8,63.592,2,3.238,20.137,-0.137,5.9799,-0.0486,-0.6154,1.0,0.0369,-7.117,18.087
Car A,2584,172.2667,8,45.889,2,21.048,20.389,-0.475,5.7973,-0.0298,4.8287,1.0,1.0,24.999,-18.102
Car B,2584,172.2667,8,63.99,2,2.84,20.126,-0.126,5.9834,0.0514,0.1971,1.0,-0.2293,0.91,18.102
Car A,2585,172.3333,8,46.194,2,20.678,20.509,-0.561,5.7955,-0.0281,4.8358,1.0,1.0,24.999,-18.195
Car B,2585,172.3333,8,64.389,2,2.441,20.114,-0.114,5.9806,-0.0412,-0.6368,1.0,0.0267,-5.722,18.195
Car A,2586,172.4,8,46.576,2,20.303,20.609,-0.631,5.7937,-0.0266,4.8405,1.0,1.0,24.999,-18.211
Car B,2586,172.4,8,64.788,2,2.042,20.106,-0.106,5.9845,0.0578,0.1806,1.0,-0.1994,0.658,18.211
Car A,2587,172.4667,8,46.908,2,19.922,20.687,-0.687,5.7919,-0.0264,4.8441,1.0,1.0,24.999,-18.278
Car B,2587,172.4667,8,65.187,2,1.644,20.097,-0.097,5.9822,-0.0332,-0.6927,1.0,0.0348,-4.976,18.278
Car A,2588,172.5333,8,47.293,2,19.538,20.744,-0.744,5.7902,-0.0252,4.8477,1.0,1.0,24.999,-18.293
Car B,2588,172.5333,8,65.585,2,1.245,20.092,-0.092,5.9845,0.0338,0.1475,1.0,-0.1518,0.862,18.293
Car A,2589,172.6,8,47.679,2,19.151,20.78,-0.78,5.7886,-0.0251,4.8495,1.0,1.0,24.999,-18.305
Car B,2589,172.6,8,65.984,2,0.846,20.085,-0.085,5.9824,-0.0314,-0.6397,1.0,0.0397,-3.788,18.305
Car A,2590,172.6667,8,48.067,2,18.763,20.793,-0.793,5.787,-0.0242,4.8518,1.0,1.0,24.999,-18.316
Car B,2590,172.6667,8,66.383,2,0.447,20.082,-0.082,5.9839,0.0218,0.1717,1.0,-0.1273,0.986,18.316
Car A,2591,172.7333,8,48.456,2,18.375,20.785,-0.785,5.7853,-0.0247,4.8527,1.0,1.0,24.999,-18.326
Car B,2591,172.7333,8,66.782,2,0.048,20.077,-0.077,5.9811,-0.0417,-0.5764,1.0,0.0424,-3.176,18.326
Car A,2592,172.8,8,48.842,2,17.988,20.756,-0.756,5.7838,-0.0229,4.8545,1.0,1.0,24.999,-18.338
Car B,2592,172.8,8,67.18,2,-0.35,20.076,-0.076,5.9825,0.0214,0.2168,1.0,-0.1264,1.054,18.338
Car A,2593,172.8667,8,49.227,2,17.603,20.705,-0.705,5.7823,-0.0225,4.8548,1.0,0.8259,24.999,-18.352
Car B,2593,172.8667,8,67.579,2,-0.749,20.072,-0.072,5.9805,-0.0297,-0.5549,1.0,0.0483,-3.152,18.352
Car A,2594,172.9333,8,49.608,2,17.222,20.632,-0.632,5.7839,0.0241,4.8285,1.0,0.11,20.654,-18.37
Car B,2594,172.9333,8,67.978,2,-1.148,20.073,-0.073,5.9819,0.0212,0.2339,1.0,-0.1238,1.2,18.37
Car A,2595,173.0,8,49.987,2,16.843,20.546,-0.546,5.8285,0.6694,3.0917,1.0,-0.1764,2.778,-18.389
Car B,2595,173.0,8,68.377,2,-1.546,20.071,-0.071,5.9803,-0.0243,-0.5171,1.0,0.0517,-3.088,18.389
Car A,2596,173.0667,8,50.37,2,16.461,20.467,-0.467,5.8548,0.3938,1.1827,1.0,-0.213,-4.4,-18.406
Car B,2596,173.0667,8,68.775,2,-1.945,20.072,-0.072,5.9812,0.0127,0.2688,1.0,-0.186,1.284,18.406
Car A,2597,173.1333,8,50.754,2,16.076,20.398,-0.398,5.8617,0.1035,-0.1739,1.0,-0.2304,-5.322,-18.42
Car B,2597,173.1333,8,69.174,2,-2.344,20.071,-0.071,5.9782,-0.0446,-0.5423,1.0,0.0616,-4.64,18.42
Car A,2598,173.2,8,51.141,2,15.689,20.341,-0.341,5.862,0.005,-1.1735,1.0,-0.2266,-5.76,-18.432
Car B,2598,173.2,8,69.572,2,-2.742,20.074,-0.074,5.9801,0.0288,0.2603,1.0,-0.1804,1.531,18.432
Car A,2599,173.2667,8,51.53,2,15.301,20.298,-0.298,5.8707,0.1305,-1.8828,1.0,-0.1895,-5.663,-18.441
Car B,2599,173.2667,8,69.971,2,-3.141,20.075,-0.075,5.9771,-0.0454,-0.5008,1.0,0.0663,-4.501,18.441
Car A,2600,173.3333,8,51.922,2,14.908,20.264,-0.264,5.9483,1.1646,-1.7289,1.0,-0.1418,-4.738,-18.447
Car B,2600,173.3333,8,70.369,2,-3.539,20.079,-0.079,5.9782,0.0172,0.2911,1.0,-0.2319,1.647,18.447
Car A,2601,173.4,8,52.32,2,14.51,20.233,-0.233,6.0009,0.7889,-1.345,1.0,-0.1162,-3.547,-18.448
Car B,2601,173.4,8,70.768,2,-3.938,20.08,-0.08,5.9744,-0.0574,-0.4777,1.0,0.0594,-5.787,18.448
Car A,2602,173.4667,8,52.72,2,14.11,20.205,-0.205,6.0299,0.4345,-1.1276,1.0,-0.0977,-2.906,-18.446
Car B,2602,173.4667,8,71.166,2,-4.336,20.085,-0.085,5.9766,0.0323,0.2992,1.0,-0.2375,1.473,18.446
Car A,2603,173.5333,8,53.123,2,13.708,20.18,-0.18,6.0672,0.5592,-0.968,1.0,-0.0817,-2.435,-18.442
Car B,2603,173.5333,8,71.564,2,-4.734,20.087,-0.087,5.9739,-0.0393,-0.5014,1.0,0.0622,-5.925,18.442
Car A,2604,173.6,8,53.526,2,13.304,20.156,-0.156,6.0496,-0.2642,-0.7648,1.0,-0.0852,-2.039,-18.436
Car B,2604,173.6,8,71.962,2,-5.132,20.094,-0.094,5.9761,0.032,0.2877,1.0,-0.1954,1.544,18.436
Car A,2605,173.6667,8,53.929,2,12.901,20.137,-0.137,6.0585,0.1343,-0.8524,1.0,-0.0661,-2.122,-18.432
Car B,2605,173.6667,8,72.361,2,-5.531,20.097,-0.097,5.9725,-0.0533,-0.4828,1.0,0.0686,-4.876,18.432
Car A,2606,173.7333,8,54.332,2,12.498,20.119,-0.119,6.0478,-0.1612,-0.4026,1.0,-0.0819,-1.629,-18.426
Car B,2606,173.7333,8,72.759,2,-5.929,20.105,-0.105,5.9741,0.0243,0.2967,1.0,-0.1654,1.705,18.426
Car A,2607,173.8,8,54.735,2,12.095,20.105,-0.105,6.0524,0.07,-0.8247,1.0,-0.0508,-2.041,-18.422
Car B,2607,173.8,8,73.157,2,-6.327,20.109,-0.109,5.972,-0.0317,-0.4517,1.0,0.0722,-4.125,18.422
Car A,2608,173.8667,8,55.137,2,11.693,20.093,-0.093,6.0031,-0.7397,-0.4894,1.0,-0.0616,-1.269,-18.418
Car B,2608,173.8667,8,73.555,2,-6.725,20.117,-0.117,5.9734,0.0199,0.3156,1.0,-0.1328,1.794,18.418
Car A,2609,173.9333,8,55.535,2,11.295,20.083,-0.083,5.9519,-0.768,-0.5907,1.0,-0.0548,-1.518,-18.418
Car B,2609,173.9333,8,73.953,2,-7.123,20.122,-0.122,5.9718,-0.0233,-0.4244,1.0,0.0817,-3.312,18.418
Car A,2610,174.0,8,55.932,2,10.898,20.075,-0.075,5.9638,0.1787,-0.2873,1.0,-0.0561,-1.344,-18.418
Car B,2610,174.0,8,74.351,2,-7.521,20.13,-0.13,5.9723,0.0078,0.3281,1.0,-0.1082,2.035,18.418
Car A,2611,174.0667,8,56.33,2,10.5,20.069,-0.069,5.9783,0.2174,-0.5295,1.0,-0.0387,-1.4,-18.419
Car B,2611,174.0667,8,74.749,2,-7.919,20.135,-0.135,5.9718,-0.0075,-0.4101,1.0,0.0816,-2.697,18.419
Car A,2612,174.1333,8,56.73,2,10.1,20.064,-0.064,6.0215,0.6479,-0.2464,1.0,-0.0349,-0.95,-18.417
Car B,2612,174.1333,8,75.147,2,-8.317,20.144,-0.144,5.9722,0.005,0.3496,1.0,-0.1238,2.031,18.417
Car A,2613,174.2,8,57.132,2,9.698,20.06,-0.06,6.0218,0.0047,-0.3625,1.0,-0.0272,-0.864,-18.413
Car B,2613,174.2,8,75.545,2,-8.715,20.149,-0.149,5.9717,-0.007,-0.3916,1.0,0.08,-3.087,18.413
Car A,2614,174.2667,8,57.531,2,9.299,20.057,-0.057,5.9822,-0.5939,-0.2048,1.0,-0.0323,-0.669,-18.412
Car B,2614,174.2667,8,75.943,2,-9.113,20.158,-0.158,5.9722,0.0073,0.347,1.0,-0.0955,1.992,18.412
Car A,2615,174.3333,8,57.93,2,8.9,20.054,-0.054,6.0006,0.2752,-0.3122,1.0,-0.0224,-0.802,-18.411
Car B,2615,174.3333,8,76.341,2,-9.511,20.164,-0.164,5.9718,-0.0052,-0.3944,1.0,0.0838,-2.381,18.411
Car A,2616,174.4,8,58.33,2,8.5,20.053,-0.053,5.9877,-0.1929,-0.1196,1.0,-0.0253,-0.55,-18.409
Car B,2616,174.4,8,76.739,2,-9.909,20.173,-0.173,5.9718,-0.0009,0.3678,1.0,-0.0935,2.088,18.409
Car A,2617,174.4667,8,58.729,2,8.101,20.052,-0.052,6.0043,0.2487,-0.2507,1.0,-0.015,-0.622,-18.408
Car B,2617,174.4667,8,77.137,2,-10.307,20.178,-0.178,5.9718,0.0001,-0.3827,1.0,0.0848,-2.329,18.408
Car A,2618,174.5333,8,59.13,2,7.7,20.052,-0.052,6.0155,0.1679,-0.0969,1.0,-0.0134,-0.372,-18.405
Car B,2618,174.5333,8,77.535,2,-10.705,20.187,-0.187,5.972,0.0034,0.3668,1.0,-0.0905,2.114,18.405
Car A,2619,174.6,8,59.531,2,7.299,20.052,-0.052,6.0098,-0.0854,-0.0772,1.0,-0.0123,-0.327,-18.402
Car B,2619,174.6,8,77.933,2,-11.103,20.193,-0.193,5.9721,0.0022,-0.3884,1.0,0.0866,-2.254,18.402
Car A,2620,174.6667,8,59.931,2,6.899,20.052,-0.052,6.0081,-0.0255,-0.0747,1.0,-0.0106,-0.301,-18.4
Car B,2620,174.6667,8,78.331,2,-11.501,20.202,-0.202,5.9723,0.0026,0.3651,1.0,-0.0729,2.158,18.4
Car A,2621,174.7333,8,60.332,2,6.498,20.052,-0.052,6.0081,0.0002,-0.0555,1.0,-0.009,-0.26,-18.397
Car B,2621,174.7333,8,78.729,2,-11.899,20.208,-0.208,5.973,0.0106,-0.3808,1.0,0.0879,-1.817,18.397
Car A,2622,174.8,8,60.733,2,6.097,20.053,-0.053,6.0073,-0.0123,-0.0644,1.0,-0.0065,-0.221,-18.394
Car B,2622,174.8,8,79.127,2,-12.297,20.216,-0.216,5.9721,-0.0134,0.4169,1.0,-0.0836,2.191,18.394
Car A,2623,174.8667,8,61.133,2,5.697,20.053,-0.053,6.0073,-0.0003,-0.0356,1.0,-0.005,-0.162,-18.392
Car B,2623,174.8667,8,79.525,2,-12.695,20.222,-0.222,5.9724,0.0035,-0.3578,1.0,0.0879,-2.083,18.392
Car A,2624,174.9333,8,61.534,2,5.296,20.054,-0.054,6.0054,-0.0288,-0.0302,1.0,-0.0032,-0.122,-18.39
Car B,2624,174.9333,8,79.923,2,-13.093,20.23,-0.23,5.9721,-0.0033,0.3903,1.0,-0.0631,2.19,18.39
Car A,2625,175.0,8,61.934,2,4.896,20.055,-0.055,6.0008,-0.0689,-0.0208,1.0,-0.0023,-0.079,-18.387
Car B,2625,175.0,8,80.321,2,-13.491,20.235,-0.235,5.9734,0.0195,-0.3808,1.0,0.0897,-1.571,18.387
Car A,2626,175.0667,8,62.334,2,4.496,20.057,-0.057,6.0007,-0.0005,-0.0378,1.0,-0.0001,-0.057,-18.385
Car B,2626,175.0667,8,80.719,2,-13.889,20.243,-0.243,5.9723,-0.0164,0.4172,1.0,-0.0646,2.236,18.385
Car A,2627,175.1333,8,62.734,2,4.096,20.058,-0.058,6.0041,0.0503,-0.0134,1.0,0.0017,-0.004,-18.383
Car B,2627,175.1333,8,81.117,2,-14.287,20.248,-0.248,5.9736,0.0187,-0.3428,1.0,0.0891,-1.61,18.383
Car A,2628,175.2,8,63.135,2,3.695,20.059,-0.059,6.0032,-0.014,-0.0073,1.0,0.0032,0.04,-18.381
Car B,2628,175.2,8,81.516,2,-14.685,20.255,-0.255,5.9728,-0.0121,0.4256,1.0,-0.0635,2.222,18.381
Car A,2629,175.2667,8,63.535,2,3.295,20.061,-0.061,6.002,-0.0169,-0.0091,1.0,0.0044,0.077,-18.379
Car B,2629,175.2667,8,81.914,2,-15.084,20.259,-0.259,5.9732,0.0061,-0.3374,1.0,0.0831,-1.582,18.379
Car A,2630,175.3333,8,63.935,2,2.895,20.062,-0.062,6.0011,-0.0142,0.013,1.0,0.0046,0.107,-18.377
Car B,2630,175.3333,8,82.312,2,-15.482,20.266,-0.266,5.9731,-0.0016,0.427,1.0,-0.1222,2.072,18.377
Car A,2631,175.4,8,64.335,2,2.495,20.063,-0.063,5.9996,-0.0227,0.023,1.0,0.0044,0.112,-18.375
Car B,2631,175.4,8,82.71,2,-15.88,20.27,-0.27,5.9717,-0.0209,-0.3585,1.0,0.0848,-3.046,18.375
Car A,2632,175.4667,8,64.735,2,2.095,20.064,-0.064,5.9986,-0.0149,0.0158,1.0,0.0046,0.108,-18.373
Car B,2632,175.4667,8,83.108,2,-16.278,20.278,-0.278,5.9726,0.0133,0.3726,1.0,-0.1557,2.112,18.373
Car A,2633,175.5333,8,65.135,2,1.695,20.065,-0.065,5.9993,0.0115,0.0041,1.0,0.0054,0.112,-18.371
Car B,2633,175.5333,8,83.506,2,-16.676,20.282,-0.282,5.9715,-0.0158,-0.3959,1.0,0.0564,-3.884,18.371
Car A,2634,175.6,8,65.535,2,1.295,20.066,-0.066,5.9998,0.0071,0.022,1.0,0.0053,0.131,-18.369
Car B,2634,175.6,8,83.904,2,-17.074,20.29,-0.29,5.9728,0.0187,0.3557,1.0,-0.1107,1.402,18.369
Car A,2635,175.6667,8,65.935,2,0.895,20.066,-0.066,5.9981,-0.025,0.0038,1.0,0.0055,0.128,-18.367
Car B,2635,175.6667,8,84.302,2,-17.472,20.296,-0.296,5.9718,-0.0145,-0.4813,1.0,0.1031,-2.761,18.367
Car A,2636,175.7333,8,66.335,2,0.495,20.067,-0.067,5.9993,0.0176,0.0155,1.0,0.0054,0.135,-18.365
Car B,2636,175.7333,8,84.7,2,-17.87,20.305,-0.305,5.9722,0.0062,0.3079,1.0,1.0,2.568,18.365
Car A,2637,175.8,8,66.735,2,0.095,20.067,-0.067,5.9986,-0.011,0.023,1.0,0.0049,0.131,-18.363
Car B,2637,175.8,8,85.097,2,-18.267,20.302,-0.302,5.9644,-0.1175,1.0142,1.0,0.5271,24.966,18.363
Car A,2638,175.8667,8,67.135,2,-0.305,20.068,-0.068,6.0029,0.0652,0.0178,1.0,0.0056,0.12,-18.359
Car B,2638,175.8667,8,85.494,2,-18.664,20.285,-0.285,5.9483,-0.2417,2.0246,1.0,-0.1895,13.194,18.359
Car A,2639,175.9333,8,67.535,2,-0.705,20.068,-0.068,6.0026,-0.0054,0.0121,1.0,0.0044,0.136,-18.355
Car B,2639,175.9333,8,85.891,2,-19.06,20.262,-0.262,5.958,0.1462,0.828,1.0,0.9325,-4.709,18.355
Car A,2640,176.0,8,67.935,2,-1.105,20.068,-0.068,6.0043,0.0254,0.0171,1.0,0.0034,0.108,-18.351
Car B,2640,176.0,8,86.286,2,-19.456,20.24,-0.24,5.9467,-0.1696,1.1059,1.0,0.6083,23.27,18.351
Car A,2641,176.0667,8,68.336,2,-1.506,20.068,-0.068,6.0034,-0.0136,0.0175,1.0,0.0017,0.085,-18.345
Car B,2641,176.0667,8,86.681,2,-19.851,20.206,-0.206,5.9387,-0.1204,2.0295,1.0,1.0,15.218,18.345
Car A,2642,176.1333,8,68.736,2,-1.906,20.067,-0.067,6.0018,-0.023,0.021,1.0,0.0001,0.041,-18.325
Car B,2642,176.1333,8,87.061,2,-20.244,20.155,-0.174,5.9253,-0.2008,2.6681,1.0,1.0,24.985,18.325
Car A,2643,176.2,8,69.136,2,-2.306,20.067,-0.067,5.9991,-0.0403,0.0317,1.0,-0.0022,0.005,-18.319
Car B,2643,176.2,8,87.455,2,-20.633,20.088,-0.137,5.9132,-0.1818,3.1508,1.0,1.0,25.0,18.319
Car A,2644,176.2667,8,69.536,2,-2.706,20.066,-0.066,5.9988,-0.0045,0.017,1.0,-0.0036,-0.051,-18.296
Car B,2644,176.2667,8,87.832,2,-21.019,20.003,-0.093,5.9022,-0.1645,3.5212,1.0,1.0,25.0,18.296
Car A,2645,176.3333,8,69.936,2,-3.106,20.065,-0.065,6.0005,0.0254,0.0003,1.0,-0.0032,-0.086,-18.29
Car B,2645,176.3333,8,88.226,2,-21.4,19.899,-0.082,5.8925,-0.1461,3.8217,1.0,1.0,25.0,18.29
Car A,2646,176.4,8,70.336,2,-3.506,20.065,-0.065,6.0018,0.019,-0.0206,1.0,-0.0026,-0.077,-18.283
Car B,2646,176.4,8,88.619,2,-21.774,19.778,-0.051,5.8841,-0.1259,4.0439,1.0,1.0,25.0,18.283
Car A,2647,176.4667,8,70.736,2,-3.906,20.065,-0.065,6.0021,0.0038,-0.0283,1.0,-0.0013,-0.064,-18.27
Car B,2647,176.4667,8,89.006,2,-22.142,19.637,-0.046,5.8767,-0.1107,4.2176,1.0,1.0,25.0,18.27
Car A,2648,176.5333,8,71.137,2,-4.306,20.065,-0.065,6.0017,-0.0054,-0.0251,1.0,-0.0005,-0.032,-18.263
Car B,2648,176.5333,8,89.399,3,-22.502,19.478,-0.037,5.8703,-0.0959,4.353,1.0,1.0,24.999,18.263
Car A,2649,176.6,8,71.537,2,-4.706,20.065,-0.065,5.9998,-0.0278,-0.0003,1.0,-0.0007,-0.012,-18.252
Car B,2649,176.6,8,89.788,3,-22.853,19.3,-0.028,5.8647,-0.0845,4.4595,1.0,1.0,24.999,18.252
Car A,2650,176.6667,8,71.937,2,-5.107,20.065,-0.065,6.0005,0.01,0.0015,1.0,0.0002,-0.018,-18.244
Car B,2650,176.6667,8,90.181,3,-23.193,19.105,-0.04,5.8597,-0.0748,4.5439,1.0,1.0,24.999,18.244
Car A,2651,176.7333,8,72.337,2,-5.507,20.065,-0.065,6.0017,0.0183,0.0017,1.0,0.0009,0.003,-18.237
Car B,2651,176.7333,8,90.574,3,-23.523,18.891,-0.03,5.8552,-0.0674,4.6075,1.0,1.0,24.999,18.237
Car A,2652,176.8,8,72.737,2,-5.907,20.065,-0.065,6.0014,-0.0043,0.0064,1.0,0.0027,0.021,-18.223
Car B,2652,176.8,8,90.96,3,-23.84,18.66,-0.056,5.8511,-0.0611,4.6619,1.0,1.0,24.999,18.223
Car A,2653,176.8667,8,73.137,2,-6.307,20.065,-0.065,6.0006,-0.0126,0.0261,1.0,0.0021,0.065,-18.215
Car B,2653,176.8667,8,91.352,3,-24.145,18.413,-0.066,5.8475,-0.0546,4.7015,1.0,1.0,24.999,18.215
Car A,2654,176.9333,8,73.537,2,-6.707,20.065,-0.065,5.9996,-0.0144,0.0138,1.0,0.003,0.052,-18.196
Car B,2654,176.9333,8,91.733,3,-24.435,18.149,-0.085,5.8441,-0.0511,4.7338,1.0,1.0,24.999,18.196
Car A,2655,177.0,8,73.937,2,-7.107,20.065,-0.065,6.0009,0.0187,0.0127,1.0,0.0046,0.073,-18.187
Car B,2655,177.0,8,92.124,3,-24.71,17.87,-0.114,5.841,-0.0468,4.7605,1.0,1.0,24.999,18.187
Car A,2656,177.0667,8,74.337,2,-7.507,20.065,-0.065,6.0013,0.0065,0.0219,1.0,0.0058,0.111,-18.159
Car B,2656,177.0667,8,92.496,3,-24.969,17.577,-0.124,5.8379,-0.0451,4.7807,1.0,1.0,24.999,18.159
Car A,2657,177.1333,8,74.737,2,-7.907,20.065,-0.065,6.0005,-0.012,-0.003,1.0,0.008,0.14,-18.148
Car B,2657,177.1333,8,92.885,3,-25.212,17.27,-0.171,5.8352,-0.0407,4.7977,1.0,1.0,24.999,18.148
Car A,2658,177.2,8,75.138,2,-8.308,20.064,-0.064,6.001,0.0068,0.025,1.0,0.0081,0.193,-18.138
Car B,2658,177.2,8,93.276,3,-25.437,16.95,-0.196,5.8326,-0.0402,4.811,1.0,1.0,24.999,18.138
Car A,2659,177.2667,8,75.538,2,-8.707,20.064,-0.064,5.9982,-0.0409,0.0316,1.0,0.0079,0.197,-18.095
Car B,2659,177.2667,8,93.633,3,-25.644,16.618,-0.235,5.83,-0.0381,4.8192,1.0,1.0,24.999,18.095
Car A,2660,177.3333,8,75.937,2,-9.107,20.063,-0.063,5.9976,-0.0093,0.031,1.0,0.0067,0.194,-18.084
Car B,2660,177.3333,8,94.021,3,-25.833,16.276,-0.278,5.8276,-0.0357,4.8276,1.0,1.0,24.999,18.084
Car A,2661,177.4,8,76.337,2,-9.507,20.062,-0.062,5.9966,-0.0151,0.0381,1.0,0.0051,0.165,-18.027
Car B,2661,177.4,8,94.364,3,-26.002,15.923,-0.304,5.8253,-0.035,4.8328,1.0,1.0,24.999,18.027
Car A,2662,177.4667,8,76.737,2,-9.907,20.061,-0.061,6.0011,0.0678,0.057,1.0,0.0001,0.125,-18.013
Car B,2662,177.4667,8,94.75,3,-26.152,15.562,-0.365,5.823,-0.0346,4.8391,1.0,1.0,24.999,18.013
Car A,2663,177.5333,8,77.137,2,-10.307,20.059,-0.059,6.0047,0.0537,0.0089,1.0,-0.004,0.004,-18.001
Car B,2663,177.5333,8,95.138,3,-26.281,15.194,-0.404,5.8208,-0.0328,4.8427,1.0,1.0,24.999,18.001
Car A,2664,177.6,8,77.538,2,-10.708,20.057,-0.057,6.0008,-0.0588,-0.0572,1.0,-0.0093,-0.098,-17.922
Car B,2664,177.6,8,95.46,3,-26.389,14.819,-0.452,5.8187,-0.0319,4.8464,1.0,1.0,24.999,17.922
Car A,2665,177.6667,8,77.938,2,-11.107,20.057,-0.057,6.0043,0.0529,0.0951,1.0,-0.0326,-0.222,-17.908
Car B,2665,177.6667,8,95.846,3,-26.476,14.438,-0.509,5.8165,-0.0321,4.849,1.0,1.0,24.999,17.908
Car A,2666,177.7333,8,78.337,2,-11.507,20.058,-0.058,6.0072,0.0431,-0.3287,1.0,-0.0105,-0.808,-17.897
Car B,2666,177.7333,8,96.234,3,-26.542,14.054,-0.545,5.8145,-0.031,4.8501,1.0,0.618,24.999,17.897
Car A,2667,177.8,8,78.738,2,-11.908,20.06,-0.06,6.0102,0.0447,-0.135,1.0,-0.0332,-0.262,-17.842
Car B,2667,177.8,8,96.58,3,-26.587,13.665,-0.587,5.8396,0.3762,4.7246,1.0,0.5229,15.463,17.842
Car A,2668,177.8667,8,79.139,2,-12.309,20.063,-0.063,6.0193,0.1371,-0.3343,1.0,-0.0095,-0.818,-17.833
Car B,2668,177.8667,8,96.972,3,-26.614,13.273,-0.614,5.8879,0.7255,4.4505,1.0,0.0554,13.074,17.833
Car A,2669,177.9333,8,79.539,2,-12.709,20.067,-0.067,5.9945,-0.3726,-0.1317,1.0,-0.021,-0.238,-17.828
Car B,2669,177.9333,8,97.367,3,-26.632,12.878,-0.632,5.9247,0.5521,2.6825,1.0,-0.0807,1.402,17.828
Car A,2670,178.0,8,79.939,2,-13.108,20.071,-0.071,5.9889,-0.0842,-0.0997,1.0,-0.0232,-0.504,-17.824
Car B,2670,178.0,8,97.762,3,-26.657,12.483,-0.657,5.9445,0.2971,0.8669,1.0,0.1197,-2.013,17.824
Car A,2671,178.0667,8,80.338,2,-13.508,20.077,-0.077,6.0111,0.3329,-0.2456,1.0,-0.0065,-0.571,-17.82
Car B,2671,178.0667,8,98.158,3,-26.685,12.087,-0.685,5.9644,0.2976,1.1149,1.0,0.1225,2.985,17.82
Car A,2672,178.1333,8,80.739,2,-13.909,20.082,-0.082,6.0133,0.0333,-0.1758,1.0,-0.0092,-0.169,-17.816
Car B,2672,178.1333,8,98.555,3,-26.705,11.69,-0.705,5.974,0.1441,1.161,1.0,0.1219,3.061,17.816
Car A,2673,178.2,8,81.139,2,-14.309,20.087,-0.087,6.0025,-0.1611,-0.0342,1.0,-0.017,-0.222,-17.815
Car B,2673,178.2,8,98.954,3,-26.721,11.291,-0.721,6.0149,0.6138,1.1587,1.0,0.1234,3.048,17.815
Car A,2674,178.2667,8,81.539,2,-14.709,20.092,-0.092,5.9985,-0.0604,-0.1523,1.0,-0.0012,-0.423,-17.815
Car B,2674,178.2667,8,99.354,3,-26.73,10.891,-0.73,5.9822,-0.4911,1.203,1.0,0.1188,3.084,17.815
Car A,2675,178.3333,8,81.939,2,-15.109,20.098,-0.098,5.998,-0.0076,-0.0591,1.0,0.0463,-0.031,-17.815
Car B,2675,178.3333,8,99.754,3,-26.736,10.491,-0.736,6.0122,0.4514,1.1419,1.0,0.1219,2.971,17.815
Car A,2676,178.4,8,82.339,2,-15.509,20.1,-0.1,5.9905,-0.113,0.4677,1.0,-0.0392,1.156,-17.816
Car B,2676,178.4,8,100.155,3,-26.735,10.09,-0.735,6.0205,0.1235,1.1753,1.0,0.1169,3.048,17.816
Car A,2677,178.4667,8,82.739,2,-15.909,20.103,-0.103,5.9863,-0.0623,-0.3908,1.0,0.0666,-0.973,-17.818
Car B,2677,178.4667,8,100.557,3,-26.73,9.688,-0.73,6.0422,0.3265,1.1313,1.0,0.0948,2.923,17.818
Car A,2678,178.5333,8,83.138,2,-16.308,20.107,-0.107,5.9865,0.0029,0.5379,1.0,0.4254,1.66,-17.819
Car B,2678,178.5333,8,100.957,3,-26.722,9.288,-0.722,5.9699,-1.0849,0.9504,1.0,-0.0208,2.368,17.819
Car A,2679,178.6,8,83.537,2,-16.706,20.099,-0.099,5.9802,-0.0956,1.3541,1.0,0.0117,10.621,-17.819
Car B,2679,178.6,8,101.355,3,-26.716,8.89,-0.716,5.9798,0.1478,-0.1777,1.0,0.1621,-0.515,17.819
Car A,2680,178.6667,8,83.935,2,-17.105,20.086,-0.086,5.9857,0.0834,0.3467,1.0,0.8848,0.308,-17.819
Car B,2680,178.6667,8,101.754,3,-26.71,8.491,-0.71,5.979,-0.0117,0.7156,1.0,0.0426,4.045,17.819
Car A,2681,178.7333,8,84.334,2,-17.504,20.073,-0.073,5.9834,-0.0346,0.8734,1.0,0.6615,22.087,-17.819
Car B,2681,178.7333,8,102.153,3,-26.699,8.092,-0.699,6.0055,0.3982,0.4056,1.0,0.7991,1.071,17.819
Car A,2682,178.8,8,84.731,2,-17.901,20.046,-0.046,5.9691,-0.2148,1.9517,1.0,0.4984,16.544,-17.822
Car B,2682,178.8,8,102.553,3,-26.684,7.692,-0.684,6.0064,0.0126,0.9212,1.0,0.5452,19.95,17.822
Car A,2683,178.8667,8,85.127,2,-18.297,20.003,-0.003,5.9612,-0.1188,2.5609,0.2554,-0.9341,12.466,-17.825
Car B,2683,178.8667,8,102.952,3,-26.654,7.293,-0.654,5.9922,-0.2123,2.0183,1.0,0.1635,13.64,17.825
Car A,2684,178.9333,8,85.516,2,-18.686,19.953,0.047,5.8203,-2.1126,1.5855,0.6836,-1.0,-23.298,-17.834
Car B,2684,178.9333,8,103.35,3,-26.616,6.895,-0.616,6.0307,0.5777,1.5118,1.0,1.0,4.1,17.834
Car A,2685,179.0,8,85.9,2,-19.07,19.909,0.091,5.7714,-0.7336,0.1848,1.0,0.3294,-24.997,-17.85
Car B,2685,179.0,8,103.75,3,-26.569,6.496,-0.569,6.0257,-0.0755,1.867,1.0,0.6291,24.968,17.85
Car A,2686,179.0667,8,86.282,2,-19.452,19.866,0.134,5.7673,-0.0619,0.7037,1.0,-0.4509,8.185,-17.865
Car B,2686,179.0667,8,104.146,3,-26.507,6.099,-0.507,6.0078,-0.2689,2.7278,1.0,1.0,15.741,17.865
Car A,2687,179.1333,8,86.664,2,-19.834,19.824,0.176,5.7758,0.1276,-0.3129,1.0,0.7439,-11.243,-17.84
Car B,2687,179.1333,8,104.505,3,-26.429,5.706,-0.45,5.9946,-0.1983,3.2337,1.0,1.0,24.985,17.84
Car A,2688,179.2,8,87.062,2,-20.216,19.787,0.196,5.7643,-0.1732,0.0261,1.0,1.0,18.552,-17.837
Car B,2688,179.2,8,104.899,3,-26.332,5.318,-0.385,5.9827,-0.1773,3.5783,1.0,1.0,25.0,17.837
Car A,2689,179.2667,8,87.446,2,-20.598,19.74,0.212,5.7551,-0.138,1.2288,1.0,1.0,24.99,-17.796
Car B,2689,179.2667,8,105.242,3,-26.217,4.935,-0.313,5.9722,-0.1587,3.8636,1.0,1.0,25.0,17.796
Car A,2690,179.3333,8,87.866,2,-20.976,19.678,0.232,5.7447,-0.1558,2.0085,1.0,1.0,25.0,-17.773
Car B,2690,179.3333,8,105.639,3,-26.084,4.558,-0.271,5.9628,-0.1401,4.0823,1.0,1.0,25.0,17.773
Car A,2691,179.4,8,88.249,2,-21.351,19.601,0.22,5.7341,-0.1585,2.6234,1.0,1.0,25.0,-17.785
Car B,2691,179.4,8,106.033,3,-25.932,4.189,-0.21,5.9546,-0.1238,4.2494,1.0,1.0,25.0,17.785
Car A,2692,179.4667,8,88.632,2,-21.722,19.506,0.225,5.7243,-0.147,3.1087,1.0,1.0,25.0,-17.768
Car B,2692,179.4667,8,106.4,3,-25.762,3.829,-0.173,5.9472,-0.1104,4.3783,1.0,1.0,24.999,17.768
Car A,2693,179.5333,8,89.048,2,-22.088,19.395,0.198,5.7157,-0.1296,3.4792,1.0,1.0,25.0,-17.747
Car B,2693,179.5333,8,106.796,3,-25.574,3.478,-0.133,5.9406,-0.0993,4.4789,1.0,1.0,24.999,17.747
Car A,2694,179.6,8,89.43,3,-22.448,19.266,0.18,5.7083,-0.1109,3.7788,1.0,1.0,25.0,-17.746
Car B,2694,179.6,8,107.176,3,-25.368,3.138,-0.09,5.9346,-0.0902,4.559,1.0,1.0,24.999,17.746
Car A,2695,179.6667,8,89.839,3,-22.8,19.119,0.154,5.7022,-0.091,4.0119,1.0,1.0,25.0,-17.735
Car B,2695,179.6667,8,107.573,3,-25.144,2.809,-0.071,5.9291,-0.0824,4.621,1.0,1.0,24.999,17.735
Car A,2696,179.7333,8,90.218,3,-23.145,18.953,0.115,5.6972,-0.0752,4.1893,1.0,1.0,24.999,-17.75
Car B,2696,179.7333,8,107.968,3,-24.903,2.494,-0.031,5.924,-0.0756,4.6686,1.0,1.0,24.999,17.75
Car A,2697,179.8,8,90.615,3,-23.48,18.77,0.094,5.6932,-0.0596,4.3282,1.0,1.0,24.999,-17.746
Car B,2697,179.8,8,108.361,3,-24.646,2.191,-0.025,5.9193,-0.0709,4.7081,1.0,1.0,24.999,17.746
Car A,2698,179.8667,8,90.992,3,-23.804,18.57,0.036,5.69,-0.0485,4.4371,1.0,1.0,24.999,-17.765
Car B,2698,179.8667,8,108.757,3,-24.373,1.903,-0.004,5.9149,-0.0665,4.7398,1.0,1.0,24.999,17.765
Car A,2699,179.9333,8,91.371,3,-24.117,18.352,-0.001,5.6874,-0.0388,4.5259,1.0,1.0,24.999,-17.783
Car B,2699,179.9333,8,109.155,3,-24.085,1.631,0.006,5.9107,-0.0629,4.7647,1.0,1.0,24.999,17.783
Car A,2700,180.0,8,91.747,3,-24.418,18.117,-0.052,5.6854,-0.0304,4.5952,1.0,1.0,24.999,-17.804
Car B,2700,180.0,8,109.551,3,-23.783,1.374,0.007,5.9067,-0.0592,4.7824,1.0,1.0,24.999,17.804
Car A,2701,180.0667,8,92.124,3,-24.705,17.866,-0.107,5.6838,-0.0241,4.6511,1.0,1.0,24.999,-17.826
Car B,2701,180.0667,8,109.95,3,-23.468,1.135,0.022,5.9029,-0.0571,4.7977,1.0,1.0,24.999,17.826
Car A,2702,180.1333,8,92.482,3,-24.978,17.599,-0.143,5.6825,-0.0187,4.6941,1.0,1.0,24.999,-17.864
Car B,2702,180.1333,8,110.346,3,-23.14,0.913,0.004,5.8993,-0.0547,4.8093,1.0,1.0,24.999,17.864
Car A,2703,180.2,8,92.856,3,-25.235,17.318,-0.216,5.6816,-0.0142,4.7304,1.0,1.0,24.999,-17.885
Car B,2703,180.2,8,110.741,3,-22.801,0.71,0.008,5.8957,-0.0531,4.8194,1.0,1.0,24.999,17.885
Car A,2704,180.2667,8,93.234,3,-25.476,17.023,-0.267,5.6809,-0.0099,4.7584,1.0,1.0,24.999,-17.903
Car B,2704,180.2667,8,111.137,3,-22.451,0.526,-0.014,5.8923,-0.0517,4.8268,1.0,1.0,24.999,17.903
Car A,2705,180.3333,8,93.565,3,-25.7,16.714,-0.323,5.6804,-0.0081,4.7817,1.0,1.0,24.999,-17.966
Car B,2705,180.3333,8,111.532,3,-22.092,0.361,-0.029,5.889,-0.0497,4.8316,1.0,1.0,24.999,17.966
Car A,2706,180.4,8,93.94,3,-25.906,16.393,-0.391,5.68,-0.0052,4.7986,1.0,1.0,24.999,-17.981
Car B,2706,180.4,8,111.921,3,-21.725,0.216,-0.045,5.8857,-0.0492,4.8369,1.0,1.0,24.999,17.981
Car A,2707,180.4667,8,94.319,3,-26.094,16.062,-0.438,5.6798,-0.0038,4.8121,1.0,1.0,24.999,-17.995
Car B,2707,180.4667,8,112.314,3,-21.35,0.091,-0.079,5.8825,-0.048,4.8405,1.0,1.0,24.999,17.995
Car A,2708,180.5333,8,94.623,3,-26.263,15.72,-0.51,5.6796,-0.0018,4.8246,1.0,1.0,24.999,-18.086
Car B,2708,180.5333,8,112.708,3,-20.97,-0.012,-0.091,5.8794,-0.0471,4.8437,1.0,0.5054,24.999,18.086
Car A,2709,180.6,8,94.999,3,-26.412,15.369,-0.573,5.6796,-0.0014,4.8325,1.0,1.0,24.999,-18.087
Car B,2709,180.6,8,113.086,3,-20.584,-0.101,-0.146,5.9176,0.5739,4.0619,1.0,1.0,12.653,18.087
Car A,2710,180.6667,8,95.304,3,-26.541,15.01,-0.619,5.6795,-0.0003,4.8403,1.0,1.0,24.999,-18.175
Car B,2710,180.6667,8,113.479,3,-20.195,-0.174,-0.188,5.9086,-0.1353,4.2096,1.0,1.0,24.98,18.175
Car A,2711,180.7333,8,95.653,3,-26.649,14.645,-0.698,5.6796,0.0007,4.8456,1.0,1.0,24.999,-18.203
Car B,2711,180.7333,8,113.857,3,-19.803,-0.226,-0.226,5.9017,-0.103,4.357,1.0,1.0,24.999,18.203
Car A,2712,180.8,8,96.03,3,-26.737,14.273,-0.756,5.6796,0.0004,4.8492,1.0,1.0,24.999,-18.221
Car B,2712,180.8,8,114.251,3,-19.409,-0.257,-0.257,5.8956,-0.092,4.4624,1.0,0.7496,24.999,18.221
Car A,2713,180.8667,8,96.347,3,-26.803,13.898,-0.803,5.6797,0.0016,4.8545,1.0,1.0,24.999,-18.299
Car B,2713,180.8667,8,114.646,3,-19.015,-0.268,-0.268,5.8938,-0.0275,4.5274,1.0,0.181,18.749,18.299
Car A,2714,180.9333,8,96.726,3,-26.847,13.519,-0.847,5.6798,0.0014,4.8562,1.0,1.0,24.999,-18.316
Car B,2714,180.9333,8,115.041,3,-18.619,-0.267,-0.267,5.9335,0.5957,2.7929,1.0,-0.1611,4.547,18.316
Car A,2715,181.0,8,97.106,3,-26.87,13.139,-0.87,5.6799,0.0015,4.8578,1.0,1.0,24.999,-18.332
Car B,2715,181.0,8,115.438,3,-18.222,-0.273,-0.273,5.9535,0.3004,0.978,1.0,0.0928,-4.015,18.332
Car A,2716,181.0667,8,97.488,3,-26.871,12.757,-0.871,5.68,0.0022,4.8595,1.0,1.0,24.999,-18.348
Car B,2716,181.0667,8,115.836,3,-17.825,-0.282,-0.282,5.9945,0.6156,0.895,1.0,0.0962,2.31,18.348
Car A,2717,181.1333,8,97.868,3,-26.851,12.377,-0.851,5.6801,0.0014,4.8609,1.0,1.0,24.999,-18.364
Car B,2717,181.1333,8,116.232,3,-17.428,-0.287,-0.287,5.9214,-1.0965,0.9532,1.0,0.0329,2.385,18.364
Car A,2718,181.2,8,98.247,3,-26.809,11.998,-0.809,5.6803,0.0022,4.8607,1.0,1.0,24.999,-18.381
Car B,2718,181.2,8,116.628,3,-17.032,-0.291,-0.291,5.9746,0.7972,0.3055,1.0,0.0953,0.82,18.381
Car A,2719,181.2667,8,98.623,3,-26.745,11.622,-0.745,5.6804,0.0023,4.8615,1.0,0.6271,24.999,-18.403
Car B,2719,181.2667,8,117.027,3,-16.634,-0.292,-0.292,5.9905,0.2386,0.9179,1.0,0.0547,2.38,18.403
Car A,2720,181.3333,8,98.997,3,-26.661,11.248,-0.661,5.7202,0.5962,4.6634,1.0,-0.0668,15.691,-18.43
Car B,2720,181.3333,8,117.427,3,-16.233,-0.29,-0.29,5.9806,-0.1489,0.5266,1.0,0.0734,1.364,18.43
Car A,2721,181.4,8,99.369,3,-26.566,10.876,-0.566,5.7626,0.636,2.9511,1.0,-0.2052,-1.642,-18.457
Car B,2721,181.4,8,117.827,3,-15.833,-0.286,-0.286,5.9861,0.0833,0.7408,1.0,-0.0467,1.833,18.457
Car A,2722,181.4667,8,99.745,3,-26.477,10.5,-0.477,5.7879,0.3804,1.0507,1.0,-0.2352,-5.124,-18.481
Car B,2722,181.4667,8,118.226,3,-15.434,-0.283,-0.283,5.9888,0.0395,-0.3449,1.0,0.0926,-1.162,18.481
Car A,2723,181.5333,8,100.123,3,-26.399,10.122,-0.399,5.7957,0.116,-0.251,1.0,-0.2519,-5.878,-18.502
Car B,2723,181.5333,8,118.625,3,-15.035,-0.282,-0.282,5.9878,-0.0143,0.4957,1.0,-0.0374,2.309,18.502
Car A,2724,181.6,8,100.504,3,-26.334,9.741,-0.334,5.7963,0.0093,-1.2219,1.0,-0.26,-6.298,-18.521
Car B,2724,181.6,8,119.024,3,-14.636,-0.278,-0.278,5.9881,0.0048,-0.2887,1.0,0.0882,-0.929,18.521
Car A,2725,181.6667,8,100.887,3,-26.281,9.358,-0.281,5.8021,0.0876,-1.9473,1.0,-0.2493,-6.498,-18.536
Car B,2725,181.6667,8,119.424,3,-14.237,-0.276,-0.276,5.9874,-0.0104,0.5519,1.0,-0.1268,2.199,18.536
Car A,2726,181.7333,8,101.274,3,-26.242,8.971,-0.242,5.8579,0.8365,-2.1823,0.9545,-0.1562,-6.233,-18.548
Car B,2726,181.7333,8,119.823,3,-13.838,-0.27,-0.27,5.986,-0.0213,-0.3022,1.0,0.0765,-3.161,18.548
Car A,2727,181.8,8,101.663,3,-26.207,8.582,-0.207,5.8258,-0.4818,-1.4267,0.9635,-0.1724,-3.911,-18.559
Car B,2727,181.8,8,120.222,3,-13.439,-0.268,-0.268,5.9858,-0.0027,0.4134,1.0,-0.1278,1.905,18.559
Car A,2728,181.8667,8,102.05,3,-26.178,8.195,-0.178,5.8095,-0.2449,-1.6018,0.9048,-0.1354,-4.308,-18.57
Car B,2728,181.8667,8,120.62,3,-13.04,-0.264,-0.264,5.9842,-0.0254,-0.3922,1.0,0.0794,-3.188,18.57
Car A,2729,181.9333,8,102.431,3,-26.153,7.814,-0.153,5.6573,-2.2824,-1.1639,1.0,0.2853,-3.386,-18.588
Car B,2729,181.9333,8,121.019,3,-12.641,-0.263,-0.263,5.9838,-0.0051,0.3625,1.0,-0.0828,1.976,18.588
Car A,2730,182.0,8,102.808,3,-26.126,7.438,-0.126,5.6661,0.1322,-0.0243,0.9922,0.023,7.117,-18.611
Car B,2730,182.0,8,121.418,3,-12.242,-0.258,-0.258,5.9828,-0.0147,-0.3878,1.0,0.0816,-2.064,18.611
Car A,2731,182.0667,8,103.186,3,-26.093,7.059,-0.093,5.7434,1.1594,0.1606,1.0,0.8778,0.586,-18.631
Car B,2731,182.0667,8,121.817,3,-11.843,-0.257,-0.257,5.9821,-0.011,0.3753,1.0,-0.1433,2.034,18.631
Car A,2732,182.1333,8,103.567,3,-26.053,6.678,-0.053,5.7433,-0.002,0.7628,1.0,0.2082,21.913,-18.649
Car B,2732,182.1333,8,122.216,3,-11.445,-0.253,-0.253,5.9803,-0.0273,-0.3984,1.0,0.0657,-3.572,18.649
Car A,2733,182.2,8,103.947,3,-26.005,6.298,-0.005,5.7495,0.0936,1.2647,0.18,-1.0,5.229,-18.667
Car B,2733,182.2,8,122.614,3,-11.046,-0.252,-0.252,5.9811,0.0117,0.3568,1.0,-0.1591,1.633,18.667
Car A,2734,182.2667,8,104.322,3,-25.954,5.927,0.04,5.5572,-2.8851,0.5344,1.0,1.0,-24.954,-18.691
Car B,2734,182.2667,8,123.013,3,-10.647,-0.249,-0.249,5.979,-0.0314,-0.4425,1.0,0.0766,-3.97,18.691
Car A,2735,182.3333,8,104.69,3,-25.899,5.561,0.066,5.5421,-0.2259,1.3348,1.0,1.0,24.925,-18.721
Car B,2735,182.3333,8,123.411,3,-10.249,-0.249,-0.249,5.9798,0.0131,0.3292,1.0,-0.1308,1.905,18.721
Car A,2736,182.4,8,105.059,3,-25.837,5.196,0.1,5.5445,0.035,1.9904,1.0,1.0,24.993,-18.751
Car B,2736,182.4,8,123.81,3,-9.85,-0.246,-0.246,5.9778,-0.031,-0.4244,1.0,0.066,-3.261,18.751
Car A,2737,182.4667,8,105.446,3,-25.756,4.835,0.113,5.5349,-0.1439,2.5708,1.0,1.0,25.0,-18.762
Car B,2737,182.4667,8,124.208,3,-9.452,-0.247,-0.247,5.9786,0.0128,0.3392,1.0,-0.1459,1.641,18.762
Car A,2738,182.5333,8,105.816,3,-25.659,4.479,0.124,5.5278,-0.106,3.0388,1.0,1.0,25.0,-18.791
Car B,2738,182.5333,8,124.607,3,-9.053,-0.245,-0.245,5.9769,-0.026,-0.4624,1.0,0.0669,-3.639,18.791
Car A,2739,182.6,8,106.207,3,-25.544,4.127,0.143,5.5215,-0.0945,3.4223,1.0,1.0,25.0,-18.798
Car B,2739,182.6,8,125.005,3,-8.655,-0.247,-0.247,5.9779,0.0143,0.3106,1.0,-0.1436,1.665,18.798
Car A,2740,182.6667,8,106.577,3,-25.412,3.782,0.132,5.5164,-0.0767,3.7291,1.0,1.0,25.0,-18.827
Car B,2740,182.6667,8,125.404,3,-8.257,-0.246,-0.246,5.9757,-0.0326,-0.444,1.0,0.0632,-3.581,18.827
Car A,2741,182.7333,8,106.946,3,-25.263,3.444,0.141,5.5126,-0.0563,3.963,1.0,1.0,25.0,-18.856
Car B,2741,182.7333,8,125.802,3,-7.858,-0.248,-0.248,5.9769,0.0186,0.3221,1.0,-0.1508,1.572,18.856
Car A,2742,182.8,8,107.338,3,-25.095,3.115,0.13,5.51,-0.0389,4.1465,1.0,1.0,24.999,-18.862
Car B,2742,182.8,8,126.2,3,-7.46,-0.248,-0.248,5.9752,-0.0265,-0.4584,1.0,0.0647,-3.762,18.862
Car A,2743,182.8667,8,107.708,3,-24.91,2.795,0.121,5.5084,-0.024,4.2928,1.0,1.0,24.999,-18.891
Car B,2743,182.8667,8,126.599,3,-7.061,-0.251,-0.251,5.9765,0.0196,0.3136,1.0,-0.1469,1.609,18.891
Car A,2744,182.9333,8,108.097,3,-24.707,2.486,0.12,5.5077,-0.0116,4.4098,1.0,1.0,24.999,-18.9
Car B,2744,182.9333,8,126.997,3,-6.663,-0.252,-0.252,5.9742,-0.0338,-0.4489,1.0,0.063,-3.665,18.9
Car A,2745,183.0,8,108.465,3,-24.488,2.189,0.094,5.5076,-0.0009,4.5021,1.0,1.0,24.999,-18.93
Car B,2745,183.0,8,127.395,3,-6.265,-0.256,-0.256,5.9754,0.0176,0.3196,1.0,-0.1468,1.567,18.93
Car A,2746,183.0667,8,108.835,3,-24.252,1.904,0.089,5.5081,0.0076,4.5762,1.0,1.0,24.999,-18.958
Car B,2746,183.0667,8,127.794,3,-5.867,-0.257,-0.257,5.9735,-0.0276,-0.4543,1.0,0.0618,-3.661,18.958
Car A,2747,183.1333,8,109.218,3,-24.0,1.634,0.064,5.5091,0.0145,4.6351,1.0,1.0,24.999,-18.974
Car B,2747,183.1333,8,128.192,3,-5.468,-0.262,-0.262,5.9749,0.0202,0.3159,1.0,-0.1448,1.538,18.974
Car A,2748,183.2,8,109.587,3,-23.732,1.378,0.043,5.5104,0.0206,4.6828,1.0,1.0,24.999,-19.003
Car B,2748,183.2,8,128.59,3,-5.07,-0.264,-0.264,5.9731,-0.0267,-0.4598,1.0,0.0646,-3.612,19.003
Car A,2749,183.2667,8,109.963,3,-23.451,1.137,0.032,5.5121,0.0245,4.7228,1.0,1.0,24.999,-19.025
Car B,2749,183.2667,8,128.988,3,-4.672,-0.27,-0.27,5.9746,0.0216,0.3142,1.0,-0.1443,1.607,19.025
Car A,2750,183.3333,8,110.332,3,-23.156,0.914,-0.004,5.514,0.0285,4.7532,1.0,1.0,24.999,-19.054
Car B,2750,183.3333,8,129.386,3,-4.274,-0.273,-0.273,5.9728,-0.0269,-0.4536,1.0,0.0645,-3.599,19.054
Car A,2751,183.4,8,110.702,3,-22.848,0.707,-0.019,5.5161,0.0316,4.7775,1.0,1.0,24.999,-19.082
Car B,2751,183.4,8,129.784,3,-3.876,-0.28,-0.28,5.974,0.0184,0.3175,1.0,-0.1449,1.603,19.082
Car A,2752,183.4667,8,111.068,3,-22.529,0.519,-0.05,5.5184,0.0342,4.7969,1.0,1.0,24.999,-19.115
Car B,2752,183.4667,8,130.183,3,-3.478,-0.284,-0.284,5.9721,-0.0286,-0.4527,1.0,0.063,-3.613,19.115
Car A,2753,183.5333,8,111.437,3,-22.199,0.35,-0.08,5.5207,0.0343,4.8131,1.0,1.0,24.999,-19.143
Car B,2753,183.5333,8,130.581,3,-3.08,-0.291,-0.291,5.9735,0.0214,0.3183,1.0,-0.145,1.566,19.143
Car A,2754,183.6,8,111.794,3,-21.86,0.2,-0.093,5.523,0.0357,4.8258,1.0,1.0,24.999,-19.185
Car B,2754,183.6,8,130.979,3,-2.682,-0.296,-0.296,5.9721,-0.0217,-0.4606,1.0,0.0612,-3.617,19.185
Car A,2755,183.6667,8,112.162,3,-21.512,0.07,-0.138,5.5255,0.0373,4.8354,1.0,1.0,24.999,-19.215
Car B,2755,183.6667,8,131.377,3,-2.283,-0.304,-0.304,5.9732,0.0175,0.3132,1.0,-0.147,1.522,19.215
Car A,2756,183.7333,8,112.533,3,-21.157,-0.04,-0.162,5.528,0.0371,4.8435,1.0,1.0,24.999,-19.242
Car B,2756,183.7333,8,131.775,3,-1.885,-0.31,-0.31,5.9716,-0.0239,-0.4637,1.0,0.0626,-3.667,19.242
Car A,2757,183.8,8,112.876,3,-20.796,-0.129,-0.191,5.5305,0.0378,4.8496,1.0,1.0,24.999,-19.297
Car B,2757,183.8,8,132.173,3,-1.487,-0.319,-0.319,5.9734,0.0268,0.3078,1.0,-0.1526,1.557,19.297
Car A,2758,183.8667,8,113.246,3,-20.431,-0.196,-0.23,5.5329,0.0361,4.855,1.0,1.0,24.999,-19.325
Car B,2758,183.8667,8,132.571,3,-1.089,-0.326,-0.326,5.9712,-0.0333,-0.4577,1.0,0.0577,-3.807,19.325
Car A,2759,183.9333,8,113.617,3,-20.062,-0.242,-0.247,5.5354,0.0374,4.8587,1.0,1.0,24.999,-19.352
Car B,2759,183.9333,8,132.969,3,-0.691,-0.336,-0.336,5.9729,0.0258,0.3147,1.0,-0.1555,1.434,19.352
Car A,2760,184.0,8,113.969,3,-19.691,-0.267,-0.267,5.5379,0.0366,4.8622,1.0,1.0,24.999,-19.398
Car B,2760,184.0,8,133.367,3,-0.293,-0.343,-0.343,5.9711,-0.0268,-0.475,1.0,0.0555,-3.879,19.398
Car A,2761,184.0667,8,114.341,3,-19.319,-0.27,-0.27,5.5403,0.0363,4.8642,1.0,1.0,24.999,-19.423
Car B,2761,184.0667,9,0.105,1,0.105,-0.355,-0.355,5.9734,0.0342,0.2975,1.0,-0.162,1.378,19.423
Car A,2762,184.1333,8,114.713,3,-18.947,-0.251,-0.251,5.5428,0.0372,4.8661,1.0,1.0,24.999,-19.45
Car B,2762,184.1333,9,0.503,1,0.503,-0.363,-0.363,5.9715,-0.029,-0.4876,1.0,0.0525,-4.041,19.45
Car A,2763,184.2,8,115.083,3,-18.577,-0.21,-0.21,5.5452,0.0361,4.8676,1.0,-0.0632,24.999,-19.477
Car B,2763,184.2,9,0.9,1,0.901,-0.376,-0.376,5.9736,0.0325,0.2957,1.0,-0.1811,1.303,19.477
Car A,2764,184.2667,8,115.453,3,-18.207,-0.157,-0.157,5.59,0.6724,3.394,1.0,-0.2655,-1.539,-19.506
Car B,2764,184.2667,9,1.298,1,1.299,-0.386,-0.386,5.9715,-0.0317,-0.5048,1.0,0.0339,-4.518,19.506
Car A,2765,184.3333,8,115.825,3,-17.836,-0.109,-0.109,5.6261,0.5416,1.2905,1.0,-0.2721,-6.631,-19.532
Car B,2765,184.3333,9,1.696,1,1.696,-0.4,-0.4,5.9758,0.0639,0.2694,1.0,-0.2263,0.84,19.532
Car A,2766,184.4,8,116.198,3,-17.462,-0.072,-0.072,5.6376,0.172,-0.0534,1.0,-0.2727,-6.803,-19.556
Car B,2766,184.4,9,2.095,1,2.095,-0.413,-0.413,5.9747,-0.0164,-0.6318,1.0,0.0345,-5.647,19.556
Car A,2767,184.4667,8,116.574,3,-17.087,-0.047,-0.047,5.6429,0.0804,-1.0441,1.0,-0.2682,-6.818,-19.579
Car B,2767,184.4667,9,2.493,1,2.493,-0.43,-0.43,5.9785,0.0572,0.1869,1.0,-0.2348,0.853,19.579
Car A,2768,184.5333,8,116.95,3,-16.71,-0.035,-0.035,5.6522,0.1393,-1.7941,1.0,-0.221,-6.706,-19.601
Car B,2768,184.5333,9,2.891,1,2.891,-0.446,-0.446,5.9755,-0.0449,-0.6531,1.0,0.0173,-5.858,19.601
Car A,2769,184.6,8,117.33,3,-16.33,-0.034,-0.034,5.7404,1.3224,-1.838,1.0,-0.0814,-5.527,-19.619
Car B,2769,184.6,9,3.289,1,3.289,-0.465,-0.465,5.9837,0.1231,0.1545,1.0,-0.2664,0.422,19.619
Car A,2770,184.6667,8,117.716,3,-15.945,-0.035,-0.035,5.8092,1.0317,-0.7606,1.0,-0.114,-2.04,-19.632
Car B,2770,184.6667,9,3.687,1,3.687,-0.485,-0.485,5.9808,-0.0435,-0.7632,1.0,-0.0106,-6.65,19.632
Car A,2771,184.7333,8,118.105,3,-15.555,-0.037,-0.037,5.87,0.912,-1.0988,1.0,-0.0164,-2.842,-19.64
Car B,2771,184.7333,9,4.085,1,4.085,-0.509,-0.509,5.9946,0.206,-0.0678,1.0,-0.2032,-0.275,19.64
Car A,2772,184.8,8,118.499,3,-15.161,-0.038,-0.038,5.9362,0.9932,-0.1615,1.0,-0.0892,-0.415,-19.645
Car B,2772,184.8,9,4.484,1,4.484,-0.535,-0.535,5.9925,-0.0302,-0.9211,1.0,-0.0272,-5.072,19.645
Car A,2773,184.8667,8,118.895,3,-14.765,-0.041,-0.041,5.951,0.2227,-0.8264,0.9942,0.0015,-2.227,-19.648
Car B,2773,184.8667,9,4.883,1,4.883,-0.565,-0.565,6.0058,0.1993,-0.271,1.0,-0.1143,-0.685,19.648
Car A,2774,184.9333,8,119.292,3,-14.369,-0.046,-0.046,5.9618,0.1624,0.0151,1.0,-0.0859,0.026,-19.65
Car B,2774,184.9333,9,5.281,1,5.282,-0.598,-0.598,5.9955,-0.1542,-1.0473,1.0,-0.0394,-2.852,19.65
Car A,2775,185.0,8,119.689,3,-13.971,-0.051,-0.051,5.9605,-0.0195,-0.7999,0.9546,0.022,-2.144,-19.651
Car B,2775,185.0,9,5.68,1,5.68,-0.634,-0.634,5.9846,-0.1647,-0.3781,1.0,-0.1,-0.979,19.651
Car A,2776,185.0667,8,120.085,3,-13.575,-0.058,-0.058,5.9133,-0.709,0.1469,1.0,-0.0701,0.544,-19.652
Car B,2776,185.0667,9,6.077,1,6.077,-0.672,-0.672,5.9786,-0.0889,-0.9627,1.0,0.0035,-2.498,19.652
Car A,2777,185.1333,8,120.479,3,-13.181,-0.065,-0.065,5.9257,0.1866,-0.6299,0.9929,0.094,-1.748,-19.654
Car B,2777,185.1333,9,6.474,1,6.474,-0.712,-0.712,5.9949,0.2433,0.0361,1.0,-0.0917,0.077,19.654
Car A,2778,185.2,8,120.875,3,-12.786,-0.072,-0.072,5.9273,0.0236,0.3664,1.0,0.0793,2.344,-19.657
Car B,2778,185.2,9,6.871,1,6.871,-0.752,-0.752,5.9915,-0.0507,-0.8177,1.0,0.1138,-2.288,19.657
Car A,2779,185.2667,8,121.271,3,-12.389,-0.07,-0.07,5.9467,0.2905,0.805,1.0,-0.0303,1.979,-19.658
Car B,2779,185.2667,9,7.268,1,7.268,-0.794,-0.794,5.9921,0.01,0.1939,1.0,-0.035,2.837,19.658
Car A,2780,185.3333,8,121.668,3,-11.993,-0.069,-0.069,5.9598,0.1973,-0.2794,1.0,0.1095,-0.753,-19.659
Car B,2780,185.3333,9,7.666,1,7.666,-0.833,-0.833,5.9977,0.0836,-0.3414,1.0,0.1406,-0.87,19.659
Car A,2781,185.4,8,122.065,3,-11.595,-0.07,-0.07,5.9609,0.0156,0.6003,1.0,0.0455,2.732,-19.659
Car B,2781,185.4,9,8.064,1,8.064,-0.871,-0.871,5.997,-0.0107,0.5503,1.0,-0.076,3.509,19.659
Car A,2782,185.4667,8,122.464,3,-11.197,-0.064,-0.064,5.9927,0.4772,0.4405,1.0,-0.0198,1.141,-19.659
Car B,2782,185.4667,9,8.462,1,8.462,-0.906,-0.906,5.9972,0.0024,-0.2458,1.0,0.2052,-1.891,19.659
Car A,2783,185.5333,8,122.863,3,-10.797,-0.062,-0.062,6.0066,0.2088,-0.2339,1.0,0.1266,-0.49,-19.657
Car B,2783,185.5333,9,8.86,1,8.86,-0.944,-0.944,5.9934,-0.0569,0.4784,1.0,0.014,5.119,19.657
Car A,2784,185.6,8,123.264,3,-10.397,-0.057,-0.057,6.0034,-0.0481,0.7856,1.0,-0.0843,3.16,-19.655
Car B,2784,185.6,9,9.258,1,9.259,-0.977,-0.977,6.0173,0.3583,0.2371,1.0,0.1674,0.36,19.655
Car A,2785,185.6667,8,123.664,3,-9.997,-0.048,-0.048,6.0025,-0.0131,-0.0885,1.0,-0.0141,-2.1,-19.655
Car B,2785,185.6667,9,9.658,1,9.659,-1.007,-1.007,6.015,-0.0334,0.9785,1.0,-0.1914,4.18,19.655
Car A,2786,185.7333,8,124.064,3,-9.597,-0.045,-0.045,5.985,-0.2623,-0.2471,1.0,0.0759,-0.355,-19.655
Car B,2786,185.7333,9,10.059,1,10.059,-1.033,-1.033,6.0137,-0.0199,0.0273,1.0,0.2689,-4.772,19.655
Car A,2787,185.8,8,124.463,3,-9.198,-0.038,-0.038,5.9889,0.0582,0.6882,1.0,-0.1282,1.894,-19.656
Car B,2787,185.8,9,10.458,1,10.458,-1.062,-1.062,6.0106,-0.046,0.658,1.0,0.0532,6.704,19.656
Car A,2788,185.8667,8,124.862,3,-8.799,-0.03,-0.03,5.9895,0.0096,-0.3316,1.0,-0.0049,-3.196,-19.657
Car B,2788,185.8667,9,10.859,1,10.859,-1.085,-1.085,6.0419,0.4686,0.4998,1.0,0.1681,1.326,19.657
Car A,2789,185.9333,8,125.261,3,-8.399,-0.026,-0.026,6.0015,0.1792,0.006,1.0,-0.0336,-0.136,-19.66
Car B,2789,185.9333,9,11.261,1,11.261,-1.104,-1.104,6.0369,-0.0748,1.161,1.0,-0.2375,4.197,19.66
Car A,2790,186.0,8,125.661,3,-7.999,-0.024,-0.024,6.0064,0.0731,-0.3669,1.0,0.0916,-0.836,-19.662
Car B,2790,186.0,9,11.663,1,11.663,-1.118,-1.118,6.0347,-0.0334,0.1275,1.0,0.2525,-5.923,19.662
Car A,2791,186.0667,8,126.061,3,-7.599,-0.019,-0.019,6.0063,-0.0013,0.5607,1.0,-0.0967,2.284,-19.664
Car B,2791,186.0667,9,12.065,1,12.065,-1.136,-1.136,6.0316,-0.046,0.7385,1.0,-0.0386,6.293,19.664
Car A,2792,186.1333,8,126.462,3,-7.199,-0.011,-0.011,6.0028,-0.0515,-0.2833,1.0,-0.0099,-2.411,-19.666
Car B,2792,186.1333,9,12.467,1,12.467,-1.15,-1.15,6.0309,-0.0112,-0.111,1.0,0.3244,-0.954,19.666
Car A,2793,186.2,8,126.862,3,-6.799,-0.008,-0.008,6.001,-0.0275,-0.0474,1.0,-0.0184,-0.258,-19.667
Car B,2793,186.2,9,12.868,1,12.868,-1.165,-1.165,6.0268,-0.0604,0.6911,1.0,-0.0001,8.097,19.667
Car A,2794,186.2667,8,127.261,3,-6.399,-0.005,-0.005,5.9938,-0.1087,-0.0446,1.0,0.002,-0.441,-19.669
Car B,2794,186.2667,9,13.27,1,13.27,-1.176,-1.176,6.0143,-0.188,-0.0129,1.0,0.32,0.015,19.669
Car A,2795,186.3333,8,127.661,3,-5.999,-0.001,-0.001,6.0011,0.1096,-0.0236,1.0,-0.0113,0.046,-19.67
Car B,2795,186.3333,9,13.671,1,13.671,-1.187,-1.187,6.0124,-0.0293,0.8215,1.0,-0.1348,7.989,19.67
Car A,2796,186.4,8,128.061,3,-5.599,0.003,0.003,6.0025,0.0212,-0.0252,1.0,-0.0081,-0.273,-19.67
Car B,2796,186.4,9,14.071,1,14.071,-1.193,-1.193,6.0129,0.0086,-0.0728,1.0,0.3141,-3.353,19.67
Car A,2797,186.4667,8,128.462,3,-5.199,0.005,0.005,5.9979,-0.0694,-0.0968,1.0,0.0198,-0.199,-19.67
Car B,2797,186.4667,9,14.472,1,14.472,-1.202,-1.202,6.0091,-0.0571,0.5884,1.0,0.0006,7.834,19.67
Car A,2798,186.5333,8,128.862,3,-4.799,0.01,0.01,5.9931,-0.0715,0.0763,1.0,-0.0392,0.477,-19.671
Car B,2798,186.5333,9,14.872,1,14.873,-1.208,-1.208,6.0067,-0.0358,-0.0092,1.0,0.3042,0.043,19.671
Car A,2799,186.6,8,129.261,3,-4.399,0.012,0.012,5.9819,-0.1678,-0.4173,1.0,0.0964,-0.965,-19.672
Car B,2799,186.6,9,15.273,1,15.273,-1.211,-1.211,6.0044,-0.0356,0.9104,1.0,-0.2169,7.593,19.672
Car A,2800,186.6667,8,129.66,3,-4.0,0.015,0.015,5.982,0.0013,0.572,1.0,-0.0985,2.404,-19.673
Car B,2800,186.6667,9,15.673,1,15.673,-1.21,-1.21,6.0048,0.0059,-0.0093,1.0,0.2892,-5.402,19.673
Car A,2801,186.7333,8,130.059,3,-3.602,0.022,0.022,5.981,-0.0154,-0.2627,1.0,-0.0296,-2.455,-19.675
Car B,2801,186.7333,9,16.073,1,16.073,-1.212,-1.212,6.0024,-0.035,0.6218,1.0,-0.1692,7.211,19.675
Car A,2802,186.8,8,130.458,3,-3.202,0.023,0.023,6.0182,0.5578,-0.2489,1.0,0.0069,-0.739,-19.675
Car B,2802,186.8,9,16.473,1,16.473,-1.21,-1.21,6.0019,-0.008,-0.2008,1.0,0.2146,-4.212,19.675
Car A,2803,186.8667,8,130.859,3,-2.801,0.026,0.026,6.0064,-0.1764,-0.0844,1.0,-0.0223,0.16,-19.675
Car B,2803,186.8667,9,16.873,1,16.873,-1.212,-1.212,6.0004,-0.0226,0.484,1.0,-0.1484,5.349,19.675
Car A,2804,186.9333,8,131.259,3,-2.401,0.027,0.027,5.9888,-0.2634,-0.2207,1.0,0.0315,-0.543,-19.674
Car B,2804,186.9333,9,17.273,1,17.273,-1.21,-1.21,6.0007,0.0042,-0.3046,1.0,0.2263,-3.695,19.674
Car A,2805,187.0,8,131.659,3,-2.001,0.031,0.031,6.0138,0.3751,0.3161,1.0,-0.0921,0.78,-19.675
Car B,2805,187.0,9,17.673,1,17.673,-1.212,-1.212,5.9978,-0.0425,0.4372,1.0,-0.0992,5.643,19.675
Car A,2806,187.0667,8,132.06,3,-1.6,0.033,0.033,6.0108,-0.045,-0.6222,1.0,0.0853,-2.297,-19.674
Car B,2806,187.0667,9,18.073,1,18.073,-1.21,-1.21,5.9979,0.0015,-0.3439,1.0,0.704,-2.468,19.674
Car A,2807,187.1333,8,132.46,3,-1.2,0.031,0.031,6.0076,-0.0482,0.2469,1.0,-0.0294,2.125,-19.672
Car B,2807,187.1333,9,18.472,1,18.473,-1.21,-1.21,5.9944,-0.0524,0.1639,1.0,0.5531,17.569,19.672
Car A,2808,187.2,8,132.861,3,-0.8,0.034,0.034,6.0043,-0.0494,-0.2907,1.0,0.0451,-0.729,-19.671
Car B,2808,187.2,9,18.871,1,18.872,-1.198,-1.198,5.9833,-0.1671,1.4164,1.0,1.0,13.832,19.671
Car A,2809,187.2667,8,133.261,3,-0.399,0.036,0.036,6.0052,0.0136,0.436,1.0,-0.1009,1.125,-19.669
Car B,2809,187.2667,9,19.269,1,19.269,-1.172,-1.172,5.9687,-0.2186,2.2084,1.0,1.0,24.982,19.669
Car A,2810,187.3333,9,0.001,1,0.001,0.038,0.038,6.005,-0.0031,-0.4907,1.0,0.0206,-2.516,-19.664
Car B,2810,187.3333,9,19.665,1,19.665,-1.13,-1.13,5.9555,-0.1989,2.7908,1.0,1.0,25.0,19.664
Car A,2811,187.4,9,0.401,1,0.401,0.036,0.036,6.0011,-0.0589,0.199,1.0,-0.0854,0.51,-19.599
Car B,2811,187.4,9,20.0,1,20.058,-1.07,-1.071,5.943,-0.1864,3.2512,1.0,0.8585,25.0,19.599
Car A,2812,187.4667,9,0.801,1,0.801,0.035,0.035,5.9972,-0.0591,-0.6685,1.0,0.0817,-2.131,-19.567
Car B,2812,187.4667,9,20.368,1,20.447,-0.992,-1.024,5.934,-0.136,3.5915,1.0,0.9841,21.467,19.567
Car A,2813,187.5333,9,1.201,1,1.201,0.031,0.031,5.9963,-0.0126,0.2576,1.0,-0.0724,2.035,-19.558
Car B,2813,187.5333,9,20.759,1,20.832,-0.896,-0.959,5.9244,-0.1442,3.8757,1.0,1.0,24.596,19.558
Car A,2814,187.6,9,1.601,1,1.601,0.03,0.03,5.9954,-0.0139,-0.4568,1.0,-0.0161,-1.803,-19.406
Car B,2814,187.6,9,21.007,1,21.211,-0.781,-0.895,5.9159,-0.1271,4.0897,1.0,1.0,24.999,19.406
Car A,2815,187.6667,9,2.0,1,2.0,0.025,0.025,5.9861,-0.1396,-0.2267,1.0,-0.0232,-0.402,-19.4
Car B,2815,187.6667,9,21.4,1,21.584,-0.648,-0.852,5.9083,-0.1132,4.2545,1.0,1.0,25.0,19.4
Car A,2816,187.7333,9,2.4,1,2.4,0.02,0.02,5.9897,0.0542,-0.2355,1.0,-0.0468,-0.563,-19.391
Car B,2816,187.7333,9,21.791,1,21.949,-0.495,-0.789,5.9016,-0.1005,4.3804,1.0,1.0,24.999,19.391
Car A,2817,187.8,9,2.799,1,2.799,0.012,0.012,5.9964,0.1005,-0.4471,1.0,-0.0456,-1.167,-19.264
Car B,2817,187.8,9,22.063,1,22.305,-0.324,-0.743,5.8957,-0.0893,4.4822,1.0,1.0,24.999,19.264
Car A,2818,187.8667,9,3.199,1,3.199,0.001,0.001,6.0265,0.4518,-0.4664,1.0,-0.0752,-1.134,-19.256
Car B,2818,187.8667,9,22.456,1,22.651,-0.134,-0.701,5.8903,-0.0805,4.5598,1.0,1.0,24.999,19.256
Car A,2819,187.9333,9,3.6,1,3.6,-0.014,-0.014,6.0054,-0.3167,-0.7236,0.9976,-0.0037,-1.878,-19.225
Car B,2819,187.9333,9,22.824,1,22.987,0.073,-0.638,5.8855,-0.0724,4.622,1.0,1.0,24.999,19.225
Car A,2820,188.0,9,4.0,1,4.0,-0.028,-0.028,5.9975,-0.1192,-0.1075,1.0,0.0057,-0.1,-19.139
Car B,2820,188.0,9,23.139,1,23.311,0.298,-0.61,5.8811,-0.0656,4.6718,1.0,1.0,24.999,19.139
Car A,2821,188.0667,9,4.399,1,4.399,-0.039,-0.039,6.0041,0.0991,-0.0983,0.9999,0.0417,0.132,-19.131
Car B,2821,188.0667,9,23.531,1,23.622,0.541,-0.566,5.8771,-0.061,4.7105,1.0,1.0,24.999,19.131
Car A,2822,188.1333,9,4.799,1,4.799,-0.048,-0.048,6.0143,0.1537,0.4051,1.0,0.0174,1.037,-19.04
Car B,2822,188.1333,9,23.839,1,23.919,0.799,-0.519,5.8733,-0.057,4.7417,1.0,1.0,24.999,19.04
Car A,2823,188.2,9,5.2,1,5.2,-0.055,-0.055,5.9991,-0.229,0.1816,1.0,0.0319,0.43,-19.032
Car B,2823,188.2,9,24.232,1,24.202,1.073,-0.494,5.8697,-0.0534,4.7643,1.0,1.0,24.999,19.032
Car A,2824,188.2667,9,5.599,1,5.599,-0.062,-0.062,6.0061,0.1053,0.3041,1.0,0.0279,0.792,-19.023
Car B,2824,188.2667,9,24.623,1,24.469,1.362,-0.447,5.8663,-0.0506,4.7841,1.0,1.0,24.999,19.023
Car A,2825,188.3333,9,6.0,1,6.001,-0.067,-0.067,6.0184,0.1848,0.1572,1.0,0.0354,0.684,-18.947
Car B,2825,188.3333,9,24.947,1,24.719,1.665,-0.422,5.8632,-0.0473,4.7994,1.0,1.0,24.999,18.947
Car A,2826,188.4,9,6.402,1,6.402,-0.071,-0.071,6.0253,0.1042,0.3594,1.0,0.0215,0.871,-18.938
Car B,2826,188.4,9,25.339,1,24.953,1.981,-0.395,5.8601,-0.0459,4.8123,1.0,1.0,24.999,18.938
Car A,2827,188.4667,9,6.802,1,6.802,-0.074,-0.074,5.9838,-0.6237,0.1696,1.0,0.0218,0.534,-18.872
Car B,2827,188.4667,9,25.674,1,25.169,2.31,-0.354,5.8572,-0.0444,4.8201,1.0,1.0,24.999,18.872
Car A,2828,188.5333,9,7.201,1,7.201,-0.077,-0.077,5.991,0.108,0.1082,1.0,0.024,0.532,-18.866
Car B,2828,188.5333,9,26.067,1,25.366,2.649,-0.344,5.8543,-0.0424,4.8287,1.0,1.0,24.999,18.866
Car A,2829,188.6,9,7.6,1,7.6,-0.08,-0.08,5.9937,0.0408,0.1074,1.0,0.0232,0.583,-18.858
Car B,2829,188.6,9,26.458,1,25.544,2.999,-0.313,5.8516,-0.0414,4.8338,1.0,1.0,24.999,18.858
Car A,2830,188.6667,9,8.0,1,8.0,-0.082,-0.082,5.9907,-0.0445,0.119,1.0,0.0209,0.565,-18.803
Car B,2830,188.6667,9,26.803,1,25.702,3.358,-0.298,5.8489,-0.0396,4.8395,1.0,1.0,24.999,18.803
Car A,2831,188.7333,9,8.399,1,8.399,-0.084,-0.084,5.9886,-0.0322,0.1221,1.0,0.017,0.511,-18.796
Car B,2831,188.7333,9,27.195,1,25.841,3.725,-0.285,5.8463,-0.0394,4.8431,1.0,1.0,24.999,18.796
Car A,2832,188.8,9,8.798,1,8.798,-0.085,-0.085,5.9885,-0.0005,0.1194,1.0,0.0132,0.416,-18.747
Car B,2832,188.8,9,27.545,1,25.959,4.099,-0.256,5.8438,-0.0381,4.8461,1.0,1.0,24.999,18.747
Car A,2833,188.8667,9,9.197,1,9.197,-0.085,-0.085,5.9887,0.002,0.102,1.0,0.0106,0.325,-18.74
Car B,2833,188.8667,9,27.937,1,26.055,4.479,-0.262,5.8413,-0.0377,4.8477,1.0,0.7445,24.999,18.74
Car A,2834,188.9333,9,9.597,1,9.597,-0.085,-0.085,5.9923,0.054,0.0778,1.0,0.0088,0.261,-18.732
Car B,2834,188.9333,9,28.329,1,26.131,4.863,-0.245,5.8433,0.031,4.8107,1.0,-0.9507,18.621,18.732
Car A,2835,189.0,9,9.996,1,9.996,-0.085,-0.085,5.9943,0.0304,0.0615,1.0,0.0084,0.215,-18.686
Car B,2835,189.0,9,28.682,1,26.198,5.249,-0.256,5.8606,0.2598,2.9466,1.0,-0.0294,-23.703,18.686
Car A,2836,189.0667,9,10.396,1,10.396,-0.085,-0.085,5.9967,0.0354,0.0453,1.0,0.0083,0.205,-18.676
Car B,2836,189.0667,9,29.072,1,26.266,5.635,-0.294,5.8894,0.432,1.1007,1.0,-0.1169,-0.768,18.676
Car A,2837,189.1333,9,10.796,1,10.796,-0.084,-0.084,5.9976,0.0144,0.0443,1.0,0.0092,0.203,-18.639
Car B,2837,189.1333,9,29.435,1,26.346,6.02,-0.346,5.8962,0.101,-0.2168,1.0,0.1687,-2.919,18.639
Car A,2838,189.2,9,11.196,1,11.196,-0.084,-0.084,5.9986,0.0147,0.0396,1.0,0.0082,0.224,-18.623
Car B,2838,189.2,9,29.819,1,26.431,6.404,-0.431,5.8978,0.0246,0.4688,1.0,0.1288,4.206,18.623
Car A,2839,189.2667,9,11.596,1,11.596,-0.083,-0.083,5.9958,-0.0423,0.0482,1.0,0.0007,0.2,-18.61
Car B,2839,189.2667,9,30.206,1,26.503,6.791,-0.503,5.9146,0.2517,1.201,1.0,0.0587,3.222,18.61
Car A,2840,189.3333,9,11.995,1,11.996,-0.082,-0.082,5.9963,0.0081,0.0366,1.0,-0.0107,0.024,-18.601
Car B,2840,189.3333,9,30.596,1,26.573,7.181,-0.573,5.9519,0.5601,0.576,1.0,0.1064,1.449,18.601
Car A,2841,189.4,9,12.396,1,12.396,-0.083,-0.083,6.0096,0.1991,-0.1212,1.0,-0.0192,-0.252,-18.592
Car B,2841,189.4,9,30.988,1,26.641,7.573,-0.641,5.9623,0.155,1.0416,1.0,0.0641,2.657,18.592
Car A,2842,189.4667,9,12.796,1,12.796,-0.084,-0.084,6.0135,0.0581,-0.1705,1.0,-0.051,-0.463,-18.586
Car B,2842,189.4667,9,31.382,1,26.705,7.967,-0.705,6.0119,0.7443,0.6228,1.0,0.1121,1.603,18.586
Car A,2843,189.5333,9,13.197,1,13.197,-0.088,-0.088,6.0262,0.1917,-0.5077,1.0,-0.0359,-1.269,-18.581
Car B,2843,189.5333,9,31.778,1,26.765,8.363,-0.765,6.0147,0.0421,1.0807,1.0,0.0722,2.8,18.581
Car A,2844,189.6,9,13.599,1,13.599,-0.094,-0.094,6.0273,0.0162,-0.2483,1.0,-0.0503,-0.881,-18.576
Car B,2844,189.6,9,32.175,1,26.823,8.76,-0.823,6.0322,0.2625,0.7161,1.0,0.1049,1.807,18.576
Car A,2845,189.6667,9,14.001,1,14.001,-0.102,-0.102,6.0043,-0.3447,-0.5287,1.0,0.1318,-1.256,-18.572
Car B,2845,189.6667,9,32.573,1,26.875,9.158,-0.875,6.0264,-0.0878,1.0328,1.0,0.0549,2.62,18.572
Car A,2846,189.7333,9,14.401,1,14.401,-0.108,-0.108,6.0047,0.0055,0.4841,1.0,0.1046,3.289,-18.57
Car B,2846,189.7333,9,32.97,1,26.925,9.555,-0.925,6.0099,-0.247,0.5313,1.0,0.1935,1.376,18.57
Car A,2847,189.8,9,14.801,1,14.801,-0.103,-0.103,5.9964,-0.1253,1.0324,1.0,-0.0778,2.614,-18.567
Car B,2847,189.8,9,33.368,1,26.971,9.953,-0.971,6.0045,-0.0803,1.3066,1.0,-0.0373,4.831,18.567
Car A,2848,189.8667,9,15.201,1,15.201,-0.098,-0.098,5.9997,0.0499,-0.1016,1.0,0.3087,-1.938,-18.566
Car B,2848,189.8667,9,33.767,1,27.011,10.352,-1.011,6.0075,0.044,0.2921,1.0,0.3632,-0.924,18.566
Car A,2849,189.9333,9,15.601,1,15.601,-0.097,-0.097,5.9946,-0.0756,0.5739,1.0,0.188,7.704,-18.564
Car B,2849,189.9333,9,34.165,1,27.054,10.75,-1.054,6.0009,-0.0979,0.8929,1.0,0.1648,9.063,18.564
Car A,2850,190.0,9,16.0,1,16.0,-0.082,-0.082,5.9905,-0.0615,1.4725,1.0,0.3775,4.703,-18.564
Car B,2850,190.0,9,34.564,1,27.085,11.149,-1.085,6.0087,0.1171,1.5163,1.0,0.8073,4.126,18.564
Car A,2851,190.0667,9,16.398,1,16.398,-0.054,-0.054,5.9811,-0.1421,2.1882,1.0,-0.1884,9.43,-18.565
Car B,2851,190.0667,9,34.963,1,27.104,11.548,-1.104,5.9964,-0.1851,2.1869,1.0,0.4991,20.156,18.565
Car A,2852,190.1333,9,16.796,1,16.796,-0.019,-0.019,5.9906,0.1429,0.9585,1.0,-0.2708,-4.689,-18.567
Car B,2852,190.1333,9,35.363,1,27.106,11.948,-1.106,5.9885,-0.1189,2.7354,1.0,1.0,12.49,18.567
Car A,2853,190.2,9,17.195,1,17.195,0.005,0.005,5.9928,0.0325,-0.3692,1.0,0.1811,-6.765,-18.568
Car B,2853,190.2,9,35.763,1,27.092,12.348,-1.092,5.9753,-0.1984,3.2301,1.0,0.9488,24.98,18.568
Car A,2854,190.2667,9,17.594,1,17.594,0.026,0.026,5.992,-0.0114,0.3879,0.8453,-0.2195,4.51,-18.567
Car B,2854,190.2667,9,36.16,1,27.06,12.745,-1.06,5.9643,-0.1641,3.5843,1.0,0.5745,23.721,18.567
Car A,2855,190.3333,9,17.991,1,17.991,0.05,0.05,5.9621,-0.4482,-0.372,1.0,0.1592,-5.472,-18.565
Car B,2855,190.3333,9,36.556,1,27.008,13.141,-1.008,5.9603,-0.0608,3.8313,1.0,0.6949,14.376,18.565
Car A,2856,190.4,9,18.388,1,18.388,0.071,0.071,5.9621,0.0005,0.4153,1.0,0.1292,3.965,-18.56
Car B,2856,190.4,9,36.948,1,26.938,13.533,-0.938,5.9536,-0.1,4.0511,1.0,0.3554,17.367,18.56
Car A,2857,190.4667,9,18.784,1,18.784,0.104,0.104,5.9671,0.0748,1.2048,1.0,1.0,3.231,-18.555
Car B,2857,190.4667,9,37.339,1,26.855,13.924,-0.855,6.0055,0.7788,3.2296,1.0,0.7043,8.898,18.555
Car A,2858,190.5333,9,19.179,1,19.179,0.149,0.149,5.962,-0.0775,1.6297,1.0,0.4751,24.967,-18.489
Car B,2858,190.5333,9,37.668,1,26.759,14.314,-0.781,5.9952,-0.154,3.5479,1.0,0.6373,17.594,18.489
Car A,2859,190.6,9,19.572,1,19.572,0.208,0.208,5.9462,-0.237,2.5049,1.0,-0.4792,11.897,-18.488
Car B,2859,190.6,9,38.06,1,26.644,14.698,-0.697,5.9875,-0.1166,3.8175,1.0,-0.2117,15.935,18.488
Car A,2860,190.6667,9,19.963,1,19.963,0.274,0.274,5.9559,0.1461,1.4491,1.0,-0.4394,-11.944,-18.393
Car B,2860,190.6667,9,38.357,1,26.521,15.079,-0.611,6.011,0.3533,2.5324,1.0,0.1904,-5.26,18.393
Car A,2861,190.7333,9,20.381,1,20.356,0.331,0.302,5.9572,0.0194,-0.1907,1.0,1.0,-10.986,-18.373
Car B,2861,190.7333,9,38.754,1,26.397,15.461,-0.579,6.0424,0.47,1.8531,1.0,0.954,4.745,18.373
Car A,2862,190.8,9,20.776,1,20.749,0.386,0.326,5.9438,-0.2005,0.4737,1.0,0.9379,24.946,-18.378
Car B,2862,190.8,9,39.155,1,26.263,15.84,-0.538,6.0394,-0.0446,2.0832,1.0,1.0,23.82,18.378
Car A,2863,190.8667,9,21.225,1,21.14,0.449,0.318,5.9352,-0.1288,1.4481,1.0,1.0,23.449,-18.25
Car B,2863,190.8667,9,39.475,1,26.114,16.214,-0.514,6.0164,-0.3446,2.9628,1.0,1.0,24.998,18.25
Car A,2864,190.9333,9,21.62,1,21.527,0.529,0.305,5.9218,-0.201,2.2074,1.0,1.0,24.997,-18.256
Car B,2864,190.9333,9,39.876,1,25.949,16.58,-0.502,6.0036,-0.1921,3.3825,1.0,1.0,25.0,18.256
Car A,2865,191.0,9,22.061,1,21.91,0.624,0.284,5.9091,-0.1904,2.7957,1.0,1.0,25.0,-18.178
Car B,2865,191.0,9,40.24,1,25.767,16.937,-0.472,5.9921,-0.1732,3.7099,1.0,1.0,25.0,18.178
Car A,2866,191.0667,9,22.454,1,22.289,0.736,0.242,5.8973,-0.178,3.2492,1.0,1.0,25.0,-18.148
Car B,2866,191.0667,9,40.602,1,25.568,17.285,-0.483,5.9818,-0.1537,3.9682,1.0,1.0,25.0,18.148
Car A,2867,191.1333,9,22.881,1,22.661,0.865,0.213,5.8867,-0.1589,3.6029,1.0,1.0,25.0,-18.121
Car B,2867,191.1333,9,41.002,1,25.353,17.622,-0.475,5.9728,-0.1354,4.1597,1.0,1.0,25.0,18.121
Car A,2868,191.2,9,23.269,1,23.026,1.012,0.148,5.8775,-0.1372,3.8793,1.0,1.0,25.0,-18.059
Car B,2868,191.2,9,41.328,1,25.121,17.948,-0.477,5.9647,-0.1208,4.308,1.0,1.0,24.999,18.059
Car A,2869,191.2667,9,23.659,1,23.383,1.177,0.101,5.8696,-0.1194,4.0909,1.0,1.0,25.0,-18.067
Car B,2869,191.2667,9,41.727,1,24.874,18.261,-0.492,5.9575,-0.1078,4.4268,1.0,1.0,24.999,18.067
Car A,2870,191.3333,9,24.06,1,23.731,1.359,0.03,5.8627,-0.1037,4.2536,1.0,1.0,24.999,-18.063
Car B,2870,191.3333,9,42.123,1,24.61,18.561,-0.486,5.951,-0.0978,4.5172,1.0,1.0,24.999,18.063
Car A,2871,191.4,9,24.446,1,24.068,1.559,-0.037,5.8567,-0.0897,4.3822,1.0,1.0,24.999,-18.0
Car B,2871,191.4,9,42.447,1,24.332,18.846,-0.516,5.945,-0.09,4.5886,1.0,1.0,24.999,18.0
Car A,2872,191.4667,9,24.821,1,24.395,1.777,-0.103,5.8513,-0.0805,4.4814,1.0,1.0,24.999,-18.023
Car B,2872,191.4667,9,42.845,1,24.039,19.115,-0.531,5.9395,-0.0828,4.6433,1.0,1.0,24.999,18.023
Car A,2873,191.5333,9,25.203,1,24.709,2.011,-0.19,5.8467,-0.07,4.5599,1.0,1.0,24.999,-17.955
Car B,2873,191.5333,9,43.158,1,23.732,19.369,-0.546,5.9344,-0.0759,4.6888,1.0,1.0,24.999,17.955
Car A,2874,191.6,9,25.59,1,25.01,2.262,-0.256,5.8425,-0.0628,4.6229,1.0,1.0,24.999,-17.965
Car B,2874,191.6,9,43.554,1,23.412,19.605,-0.581,5.9297,-0.0717,4.7226,1.0,1.0,24.999,17.965
Car A,2875,191.6667,9,25.927,1,25.297,2.528,-0.349,5.8387,-0.0571,4.6708,1.0,1.0,24.999,-18.024
Car B,2875,191.6667,9,43.951,1,23.08,19.824,-0.594,5.9252,-0.0674,4.7498,1.0,1.0,24.999,18.024
Car A,2876,191.7333,9,26.309,1,25.569,2.81,-0.434,5.8352,-0.0516,4.7095,1.0,1.0,24.999,-17.943
Car B,2876,191.7333,9,44.253,1,22.738,20.025,-0.632,5.9209,-0.064,4.7715,1.0,1.0,24.999,17.943
Car A,2877,191.8,9,26.616,1,25.825,3.106,-0.508,5.8321,-0.0466,4.7425,1.0,1.0,24.999,-18.032
Car B,2877,191.8,9,44.648,2,22.385,20.206,-0.665,5.9168,-0.0619,4.7886,1.0,1.0,24.999,18.032
Car A,2878,191.8667,9,26.994,1,26.065,3.415,-0.611,5.8292,-0.0441,4.7663,1.0,1.0,24.999,-17.953
Car B,2878,191.8667,9,44.947,2,22.023,20.368,-0.683,5.9129,-0.0582,4.8028,1.0,1.0,24.999,17.953
Car A,2879,191.9333,9,27.376,1,26.287,3.737,-0.693,5.8264,-0.0411,4.7852,1.0,1.0,24.999,-17.955
Car B,2879,191.9333,9,45.33,2,21.653,20.51,-0.734,5.9092,-0.0561,4.8128,1.0,1.0,24.999,17.955
Car A,2880,192.0,9,27.641,1,26.49,4.07,-0.78,5.8239,-0.038,4.8017,1.0,1.0,24.999,-18.084
Car B,2880,192.0,9,45.725,2,21.276,20.631,-0.764,5.9055,-0.0554,4.8229,1.0,1.0,24.999,18.084
Car A,2881,192.0667,9,28.019,1,26.675,4.414,-0.88,5.8214,-0.0369,4.8139,1.0,1.0,24.999,-17.979
Car B,2881,192.0667,9,45.997,2,20.893,20.732,-0.8,5.9019,-0.0539,4.8292,1.0,1.0,24.999,17.979
Car A,2882,192.1333,9,28.401,1,26.841,4.767,-0.958,5.8191,-0.0351,4.8225,1.0,1.0,24.999,-17.989
Car B,2882,192.1333,9,46.39,2,20.505,20.811,-0.848,5.8984,-0.0514,4.8344,1.0,1.0,24.999,17.989
Car A,2883,192.2,9,28.625,1,26.986,5.13,-1.052,5.8169,-0.0337,4.8302,1.0,1.0,24.999,-18.16
Car B,2883,192.2,9,46.785,2,20.114,20.869,-0.876,5.895,-0.0512,4.8383,1.0,0.5928,24.999,18.16
Car A,2884,192.2667,9,29.003,1,27.112,5.499,-1.148,5.8147,-0.0323,4.8365,1.0,1.0,24.999,-18.108
Car B,2884,192.2667,9,47.111,2,19.719,20.907,-0.907,5.9244,0.441,4.6691,1.0,0.6786,14.835,18.108
Car A,2885,192.3333,9,29.386,1,27.216,5.875,-1.222,5.8126,-0.0321,4.8413,1.0,1.0,24.999,-18.122
Car B,2885,192.3333,9,47.507,2,19.323,20.925,-0.925,5.9226,-0.0279,4.6791,1.0,0.3677,16.96,18.122
Car A,2886,192.4,9,29.671,1,27.3,6.256,-1.3,5.8105,-0.0303,4.8446,1.0,1.0,24.999,-18.235
Car B,2886,192.4,9,47.905,2,18.925,20.929,-0.929,5.9836,0.9162,3.3883,1.0,-0.1996,9.203,18.235
Car A,2887,192.4667,9,30.055,1,27.362,6.64,-1.362,5.8086,-0.0298,4.8475,1.0,1.0,24.999,-18.25
Car B,2887,192.4667,9,48.306,2,18.524,20.932,-0.932,6.0019,0.2744,1.7612,1.0,0.0926,-4.967,18.25
Car A,2888,192.5333,9,30.443,1,27.402,7.028,-1.402,5.8066,-0.0293,4.8492,1.0,1.0,24.999,-18.263
Car B,2888,192.5333,9,48.706,2,18.124,20.941,-0.941,6.028,0.3912,0.9186,1.0,0.102,2.303,18.263
Car A,2889,192.6,9,30.832,1,27.421,7.417,-1.421,5.8047,-0.0282,4.8512,1.0,1.0,24.999,-18.274
Car B,2889,192.6,9,49.105,2,17.725,20.946,-0.946,5.9895,-0.5774,0.9719,1.0,0.0983,2.551,18.274
Car A,2890,192.6667,9,31.221,1,27.419,7.806,-1.419,5.8029,-0.0281,4.8524,1.0,1.0,24.999,-18.284
Car B,2890,192.6667,9,49.505,2,17.325,20.948,-0.948,5.9861,-0.0509,0.9613,1.0,0.097,2.456,18.284
Car A,2891,192.7333,9,31.61,1,27.394,8.195,-1.394,5.801,-0.0275,4.854,1.0,1.0,24.999,-18.296
Car B,2891,192.7333,9,49.906,2,16.924,20.946,-0.946,6.0101,0.3593,0.9556,1.0,0.0972,2.424,18.296
Car A,2892,192.8,9,31.996,1,27.348,8.581,-1.348,5.7992,-0.0271,4.8552,1.0,1.0,24.999,-18.31
Car B,2892,192.8,9,50.306,2,16.524,20.939,-0.939,6.0188,0.1301,0.9464,1.0,0.0968,2.429,18.31
Car A,2893,192.8667,9,32.379,1,27.28,8.964,-1.28,5.7975,-0.0263,4.8551,1.0,1.0,24.999,-18.327
Car B,2893,192.8667,9,50.706,2,16.124,20.928,-0.928,6.0117,-0.1055,0.9272,1.0,0.0957,2.42,18.327
Car A,2894,192.9333,9,32.758,1,27.191,9.343,-1.191,5.7957,-0.0257,4.8562,1.0,0.9278,24.999,-18.348
Car B,2894,192.9333,9,51.105,2,15.725,20.913,-0.913,6.0158,0.0613,0.9168,1.0,0.0946,2.391,18.348
Car A,2895,193.0,9,33.131,1,27.081,9.716,-1.081,5.7948,-0.0138,4.8482,1.0,0.3681,23.197,-18.374
Car B,2895,193.0,9,51.505,2,15.325,20.895,-0.895,6.0199,0.0616,0.9234,1.0,0.092,2.365,18.374
Car A,2896,193.0667,9,33.5,1,26.958,10.085,-0.958,5.8569,0.9311,3.273,1.0,-0.0942,9.225,-18.403
Car B,2896,193.0667,9,51.904,2,14.926,20.872,-0.872,5.9769,-0.6454,0.9043,1.0,0.0511,2.298,18.403
Car A,2897,193.1333,9,33.872,1,26.835,10.457,-0.835,5.8783,0.3218,1.689,1.0,-0.1737,-2.338,-18.429
Car B,2897,193.1333,9,52.302,2,14.528,20.848,-0.848,5.9748,-0.0311,0.5022,1.0,0.0801,1.27,18.429
Car A,2898,193.2,9,34.248,1,26.721,10.833,-0.721,5.8895,0.1679,0.1491,1.0,-0.215,-4.339,-18.452
Car B,2898,193.2,9,52.7,2,14.13,20.821,-0.821,5.9703,-0.0669,0.7841,1.0,-0.0521,1.998,18.452
Car A,2899,193.2667,9,34.627,1,26.618,11.212,-0.618,5.8899,0.0056,-0.9052,1.0,-0.2349,-5.373,-18.47
Car B,2899,193.2667,9,53.097,2,13.733,20.796,-0.796,5.9729,0.0379,-0.2354,1.0,0.0932,-1.297,18.47
Car A,2900,193.3333,9,35.009,1,26.528,11.594,-0.528,5.8891,-0.0121,-1.7184,1.0,-0.2476,-5.871,-18.485
Car B,2900,193.3333,9,53.495,2,13.335,20.773,-0.773,5.9724,-0.0077,0.4914,1.0,-0.0265,2.323,18.485
Car A,2901,193.4,9,35.395,1,26.452,11.98,-0.452,5.9121,0.3442,-2.2095,1.0,-0.182,-6.188,-18.497
Car B,2901,193.4,9,53.892,2,12.938,20.746,-0.746,5.9794,0.1056,-0.2537,1.0,0.0885,-0.656,18.497
Car A,2902,193.4667,9,35.786,1,26.382,12.371,-0.382,5.9565,0.6666,-1.7576,1.0,-0.1942,-4.551,-18.504
Car B,2902,193.4667,9,54.29,2,12.54,20.72,-0.72,5.9802,0.0117,0.6226,1.0,-0.1579,2.208,18.504
Car A,2903,193.5333,9,36.18,1,26.318,12.765,-0.318,6.0207,0.9634,-1.8351,0.9261,-0.181,-4.854,-18.507
Car B,2903,193.5333,9,54.687,2,12.143,20.691,-0.691,5.9784,-0.0262,-0.2784,1.0,0.0591,-3.937,18.507
Car A,2904,193.6,9,36.571,1,26.263,13.156,-0.263,5.8534,-2.5094,-1.6442,0.9042,-0.1711,-4.525,-18.514
Car B,2904,193.6,9,55.085,2,11.745,20.666,-0.666,5.9797,0.0188,0.4301,1.0,-0.1404,1.469,18.514
Car A,2905,193.6667,9,36.952,1,26.215,13.537,-0.215,5.687,-2.4964,-1.4699,0.9607,-0.0535,-4.278,-18.531
Car B,2905,193.6667,9,55.483,2,11.347,20.64,-0.64,5.9786,-0.0166,-0.4376,1.0,0.0857,-3.501,18.531
Car A,2906,193.7333,9,37.329,1,26.168,13.914,-0.168,5.7138,0.4023,-0.4771,1.0,0.9315,-1.328,-18.552
Car B,2906,193.7333,9,55.881,2,10.949,20.616,-0.616,5.9792,0.0091,0.338,1.0,-0.1266,2.134,18.552
Car A,2907,193.8,9,37.696,1,26.112,14.291,-0.135,5.715,0.0182,0.2931,1.0,1.0,23.249,-18.582
Car B,2907,193.8,9,56.278,2,10.552,20.59,-0.59,5.9785,-0.0109,-0.4147,1.0,0.0657,-3.157,18.582
Car A,2908,193.8667,9,38.075,1,26.045,14.666,-0.097,5.7038,-0.1678,1.4621,1.0,1.0,24.997,-18.601
Car B,2908,193.8667,9,56.676,2,10.154,20.566,-0.566,5.9786,0.0024,0.3458,1.0,-0.1616,1.635,18.601
Car A,2909,193.9333,9,38.443,1,25.963,15.037,-0.059,5.6941,-0.1461,2.1873,1.0,1.0,25.0,-18.63
Car B,2909,193.9333,9,57.074,2,9.756,20.541,-0.541,5.9766,-0.0308,-0.4435,1.0,0.0354,-4.03,18.63
Car A,2910,194.0,9,38.823,1,25.866,15.404,-0.05,5.6844,-0.1459,2.7594,1.0,1.0,25.0,-18.649
Car B,2910,194.0,9,57.472,2,9.358,20.518,-0.518,5.9821,0.0838,0.3047,1.0,-0.1691,0.877,18.649
Car A,2911,194.0667,9,39.202,1,25.751,15.766,-0.023,5.6755,-0.1331,3.2093,1.0,1.0,25.0,-18.668
Car B,2911,194.0667,9,57.87,2,8.96,20.495,-0.495,5.9808,-0.0201,-0.5947,1.0,0.0512,-4.221,18.668
Car A,2912,194.1333,9,39.579,1,25.62,16.122,-0.023,5.6678,-0.1158,3.5618,1.0,1.0,25.0,-18.69
Car B,2912,194.1333,9,58.268,2,8.562,20.476,-0.476,5.9832,0.0358,0.206,1.0,-0.1657,1.272,18.69
Car A,2913,194.2,9,39.958,1,25.471,16.471,-0.019,5.6614,-0.0961,3.8362,1.0,1.0,25.0,-18.709
Car B,2913,194.2,9,58.666,2,8.164,20.455,-0.455,5.9797,-0.0526,-0.5302,1.0,0.0204,-4.134,18.709
Car A,2914,194.2667,9,40.336,1,25.305,16.811,-0.01,5.6562,-0.0781,4.0549,1.0,1.0,25.0,-18.729
Car B,2914,194.2667,9,59.065,2,7.765,20.437,-0.437,5.9896,0.1485,0.1942,1.0,-0.1683,0.502,18.729
Car A,2915,194.3333,9,40.714,1,25.12,17.142,-0.026,5.6521,-0.0618,4.2215,1.0,1.0,24.999,-18.749
Car B,2915,194.3333,9,59.464,2,7.366,20.419,-0.419,5.988,-0.0233,-0.6734,1.0,0.0561,-4.2,18.749
Car A,2916,194.4,9,41.093,1,24.919,17.463,-0.022,5.6488,-0.0485,4.3535,1.0,1.0,24.999,-18.77
Car B,2916,194.4,9,59.863,2,6.967,20.404,-0.404,5.9901,0.0303,0.1496,1.0,-0.163,1.392,18.77
Car A,2917,194.4667,9,41.468,1,24.7,17.772,-0.043,5.6464,-0.0367,4.4571,1.0,1.0,24.999,-18.794
Car B,2917,194.4667,9,60.261,2,6.569,20.387,-0.387,5.9867,-0.0499,-0.5391,1.0,0.0209,-4.067,18.794
Car A,2918,194.5333,9,41.846,1,24.465,18.069,-0.057,5.6445,-0.0277,4.5407,1.0,1.0,24.999,-18.814
Car B,2918,194.5333,9,60.66,2,6.17,20.374,-0.374,5.9933,0.0983,0.1974,1.0,-0.1687,0.514,18.814
Car A,2919,194.6,9,42.216,1,24.214,18.353,-0.065,5.6432,-0.0195,4.6073,1.0,1.0,24.999,-18.844
Car B,2919,194.6,9,61.06,2,5.771,20.36,-0.36,5.9917,-0.0232,-0.6859,1.0,0.057,-4.211,18.844
Car A,2920,194.6667,9,42.593,1,23.947,18.621,-0.096,5.6424,-0.0129,4.6601,1.0,1.0,24.999,-18.866
Car B,2920,194.6667,9,61.459,2,5.371,20.35,-0.35,5.9932,0.0218,0.1601,1.0,-0.1618,1.415,18.866
Car A,2921,194.7333,9,42.972,1,23.666,18.875,-0.106,5.6418,-0.008,4.703,1.0,1.0,24.999,-18.886
Car B,2921,194.7333,9,61.858,2,4.972,20.338,-0.338,5.9897,-0.0526,-0.5369,1.0,0.0275,-4.036,18.886
Car A,2922,194.8,9,43.332,1,23.371,19.112,-0.138,5.6416,-0.0036,4.7366,1.0,1.0,24.999,-18.925
Car B,2922,194.8,9,62.257,2,4.573,20.329,-0.329,5.9923,0.039,0.2403,1.0,-0.1716,0.678,18.925
Car A,2923,194.8667,9,43.71,1,23.063,19.332,-0.165,5.6416,-0.0005,4.7653,1.0,1.0,24.999,-18.947
Car B,2923,194.8667,9,62.657,2,4.174,20.319,-0.319,5.9915,-0.0117,-0.6553,1.0,0.0572,-4.283,18.947
Car A,2924,194.9333,9,44.061,1,22.743,19.535,-0.181,5.6417,0.0021,4.7855,1.0,1.0,24.999,-18.995
Car B,2924,194.9333,9,63.056,2,3.774,20.313,-0.313,5.993,0.0219,0.1628,1.0,-0.1623,1.421,18.995
Car A,2925,195.0,9,44.437,1,22.411,19.718,-0.224,5.642,0.0042,4.8032,1.0,1.0,24.999,-19.018
Car B,2925,195.0,9,63.455,2,3.375,20.305,-0.305,5.9888,-0.0632,-0.5592,1.0,0.0377,-4.048,19.018
Car A,2926,195.0667,9,44.815,2,22.07,19.883,-0.246,5.6424,0.0055,4.8161,1.0,1.0,24.999,-19.039
Car B,2926,195.0667,9,63.854,2,2.976,20.3,-0.3,5.9908,0.0313,0.2383,1.0,-0.1675,0.934,19.039
Car A,2927,195.1333,9,45.152,2,21.72,20.028,-0.282,5.6429,0.0078,4.827,1.0,1.0,24.999,-19.101
Car B,2927,195.1333,9,64.254,2,2.576,20.294,-0.294,5.9885,-0.0346,-0.6055,1.0,0.0457,-4.18,19.101
Car A,2928,195.2,9,45.529,2,21.363,20.153,-0.32,5.6434,0.0081,4.8356,1.0,1.0,24.999,-19.124
Car B,2928,195.2,9,64.653,2,2.177,20.292,-0.292,5.9909,0.0353,0.2025,1.0,-0.1624,1.135,19.124
Car A,2929,195.2667,9,45.889,2,20.998,20.257,-0.336,5.644,0.0086,4.8423,1.0,1.0,24.999,-19.163
Car B,2929,195.2667,9,65.052,2,1.778,20.288,-0.288,5.9877,-0.0485,-0.5497,1.0,0.0372,-4.051,19.163
Car A,2930,195.3333,9,46.23,2,20.629,20.34,-0.389,5.6446,0.0088,4.8474,1.0,1.0,24.999,-19.221
Car B,2930,195.3333,9,65.451,2,1.379,20.287,-0.287,5.9887,0.016,0.2338,1.0,-0.1684,0.922,19.221
Car A,2931,195.4,9,46.608,2,20.255,20.402,-0.421,5.6452,0.0095,4.8521,1.0,1.0,24.999,-19.243
Car B,2931,195.4,9,65.85,2,0.98,20.285,-0.285,5.9865,-0.0329,-0.6069,1.0,0.0519,-4.202,19.243
Car A,2932,195.4667,9,46.952,2,19.878,20.442,-0.442,5.6458,0.0085,4.8546,1.0,1.0,24.999,-19.297
Car B,2932,195.4667,9,66.25,2,0.581,20.286,-0.286,5.9887,0.0326,0.207,1.0,-0.1644,1.288,19.297
Car A,2933,195.5333,9,47.331,2,19.499,20.461,-0.461,5.6464,0.0095,4.8575,1.0,1.0,24.999,-19.318
Car B,2933,195.5333,9,66.649,2,0.182,20.286,-0.286,5.9851,-0.0546,-0.5285,1.0,0.0338,-4.103,19.318
Car A,2934,195.6,9,47.71,2,19.12,20.458,-0.458,5.6472,0.0113,4.8599,1.0,1.0,24.999,-19.337
Car B,2934,195.6,9,67.048,2,-0.217,20.289,-0.289,5.9875,0.0365,0.2498,1.0,-0.1686,0.836,19.337
Car A,2935,195.6667,9,48.088,2,18.742,20.433,-0.433,5.6478,0.0097,4.8616,1.0,1.0,24.999,-19.358
Car B,2935,195.6667,9,67.447,2,-0.617,20.29,-0.29,5.9864,-0.0173,-0.6315,1.0,0.0559,-4.207,19.358
Car A,2936,195.7333,9,48.465,2,18.365,20.387,-0.387,5.6484,0.0093,4.8636,1.0,-0.05,24.999,-19.381
Car B,2936,195.7333,9,67.846,2,-1.016,20.296,-0.296,5.9878,0.022,0.2045,1.0,-0.1663,1.388,19.381
Car A,2937,195.8,9,48.84,2,17.99,20.328,-0.328,5.6906,0.6328,3.3683,1.0,-0.1318,-1.211,-19.404
Car B,2937,195.8,9,68.245,2,-1.415,20.299,-0.299,5.9838,-0.0609,-0.5282,1.0,0.0124,-4.148,19.404
Car A,2938,195.8667,9,49.218,2,17.612,20.274,-0.274,5.7251,0.5171,1.2111,1.0,-0.1676,-3.293,-19.426
Car B,2938,195.8667,9,68.644,2,-1.814,20.306,-0.306,5.9962,0.1867,0.1292,1.0,-0.1711,0.297,19.426
Car A,2939,195.9333,9,49.598,2,17.232,20.232,-0.232,5.7362,0.1671,-0.1294,1.0,-0.1733,-4.189,-19.446
Car B,2939,195.9333,9,69.043,2,-2.213,20.313,-0.313,5.9945,-0.0251,-0.7247,1.0,0.057,-4.269,19.446
Car A,2940,196.0,9,49.979,2,16.851,20.201,-0.201,5.7453,0.1362,-1.0968,1.0,-0.126,-4.332,-19.464
Car B,2940,196.0,9,69.443,2,-2.613,20.324,-0.324,5.9946,0.0003,0.1019,1.0,-0.173,1.416,19.464
Car A,2941,196.0667,9,50.365,2,16.465,20.179,-0.179,5.8325,1.308,-1.2081,1.0,-0.0918,-3.138,-19.477
Car B,2941,196.0667,9,69.842,2,-3.012,20.333,-0.333,5.9919,-0.0399,-0.5729,1.0,0.0079,-4.316,19.477
Car A,2942,196.1333,9,50.756,2,16.075,20.159,-0.159,5.9048,1.0852,-0.8231,1.0,-0.0879,-2.297,-19.486
Car B,2942,196.1333,9,70.242,2,-3.411,20.345,-0.345,5.9986,0.1008,0.0826,1.0,-0.2004,0.179,19.486
Car A,2943,196.2,9,51.15,2,15.68,20.141,-0.141,5.9355,0.4599,-0.8504,1.0,-0.0735,-2.195,-19.491
Car B,2943,196.2,9,70.641,2,-3.811,20.358,-0.358,5.997,-0.0248,-0.7652,1.0,0.0505,-5.003,19.491
Car A,2944,196.2667,9,51.546,2,15.284,20.126,-0.126,5.941,0.0824,-0.5685,1.0,-0.0748,-1.808,-19.494
Car B,2944,196.2667,9,71.041,2,-4.211,20.375,-0.375,5.9982,0.0186,0.0835,1.0,-0.2097,1.253,19.494
Car A,2945,196.3333,9,51.942,2,14.888,20.113,-0.113,5.9329,-0.122,-0.7437,1.0,-0.0554,-1.847,-19.498
Car B,2945,196.3333,9,71.44,2,-4.61,20.39,-0.39,5.9941,-0.0608,-0.6008,1.0,0.0259,-5.233,19.498
Car A,2946,196.4,9,52.339,2,14.491,20.103,-0.103,5.9903,0.8618,-0.5323,1.0,-0.0517,-1.385,-19.5
Car B,2946,196.4,9,71.839,2,-5.009,20.408,-0.408,5.9962,0.0313,0.1998,1.0,-0.2627,0.637,19.5
Car A,2947,196.4667,9,52.737,2,14.093,20.093,-0.093,5.9666,-0.3565,-0.3294,1.0,-0.0562,-1.262,-19.502
Car B,2947,196.4667,9,72.239,2,-5.408,20.425,-0.425,5.9938,-0.0358,-0.7027,1.0,0.0388,-6.557,19.502
Car A,2948,196.5333,9,53.134,2,13.696,20.085,-0.085,5.9685,0.0291,-0.5364,1.0,-0.0384,-1.396,-19.503
Car B,2948,196.5333,9,72.638,2,-5.807,20.447,-0.447,5.9958,0.0294,0.125,1.0,-0.2395,0.958,19.503
Car A,2949,196.6,9,53.532,2,13.298,20.079,-0.079,5.9703,0.0272,-0.2472,1.0,-0.0441,-0.947,-19.505
Car B,2949,196.6,9,73.037,2,-6.207,20.467,-0.467,5.9923,-0.0522,-0.6401,1.0,0.0179,-5.977,19.505
Car A,2950,196.6667,9,53.93,2,12.9,20.075,-0.075,5.9904,0.3009,-0.428,1.0,-0.0281,-1.098,-19.505
Car B,2950,196.6667,9,73.435,2,-6.605,20.491,-0.491,5.9977,0.0804,0.1807,1.0,-0.2613,0.436,19.505
Car A,2951,196.7333,9,54.33,2,12.5,20.07,-0.07,6.0051,0.2215,-0.2796,1.0,-0.0324,-0.701,-19.504
Car B,2951,196.7333,9,73.835,2,-7.004,20.514,-0.514,5.9952,-0.0367,-0.7283,1.0,0.0077,-6.521,19.504
Car A,2952,196.8,9,54.731,2,12.099,20.068,-0.068,6.0057,0.0088,-0.3361,1.0,-0.0245,-0.807,-19.502
Car B,2952,196.8,9,74.233,2,-7.403,20.541,-0.541,6.0002,0.0743,0.0749,1.0,-0.1942,0.179,19.502
Car A,2953,196.8667,9,55.132,2,11.698,20.066,-0.066,6.017,0.1688,-0.129,1.0,-0.0419,-0.604,-19.5
Car B,2953,196.8667,9,74.632,2,-7.802,20.569,-0.569,5.9987,-0.0231,-0.7773,1.0,-0.0116,-4.848,19.5
Car A,2954,196.9333,9,55.533,2,11.297,20.066,-0.066,6.0252,0.1239,-0.4291,1.0,-0.0161,-1.036,-19.498
Car B,2954,196.9333,9,75.031,2,-8.201,20.601,-0.601,6.0017,0.045,-0.0998,1.0,-0.1143,-0.306,19.498
Car A,2955,197.0,9,55.934,2,10.896,20.066,-0.066,6.0032,-0.3301,-0.1835,1.0,-0.0565,-0.4,-19.495
Car B,2955,197.0,9,75.43,2,-8.6,20.634,-0.634,5.9985,-0.0477,-0.9615,1.0,-0.0156,-2.852,19.495
Car A,2956,197.0667,9,56.334,2,10.496,20.07,-0.07,5.9821,-0.3166,-0.5671,0.9961,-0.0078,-1.407,-19.493
Car B,2956,197.0667,9,75.828,2,-8.998,20.671,-0.671,5.9983,-0.0026,-0.1475,1.0,-0.0921,-0.392,19.493
Car A,2957,197.1333,9,56.733,2,10.097,20.074,-0.074,5.9619,-0.3037,-0.2306,1.0,-0.0551,-0.193,-19.493
Car B,2957,197.1333,9,76.226,2,-9.396,20.71,-0.71,5.99,-0.124,-0.8795,1.0,0.0126,-2.3,19.493
Car A,2958,197.2,9,57.131,2,9.699,20.08,-0.08,5.9873,0.381,-0.5264,1.0,0.0291,-1.373,-19.492
Car B,2958,197.2,9,76.623,2,-9.793,20.749,-0.749,5.9967,0.0997,0.1233,1.0,-0.0923,0.307,19.492
Car A,2959,197.2667,9,57.53,2,9.3,20.085,-0.085,5.993,0.0857,0.284,1.0,-0.0218,0.722,-19.491
Car B,2959,197.2667,9,77.021,2,-10.191,20.788,-0.788,5.9944,-0.0344,-0.7092,1.0,0.0748,-2.302,19.491
Car A,2960,197.3333,9,57.93,2,8.9,20.089,-0.089,5.9881,-0.0741,-0.2422,1.0,0.1393,-0.529,-19.488
Car B,2960,197.3333,9,77.418,2,-10.588,20.83,-0.83,5.9933,-0.016,0.2138,1.0,-0.0345,1.864,19.488
Car A,2961,197.4,9,58.329,2,8.501,20.09,-0.09,5.9874,-0.0097,0.7292,1.0,0.0578,3.476,-19.487
Car B,2961,197.4,9,77.816,2,-10.986,20.869,-0.869,5.9962,0.0434,-0.3375,1.0,0.1329,-0.859,19.487
Car A,2962,197.4667,9,58.729,2,8.101,20.085,-0.085,5.9997,0.1844,0.5771,1.0,-0.0039,1.448,-19.485
Car B,2962,197.4667,9,78.214,2,-11.384,20.907,-0.907,5.997,0.012,0.5653,1.0,-0.049,3.316,19.485
Car A,2963,197.5333,9,59.129,2,7.701,20.083,-0.083,5.9943,-0.081,-0.1237,1.0,0.1415,-0.075,-19.483
Car B,2963,197.5333,9,78.612,2,-11.782,20.941,-0.941,5.9961,-0.0129,-0.2458,1.0,0.2103,-1.217,19.483
Car A,2964,197.6,9,59.529,2,7.301,20.077,-0.077,5.9927,-0.0238,0.8835,1.0,-0.0833,3.532,-19.482
Car B,2964,197.6,9,79.01,2,-12.18,20.978,-0.978,5.9937,-0.036,0.544,1.0,0.0503,5.247,19.482
Car A,2965,197.6667,9,59.928,2,6.902,20.067,-0.067,5.9929,0.002,-0.0298,1.0,-0.009,-2.074,-19.481
Car B,2965,197.6667,9,79.409,2,-12.579,21.009,-1.009,6.0315,0.5657,0.4688,1.0,0.1044,1.256,19.481
Car A,2966,197.7333,9,60.328,2,6.503,20.064,-0.064,5.9857,-0.1066,-0.2231,1.0,0.0769,-0.231,-19.482
Car B,2966,197.7333,9,79.81,2,-12.98,21.034,-1.034,6.0296,-0.0281,1.0015,1.0,-0.1259,2.606,19.482
Car A,2967,197.8,9,60.727,2,6.104,20.056,-0.056,5.9895,0.0565,0.7159,1.0,-0.133,1.919,-19.485
Car B,2967,197.8,9,80.211,2,-13.381,21.06,-1.06,6.0306,0.0148,-0.1261,1.0,0.2731,-3.138,19.485
Car A,2968,197.8667,9,61.126,2,5.704,20.047,-0.047,5.9904,0.0131,-0.3121,1.0,-0.0125,-3.317,-19.486
Car B,2968,197.8667,9,80.612,2,-13.782,21.088,-1.088,6.0272,-0.0505,0.5545,1.0,0.1502,6.813,19.486
Car A,2969,197.9333,9,61.525,2,5.305,20.043,-0.043,5.9965,0.0919,-0.1117,1.0,-0.0118,-0.32,-19.488
Car B,2969,197.9333,9,81.013,2,-14.183,21.105,-1.105,6.0229,-0.064,1.3833,1.0,-0.2841,3.76,19.488
Car A,2970,198.0,9,61.926,2,4.904,20.038,-0.038,6.0067,0.1524,-0.0731,1.0,-0.0121,-0.289,-19.489
Car B,2970,198.0,9,81.415,2,-14.585,21.119,-1.119,6.0263,0.0506,0.1558,1.0,0.2113,-7.085,19.489
Car A,2971,198.0667,9,62.326,2,4.504,20.033,-0.033,6.0064,-0.0047,-0.0443,1.0,-0.0126,-0.293,-19.49
Car B,2971,198.0667,9,81.816,2,-14.986,21.136,-1.136,6.023,-0.05,0.7508,1.0,-0.0325,5.264,19.49
Car A,2972,198.1333,9,62.727,2,4.104,20.028,-0.028,6.0054,-0.014,-0.0411,1.0,-0.0119,-0.305,-19.491
Car B,2972,198.1333,9,82.217,2,-15.387,21.15,-1.15,6.0225,-0.0079,-0.112,1.0,0.3453,-0.802,19.491
Car A,2973,198.2,9,63.127,2,3.703,20.024,-0.024,6.007,0.0236,-0.0509,1.0,-0.0047,-0.289,-19.491
Car B,2973,198.2,9,82.619,2,-15.788,21.164,-1.164,6.0197,-0.0414,0.7124,1.0,0.0045,8.617,19.491
Car A,2974,198.2667,9,63.528,2,3.303,20.02,-0.02,6.0047,-0.0342,-0.0588,1.0,0.0032,-0.115,-19.492
Car B,2974,198.2667,9,83.02,2,-16.19,21.175,-1.175,6.0118,-0.1187,0.0126,1.0,0.2578,0.133,19.492
Car A,2975,198.3333,9,63.928,2,2.902,20.015,-0.015,6.0029,-0.0266,0.0108,1.0,-0.0143,0.076,-19.493
Car B,2975,198.3333,9,83.42,2,-16.59,21.184,-1.184,6.011,-0.0114,0.833,1.0,-0.1886,6.435,19.493
Car A,2976,198.4,9,64.328,2,2.502,20.012,-0.012,5.9972,-0.0864,-0.0349,1.0,0.0035,-0.349,-19.493
Car B,2976,198.4,9,83.821,2,-16.991,21.19,-1.19,6.0103,-0.0115,-0.0632,1.0,0.2813,-4.697,19.493
Car A,2977,198.4667,9,64.728,2,2.102,20.008,-0.008,6.0005,0.0498,-0.0586,1.0,-0.0029,0.072,-19.493
Car B,2977,198.4667,9,84.221,2,-17.391,21.199,-1.199,6.0073,-0.0442,0.5848,1.0,0.0253,7.014,19.493
Car A,2978,198.5333,9,65.128,2,1.702,20.003,-0.003,6.0082,0.1149,0.0388,1.0,-0.032,-0.067,-19.494
Car B,2978,198.5333,9,84.622,2,-17.792,21.203,-1.203,6.0186,0.17,0.2713,1.0,0.138,0.644,19.494
Car A,2979,198.6,9,65.528,2,1.302,20.002,-0.002,6.0106,0.0358,-0.3442,1.0,0.0764,-0.793,-19.495
Car B,2979,198.6,9,85.023,2,-18.193,21.204,-1.204,6.0143,-0.0649,1.0434,1.0,0.6322,3.446,19.495
Car A,2980,198.6667,9,65.929,2,0.901,19.997,0.003,6.0075,-0.0456,0.6475,1.0,-0.1287,1.904,-19.495
Car B,2980,198.6667,9,85.424,2,-18.593,21.192,-1.192,6.0026,-0.1759,1.8339,1.0,0.5731,15.785,19.495
Car A,2981,198.7333,9,66.329,2,0.501,19.99,0.01,6.007,-0.0079,-0.3401,1.0,-0.0434,-3.21,-19.493
Car B,2981,198.7333,9,85.823,2,-18.993,21.164,-1.164,5.9943,-0.1247,2.4931,1.0,1.0,14.33,19.493
Car A,2982,198.8,9,66.729,2,0.101,19.99,0.01,5.9723,-0.5201,-0.425,1.0,0.0261,-1.078,-19.491
Car B,2982,198.8,9,86.22,2,-19.39,21.12,-1.12,5.9808,-0.2013,3.0317,1.0,1.0,24.983,19.491
Car A,2983,198.8667,9,67.128,2,-0.298,19.987,0.013,5.9974,0.3771,0.282,1.0,-0.124,0.648,-19.487
Car B,2983,198.8667,9,86.615,2,-19.785,21.059,-1.059,5.9689,-0.1797,3.43,1.0,0.9118,25.0,19.487
Car A,2984,198.9333,9,67.528,2,-0.698,19.984,0.016,5.9962,-0.0182,-0.5425,1.0,-0.0448,-3.094,-19.4
Car B,2984,198.9333,9,86.928,2,-20.175,20.979,-0.99,5.9594,-0.1426,3.7385,1.0,0.9065,22.798,19.4
Car A,2985,199.0,9,67.928,2,-1.098,19.988,0.012,6.0293,0.4958,-0.3707,1.0,-0.0514,-1.11,-19.393
Car B,2985,199.0,9,87.321,2,-20.561,20.88,-0.922,5.9508,-0.1286,3.9838,1.0,0.2866,22.662,19.393
Car A,2986,199.0667,9,68.33,2,-1.5,19.992,0.008,6.0353,0.0898,-0.5255,1.0,-0.0172,-1.274,-19.382
Car B,2986,199.0667,9,87.712,2,-20.945,20.771,-0.843,6.0073,0.8482,2.6143,1.0,0.5289,7.187,19.382
Car A,2987,199.1333,9,68.732,2,-1.901,19.997,0.003,6.0181,-0.2575,-0.1848,1.0,-0.0807,-0.427,-19.249
Car B,2987,199.1333,9,87.981,2,-21.328,20.653,-0.798,5.9976,-0.1463,3.0579,1.0,0.8553,13.212,19.249
Car A,2988,199.2,9,69.133,2,-2.302,20.005,-0.005,6.0064,-0.1759,-0.7769,1.0,-0.0074,-2.014,-19.246
Car B,2988,199.2,9,88.379,2,-21.705,20.518,-0.755,5.9866,-0.1647,3.4694,1.0,0.6958,21.37,19.246
Car A,2989,199.2667,9,69.533,2,-2.703,20.014,-0.014,6.0112,0.072,-0.1431,1.0,-0.1185,-0.192,-19.18
Car B,2989,199.2667,9,88.713,2,-22.075,20.366,-0.696,5.9794,-0.1083,3.7503,1.0,1.0,17.402,19.18
Car A,2990,199.3333,9,69.933,2,-3.103,20.025,-0.025,6.0078,-0.0503,-0.8868,0.9872,0.0186,-2.958,-19.131
Car B,2990,199.3333,9,89.064,2,-22.437,20.197,-0.677,5.9695,-0.1484,4.0171,1.0,1.0,24.988,19.131
Car A,2991,199.4,9,70.333,2,-3.503,20.04,-0.04,5.9951,-0.1903,0.0329,1.0,0.0173,0.459,-19.129
Car B,2991,199.4,9,89.462,3,-22.79,20.01,-0.639,5.9611,-0.126,4.1897,1.0,1.0,24.999,19.129
Car A,2992,199.4667,9,70.733,2,-3.903,20.049,-0.049,6.0112,0.2414,0.1334,1.0,0.0257,0.422,-19.03
Car B,2992,199.4667,9,89.763,3,-23.133,19.806,-0.605,5.9534,-0.1156,4.3319,1.0,1.0,24.999,19.03
Car A,2993,199.5333,9,71.134,2,-4.304,20.057,-0.057,6.0187,0.112,0.2722,1.0,0.0196,0.624,-19.027
Car B,2993,199.5333,9,90.161,3,-23.464,19.584,-0.589,5.9464,-0.104,4.4428,1.0,1.0,24.999,19.027
Car A,2994,199.6,9,71.534,2,-4.704,20.064,-0.064,5.9886,-0.4518,0.1434,1.0,0.0314,0.482,-19.024
Car B,2994,199.6,9,90.558,3,-23.783,19.346,-0.553,5.9402,-0.0939,4.5323,1.0,1.0,24.999,19.024
Car A,2995,199.6667,9,71.933,2,-5.103,20.069,-0.069,6.0041,0.2334,0.2957,1.0,0.0199,0.778,-18.937
Car B,2995,199.6667,9,90.87,3,-24.089,19.091,-0.545,5.9345,-0.0859,4.5992,1.0,1.0,24.999,18.937
Car A,2996,199.7333,9,72.334,2,-5.503,20.073,-0.073,6.0185,0.2146,0.1338,1.0,0.0266,0.491,-18.933
Car B,2996,199.7333,9,91.267,3,-24.38,18.821,-0.529,5.9292,-0.0797,4.6527,1.0,1.0,24.999,18.933
Car A,2997,199.8,9,72.734,2,-5.904,20.076,-0.076,5.9966,-0.3278,0.2618,1.0,0.0181,0.652,-18.849
Car B,2997,199.8,9,91.584,3,-24.657,18.535,-0.505,5.9243,-0.0735,4.6964,1.0,1.0,24.999,18.849
Car A,2998,199.8667,9,73.135,2,-6.305,20.079,-0.079,5.9974,0.0114,0.0577,1.0,0.0218,0.443,-18.846
Car B,2998,199.8667,9,91.981,3,-24.917,18.236,-0.509,5.9197,-0.0686,4.7284,1.0,1.0,24.999,18.846
Car A,2999,199.9333,9,73.534,2,-6.704,20.08,-0.08,5.9864,-0.1638,0.1327,1.0,0.0151,0.52,-18.843
Car B,2999,199.9333,9,92.377,3,-25.161,17.923,-0.491,5.9154,-0.0638,4.7554,1.0,1.0,24.999,18.843
Car A,3000,200.0,9,73.933,2,-7.103,20.082,-0.082,5.9887,0.0337,0.093,1.0,0.0153,0.374,-18.764
Car B,3000,200.0,9,92.697,3,-25.388,17.598,-0.492,5.9113,-0.0621,4.7756,1.0,1.0,24.999,18.764
Car A,3001,200.0667,9,74.333,2,-7.503,20.084,-0.084,5.9943,0.0844,0.0679,1.0,0.0156,0.374,-18.761
Car B,3001,200.0667,9,93.094,3,-25.596,17.261,-0.494,5.9074,-0.0585,4.7941,1.0,1.0,24.999,18.761
Car A,3002,200.1333,9,74.733,2,-7.903,20.085,-0.085,5.9951,0.0118,0.0695,1.0,0.0167,0.381,-18.688
Car B,3002,200.1333,9,93.421,3,-25.786,16.913,-0.479,5.9036,-0.0565,4.8062,1.0,1.0,24.999,18.688
Car A,3003,200.2,9,75.132,2,-8.302,20.087,-0.087,5.9956,0.0081,0.0784,1.0,0.0139,0.408,-18.677
Car B,3003,200.2,9,93.809,3,-25.956,16.556,-0.499,5.9,-0.0543,4.8163,1.0,1.0,24.999,18.677
Car A,3004,200.2667,9,75.532,2,-8.702,20.087,-0.087,5.9913,-0.0648,0.0858,1.0,0.0101,0.342,-18.673
Car B,3004,200.2667,9,94.205,3,-26.106,16.19,-0.498,5.8964,-0.0535,4.8238,1.0,1.0,24.999,18.673
Car A,3005,200.3333,9,75.931,2,-9.101,20.087,-0.087,6.0029,0.1743,0.0608,1.0,0.0089,0.247,-18.591
Car B,3005,200.3333,9,94.522,3,-26.236,15.817,-0.507,5.893,-0.0511,4.8301,1.0,1.0,24.999,18.591
Car A,3006,200.4,9,76.332,2,-9.502,20.086,-0.086,6.0065,0.0539,0.0519,1.0,0.0053,0.218,-18.585
Car B,3006,200.4,9,94.917,3,-26.346,15.437,-0.524,5.8897,-0.05,4.8347,1.0,1.0,24.999,18.585
Car A,3007,200.4667,9,76.733,2,-9.902,20.086,-0.086,6.0078,0.0188,0.0253,1.0,0.0041,0.132,-18.571
Car B,3007,200.4667,9,95.304,3,-26.434,15.052,-0.52,5.8864,-0.0488,4.8382,1.0,0.3666,24.999,18.571
Car A,3008,200.5333,9,77.133,2,-10.303,20.085,-0.085,6.0039,-0.0587,0.0322,1.0,-0.0018,0.102,-18.49
Car B,3008,200.5333,9,95.623,3,-26.509,14.664,-0.56,5.9507,0.9632,3.2735,1.0,0.2095,9.188,18.49
Car A,3009,200.6,9,77.533,2,-10.703,20.084,-0.084,6.0082,0.0643,0.0255,1.0,-0.0103,-0.04,-18.486
Car B,3009,200.6,9,96.02,3,-26.584,14.272,-0.604,6.0131,0.9369,1.9824,1.0,0.0549,5.246,18.486
Car A,3010,200.6667,9,77.933,2,-11.103,20.085,-0.085,6.0031,-0.0758,0.098,1.0,-0.0416,-0.247,-18.433
Car B,3010,200.6667,9,96.366,3,-26.663,13.879,-0.663,6.0184,0.0792,0.6364,1.0,0.205,1.378,18.433
Car A,3011,200.7333,9,78.333,2,-11.503,20.088,-0.088,5.9754,-0.4148,-0.3196,1.0,-0.0569,-1.015,-18.427
Car B,3011,200.7333,9,96.76,3,-26.742,13.485,-0.742,6.0142,-0.0629,1.3137,1.0,0.1346,5.118,18.427
Car A,3012,200.8,9,78.731,2,-11.901,20.094,-0.094,5.9554,-0.3007,-0.5733,1.0,-0.0053,-1.4,-18.424
Car B,3012,200.8,9,97.155,3,-26.812,13.09,-0.812,6.0306,0.2463,1.2873,1.0,0.1325,3.367,18.424
Car A,3013,200.8667,9,79.129,2,-12.299,20.1,-0.1,5.9875,0.4813,-0.0919,1.0,0.0178,-0.136,-18.422
Car B,3013,200.8667,9,97.551,3,-26.876,12.694,-0.876,6.0354,0.071,1.2862,1.0,0.1194,3.313,18.422
Car A,3014,200.9333,9,79.528,2,-12.698,20.103,-0.103,5.9942,0.1013,-0.0032,1.0,0.1001,0.43,-18.42
Car B,3014,200.9333,9,97.949,3,-26.936,12.296,-0.936,6.0162,-0.2874,1.1769,1.0,0.112,2.984,18.42
Car A,3015,201.0,9,79.928,2,-13.098,20.101,-0.101,5.9922,-0.0301,0.8898,1.0,-0.0386,2.499,-18.419
Car B,3015,201.0,9,98.347,3,-26.992,11.898,-0.992,6.0425,0.3949,1.0908,1.0,0.1518,2.801,18.419
Car A,3016,201.0667,9,80.327,2,-13.497,20.097,-0.097,5.9917,-0.0081,-0.1391,1.0,0.1157,-0.958,-18.418
Car B,3016,201.0667,9,98.745,3,-27.04,11.5,-1.04,6.0263,-0.2437,1.4476,1.0,0.0378,3.793,18.418
Car A,3017,201.1333,9,80.726,2,-13.896,20.096,-0.096,5.9892,-0.0368,0.6248,1.0,-0.0256,2.886,-18.417
Car B,3017,201.1333,9,99.144,3,-27.087,11.101,-1.087,6.0134,-0.1931,0.3737,1.0,0.3761,0.949,18.417
Car A,3018,201.2,9,81.126,2,-14.296,20.09,-0.09,5.9891,-0.0027,-0.1894,1.0,0.102,-0.634,-18.416
Car B,3018,201.2,9,99.542,3,-27.132,10.703,-1.132,6.0093,-0.0623,1.1802,1.0,0.1702,9.388,18.416
Car A,3019,201.2667,9,81.525,2,-14.695,20.086,-0.086,5.989,-0.0011,0.6291,1.0,-0.0792,2.545,-18.417
Car B,3019,201.2667,9,99.942,3,-27.165,10.304,-1.165,6.0219,0.1898,1.6002,1.0,-0.0046,4.261,18.417
Car A,3020,201.3333,9,81.924,2,-15.094,20.078,-0.078,5.9885,-0.0071,-0.2066,1.0,0.2245,-1.973,-18.418
Car B,3020,201.3333,9,100.342,3,-27.197,9.903,-1.197,6.0249,0.0455,0.3299,1.0,0.5277,-0.107,18.418
Car A,3021,201.4,9,82.323,2,-15.493,20.074,-0.074,5.985,-0.0521,0.4871,1.0,0.0684,5.601,-18.419
Car B,3021,201.4,9,100.742,3,-27.231,9.503,-1.231,6.018,-0.1048,1.0138,1.0,0.2541,13.171,18.419
Car A,3022,201.4667,9,82.723,2,-15.893,20.061,-0.061,6.0049,0.298,0.653,1.0,-0.0927,1.715,-18.42
Car B,3022,201.4667,9,101.143,3,-27.25,9.103,-1.25,6.0102,-0.1168,1.8024,1.0,0.6037,6.363,18.42
Car A,3023,201.5333,9,83.123,2,-16.293,20.051,-0.051,6.0053,0.0063,-0.3612,1.0,0.6153,-2.311,-18.42
Car B,3023,201.5333,9,101.543,3,-27.256,8.702,-1.256,5.9991,-0.1653,2.472,1.0,0.4014,15.078,18.42
Car A,3024,201.6,9,83.523,2,-16.693,20.044,-0.044,6.0033,-0.03,0.1108,1.0,0.4952,15.357,-18.421
Car B,3024,201.6,9,101.943,3,-27.244,8.302,-1.244,5.9933,-0.0876,2.9543,1.0,0.3537,10.042,18.421
Car A,3025,201.6667,9,83.922,2,-17.092,20.024,-0.024,5.9917,-0.175,1.4138,1.0,0.7864,12.384,-18.421
Car B,3025,201.6667,9,102.343,3,-27.216,7.902,-1.216,6.0041,0.1624,3.2134,1.0,0.9733,8.843,18.421
Car A,3026,201.7333,9,84.32,2,-17.49,19.99,0.01,5.9804,-0.1692,2.1979,0.603,-0.572,19.65,-18.422
Car B,3026,201.7333,9,102.742,3,-27.172,7.504,-1.172,5.9941,-0.15,3.4892,1.0,0.6503,24.308,18.422
Car A,3027,201.8,9,84.715,2,-17.884,19.949,0.051,5.9474,-0.4948,1.2185,0.7596,-0.1881,-14.248,-18.423
Car B,3027,201.8,9,103.137,3,-27.11,7.108,-1.11,5.9864,-0.1159,3.7908,1.0,0.625,16.269,18.423
Car A,3028,201.8667,9,85.107,2,-18.277,19.919,0.081,5.8883,-0.8859,-0.3772,1.0,-0.045,-4.715,-18.422
Car B,3028,201.8667,9,103.529,3,-27.028,6.716,-1.028,5.9797,-0.1011,4.0096,1.0,-0.0838,15.624,18.422
Car A,3029,201.9333,9,85.501,2,-18.671,19.895,0.105,5.9535,0.9771,-0.43,1.0,-0.0706,-1.128,-18.418
Car B,3029,201.9333,9,103.919,3,-26.936,6.326,-0.936,6.008,0.4244,2.3861,1.0,-0.6262,-2.068,18.418
Car A,3030,202.0,9,85.899,2,-19.069,19.875,0.125,5.9569,0.0521,-0.6825,1.0,1.0,-1.754,-18.346
Car B,3030,202.0,9,104.245,3,-26.851,5.934,-0.854,6.0175,0.1439,0.6329,1.0,1.0,-15.635,18.346
Car A,3031,202.0667,9,86.295,2,-19.465,19.851,0.149,5.9562,-0.0107,0.211,1.0,1.0,24.96,-18.345
Car B,3031,202.0667,9,104.64,3,-26.767,5.543,-0.8,5.9992,-0.2757,1.1957,1.0,0.7615,24.939,18.345
Car A,3032,202.1333,9,86.69,2,-19.86,19.817,0.183,5.9408,-0.2309,1.392,1.0,0.972,25.0,-18.346
Car B,3032,202.1333,9,105.036,3,-26.674,5.154,-0.738,5.9939,-0.0791,1.9785,1.0,0.8639,19.046,18.346
Car A,3033,202.2,9,87.1,2,-20.253,19.767,0.212,5.9281,-0.1916,2.1572,1.0,1.0,24.301,-18.221
Car B,3033,202.2,9,105.321,3,-26.563,4.77,-0.688,5.9818,-0.1817,2.6222,1.0,0.8705,21.594,18.221
Car A,3034,202.2667,9,87.494,2,-20.643,19.702,0.247,5.9152,-0.1926,2.7604,1.0,0.923,24.999,-18.225
Car B,3034,202.2667,9,105.719,3,-26.437,4.391,-0.653,5.9707,-0.1667,3.1127,1.0,0.8287,21.763,18.225
Car A,3035,202.3333,9,87.931,2,-21.029,19.619,0.278,5.9046,-0.1598,3.2168,1.0,1.0,23.078,-18.183
Car B,3035,202.3333,9,106.114,3,-26.294,4.019,-0.601,5.9606,-0.1504,3.4963,1.0,1.0,20.718,18.183
Car A,3036,202.4,9,88.325,2,-21.41,19.519,0.286,5.8941,-0.157,3.5776,1.0,1.0,24.997,-18.093
Car B,3036,202.4,9,106.419,3,-26.134,3.654,-0.583,5.9503,-0.1555,3.808,1.0,1.0,24.993,18.093
Car A,3037,202.4667,9,88.767,2,-21.786,19.401,0.309,5.8847,-0.1408,3.8603,1.0,1.0,25.0,-18.048
Car B,3037,202.4667,9,106.816,3,-25.956,3.299,-0.555,5.9412,-0.1366,4.0342,1.0,1.0,24.999,18.048
Car A,3038,202.5333,9,89.161,3,-22.155,19.264,0.294,5.8765,-0.1226,4.0764,1.0,1.0,25.0,-17.969
Car B,3038,202.5333,9,107.129,3,-25.761,2.952,-0.523,5.933,-0.1226,4.2109,1.0,1.0,24.999,17.969
Car A,3039,202.6,9,89.554,3,-22.517,19.109,0.299,5.8694,-0.1065,4.2414,1.0,1.0,24.999,-17.972
Car B,3039,202.6,9,107.526,3,-25.548,2.617,-0.517,5.9258,-0.1085,4.3473,1.0,1.0,24.999,17.972
Car A,3040,202.6667,9,89.993,3,-22.869,18.935,0.274,5.8633,-0.0924,4.3712,1.0,1.0,24.999,-17.929
Car B,3040,202.6667,9,107.922,3,-25.319,2.293,-0.491,5.9193,-0.0966,4.4555,1.0,1.0,24.999,17.929
Car A,3041,202.7333,9,90.385,3,-23.212,18.744,0.258,5.8578,-0.0819,4.4737,1.0,1.0,24.999,-17.857
Car B,3041,202.7333,9,108.242,3,-25.074,1.982,-0.486,5.9135,-0.0873,4.5384,1.0,1.0,24.999,17.857
Car A,3042,202.8,9,90.817,3,-23.544,18.535,0.232,5.853,-0.0725,4.5553,1.0,1.0,24.999,-17.822
Car B,3042,202.8,9,108.639,3,-24.812,1.684,-0.48,5.9082,-0.0791,4.6057,1.0,1.0,24.999,17.822
Car A,3043,202.8667,9,91.207,3,-23.864,18.308,0.196,5.8487,-0.0641,4.6182,1.0,1.0,24.999,-17.754
Car B,3043,202.8667,9,108.962,3,-24.535,1.401,-0.461,5.9034,-0.0729,4.6586,1.0,1.0,24.999,17.754
Car A,3044,202.9333,9,91.627,3,-24.171,18.065,0.17,5.8448,-0.0589,4.6685,1.0,1.0,24.999,-17.73
Car B,3044,202.9333,9,109.357,3,-24.244,1.134,-0.475,5.8989,-0.0671,4.7001,1.0,1.0,24.999,17.73
Car A,3045,203.0,9,92.015,3,-24.465,17.805,0.115,5.8412,-0.0534,4.7073,1.0,1.0,24.999,-17.737
Car B,3045,203.0,9,109.752,3,-23.938,0.883,-0.468,5.8947,-0.0626,4.7331,1.0,1.0,24.999,17.737
Car A,3046,203.0667,9,92.405,3,-24.743,17.53,0.082,5.838,-0.0486,4.7383,1.0,1.0,24.999,-17.669
Car B,3046,203.0667,9,110.074,3,-23.62,0.648,-0.473,5.8908,-0.0582,4.7584,1.0,1.0,24.999,17.669
Car A,3047,203.1333,9,92.803,3,-25.007,17.24,0.02,5.8349,-0.0457,4.7645,1.0,1.0,24.999,-17.666
Car B,3047,203.1333,9,110.469,3,-23.29,0.432,-0.485,5.8871,-0.0556,4.7784,1.0,1.0,24.999,17.666
Car A,3048,203.2,9,93.191,3,-25.253,16.936,-0.032,5.8322,-0.042,4.784,1.0,1.0,24.999,-17.645
Car B,3048,203.2,9,110.836,3,-22.949,0.234,-0.476,5.8836,-0.0532,4.795,1.0,1.0,24.999,17.645
Car A,3049,203.2667,9,93.569,3,-25.483,16.62,-0.086,5.8295,-0.0399,4.8003,1.0,1.0,24.999,-17.613
Car B,3049,203.2667,9,111.182,3,-22.597,0.055,-0.505,5.8802,-0.0511,4.8079,1.0,1.0,24.999,17.613
Car A,3050,203.3333,9,93.954,3,-25.694,16.291,-0.156,5.8269,-0.0385,4.8109,1.0,1.0,24.999,-17.622
Car B,3050,203.3333,9,111.576,3,-22.236,-0.104,-0.514,5.8769,-0.0484,4.8172,1.0,1.0,24.999,17.622
Car A,3051,203.4,9,94.342,3,-25.887,15.951,-0.204,5.8245,-0.0363,4.8214,1.0,1.0,24.999,-17.548
Car B,3051,203.4,9,111.889,3,-21.868,-0.243,-0.525,5.8738,-0.0472,4.8252,1.0,1.0,24.999,17.548
Car A,3052,203.4667,9,94.691,3,-26.061,15.601,-0.286,5.8222,-0.0343,4.8302,1.0,1.0,24.999,-17.591
Car B,3052,203.4667,9,112.282,3,-21.492,-0.362,-0.553,5.8707,-0.0468,4.832,1.0,1.0,24.999,17.591
Car A,3053,203.5333,9,95.075,3,-26.215,15.243,-0.352,5.8199,-0.0342,4.8357,1.0,1.0,24.999,-17.6
Car B,3053,203.5333,9,112.676,3,-21.111,-0.46,-0.559,5.8678,-0.0436,4.8369,1.0,0.6063,24.999,17.6
Car A,3054,203.6,9,95.399,3,-26.349,14.876,-0.417,5.8177,-0.0328,4.841,1.0,1.0,24.999,-17.581
Car B,3054,203.6,9,112.98,3,-20.724,-0.537,-0.592,5.8916,0.3576,4.709,1.0,0.8942,15.171,17.581
Car A,3055,203.6667,9,95.78,3,-26.463,14.503,-0.501,5.8156,-0.0316,4.8444,1.0,1.0,24.999,-17.594
Car B,3055,203.6667,9,113.374,3,-20.334,-0.595,-0.619,5.8883,-0.0503,4.7498,1.0,0.645,22.344,17.594
Car A,3056,203.7333,9,96.165,3,-26.555,14.124,-0.563,5.8136,-0.0312,4.8472,1.0,1.0,24.999,-17.555
Car B,3056,203.7333,9,113.72,3,-19.94,-0.631,-0.631,5.8918,0.0533,4.7157,1.0,0.696,16.134,17.555
Car A,3057,203.8,9,96.505,3,-26.626,13.74,-0.626,5.8116,-0.03,4.8493,1.0,1.0,24.999,-17.61
Car B,3057,203.8,9,114.115,3,-19.546,-0.646,-0.646,5.8912,-0.0093,4.7234,1.0,0.2813,17.397,17.61
Car A,3058,203.8667,9,96.891,3,-26.676,13.354,-0.676,5.8096,-0.03,4.8505,1.0,1.0,24.999,-17.619
Car B,3058,203.8667,9,114.51,3,-19.15,-0.649,-0.649,5.9392,0.7201,2.9184,1.0,0.0175,7.049,17.619
Car A,3059,203.9333,9,97.28,3,-26.704,12.965,-0.704,5.8076,-0.0288,4.8528,1.0,1.0,24.999,-17.628
Car B,3059,203.9333,9,114.908,3,-18.753,-0.657,-0.657,5.9633,0.3617,1.1853,1.0,0.1277,0.447,17.628
Car A,3060,204.0,9,97.67,3,-26.71,12.576,-0.71,5.8057,-0.0285,4.8542,1.0,1.0,24.999,-17.636
Car B,3060,204.0,9,115.305,3,-18.355,-0.668,-0.668,5.955,-0.1243,1.2818,1.0,0.1222,3.185,17.636
Car A,3061,204.0667,9,98.059,3,-26.695,12.186,-0.695,5.8039,-0.0282,4.8552,1.0,1.0,24.999,-17.646
Car B,3061,204.0667,9,115.704,3,-17.956,-0.673,-0.673,6.0034,0.7258,1.1604,1.0,0.1222,3.055,17.646
Car A,3062,204.1333,9,98.446,3,-26.658,11.799,-0.658,5.802,-0.0275,4.8558,1.0,1.0,24.999,-17.658
Car B,3062,204.1333,9,116.104,3,-17.556,-0.673,-0.673,6.0089,0.082,1.1619,1.0,0.1176,3.055,17.658
Car A,3063,204.2,9,98.831,3,-26.599,11.414,-0.599,5.8002,-0.027,4.8571,1.0,0.0865,24.999,-17.673
Car B,3063,204.2,9,116.504,3,-17.156,-0.668,-0.668,5.9983,-0.1588,1.1166,1.0,0.1117,2.94,17.673
Car A,3064,204.2667,9,99.214,3,-26.527,11.031,-0.527,5.8397,0.5927,3.3874,1.0,-0.0816,2.198,-17.69
Car B,3064,204.2667,9,116.904,3,-16.756,-0.658,-0.658,5.993,-0.0799,1.1206,1.0,0.1076,2.791,17.69
Car A,3065,204.3333,9,99.6,3,-26.462,10.645,-0.462,5.8706,0.4633,1.1629,1.0,-0.0763,-2.034,-17.705
Car B,3065,204.3333,9,117.305,3,-16.355,-0.644,-0.644,5.9976,0.0696,1.0576,1.0,0.1025,2.689,17.705
Car A,3066,204.4,9,99.988,3,-26.407,10.257,-0.407,5.8803,0.1452,-0.1866,1.0,-0.0732,-1.907,-17.718
Car B,3066,204.4,9,117.705,3,-15.955,-0.626,-0.626,6.0271,0.4421,1.0042,1.0,0.0985,2.563,17.718
Car A,3067,204.4667,9,100.379,3,-26.362,9.866,-0.362,5.9184,0.5722,-0.6964,1.0,-0.022,-1.809,-17.726
Car B,3067,204.4667,9,118.105,3,-15.555,-0.604,-0.604,5.9723,-0.8219,1.0085,1.0,0.0452,2.462,17.726
Car A,3068,204.5333,9,100.773,3,-26.316,9.472,-0.316,5.9906,1.0821,-0.2364,1.0,-0.0488,-0.552,-17.731
Car B,3068,204.5333,9,118.504,3,-15.156,-0.582,-0.582,5.9908,0.2771,0.4764,1.0,0.0895,1.133,17.731
Car A,3069,204.6,9,101.169,3,-26.272,9.076,-0.272,5.9636,-0.405,-0.5274,1.0,-0.0506,-1.199,-17.734
Car B,3069,204.6,9,118.903,3,-14.757,-0.556,-0.556,6.0207,0.45,0.8755,1.0,0.0173,2.234,17.734
Car A,3070,204.6667,9,101.565,3,-26.23,8.68,-0.23,5.9662,0.0393,-0.4004,1.0,-0.1701,-1.245,-17.739
Car B,3070,204.6667,9,119.304,3,-14.357,-0.53,-0.53,6.0231,0.0352,0.2676,1.0,0.0852,0.435,17.739
Car A,3071,204.7333,9,101.961,3,-26.195,8.284,-0.195,5.961,-0.0774,-1.2722,0.9333,-0.0787,-4.248,-17.743
Car B,3071,204.7333,9,119.704,3,-13.956,-0.501,-0.501,6.0242,0.0169,0.8215,1.0,-0.0996,2.127,17.743
Car A,3072,204.8,9,102.354,3,-26.167,7.891,-0.167,5.8523,-1.6319,-0.7254,0.9009,-0.1223,-1.971,-17.751
Car B,3072,204.8,9,120.105,3,-13.556,-0.472,-0.472,6.0236,-0.0094,-0.2165,1.0,0.0899,-2.482,17.751
Car A,3073,204.8667,9,102.738,3,-26.142,7.508,-0.142,5.7106,-2.1244,-1.0608,1.0,0.1417,-3.057,-17.768
Car B,3073,204.8667,9,120.505,3,-13.155,-0.446,-0.446,6.021,-0.0387,0.4635,1.0,0.0256,2.24,17.768
Car A,3074,204.9333,9,103.118,3,-26.118,7.127,-0.118,5.7197,0.1361,0.03,1.0,0.9989,3.533,-17.787
Car B,3074,204.9333,9,120.905,3,-12.755,-0.415,-0.415,6.0242,0.0478,0.2796,1.0,0.0199,0.636,17.787
Car A,3075,205.0,9,103.497,3,-26.082,6.748,-0.082,5.7168,-0.043,0.7932,1.0,0.8808,24.94,-17.808
Car B,3075,205.0,9,121.306,3,-12.355,-0.384,-0.384,6.0181,-0.0916,0.128,1.0,0.0046,0.491,17.808
Car A,3076,205.0667,9,103.875,3,-26.033,6.37,-0.033,5.7043,-0.1873,1.8532,0.3762,-0.6493,22.023,-17.83
Car B,3076,205.0667,9,121.705,3,-11.955,-0.355,-0.355,6.0027,-0.2312,0.0636,1.0,-0.0508,0.116,17.83
Car A,3077,205.1333,9,104.249,3,-25.978,5.998,0.022,5.6139,-1.3567,0.8338,1.0,1.0,-16.173,-17.855
Car B,3077,205.1333,9,122.104,3,-11.556,-0.329,-0.329,5.9796,-0.3467,-0.5201,1.0,0.0672,-1.262,17.855
Car A,3078,205.2,9,104.622,3,-25.92,5.629,0.051,5.6029,-0.1656,1.3925,1.0,1.0,24.938,-17.88
Car B,3078,205.2,9,122.502,3,-11.158,-0.301,-0.301,5.9811,0.0223,0.5006,1.0,-0.3093,1.676,17.88
Car A,3079,205.2667,9,104.994,3,-25.853,5.261,0.089,5.5988,-0.0614,2.101,1.0,0.9718,24.998,-17.906
Car B,3079,205.2667,9,122.9,3,-10.76,-0.272,-0.272,5.9799,-0.0169,-0.4364,1.0,-0.0187,-7.717,17.906
Car A,3080,205.3333,9,105.384,3,-25.767,4.897,0.116,5.5901,-0.1294,2.6877,1.0,1.0,24.296,-17.914
Car B,3080,205.3333,9,123.298,3,-10.362,-0.248,-0.248,5.9839,0.0603,-0.2707,1.0,-0.0917,-0.483,17.914
Car A,3081,205.4,9,105.757,3,-25.666,4.538,0.131,5.5823,-0.1173,3.1432,1.0,1.0,24.998,-17.94
Car B,3081,205.4,9,123.696,3,-9.964,-0.227,-0.227,5.983,-0.0143,-0.8769,1.0,0.0597,-2.289,17.94
Car A,3082,205.4667,9,106.154,3,-25.547,4.184,0.162,5.5757,-0.0999,3.4993,1.0,1.0,25.0,-17.941
Car B,3082,205.4667,9,124.095,3,-9.565,-0.208,-0.208,5.9855,0.0371,0.1898,1.0,-0.3126,1.485,17.941
Car A,3083,205.5333,9,106.527,3,-25.41,3.837,0.156,5.5702,-0.0822,3.7903,1.0,1.0,25.0,-17.966
Car B,3083,205.5333,9,124.493,3,-9.167,-0.186,-0.186,5.9818,-0.0551,-0.5556,1.0,-0.0273,-7.799,17.966
Car A,3084,205.6,9,106.9,3,-25.255,3.497,0.168,5.566,-0.0631,4.0141,1.0,1.0,25.0,-17.992
Car B,3084,205.6,9,124.892,3,-8.768,-0.168,-0.168,6.0132,0.4707,-0.2207,1.0,-0.1135,-0.699,17.992
Car A,3085,205.6667,9,107.301,3,-25.083,3.166,0.167,5.5629,-0.0462,4.1898,1.0,1.0,24.999,-17.992
Car B,3085,205.6667,9,125.292,3,-8.368,-0.155,-0.155,6.0083,-0.073,-1.0174,1.0,0.063,-2.832,17.992
Car A,3086,205.7333,9,107.674,3,-24.893,2.845,0.161,5.5608,-0.032,4.3278,1.0,1.0,24.999,-18.019
Car B,3086,205.7333,9,125.693,3,-7.967,-0.144,-0.144,6.0074,-0.014,0.046,1.0,-0.1647,1.568,18.019
Car A,3087,205.8,9,108.073,3,-24.686,2.535,0.168,5.5594,-0.0197,4.4371,1.0,1.0,24.999,-18.019
Car B,3087,205.8,9,126.093,3,-7.567,-0.129,-0.129,6.0037,-0.0544,-0.5953,1.0,0.0129,-4.107,18.019
Car A,3088,205.8667,9,108.446,3,-24.462,2.237,0.145,5.5588,-0.0101,4.524,1.0,1.0,24.999,-18.047
Car B,3088,205.8667,9,126.493,3,-7.167,-0.119,-0.119,6.0036,-0.0017,0.1381,1.0,-0.2318,0.312,18.047
Car A,3089,205.9333,9,108.819,3,-24.221,1.952,0.143,5.5587,-0.0018,4.5938,1.0,1.0,24.999,-18.074
Car B,3089,205.9333,9,126.893,3,-6.767,-0.109,-0.109,6.0012,-0.036,-0.7353,1.0,0.0317,-5.784,18.074
Car A,3090,206.0,9,109.214,3,-23.965,1.681,0.122,5.559,0.0045,4.6496,1.0,1.0,24.999,-18.079
Car B,3090,206.0,9,127.293,3,-6.367,-0.102,-0.102,6.0026,0.02,0.1107,1.0,-0.1683,0.782,18.079
Car A,3091,206.0667,9,109.587,3,-23.693,1.424,0.104,5.5596,0.0104,4.6946,1.0,1.0,24.999,-18.106
Car B,3091,206.0667,9,127.693,3,-5.967,-0.094,-0.094,5.9992,-0.0509,-0.6469,1.0,0.033,-4.201,18.106
Car A,3092,206.1333,9,109.976,3,-23.408,1.184,0.095,5.5606,0.0145,4.7306,1.0,1.0,24.999,-18.117
Car B,3092,206.1333,9,128.093,3,-5.567,-0.09,-0.09,6.0009,0.0255,0.1811,1.0,-0.1717,0.818,18.117
Car A,3093,206.2,9,110.348,3,-23.109,0.96,0.06,5.5618,0.0173,4.7604,1.0,1.0,24.999,-18.145
Car B,3093,206.2,9,128.493,3,-5.168,-0.084,-0.084,5.9972,-0.0544,-0.649,1.0,0.046,-4.284,18.145
Car A,3094,206.2667,9,110.721,3,-22.797,0.754,0.047,5.5632,0.021,4.782,1.0,1.0,24.999,-18.172
Car B,3094,206.2667,9,128.893,3,-4.768,-0.082,-0.082,5.9987,0.022,0.1798,1.0,-0.1265,1.141,18.172
Car A,3095,206.3333,9,111.1,3,-22.474,0.566,0.015,5.5647,0.0231,4.8001,1.0,1.0,24.999,-18.192
Car B,3095,206.3333,9,129.292,3,-4.368,-0.078,-0.078,5.9943,-0.0667,-0.5826,1.0,0.0525,-3.155,18.192
Car A,3096,206.4,9,111.473,3,-22.141,0.397,-0.014,5.5663,0.0243,4.8143,1.0,1.0,24.999,-18.219
Car B,3096,206.4,9,129.692,3,-3.969,-0.078,-0.078,5.9945,0.0032,0.2239,1.0,-0.1105,1.306,18.219
Car A,3097,206.4667,9,111.842,3,-21.798,0.248,-0.032,5.568,0.0249,4.8273,1.0,1.0,24.999,-18.249
Car B,3097,206.4667,9,130.091,3,-3.569,-0.075,-0.075,5.9912,-0.0486,-0.5065,1.0,0.0546,-2.755,18.249
Car A,3098,206.5333,9,112.214,3,-21.447,0.118,-0.076,5.5697,0.0254,4.8367,1.0,1.0,24.999,-18.277
Car B,3098,206.5333,9,130.491,3,-3.17,-0.075,-0.075,5.9905,-0.0114,0.2794,1.0,-0.117,1.357,18.277
Car A,3099,206.6,9,112.587,3,-21.089,0.009,-0.098,5.5714,0.0262,4.8439,1.0,1.0,24.999,-18.302
Car B,3099,206.6,9,130.89,3,-2.77,-0.073,-0.073,5.9884,-0.0317,-0.4848,1.0,0.06,-2.917,18.302
Car A,3100,206.6667,9,112.943,3,-20.726,-0.079,-0.136,5.5732,0.0263,4.8498,1.0,1.0,24.999,-18.346
Car B,3100,206.6667,9,131.289,3,-2.371,-0.075,-0.075,5.9883,-0.0004,0.3005,1.0,-0.1091,1.493,18.346
Car A,3101,206.7333,9,113.316,3,-20.357,-0.146,-0.173,5.575,0.0278,4.8544,1.0,1.0,24.999,-18.372
Car B,3101,206.7333,9,131.688,3,-1.972,-0.073,-0.073,5.9858,-0.0388,-0.4613,1.0,0.0645,-2.72,18.372
Car A,3102,206.8,9,113.675,3,-19.985,-0.191,-0.191,5.5768,0.0264,4.8578,1.0,1.0,24.999,-18.412
Car B,3102,206.8,9,132.087,3,-1.573,-0.075,-0.075,5.9861,0.0054,0.3095,1.0,-0.0987,1.606,18.412
Car A,3103,206.8667,9,114.049,3,-19.612,-0.215,-0.215,5.5785,0.026,4.8607,1.0,1.0,24.999,-18.437
Car B,3103,206.8667,9,132.486,3,-1.174,-0.075,-0.075,5.9843,-0.0269,-0.4374,1.0,0.0676,-2.462,18.437
Car A,3104,206.9333,9,114.423,3,-19.237,-0.217,-0.217,5.5803,0.0273,4.8626,1.0,1.0,24.999,-18.461
Car B,3104,206.9333,9,132.885,3,-0.775,-0.077,-0.077,5.9833,-0.016,0.3342,1.0,-0.1066,1.684,18.461
Car A,3105,207.0,9,114.798,3,-18.862,-0.198,-0.198,5.5821,0.0263,4.8646,1.0,0.2626,24.999,-18.486
Car B,3105,207.0,9,133.284,3,-0.377,-0.077,-0.077,5.9825,-0.012,-0.4283,1.0,0.0697,-2.657,18.486
Car A,3106,207.0667,9,115.172,3,-18.488,-0.165,-0.165,5.6362,0.8111,3.1718,1.0,-0.0583,6.594,-18.51
Car B,3106,207.0667,10,0.022,1,0.022,-0.08,-0.08,5.9819,-0.0089,0.3377,1.0,-0.1603,1.735,18.51
Car A,3107,207.1333,9,115.549,3,-18.111,-0.138,-0.138,5.6726,0.5466,1.2986,1.0,-0.0684,-1.444,-18.532
Car B,3107,207.1333,10,0.421,1,0.421,-0.08,-0.08,5.9801,-0.0262,-0.4403,1.0,0.0676,-3.998,18.532
Car A,3108,207.2,9,115.928,3,-17.733,-0.122,-0.122,5.6914,0.2824,-0.0507,1.0,-0.0603,-1.71,-18.552
Car B,3108,207.2,10,0.819,1,0.82,-0.084,-0.084,5.9808,0.0095,0.3282,1.0,-0.1911,1.68,18.552
Car A,3109,207.2667,9,116.31,3,-17.35,-0.115,-0.115,5.7894,1.4694,-0.5447,1.0,-0.0441,-1.509,-18.568
Car B,3109,207.2667,10,1.218,1,1.218,-0.085,-0.085,5.9781,-0.0391,-0.4527,1.0,0.0622,-4.766,18.568
Car A,3110,207.3333,9,116.702,3,-16.959,-0.11,-0.11,5.9235,2.012,-0.4172,1.0,-0.0323,-1.103,-18.575
Car B,3110,207.3333,10,1.616,1,1.617,-0.09,-0.09,5.9796,0.0213,0.3177,1.0,-0.2525,1.544,18.575
Car A,3111,207.4,9,117.099,3,-16.562,-0.106,-0.106,5.9718,0.7238,-0.2663,1.0,-0.0254,-0.796,-18.577
Car B,3111,207.4,10,2.015,1,2.015,-0.092,-0.092,5.9767,-0.0431,-0.4844,1.0,0.0477,-6.3,18.577
Car A,3112,207.4667,9,117.497,3,-16.163,-0.102,-0.102,5.9806,0.1319,-0.1589,1.0,-0.0241,-0.626,-18.577
Car B,3112,207.4667,10,2.413,1,2.413,-0.098,-0.098,5.9792,0.0373,0.3021,1.0,-0.2201,1.181,18.577
Car A,3113,207.5333,9,117.896,3,-15.764,-0.098,-0.098,5.9881,0.1124,-0.1187,1.0,-0.0223,-0.59,-18.576
Car B,3113,207.5333,10,2.812,1,2.812,-0.102,-0.102,5.9769,-0.0337,-0.5592,1.0,0.0694,-5.491,18.576
Car A,3114,207.6,9,118.295,3,-15.365,-0.094,-0.094,5.9887,0.0101,-0.1144,1.0,-0.0207,-0.546,-18.575
Car B,3114,207.6,10,3.21,1,3.21,-0.111,-0.111,5.9787,0.027,0.2386,1.0,-0.1592,1.724,18.575
Car A,3115,207.6667,9,118.695,3,-14.966,-0.091,-0.091,5.9898,0.0153,-0.1042,1.0,-0.0191,-0.507,-18.574
Car B,3115,207.6667,10,3.609,1,3.609,-0.116,-0.116,5.9762,-0.0385,-0.4792,1.0,0.0696,-3.97,18.574
Car A,3116,207.7333,9,119.094,3,-14.566,-0.088,-0.088,5.9919,0.0326,-0.1737,1.0,-0.0145,-0.469,-18.573
Car B,3116,207.7333,10,4.007,1,4.007,-0.125,-0.125,5.9777,0.023,0.2993,1.0,-0.1529,1.73,18.573
Car A,3117,207.8,9,119.494,3,-14.166,-0.087,-0.087,6.0053,0.1998,-0.1126,1.0,-0.0103,-0.355,-18.572
Car B,3117,207.8,10,4.405,1,4.405,-0.13,-0.13,5.9754,-0.0346,-0.4504,1.0,0.0711,-3.814,18.572
Car A,3118,207.8667,9,119.894,3,-13.766,-0.086,-0.086,6.0001,-0.0771,-0.048,1.0,-0.0104,-0.251,-18.569
Car B,3118,207.8667,10,4.803,1,4.804,-0.14,-0.14,5.9768,0.0208,0.3217,1.0,-0.1436,1.77,18.569
Car A,3119,207.9333,9,120.294,3,-13.366,-0.084,-0.084,5.9971,-0.0458,-0.0486,1.0,-0.0099,-0.253,-18.568
Car B,3119,207.9333,10,5.202,1,5.202,-0.146,-0.146,5.9745,-0.0338,-0.4341,1.0,0.0756,-3.581,18.568
Car A,3120,208.0,9,120.694,3,-12.966,-0.083,-0.083,5.996,-0.0163,-0.0489,1.0,-0.0089,-0.242,-18.566
Car B,3120,208.0,10,5.6,1,5.6,-0.156,-0.156,5.9753,0.0118,0.3338,1.0,-0.1324,1.881,18.566
Car A,3121,208.0667,9,121.094,3,-12.566,-0.082,-0.082,5.9957,-0.0044,-0.0468,1.0,-0.0075,-0.218,-18.565
Car B,3121,208.0667,10,5.998,1,5.998,-0.162,-0.162,5.9736,-0.0249,-0.417,1.0,0.0783,-3.302,18.565
Car A,3122,208.1333,9,121.494,3,-12.167,-0.082,-0.082,5.9957,0.0006,-0.047,1.0,-0.0058,-0.184,-18.563
Car B,3122,208.1333,10,6.396,1,6.396,-0.172,-0.172,5.9746,0.0147,0.3456,1.0,-0.1225,1.949,18.563
Car A,3123,208.2,9,121.893,3,-11.767,-0.081,-0.081,6.0023,0.0985,-0.0702,1.0,-0.0022,-0.142,-18.561
Car B,3123,208.2,10,6.794,1,6.794,-0.18,-0.18,5.9736,-0.0153,-0.4157,1.0,0.0813,-3.055,18.561
Car A,3124,208.2667,9,122.294,3,-11.366,-0.081,-0.081,6.0064,0.0625,-0.0271,1.0,-0.0003,-0.056,-18.559
Car B,3124,208.2667,10,7.192,1,7.192,-0.19,-0.19,5.9736,0.0002,0.3486,1.0,-0.1135,2.024,18.559
Car A,3125,208.3333,9,122.694,3,-10.966,-0.081,-0.081,5.999,-0.1119,-0.0243,1.0,-0.0004,-0.009,-18.557
Car B,3125,208.3333,10,7.59,1,7.591,-0.197,-0.197,5.9735,-0.0015,-0.403,1.0,0.0837,-2.829,18.557
Car A,3126,208.4,9,123.094,3,-10.566,-0.081,-0.081,6.0008,0.0269,-0.0033,1.0,-0.0002,-0.01,-18.555
Car B,3126,208.4,10,7.989,1,7.989,-0.208,-0.208,5.9736,0.0006,0.358,1.0,-0.1002,2.084,18.555
Car A,3127,208.4667,9,123.494,3,-10.166,-0.081,-0.081,6.001,0.0027,-0.0052,1.0,0.0003,-0.004,-18.553
Car B,3127,208.4667,10,8.387,1,8.387,-0.216,-0.216,5.9734,-0.0019,-0.3951,1.0,0.0855,-2.497,18.553
Car A,3128,208.5333,9,123.894,3,-9.766,-0.08,-0.08,6.0011,0.0023,0.0012,1.0,0.0004,0.008,-18.551
Car B,3128,208.5333,10,8.785,1,8.785,-0.226,-0.226,5.9733,-0.0025,0.3609,1.0,-0.0867,2.13,18.551
Car A,3129,208.6,9,124.294,3,-9.366,-0.08,-0.08,6.0008,-0.0052,-0.0007,1.0,0.0007,0.01,-18.549
Car B,3129,208.6,10,9.183,1,9.183,-0.234,-0.234,5.9735,0.0043,-0.3861,1.0,0.0871,-2.162,18.549
Car A,3130,208.6667,9,124.694,3,-8.966,-0.08,-0.08,6.0008,0.0013,-0.0096,1.0,0.0014,0.016,-18.547
Car B,3130,208.6667,10,9.581,1,9.581,-0.245,-0.245,5.9729,-0.0102,0.3732,1.0,-0.078,2.169,18.547
Car A,3131,208.7333,9,125.094,3,-8.566,-0.08,-0.08,6.0012,0.0056,-0.0036,1.0,0.0017,0.034,-18.545
Car B,3131,208.7333,10,9.979,1,9.979,-0.252,-0.252,5.9741,0.0182,-0.3926,1.0,0.0887,-1.944,18.545
Car A,3132,208.8,9,125.495,3,-8.166,-0.079,-0.079,6.0007,-0.0085,0.0006,1.0,0.0018,0.04,-18.543
Car B,3132,208.8,10,10.377,1,10.377,-0.263,-0.263,5.973,-0.0165,0.3775,1.0,-0.0662,2.212,18.543
Car A,3133,208.8667,9,125.895,3,-7.766,-0.079,-0.079,6.0001,-0.0076,0.0023,1.0,0.0016,0.044,-18.541
Car B,3133,208.8667,10,10.775,1,10.775,-0.27,-0.27,5.9742,0.0178,-0.3691,1.0,0.0892,-1.648,18.541
Car A,3134,208.9333,9,126.295,3,-7.366,-0.079,-0.079,6.0001,-0.0005,0.0175,1.0,0.0011,0.04,-18.539
Car B,3134,208.9333,10,11.173,1,11.173,-0.28,-0.28,5.9732,-0.015,0.41,1.0,-0.0693,2.224,18.539
Car A,3135,209.0,9,126.695,3,-6.966,-0.078,-0.078,6.0008,0.0098,0.0106,1.0,0.0011,0.027,-18.537
Car B,3135,209.0,10,11.571,1,11.571,-0.287,-0.287,5.9738,0.0092,-0.3531,1.0,0.0894,-1.726,18.537
Car A,3136,209.0667,9,127.095,3,-6.565,-0.077,-0.077,6.0008,0.0009,0.0106,1.0,0.0011,0.026,-18.535
Car B,3136,209.0667,10,11.969,1,11.969,-0.297,-0.297,5.9732,-0.0094,0.4088,1.0,-0.0615,2.228,18.535
Car A,3137,209.1333,9,127.495,3,-6.165,-0.077,-0.077,6.0008,-0.0009,0.01,1.0,0.001,0.028,-18.533
Car B,3137,209.1333,10,12.367,1,12.368,-0.303,-0.303,5.9739,0.0105,-0.3504,1.0,0.0899,-1.532,18.533
Car A,3138,209.2,9,127.895,3,-5.765,-0.076,-0.076,6.0004,-0.0062,0.0069,1.0,0.001,0.025,-18.531
Car B,3138,209.2,10,12.766,1,12.766,-0.312,-0.312,5.9735,-0.0053,0.4288,1.0,-0.0634,2.242,18.531
Car A,3139,209.2667,9,128.295,3,-5.365,-0.076,-0.076,6.0005,0.0025,0.0079,1.0,0.0007,0.024,-18.529
Car B,3139,209.2667,10,13.164,1,13.164,-0.318,-0.318,5.9738,0.0039,-0.3412,1.0,0.09,-1.578,18.529
Car A,3140,209.3333,9,128.695,3,-4.965,-0.075,-0.075,6.0002,-0.0055,-0.0031,1.0,0.0009,0.017,-18.527
Car B,3140,209.3333,10,13.562,1,13.562,-0.327,-0.327,5.9732,-0.0091,0.4523,1.0,-0.0705,2.244,18.527
Car A,3141,209.4,9,129.095,3,-4.565,-0.075,-0.075,6.0005,0.0054,-0.0016,1.0,0.0008,0.022,-18.525
Car B,3141,209.4,10,13.96,1,13.96,-0.332,-0.332,5.9734,0.0028,-0.3316,1.0,0.0898,-1.756,18.525
Car A,3142,209.4667,9,129.495,3,-4.165,-0.074,-0.074,6.0003,-0.0029,0.0051,1.0,0.0003,0.019,-18.523
Car B,3142,209.4667,10,14.358,1,14.358,-0.34,-0.34,5.9729,-0.0063,0.4139,1.0,-0.052,2.24,18.523
Car A,3143,209.5333,9,129.895,3,-3.765,-0.073,-0.073,6.0005,0.0023,0.0017,1.0,-0.0002,0.007,-18.521
Car B,3143,209.5333,10,14.756,1,14.756,-0.345,-0.345,5.9743,0.021,-0.3448,1.0,0.0907,-1.295,18.521
Car A,3144,209.6,9,130.295,3,-3.365,-0.073,-0.073,6.0008,0.0047,0.0255,1.0,-0.001,-0.004,-18.519
Car B,3144,209.6,10,15.154,1,15.154,-0.351,-0.351,5.9741,-0.004,0.4701,1.0,-0.1354,2.26,18.519
Car A,3145,209.6667,9,130.695,3,-2.965,-0.072,-0.072,6.0002,-0.0086,0.0049,1.0,-0.0009,-0.023,-18.517
Car B,3145,209.6667,10,15.552,1,15.552,-0.355,-0.355,5.9724,-0.0255,-0.3427,1.0,0.0829,-3.376,18.517
Car A,3146,209.7333,9,131.096,3,-2.565,-0.072,-0.072,6.0006,0.0065,-0.0078,1.0,-0.0006,-0.023,-18.515
Car B,3146,209.7333,10,15.951,1,15.951,-0.363,-0.363,5.9729,0.0079,0.3909,1.0,-0.1619,2.064,18.515
Car A,3147,209.8,9,131.496,3,-2.165,-0.071,-0.071,6.0005,-0.0015,0.0003,1.0,-0.0008,-0.014,-18.513
Car B,3147,209.8,10,16.349,1,16.349,-0.367,-0.367,5.9716,-0.0197,-0.3933,1.0,0.0424,-4.037,18.513
Car A,3148,209.8667,9,131.896,3,-1.765,-0.07,-0.07,6.0006,0.0003,-0.0046,1.0,-0.0011,-0.02,-18.511
Car B,3148,209.8667,10,16.747,1,16.747,-0.375,-0.375,5.9741,0.0386,0.3442,1.0,-0.1557,1.051,18.511
Car A,3149,209.9333,9,132.296,3,-1.364,-0.07,-0.07,6.0007,0.0018,-0.0088,1.0,-0.0013,-0.026,-18.509
Car B,3149,209.9333,10,17.145,1,17.145,-0.382,-0.382,5.9746,0.0061,-0.5328,1.0,0.1076,-3.886,18.509
Car A,3150,210.0,9,132.696,3,-0.964,-0.069,-0.069,6.0009,0.0026,-0.0118,1.0,-0.0015,-0.031,-18.508
Car B,3150,210.0,10,17.543,1,17.543,-0.392,-0.392,5.9746,0.0006,0.2633,1.0,-0.0786,2.68,18.508
Car A,3151,210.0667,9,133.096,3,-0.564,-0.069,-0.069,6.001,0.0018,-0.0161,1.0,-0.0018,-0.036,-18.506
Car B,3151,210.0667,10,17.941,1,17.941,-0.399,-0.399,5.976,0.0215,-0.4492,1.0,1.0,-1.958,18.506
Car A,3152,210.1333,9,133.496,3,-0.164,-0.068,-0.068,6.0012,0.0037,0.0003,1.0,-0.0026,-0.043,-18.503
Car B,3152,210.1333,10,18.339,1,18.339,-0.406,-0.406,5.9714,-0.0687,0.3376,1.0,1.0,24.959,18.503
Car A,3153,210.2,10,0.236,1,0.236,-0.068,-0.068,6.001,-0.0036,-0.0045,1.0,-0.0026,-0.063,-18.501
Car B,3153,210.2,10,18.737,1,18.737,-0.403,-0.403,5.9556,-0.2371,1.4973,1.0,0.4025,25.0,18.501
Car A,3154,210.2667,10,0.636,1,0.636,-0.067,-0.067,6.0014,0.0067,-0.0216,1.0,-0.0012,-0.063,-18.497
Car B,3154,210.2667,10,19.133,1,19.133,-0.383,-0.383,5.9422,-0.2019,2.1665,1.0,0.8327,10.085,18.497
Car A,3155,210.3333,10,1.036,1,1.036,-0.067,-0.067,6.002,0.0085,-0.0203,1.0,0.0002,-0.029,-18.492
Car B,3155,210.3333,10,19.528,1,19.528,-0.348,-0.348,5.9311,-0.1666,2.7843,1.0,0.5663,20.801,18.492
Car A,3156,210.4,10,1.436,1,1.436,-0.067,-0.067,5.9993,-0.0402,-0.0181,1.0,0.0001,0.003,-18.484
Car B,3156,210.4,10,19.92,1,19.921,-0.296,-0.296,5.9242,-0.1034,3.2048,1.0,1.0,14.168,18.484
Car A,3157,210.4667,10,1.836,1,1.836,-0.067,-0.067,6.0004,0.0167,0.0049,1.0,-0.0007,0.002,-18.455
Car B,3157,210.4667,10,20.291,1,20.31,-0.226,-0.25,5.9133,-0.1633,3.5844,1.0,1.0,24.983,18.455
Car A,3158,210.5333,10,2.236,1,2.236,-0.066,-0.066,6.0022,0.0266,0.0055,1.0,-0.0016,-0.016,-18.446
Car B,3158,210.5333,10,20.682,1,20.695,-0.138,-0.192,5.9038,-0.1427,3.8601,1.0,1.0,24.999,18.446
Car A,3159,210.6,10,2.636,1,2.637,-0.066,-0.066,6.0021,-0.001,0.0192,1.0,-0.0035,-0.04,-18.414
Car B,3159,210.6,10,21.05,1,21.075,-0.03,-0.133,5.8953,-0.1271,4.077,1.0,1.0,25.0,18.414
Car A,3160,210.6667,10,3.037,1,3.037,-0.065,-0.065,6.0021,-0.0009,-0.0284,1.0,-0.0037,-0.086,-18.406
Car B,3160,210.6667,10,21.443,1,21.449,0.096,-0.098,5.888,-0.1102,4.2429,1.0,1.0,24.999,18.406
Car A,3161,210.7333,10,3.437,1,3.437,-0.065,-0.065,5.9997,-0.0354,-0.0099,1.0,-0.0062,-0.091,-18.396
Car B,3161,210.7333,10,21.833,1,21.815,0.241,-0.042,5.8815,-0.0962,4.3724,1.0,1.0,24.999,18.396
Car A,3162,210.8,10,3.837,1,3.837,-0.065,-0.065,6.0016,0.028,-0.0311,1.0,-0.0061,-0.149,-18.384
Car B,3162,210.8,10,22.221,1,22.174,0.405,-0.019,5.8758,-0.0853,4.4745,1.0,1.0,24.999,18.384
Car A,3163,210.8667,10,4.237,1,4.237,-0.064,-0.064,5.9985,-0.0458,-0.025,1.0,-0.0072,-0.149,-18.376
Car B,3163,210.8667,10,22.613,1,22.522,0.588,0.016,5.8707,-0.0766,4.5552,1.0,1.0,24.999,18.376
Car A,3164,210.9333,10,4.637,1,4.637,-0.064,-0.064,5.9994,0.0124,-0.0457,1.0,-0.0071,-0.175,-18.374
Car B,3164,210.9333,10,23.011,1,22.861,0.788,0.043,5.8662,-0.0686,4.6179,1.0,1.0,24.999,18.374
Car A,3165,211.0,10,5.037,1,5.037,-0.065,-0.065,5.9977,-0.025,-0.036,1.0,-0.007,-0.172,-18.367
Car B,3165,211.0,10,23.404,1,23.187,1.007,0.059,5.862,-0.0623,4.6677,1.0,1.0,24.999,18.367
Car A,3166,211.0667,10,5.437,1,5.437,-0.065,-0.065,5.9979,0.0031,-0.0341,1.0,-0.0074,-0.171,-18.373
Car B,3166,211.0667,10,23.81,1,23.502,1.243,0.09,5.8583,-0.0562,4.7087,1.0,1.0,24.999,18.373
Car A,3167,211.1333,10,5.837,1,5.837,-0.065,-0.065,5.9982,0.0051,-0.0466,1.0,-0.0056,-0.18,-18.366
Car B,3167,211.1333,10,24.202,1,23.802,1.495,0.087,5.8547,-0.0536,4.7384,1.0,1.0,24.999,18.366
Car A,3168,211.2,10,6.237,1,6.237,-0.066,-0.066,6.0017,0.0519,-0.0251,1.0,-0.0041,-0.137,-18.358
Car B,3168,211.2,10,24.595,1,24.089,1.764,0.105,5.8515,-0.0486,4.7647,1.0,1.0,24.999,18.358
Car A,3169,211.2667,10,6.637,1,6.637,-0.067,-0.067,6.0002,-0.0223,-0.0156,1.0,-0.0029,-0.101,-18.367
Car B,3169,211.2667,10,25.004,1,24.36,2.047,0.099,5.8484,-0.0461,4.7842,1.0,1.0,24.999,18.367
Car A,3170,211.3333,10,7.037,1,7.037,-0.068,-0.068,6.0011,0.013,-0.0057,1.0,-0.0012,-0.072,-18.359
Car B,3170,211.3333,10,25.396,1,24.615,2.345,0.098,5.8454,-0.044,4.7999,1.0,1.0,24.999,18.359
Car A,3171,211.4,10,7.437,1,7.437,-0.07,-0.07,6.002,0.0141,-0.0158,1.0,0.0007,-0.032,-18.367
Car B,3171,211.4,10,25.804,1,24.853,2.656,0.096,5.8426,-0.0421,4.8109,1.0,1.0,24.999,18.367
Car A,3172,211.4667,10,7.837,1,7.837,-0.071,-0.071,5.999,-0.0448,-0.0091,1.0,0.0028,0.016,-18.359
Car B,3172,211.4667,10,26.196,1,25.074,2.98,0.077,5.84,-0.0394,4.8218,1.0,1.0,24.999,18.359
Car A,3173,211.5333,10,8.237,1,8.237,-0.072,-0.072,5.9995,0.0075,-0.0042,1.0,0.0042,0.066,-18.363
Car B,3173,211.5333,10,26.6,1,25.276,3.315,0.079,5.8374,-0.0387,4.8296,1.0,1.0,24.999,18.363
Car A,3174,211.6,10,8.637,1,8.637,-0.074,-0.074,6.0011,0.0237,0.0039,1.0,0.0076,0.1,-18.352
Car B,3174,211.6,10,26.99,1,25.46,3.661,0.042,5.8349,-0.0378,4.8341,1.0,1.0,24.999,18.352
Car A,3175,211.6667,10,9.037,1,9.037,-0.075,-0.075,6.0001,-0.0159,0.0049,1.0,0.0099,0.18,-18.343
Car B,3175,211.6667,10,27.381,1,25.624,4.016,0.027,5.8325,-0.036,4.8397,1.0,1.0,24.999,18.343
Car A,3176,211.7333,10,9.437,1,9.437,-0.077,-0.077,6.0028,0.0408,0.0219,1.0,0.0129,0.239,-18.337
Car B,3176,211.7333,10,27.774,1,25.768,4.38,-0.005,5.8302,-0.0352,4.8439,1.0,1.0,24.999,18.337
Car A,3177,211.8,10,9.837,1,9.837,-0.078,-0.078,6.0031,0.0051,0.0301,1.0,0.0152,0.31,-18.326
Car B,3177,211.8,10,28.163,1,25.891,4.751,-0.039,5.8278,-0.0347,4.8462,1.0,1.0,24.999,18.326
Car A,3178,211.8667,10,10.238,1,10.238,-0.079,-0.079,6.0048,0.0252,0.045,1.0,0.017,0.367,-18.308
Car B,3178,211.8667,10,28.545,1,25.994,5.128,-0.062,5.8256,-0.0337,4.8483,1.0,1.0,24.999,18.308
Car A,3179,211.9333,10,10.638,1,10.638,-0.08,-0.08,6.0067,0.028,0.061,1.0,0.0192,0.411,-18.294
Car B,3179,211.9333,10,28.933,1,26.075,5.51,-0.114,5.8234,-0.0331,4.85,1.0,0.9382,24.999,18.294
Car A,3180,212.0,10,11.039,1,11.039,-0.081,-0.081,6.0065,-0.0019,0.0649,1.0,0.0196,0.464,-18.283
Car B,3180,212.0,10,29.322,1,26.136,5.896,-0.143,5.8219,-0.0223,4.8455,1.0,0.436,23.457,18.283
Car A,3181,212.0667,10,11.439,1,11.439,-0.081,-0.081,6.0093,0.0418,0.0742,1.0,0.0172,0.476,-18.261
Car B,3181,212.0667,10,29.7,1,26.181,6.285,-0.181,5.8768,0.8227,3.8162,1.0,0.3992,10.917,18.261
Car A,3182,212.1333,10,11.84,1,11.84,-0.08,-0.08,6.012,0.0407,0.0976,1.0,0.0105,0.421,-18.254
Car B,3182,212.1333,10,30.094,1,26.216,6.679,-0.216,5.941,0.9636,3.5564,1.0,0.3592,9.98,18.254
Car A,3183,212.2,10,12.241,1,12.241,-0.079,-0.079,6.0032,-0.1325,0.0837,1.0,0.0017,0.26,-18.252
Car B,3183,212.2,10,30.493,1,26.239,7.078,-0.239,6.0027,0.9251,3.2984,1.0,-0.0085,8.982,18.252
Car A,3184,212.2667,10,12.641,1,12.641,-0.077,-0.077,5.9962,-0.1049,0.0112,1.0,-0.0003,0.048,-18.253
Car B,3184,212.2667,10,30.894,1,26.256,7.479,-0.256,6.0203,0.2649,1.7045,1.0,-0.0002,-0.198,18.253
Car A,3185,212.3333,10,13.041,1,13.041,-0.076,-0.076,5.9979,0.0255,0.0225,1.0,-0.0016,-0.005,-18.254
Car B,3185,212.3333,10,31.295,1,26.284,7.88,-0.284,6.0263,0.0901,0.0916,1.0,0.1095,-0.005,18.254
Car A,3186,212.4,10,13.441,1,13.441,-0.075,-0.075,5.9995,0.0239,0.0173,1.0,-0.001,-0.037,-18.255
Car B,3186,212.4,10,31.695,1,26.312,8.28,-0.312,6.0214,-0.0746,0.8622,1.0,0.1062,2.732,18.255
Car A,3187,212.4667,10,13.841,1,13.841,-0.074,-0.074,6.0008,0.0189,-0.005,1.0,-0.0005,-0.025,-18.256
Car B,3187,212.4667,10,32.096,1,26.331,8.681,-0.331,6.0335,0.1823,1.0306,1.0,0.0977,2.655,18.256
Car A,3188,212.5333,10,14.241,1,14.241,-0.073,-0.073,6.0007,-0.001,-0.0195,1.0,0.0024,-0.012,-18.256
Car B,3188,212.5333,10,32.497,1,26.347,9.082,-0.347,5.997,-0.5469,0.9546,1.0,0.0209,2.443,18.256
Car A,3189,212.6,10,14.641,1,14.641,-0.073,-0.073,6.0042,0.053,-0.0096,1.0,0.0034,0.055,-18.255
Car B,3189,212.6,10,32.896,1,26.363,9.481,-0.363,5.9984,0.0202,0.2152,1.0,0.1031,0.521,18.255
Car A,3190,212.6667,10,15.041,1,15.041,-0.072,-0.072,6.0013,-0.0445,0.0053,1.0,0.0231,0.083,-18.255
Car B,3190,212.6667,10,33.296,1,26.376,9.881,-0.376,5.9992,0.0124,0.9585,1.0,-0.0168,2.573,18.255
Car A,3191,212.7333,10,15.441,1,15.441,-0.07,-0.07,5.9897,-0.1734,0.131,1.0,0.0095,0.559,-18.255
Car B,3191,212.7333,10,33.696,1,26.388,10.281,-0.388,5.9976,-0.0243,-0.0512,1.0,0.1092,-0.416,18.255
Car A,3192,212.8,10,15.84,1,15.841,-0.067,-0.067,5.9989,0.1377,0.1003,1.0,0.0053,0.234,-18.255
Car B,3192,212.8,10,34.095,1,26.4,10.68,-0.4,5.9958,-0.0272,0.7196,1.0,-0.0776,2.725,18.255
Car A,3193,212.8667,10,16.241,1,16.241,-0.064,-0.064,6.0028,0.0594,0.0502,0.9097,0.0596,0.131,-18.254
Car B,3193,212.8667,10,34.495,1,26.409,11.08,-0.409,5.9943,-0.0216,-0.1506,1.0,0.2077,-1.933,18.254
Car A,3194,212.9333,10,16.635,1,16.635,-0.058,-0.058,5.8658,-2.056,0.507,0.9358,-0.0059,1.489,-18.258
Car B,3194,212.9333,10,34.894,1,26.422,11.479,-0.422,5.9911,-0.0487,0.5224,1.0,0.1071,5.183,18.258
Car A,3195,213.0,10,17.022,1,17.022,-0.052,-0.052,5.741,-1.8716,-0.0467,1.0,0.8721,-0.145,-18.272
Car B,3195,213.0,10,35.294,1,26.423,11.879,-0.423,6.0116,0.3074,1.0165,1.0,1.0,2.681,18.272
Car A,3196,213.0667,10,17.405,1,17.405,-0.043,-0.043,5.7426,0.024,0.6095,1.0,0.4659,21.768,-18.29
Car B,3196,213.0667,10,35.694,1,26.415,12.279,-0.415,6.006,-0.0834,1.4892,1.0,0.5972,24.966,18.29
Car A,3197,213.1333,10,17.786,1,17.787,-0.02,-0.02,5.7342,-0.1253,1.6971,0.9245,-0.1422,11.662,-18.307
Car B,3197,213.1333,10,36.094,1,26.393,12.679,-0.393,5.9902,-0.2381,2.4141,1.0,-0.1733,14.945,18.307
Car A,3198,213.2,10,18.168,1,18.168,0.008,0.008,5.7367,0.0366,0.6323,1.0,0.7032,-3.532,-18.325
Car B,3198,213.2,10,36.492,1,26.362,13.077,-0.362,6.0027,0.1879,1.4665,1.0,0.9885,-4.304,18.325
Car A,3199,213.2667,10,18.549,1,18.549,0.035,0.035,5.7364,-0.0038,0.8546,0.7374,-0.2527,17.549,-18.341
Car B,3199,213.2667,10,36.89,1,26.332,13.475,-0.332,5.9809,-0.3267,1.3881,1.0,0.7737,24.67,18.341
Car A,3200,213.3333,10,18.928,1,18.928,0.066,0.066,5.6952,-0.618,0.189,1.0,0.7691,-6.281,-18.358
Car B,3200,213.3333,10,37.286,1,26.289,13.871,-0.289,5.9701,-0.1625,2.2584,1.0,1.0,19.351,18.358
Car A,3201,213.4,10,19.306,1,19.306,0.095,0.095,5.693,-0.0333,0.5969,1.0,0.6755,19.19,-18.355
Car B,3201,213.4,10,37.661,1,26.23,14.265,-0.25,5.9567,-0.2005,2.8356,1.0,1.0,24.991,18.355
Car A,3202,213.4667,10,19.683,1,19.684,0.136,0.136,5.6866,-0.097,1.6588,1.0,-0.2835,16.891,-18.373
Car B,3202,213.4667,10,38.056,1,26.153,14.655,-0.204,5.9446,-0.1822,3.2885,1.0,1.0,25.0,18.373
Car A,3203,213.5333,10,20.074,1,20.06,0.184,0.178,5.6962,0.1449,0.8305,1.0,1.0,-7.051,-18.351
Car B,3203,213.5333,10,38.425,1,26.058,15.041,-0.152,5.9334,-0.1668,3.6376,1.0,1.0,25.0,18.351
Car A,3204,213.6,10,20.452,1,20.436,0.231,0.197,5.6815,-0.221,1.0298,1.0,1.0,24.952,-18.368
Car B,3204,213.6,10,38.821,1,25.945,15.421,-0.131,5.9238,-0.1447,3.9021,1.0,1.0,25.0,18.368
Car A,3205,213.6667,10,20.83,1,20.81,0.289,0.225,5.6726,-0.1331,1.9287,1.0,0.9261,24.999,-18.385
Car B,3205,213.6667,10,39.215,1,25.814,15.794,-0.091,5.9153,-0.128,4.1115,1.0,1.0,25.0,18.385
Car A,3206,213.7333,10,21.245,1,21.181,0.364,0.226,5.6641,-0.1268,2.5404,1.0,1.0,23.154,-18.353
Car B,3206,213.7333,10,39.598,1,25.664,16.161,-0.078,5.9078,-0.1115,4.2688,1.0,1.0,24.999,18.353
Car A,3207,213.8,10,21.623,1,21.548,0.455,0.229,5.6552,-0.1348,3.0373,1.0,1.0,24.997,-18.37
Car B,3207,213.8,10,39.993,1,25.495,16.519,-0.059,5.9013,-0.0985,4.3943,1.0,1.0,24.999,18.37
Car A,3208,213.8667,10,22.038,1,21.91,0.564,0.228,5.6473,-0.1179,3.4257,1.0,1.0,25.0,-18.343
Car B,3208,213.8667,10,40.381,1,25.308,16.867,-0.042,5.8954,-0.0881,4.4918,1.0,1.0,24.999,18.343
Car A,3209,213.9333,10,22.415,1,22.266,0.69,0.208,5.6407,-0.0995,3.7313,1.0,1.0,25.0,-18.361
Car B,3209,213.9333,10,40.776,1,25.103,17.204,-0.044,5.8901,-0.0795,4.5688,1.0,1.0,24.999,18.361
Car A,3210,214.0,10,22.793,1,22.615,0.834,0.208,5.6353,-0.0809,3.9709,1.0,1.0,25.0,-18.377
Car B,3210,214.0,10,41.17,1,24.881,17.53,-0.025,5.8853,-0.0721,4.6267,1.0,1.0,24.999,18.377
Car A,3211,214.0667,10,23.201,1,22.956,0.996,0.17,5.631,-0.0635,4.1564,1.0,1.0,25.0,-18.359
Car B,3211,214.0667,10,41.56,1,24.642,17.844,-0.044,5.8809,-0.0661,4.6782,1.0,1.0,24.999,18.359
Car A,3212,214.1333,10,23.578,1,23.288,1.176,0.15,5.6278,-0.0491,4.3022,1.0,1.0,24.999,-18.376
Car B,3212,214.1333,10,41.954,1,24.386,18.143,-0.044,5.8769,-0.0594,4.7146,1.0,1.0,24.999,18.376
Car A,3213,214.2,10,23.976,1,23.609,1.373,0.119,5.6253,-0.0368,4.4176,1.0,1.0,24.999,-18.365
Car B,3213,214.2,10,42.341,1,24.114,18.429,-0.058,5.8731,-0.0571,4.7438,1.0,1.0,24.999,18.365
Car A,3214,214.2667,10,24.352,1,23.919,1.588,0.081,5.6236,-0.0261,4.5092,1.0,1.0,24.999,-18.383
Car B,3214,214.2667,10,42.734,1,23.828,18.699,-0.077,5.8696,-0.0525,4.7665,1.0,1.0,24.999,18.383
Car A,3215,214.3333,10,24.738,1,24.217,1.82,0.06,5.6224,-0.018,4.5814,1.0,1.0,24.999,-18.377
Car B,3215,214.3333,10,43.115,1,23.527,18.953,-0.084,5.8662,-0.0506,4.7859,1.0,1.0,24.999,18.377
Car A,3216,214.4,10,25.112,1,24.501,2.068,0.005,5.6216,-0.011,4.6399,1.0,1.0,24.999,-18.395
Car B,3216,214.4,10,43.507,1,23.213,19.189,-0.122,5.863,-0.048,4.8003,1.0,1.0,24.999,18.395
Car A,3217,214.4667,10,25.487,1,24.771,2.332,-0.029,5.6213,-0.0054,4.6865,1.0,1.0,24.999,-18.412
Car B,3217,214.4667,10,43.9,1,22.887,19.409,-0.138,5.86,-0.0451,4.8129,1.0,1.0,24.999,18.412
Car A,3218,214.5333,10,25.855,1,25.026,2.61,-0.075,5.6212,-0.0007,4.7238,1.0,1.0,24.999,-18.413
Car B,3218,214.5333,10,44.268,1,22.549,19.609,-0.176,5.8571,-0.0443,4.8216,1.0,1.0,24.999,18.413
Car A,3219,214.6,10,26.229,1,25.265,2.902,-0.126,5.6214,0.0031,4.7536,1.0,1.0,24.999,-18.43
Car B,3219,214.6,10,44.659,2,22.201,19.791,-0.211,5.8543,-0.0414,4.8289,1.0,1.0,24.999,18.43
Car A,3220,214.6667,10,26.59,1,25.486,3.208,-0.156,5.6218,0.0059,4.7767,1.0,1.0,24.999,-18.425
Car B,3220,214.6667,10,45.015,2,21.843,19.953,-0.238,5.8516,-0.0414,4.8344,1.0,1.0,24.999,18.425
Car A,3221,214.7333,10,26.953,1,25.69,3.526,-0.222,5.6224,0.0081,4.796,1.0,1.0,24.999,-18.452
Car B,3221,214.7333,10,45.404,2,21.477,20.095,-0.29,5.8489,-0.0399,4.8389,1.0,1.0,24.999,18.452
Car A,3222,214.8,10,27.327,1,25.875,3.855,-0.268,5.623,0.01,4.8116,1.0,1.0,24.999,-18.468
Car B,3222,214.8,10,45.795,2,21.105,20.217,-0.322,5.8463,-0.0387,4.8428,1.0,0.9661,24.999,18.468
Car A,3223,214.8667,10,27.657,1,26.041,4.194,-0.315,5.6238,0.011,4.8237,1.0,1.0,24.999,-18.475
Car B,3223,214.8667,10,46.132,2,20.726,20.318,-0.374,5.8441,-0.0333,4.8425,1.0,1.0,24.153,18.475
Car A,3224,214.9333,10,28.029,1,26.188,4.542,-0.376,5.6245,0.0118,4.8324,1.0,1.0,24.999,-18.491
Car B,3224,214.9333,10,46.52,2,20.342,20.398,-0.423,5.8415,-0.0384,4.85,1.0,0.8299,24.998,18.491
Car A,3225,215.0,10,28.405,1,26.314,4.897,-0.416,5.6254,0.0134,4.8413,1.0,1.0,24.999,-18.471
Car B,3225,215.0,10,46.876,2,19.955,20.456,-0.456,5.842,0.0066,4.8225,1.0,0.6602,20.752,18.471
Car A,3226,215.0667,10,28.71,1,26.42,5.26,-0.477,5.6263,0.0131,4.8466,1.0,1.0,24.999,-18.556
Car B,3226,215.0667,10,47.266,2,19.564,20.493,-0.493,5.8466,0.0699,4.7895,1.0,0.2726,16.51,18.556
Car A,3227,215.1333,10,29.084,1,26.505,5.628,-0.533,5.6272,0.0134,4.8511,1.0,1.0,24.999,-18.574
Car B,3227,215.1333,10,47.658,2,19.172,20.517,-0.517,5.8965,0.7477,2.9896,1.0,-0.2818,6.829,18.574
Car A,3228,215.2,10,29.416,1,26.569,6.001,-0.569,5.6281,0.014,4.8549,1.0,1.0,24.999,-18.636
Car B,3228,215.2,10,48.051,2,18.779,20.548,-0.548,5.9175,0.3157,1.22,1.0,0.0692,-7.025,18.636
Car A,3229,215.2667,10,29.791,1,26.611,6.376,-0.611,5.6291,0.0139,4.857,1.0,1.0,24.999,-18.654
Car B,3229,215.2667,10,48.445,2,18.385,20.583,-0.583,5.9555,0.5689,0.678,1.0,0.0954,1.718,18.654
Car A,3230,215.3333,10,30.169,1,26.631,6.754,-0.631,5.63,0.0141,4.8598,1.0,1.0,24.999,-18.673
Car B,3230,215.3333,10,48.842,2,17.988,20.615,-0.615,5.9976,0.6318,0.9049,1.0,0.095,2.383,18.673
Car A,3231,215.4,10,30.547,1,26.63,7.132,-0.63,5.6309,0.0141,4.8616,1.0,1.0,24.999,-18.693
Car B,3231,215.4,10,49.24,2,17.59,20.643,-0.643,5.984,-0.2042,0.8949,1.0,0.0898,2.375,18.693
Car A,3232,215.4667,10,30.924,1,26.607,7.509,-0.607,5.6319,0.014,4.8628,1.0,1.0,24.999,-18.714
Car B,3232,215.4667,10,49.638,2,17.192,20.667,-0.667,5.9718,-0.1818,0.8706,1.0,0.0825,2.242,18.714
Car A,3233,215.5333,10,31.3,1,26.562,7.885,-0.562,5.6328,0.0137,4.8651,1.0,0.1854,24.999,-18.734
Car B,3233,215.5333,10,50.034,2,16.796,20.688,-0.688,5.9287,-0.6467,0.8557,1.0,0.0463,2.043,18.734
Car A,3234,215.6,10,31.674,1,26.504,8.259,-0.504,5.6766,0.6569,3.4792,1.0,-0.0571,4.666,-18.755
Car B,3234,215.6,10,50.43,2,16.4,20.708,-0.708,5.959,0.4536,0.4858,1.0,0.0779,1.141,18.755
Car A,3235,215.6667,10,32.052,1,26.452,8.637,-0.452,5.7166,0.6004,1.2535,1.0,-0.0582,-1.419,-18.775
Car B,3235,215.6667,10,50.827,2,16.003,20.725,-0.725,5.9771,0.2717,0.7373,1.0,0.0626,1.947,18.775
Car A,3236,215.7333,10,32.431,1,26.411,9.016,-0.411,5.7341,0.262,-0.0768,1.0,-0.0436,-1.455,-18.793
Car B,3236,215.7333,10,51.225,2,15.605,20.739,-0.739,5.9603,-0.2515,0.4372,1.0,0.0605,1.534,18.793
Car A,3237,215.8,10,32.816,1,26.377,9.401,-0.377,5.8465,1.6862,-0.4067,1.0,-0.0364,-1.089,-18.805
Car B,3237,215.8,10,51.621,2,15.209,20.751,-0.751,5.9516,-0.1303,0.5795,1.0,0.0033,1.487,18.805
Car A,3238,215.8667,10,33.209,1,26.345,9.794,-0.345,5.9539,1.611,-0.3678,1.0,-0.0296,-0.891,-18.81
Car B,3238,215.8667,10,52.019,2,14.811,20.765,-0.765,5.9895,0.5686,0.0268,1.0,0.0754,0.086,18.81
Car A,3239,215.9333,10,33.606,1,26.312,10.191,-0.312,5.9754,0.3224,-0.2813,1.0,0.0056,-0.728,-18.812
Car B,3239,215.9333,10,52.418,2,14.412,20.776,-0.776,5.9871,-0.0364,0.7323,1.0,-0.0401,1.881,18.812
Car A,3240,216.0,10,34.004,1,26.277,10.589,-0.277,6.0034,0.4209,0.0659,1.0,-0.0339,0.126,-18.813
Car B,3240,216.0,10,52.817,2,14.013,20.786,-0.786,5.9884,0.0193,-0.3094,1.0,0.0769,-0.997,18.813
Car A,3241,216.0667,10,34.402,1,26.245,10.987,-0.245,5.983,-0.3062,-0.1709,0.9171,-0.0428,-0.841,-18.814
Car B,3241,216.0667,10,53.216,2,13.614,20.798,-0.798,5.9887,0.0043,0.5351,1.0,-0.0105,1.917,18.814
Car A,3242,216.1333,10,34.793,1,26.216,11.378,-0.216,5.8142,-2.5318,-0.3785,0.9798,-0.0036,-1.068,-18.822
Car B,3242,216.1333,10,53.615,2,13.215,20.807,-0.807,5.9966,0.1189,-0.1096,1.0,0.0735,-0.249,18.822
Car A,3243,216.2,10,35.182,1,26.187,11.767,-0.187,5.8703,0.8413,-0.0244,0.9632,-0.0682,-0.092,-18.833
Car B,3243,216.2,10,54.015,2,12.815,20.814,-0.814,5.9981,0.0223,0.6958,1.0,-0.0319,1.834,18.833
Car A,3244,216.2667,10,35.572,1,26.16,12.157,-0.16,5.8306,-0.5956,-0.6192,1.0,0.9664,-1.702,-18.843
Car B,3244,216.2667,10,54.415,2,12.415,20.821,-0.821,5.9975,-0.0087,-0.2877,1.0,0.0703,-0.792,18.843
Car A,3245,216.3333,10,35.959,1,26.132,12.544,-0.132,5.8317,0.0167,0.2082,1.0,0.9041,24.122,-18.856
Car B,3245,216.3333,10,54.815,2,12.015,20.829,-0.829,5.9959,-0.0235,0.562,1.0,-0.0259,1.752,18.856
Car A,3246,216.4,10,36.346,1,26.093,12.931,-0.093,5.8208,-0.1638,1.3628,1.0,1.0,22.604,-18.869
Car B,3246,216.4,10,55.214,2,11.616,20.834,-0.834,5.9948,-0.0177,-0.2554,1.0,0.0508,-0.643,18.869
Car A,3247,216.4667,10,36.73,1,26.039,13.315,-0.039,5.8092,-0.1742,2.1191,1.0,1.0,24.996,-18.884
Car B,3247,216.4667,10,55.614,2,11.216,20.84,-0.84,6.0013,0.0975,0.4944,1.0,-0.0386,1.266,18.884
Car A,3248,216.5333,10,37.111,1,25.969,13.696,0.031,5.798,-0.1672,2.7117,1.0,-0.4382,25.0,-18.903
Car B,3248,216.5333,10,56.014,2,10.816,20.845,-0.845,5.9967,-0.069,-0.3658,1.0,0.0321,-0.96,18.903
Car A,3249,216.6,10,37.499,1,25.894,14.076,0.1,5.8087,0.1604,1.4253,1.0,1.0,-10.901,-18.915
Car B,3249,216.6,10,56.414,2,10.416,20.852,-0.852,5.9982,0.0225,0.3134,1.0,-0.0619,0.8,18.915
Car A,3250,216.6667,10,37.882,1,25.811,14.454,0.153,5.8006,-0.1215,2.2375,1.0,0.6092,24.946,-18.932
Car B,3250,216.6667,10,56.814,2,10.016,20.859,-0.859,5.9953,-0.0427,-0.5359,1.0,0.0138,-1.542,18.932
Car A,3251,216.7333,10,38.264,1,25.715,14.829,0.219,5.7966,-0.0611,2.7969,1.0,0.3253,15.245,-18.949
Car B,3251,216.7333,10,57.213,2,9.617,20.868,-0.868,5.9997,0.0654,0.1389,1.0,-0.0726,0.332,18.949
Car A,3252,216.8,10,38.688,1,25.604,15.202,0.251,5.8524,0.8378,2.7007,1.0,1.0,8.142,-18.925
Car B,3252,216.8,10,57.613,2,9.217,20.879,-0.879,5.9958,-0.059,-0.6776,1.0,0.0097,-1.811,18.925
Car A,3253,216.8667,10,39.077,1,25.48,15.573,0.286,5.852,-0.0069,2.7835,1.0,0.9287,24.975,-18.936
Car B,3253,216.8667,10,58.013,2,8.817,20.891,-0.891,5.999,0.0482,0.1084,1.0,-0.0835,0.228,18.936
Car A,3254,216.9333,10,39.515,1,25.339,15.936,0.308,5.8316,-0.3048,3.5,1.0,1.0,23.22,-18.898
Car B,3254,216.9333,10,58.412,2,8.418,20.905,-0.905,5.9946,-0.0657,-0.7503,1.0,0.061,-2.083,18.898
Car A,3255,217.0,10,39.904,1,25.18,16.293,0.318,5.8229,-0.1319,3.7925,1.0,1.0,24.997,-18.907
Car B,3255,217.0,10,58.812,2,8.018,20.92,-0.92,5.9958,0.0177,0.2569,1.0,-0.0833,1.518,18.907
Car A,3256,217.0667,10,40.347,1,25.005,16.64,0.335,5.8154,-0.1124,4.0215,1.0,1.0,25.0,-18.865
Car B,3256,217.0667,10,59.211,2,7.619,20.932,-0.932,5.9933,-0.0368,-0.4611,1.0,0.0369,-2.077,18.865
Car A,3257,217.1333,10,40.736,1,24.811,16.978,0.323,5.8089,-0.0966,4.1993,1.0,1.0,25.0,-18.875
Car B,3257,217.1333,10,59.61,2,7.22,20.947,-0.947,5.9918,-0.023,0.3031,1.0,-0.0734,0.918,18.875
Car A,3258,217.2,10,41.124,1,24.601,17.305,0.331,5.8034,-0.0832,4.3384,1.0,1.0,24.999,-18.885
Car B,3258,217.2,10,60.01,2,6.821,20.962,-0.962,5.9908,-0.0146,-0.5463,1.0,0.1142,-1.831,18.885
Car A,3259,217.2667,10,41.564,1,24.374,17.621,0.304,5.7986,-0.0716,4.4471,1.0,1.0,24.999,-18.844
Car B,3259,217.2667,10,60.408,2,6.422,20.978,-0.978,5.9892,-0.024,0.3625,1.0,-0.0566,2.848,18.844
Car A,3260,217.3333,10,41.953,1,24.13,17.923,0.293,5.7945,-0.0619,4.5337,1.0,1.0,24.999,-18.855
Car B,3260,217.3333,10,60.808,2,6.023,20.991,-0.991,5.9894,0.0029,-0.3827,1.0,0.115,-1.408,18.855
Car A,3261,217.4,10,42.386,1,23.871,18.212,0.264,5.7909,-0.0533,4.6018,1.0,1.0,24.999,-18.821
Car B,3261,217.4,10,61.206,2,5.624,21.006,-1.006,5.9884,-0.0154,0.4592,1.0,-0.0525,2.868,18.821
Car A,3262,217.4667,10,42.773,1,23.596,18.487,0.234,5.7878,-0.0467,4.6563,1.0,1.0,24.999,-18.833
Car B,3262,217.4667,10,61.605,2,5.225,21.017,-1.017,5.988,-0.0057,-0.3103,1.0,0.1239,-1.307,18.833
Car A,3263,217.5333,10,43.195,1,23.307,18.746,0.207,5.785,-0.0416,4.6976,1.0,1.0,24.999,-18.81
Car B,3263,217.5333,10,62.004,2,4.826,21.031,-1.031,5.9858,-0.0322,0.4815,1.0,-0.0425,3.091,18.81
Car A,3264,217.6,10,43.58,1,23.004,18.988,0.159,5.7825,-0.0375,4.7315,1.0,1.0,24.999,-18.824
Car B,3264,217.6,10,62.403,2,4.427,21.041,-1.041,5.9872,0.0205,-0.2946,1.0,0.1408,-1.055,18.824
Car A,3265,217.6667,10,43.967,1,22.688,19.213,0.132,5.7803,-0.0331,4.7605,1.0,1.0,24.999,-18.836
Car B,3265,217.6667,10,62.802,2,4.028,21.053,-1.053,5.9859,-0.0197,0.5686,1.0,-0.0457,3.512,18.836
Car A,3266,217.7333,10,44.37,1,22.361,19.421,0.07,5.7783,-0.0311,4.7798,1.0,1.0,24.999,-18.832
Car B,3266,217.7333,10,63.201,2,3.629,21.061,-1.061,5.9866,0.0111,-0.2445,1.0,0.134,-1.135,18.832
Car A,3267,217.8,10,44.755,2,22.023,19.61,0.025,5.7764,-0.028,4.7969,1.0,1.0,24.999,-18.846
Car B,3267,217.8,10,63.6,2,3.23,21.071,-1.071,5.985,-0.024,0.5375,1.0,-0.0381,3.342,18.846
Car A,3268,217.8667,10,45.139,2,21.674,19.779,-0.029,5.7747,-0.0252,4.8108,1.0,1.0,24.999,-18.86
Car B,3268,217.8667,10,63.999,2,2.831,21.077,-1.077,5.9864,0.0206,-0.2576,1.0,0.1448,-0.946,18.86
Car A,3269,217.9333,10,45.521,2,21.317,19.929,-0.092,5.7731,-0.0248,4.8214,1.0,1.0,24.999,-18.877
Car B,3269,217.9333,10,64.398,2,2.432,21.085,-1.085,5.9853,-0.0165,0.5632,1.0,-0.0405,3.612,18.877
Car A,3270,218.0,10,45.889,2,20.952,20.059,-0.134,5.7715,-0.024,4.8291,1.0,1.0,24.999,-18.908
Car B,3270,218.0,10,64.797,2,2.033,21.09,-1.09,5.9866,0.0194,-0.2341,1.0,0.1381,-1.004,18.908
Car A,3271,218.0667,10,46.265,2,20.581,20.168,-0.213,5.77,-0.0219,4.8356,1.0,1.0,24.999,-18.931
Car B,3271,218.0667,10,65.196,2,1.634,21.096,-1.096,5.9846,-0.0294,0.5524,1.0,-0.0384,3.445,18.931
Car A,3272,218.1333,10,46.647,2,20.204,20.256,-0.272,5.7686,-0.0203,4.8413,1.0,1.0,24.999,-18.948
Car B,3272,218.1333,10,65.595,2,1.235,21.099,-1.099,5.986,0.0211,-0.2227,1.0,0.1303,-0.953,18.948
Car A,3273,218.2,10,47.008,2,19.822,20.323,-0.323,5.7673,-0.02,4.8445,1.0,1.0,24.999,-18.986
Car B,3273,218.2,10,65.994,2,0.836,21.103,-1.103,5.9847,-0.0197,0.5714,1.0,-0.0447,3.251,18.986
Car A,3274,218.2667,10,47.392,2,19.438,20.369,-0.369,5.766,-0.0203,4.8495,1.0,1.0,24.999,-19.001
Car B,3274,218.2667,10,66.393,2,0.437,21.104,-1.104,5.9854,0.0095,-0.2335,1.0,0.1245,-1.111,19.001
Car A,3275,218.3333,10,47.778,2,19.052,20.392,-0.392,5.7647,-0.0188,4.8514,1.0,1.0,24.999,-19.014
Car B,3275,218.3333,10,66.792,2,0.038,21.107,-1.107,5.9839,-0.0221,0.5678,1.0,-0.0513,3.106,19.014
Car A,3276,218.4,10,48.165,2,18.665,20.394,-0.394,5.7635,-0.0186,4.8532,1.0,1.0,24.999,-19.026
Car B,3276,218.4,10,67.191,2,-0.361,21.106,-1.106,5.9842,0.0051,-0.2401,1.0,0.1126,-1.275,19.026
Car A,3277,218.4667,10,48.551,2,18.279,20.375,-0.375,5.7622,-0.0185,4.8542,1.0,1.0,24.999,-19.038
Car B,3277,218.4667,10,67.589,2,-0.759,21.108,-1.108,5.9833,-0.0145,0.5005,1.0,-0.0467,2.808,19.038
Car A,3278,218.5333,10,48.935,2,17.895,20.333,-0.333,5.7611,-0.0172,4.8567,1.0,-0.0653,24.999,-19.053
Car B,3278,218.5333,10,67.988,2,-1.158,21.106,-1.106,5.9832,-0.0008,-0.2733,1.0,0.111,-1.16,19.053
Car A,3279,218.6,10,49.319,2,17.511,20.28,-0.28,5.8005,0.5915,3.3271,1.0,-0.2737,-1.592,-19.068
Car B,3279,218.6,10,68.387,2,-1.557,21.106,-1.106,5.9819,-0.0196,0.5111,1.0,-0.0744,2.769,19.068
Car A,3280,218.6667,10,49.704,2,17.126,20.231,-0.231,5.8298,0.439,1.173,1.0,-0.2728,-6.834,-19.082
Car B,3280,218.6667,10,68.786,2,-1.956,21.103,-1.103,5.9818,-0.0015,-0.2873,1.0,0.0546,-1.852,19.082
Car A,3281,218.7333,10,50.091,2,16.739,20.193,-0.193,5.8364,0.0989,-0.1687,1.0,-0.2692,-6.819,-19.093
Car B,3281,218.7333,10,69.185,2,-2.355,21.103,-1.103,5.9825,0.0108,0.4412,1.0,-0.0811,1.359,19.093
Car A,3282,218.8,10,50.48,2,16.35,20.168,-0.168,5.8352,-0.0175,-1.1664,1.0,-0.2469,-6.729,-19.104
Car B,3282,218.8,10,69.583,2,-2.753,21.102,-1.102,5.9826,0.0015,-0.4381,1.0,0.0941,-2.021,19.104
Car A,3283,218.8667,10,50.869,2,15.961,20.157,-0.157,5.8401,0.0727,-1.8976,1.0,-0.1185,-6.172,-19.113
Car B,3283,218.8667,10,69.982,2,-3.152,21.103,-1.103,5.9816,-0.0152,0.3428,1.0,-0.0567,2.344,19.113
Car A,3284,218.9333,10,51.26,2,15.57,20.151,-0.151,5.8781,0.5703,-1.1221,1.0,-0.0457,-2.964,-19.121
Car B,3284,218.9333,10,70.381,2,-3.551,21.101,-1.101,5.9809,-0.011,-0.3786,1.0,0.0574,-1.412,19.121
Car A,3285,219.0,10,51.653,2,15.177,20.143,-0.143,5.9334,0.8302,-0.4347,1.0,-0.0756,-1.148,-19.127
Car B,3285,219.0,10,70.78,2,-3.949,21.101,-1.101,5.9814,0.0085,0.4322,1.0,-0.1196,1.431,19.127
Car A,3286,219.0667,10,52.049,2,14.782,20.137,-0.137,5.9319,-0.0228,-0.7686,1.0,0.0886,-1.868,-19.13
Car B,3286,219.0667,10,71.178,2,-4.348,21.1,-1.1,5.9804,-0.0157,-0.4308,1.0,0.0359,-2.983,19.13
Car A,3287,219.1333,10,52.444,2,14.386,20.129,-0.129,5.9357,0.0575,0.2708,1.0,-0.0739,2.209,-19.133
Car B,3287,219.1333,10,71.577,2,-4.747,21.102,-1.102,5.9848,0.0657,0.299,1.0,-0.0828,0.891,19.133
Car A,3288,219.2,10,52.84,2,13.99,20.118,-0.118,5.9395,0.057,-0.4245,1.0,0.02,-1.842,-19.136
Car B,3288,219.2,10,71.976,2,-5.146,21.103,-1.103,5.9839,-0.0139,-0.5864,1.0,0.0894,-2.064,19.136
Car A,3289,219.2667,10,53.236,2,13.594,20.11,-0.11,5.9692,0.4453,0.1987,1.0,-0.09,0.494,-19.139
Car B,3289,219.2667,10,72.375,2,-5.545,21.107,-1.107,5.9824,-0.0218,0.3091,1.0,-0.0826,2.229,19.139
Car A,3290,219.3333,10,53.634,2,13.196,20.103,-0.103,5.9687,-0.0074,-0.6584,1.0,0.1007,-2.245,-19.139
Car B,3290,219.3333,10,72.774,2,-5.943,21.107,-1.107,5.982,-0.0066,-0.4218,1.0,0.0503,-2.057,19.139
Car A,3291,219.4,10,54.032,2,12.798,20.098,-0.098,5.9691,0.0061,0.2542,1.0,-0.0457,2.509,-19.14
Car B,3291,219.4,10,73.172,2,-6.342,21.111,-1.111,5.9822,0.0043,0.367,1.0,-0.0902,1.251,19.14
Car A,3292,219.4667,10,54.43,2,12.4,20.09,-0.09,5.9759,0.1011,-0.4137,1.0,0.0606,-1.137,-19.141
Car B,3292,219.4667,10,73.571,2,-6.741,21.113,-1.113,5.9817,-0.0089,-0.4754,1.0,0.0759,-2.25,19.141
Car A,3293,219.5333,10,54.828,2,12.002,20.083,-0.083,5.9768,0.0142,0.4966,1.0,-0.1228,1.511,-19.141
Car B,3293,219.5333,10,73.97,2,-7.14,21.117,-1.117,5.981,-0.0091,0.3187,1.0,-0.0688,1.892,19.141
Car A,3294,219.6,10,55.227,2,11.604,20.074,-0.074,5.9768,0.0004,-0.4104,1.0,0.0032,-3.063,-19.142
Car B,3294,219.6,10,74.368,2,-7.538,21.119,-1.119,5.9812,0.002,-0.4062,1.0,0.0794,-1.714,19.142
Car A,3295,219.6667,10,55.625,2,11.205,20.069,-0.069,5.9947,0.2678,0.0516,1.0,-0.0632,0.07,-19.142
Car B,3295,219.6667,10,74.767,2,-7.937,21.123,-1.123,5.979,-0.032,0.3957,1.0,-0.0913,1.978,19.142
Car A,3296,219.7333,10,56.025,2,10.805,20.066,-0.066,6.0018,0.1072,-0.613,1.0,0.1411,-1.578,-19.141
Car B,3296,219.7333,10,75.166,2,-8.335,21.124,-1.124,5.9787,-0.0052,-0.3841,1.0,0.0675,-2.276,19.141
Car A,3297,219.8,10,56.425,2,10.405,20.063,-0.063,6.0028,0.0149,0.3781,1.0,-0.0557,3.52,-19.139
Car B,3297,219.8,10,75.564,2,-8.734,21.129,-1.129,5.9793,0.0084,0.3725,1.0,-0.0823,1.682,19.139
Car A,3298,219.8667,10,56.825,2,10.005,20.056,-0.056,6.0024,-0.0069,-0.3685,1.0,0.0533,-1.385,-19.137
Car B,3298,219.8667,10,75.963,2,-9.132,21.131,-1.131,5.978,-0.0195,-0.4109,1.0,0.0879,-2.052,19.137
Car A,3299,219.9333,10,57.225,2,9.605,20.052,-0.052,5.9982,-0.0628,0.465,1.0,-0.1052,1.327,-19.136
Car B,3299,219.9333,10,76.361,2,-9.531,21.135,-1.135,5.9768,-0.018,0.3635,1.0,-0.0698,2.19,19.136
Car A,3300,220.0,10,57.625,2,9.205,20.046,-0.046,5.9979,-0.0039,-0.4534,1.0,0.0469,-2.625,-19.134
Car B,3300,220.0,10,76.759,2,-9.929,21.137,-1.137,5.9777,0.0144,-0.3704,1.0,0.0936,-1.738,19.134
Car A,3301,220.0667,10,58.025,2,8.805,20.043,-0.043,5.997,-0.0131,0.3262,1.0,-0.0752,1.167,-19.133
Car B,3301,220.0667,10,77.158,2,-10.328,21.141,-1.141,5.9761,-0.0239,0.4013,1.0,-0.0761,2.333,19.133
Car A,3302,220.1333,10,58.424,2,8.406,20.039,-0.039,5.9949,-0.0329,-0.4988,1.0,0.0854,-1.876,-19.132
Car B,3302,220.1333,10,77.556,2,-10.726,21.142,-1.142,5.9766,0.0074,-0.356,1.0,0.099,-1.895,19.132
Car A,3303,220.2,10,58.824,2,8.006,20.037,-0.037,5.9928,-0.0313,0.342,1.0,-0.0607,2.128,-19.131
Car B,3303,220.2,10,77.954,2,-11.124,21.146,-1.146,5.9756,-0.0155,0.4266,1.0,-0.0799,2.467,19.131
Car A,3304,220.2667,10,59.223,2,7.607,20.032,-0.032,5.9917,-0.0157,-0.3972,1.0,0.0537,-1.512,-19.13
Car B,3304,220.2667,10,78.353,2,-11.523,21.146,-1.146,5.9757,0.0017,-0.3379,1.0,0.1003,-1.991,19.13
Car A,3305,220.3333,10,59.623,2,7.208,20.029,-0.029,5.9901,-0.0248,0.4169,1.0,-0.0927,1.336,-19.129
Car B,3305,220.3333,10,78.751,2,-11.921,21.15,-1.15,5.9756,-0.0014,0.3989,1.0,-0.068,2.5,19.129
Car A,3306,220.4,10,60.022,2,6.808,20.024,-0.024,5.989,-0.0169,-0.4517,1.0,0.0527,-2.312,-19.128
Car B,3306,220.4,10,79.149,2,-12.319,21.15,-1.15,5.9761,0.0071,-0.3475,1.0,0.1086,-1.694,19.128
Car A,3307,220.4667,10,60.421,2,6.409,20.023,-0.023,5.9896,0.0093,0.3178,1.0,-0.0665,1.311,-19.127
Car B,3307,220.4667,10,79.548,2,-12.718,21.153,-1.153,5.9743,-0.0272,0.4214,1.0,-0.0759,2.708,19.127
Car A,3308,220.5333,10,60.82,2,6.01,20.019,-0.019,5.9877,-0.0276,-0.4697,1.0,0.0798,-1.658,-19.126
Car B,3308,220.5333,10,79.946,2,-13.116,21.152,-1.152,5.9755,0.0183,-0.3435,1.0,0.1081,-1.89,19.126
Car A,3309,220.6,10,61.219,2,5.611,20.018,-0.018,5.9854,-0.035,0.4134,1.0,-0.077,1.988,-19.125
Car B,3309,220.6,10,80.344,2,-13.514,21.155,-1.155,5.9737,-0.0276,0.436,1.0,-0.0809,2.694,19.125
Car A,3310,220.6667,10,61.618,2,5.212,20.013,-0.013,5.985,-0.0063,-0.3665,1.0,0.0326,-1.918,-19.124
Car B,3310,220.6667,10,80.742,2,-13.912,21.154,-1.154,5.9746,0.0145,-0.3326,1.0,0.1053,-2.016,19.124
Car A,3311,220.7333,10,62.017,2,4.813,20.012,-0.012,5.9893,0.0645,0.3158,1.0,-0.075,0.81,-19.124
Car B,3311,220.7333,10,81.141,2,-14.311,21.156,-1.156,5.974,-0.0097,0.4055,1.0,-0.075,2.624,19.124
Car A,3312,220.8,10,62.416,2,4.414,20.01,-0.01,5.9892,-0.0015,-0.5636,1.0,0.1139,-1.87,-19.122
Car B,3312,220.8,10,81.539,2,-14.709,21.155,-1.155,5.9741,0.0013,-0.359,1.0,0.1069,-1.867,19.122
Car A,3313,220.8667,10,62.816,2,4.014,20.011,-0.011,5.9884,-0.0112,0.3366,1.0,-0.0409,2.84,-19.121
Car B,3313,220.8667,10,81.937,2,-15.107,21.157,-1.157,5.9731,-0.0138,0.402,1.0,-0.0713,2.665,19.121
Car A,3314,220.9333,10,63.215,2,3.615,20.007,-0.007,5.9899,0.0226,-0.3702,1.0,0.0695,-1.015,-19.12
Car B,3314,220.9333,10,82.335,2,-15.505,21.156,-1.156,5.9744,0.0184,-0.3651,1.0,0.2271,-1.776,19.12
Car A,3315,221.0,10,63.614,2,3.216,20.005,-0.005,5.9913,0.0198,0.5389,1.0,-0.1078,1.734,-19.119
Car B,3315,221.0,10,82.733,2,-15.903,21.157,-1.157,5.9708,-0.0534,0.4526,1.0,-0.1167,5.666,19.119
Car A,3316,221.0667,10,64.013,2,2.817,20.001,-0.001,5.9886,-0.0394,-0.3769,1.0,0.0117,-2.689,-19.118
Car B,3316,221.0667,10,83.131,2,-16.301,21.154,-1.154,5.9716,0.0117,-0.3294,1.0,0.2528,-2.903,19.118
Car A,3317,221.1333,10,64.413,2,2.417,20.0,-0.0,5.9985,0.1481,0.1234,1.0,-0.0541,0.276,-19.117
Car B,3317,221.1333,10,83.529,2,-16.699,21.155,-1.155,5.9698,-0.0275,0.4358,1.0,-0.2011,6.305,19.117
Car A,3318,221.2,10,64.813,2,2.017,20.001,-0.001,5.9851,-0.2015,-0.5483,1.0,0.1275,-1.349,-19.115
Car B,3318,221.2,10,83.927,2,-17.097,21.152,-1.152,5.97,0.0028,-0.3447,1.0,0.2002,-5.01,19.115
Car A,3319,221.2667,10,65.212,2,1.618,20.0,-0.0,5.9864,0.0204,0.4756,1.0,-0.0728,3.181,-19.114
Car B,3319,221.2667,10,84.325,2,-17.495,21.152,-1.152,5.9688,-0.0179,0.4075,1.0,-0.2102,4.989,19.114
Car A,3320,221.3333,10,65.611,2,1.219,19.997,0.003,5.9862,-0.0042,-0.3265,1.0,0.0244,-1.811,-19.112
Car B,3320,221.3333,10,84.723,2,-17.893,21.149,-1.149,5.9691,0.0056,-0.3695,1.0,0.6539,-5.239,19.112
Car A,3321,221.4,10,66.01,2,0.82,19.996,0.004,5.9912,0.0753,0.2409,1.0,-0.0643,0.605,-19.111
Car B,3321,221.4,10,85.121,2,-18.29,21.15,-1.15,5.9665,-0.0396,0.0981,1.0,0.5559,16.316,19.111
Car A,3322,221.4667,10,66.409,2,0.421,19.997,0.003,5.9942,0.0452,-0.5787,1.0,0.1224,-1.602,-19.108
Car B,3322,221.4667,10,85.518,2,-18.688,21.138,-1.138,5.9567,-0.1462,1.339,1.0,0.3429,13.9,19.108
Car A,3323,221.5333,10,66.809,2,0.021,19.998,0.002,5.9944,0.0038,0.3968,1.0,-0.0678,3.052,-19.105
Car B,3323,221.5333,10,85.914,2,-19.084,21.112,-1.112,5.9505,-0.093,2.074,1.0,0.9663,8.58,19.105
Car A,3324,221.6,10,67.209,2,-0.379,19.995,0.005,5.9941,-0.0049,-0.3584,1.0,0.0124,-1.687,-19.1
Car B,3324,221.6,10,86.309,2,-19.479,21.071,-1.071,5.9378,-0.1918,2.712,1.0,0.9388,24.133,19.1
Car A,3325,221.6667,10,67.608,2,-0.778,19.997,0.003,5.9916,-0.038,0.1108,1.0,-0.0765,0.298,-19.092
Car B,3325,221.6667,10,86.701,2,-19.871,21.013,-1.013,5.9258,-0.1792,3.1689,1.0,0.7637,23.47,19.092
Car A,3326,221.7333,10,68.008,2,-1.178,20.0,-0.0,5.9916,-0.0002,-0.7181,1.0,0.0931,-1.907,-19.007
Car B,3326,221.7333,10,87.015,2,-20.259,20.937,-0.954,5.9176,-0.1229,3.5317,1.0,0.8985,19.098,19.007
Car A,3327,221.8,10,68.407,2,-1.577,20.005,-0.005,5.9922,0.0096,0.3257,1.0,-0.1024,2.32,-18.998
Car B,3327,221.8,10,87.405,2,-20.643,20.843,-0.891,5.909,-0.1292,3.8269,1.0,0.52,22.458,18.998
Car A,3328,221.8667,10,68.806,2,-1.976,20.005,-0.005,5.9912,-0.0154,-0.4134,1.0,-0.0867,-2.551,-18.965
Car B,3328,221.8667,10,87.772,2,-21.022,20.73,-0.808,5.9158,0.1015,3.9713,1.0,1.0,13.012,18.965
Car A,3329,221.9333,10,69.206,2,-2.376,20.017,-0.017,5.9843,-0.1037,-0.8698,1.0,-0.017,-2.167,-18.853
Car B,3329,221.9333,10,88.059,2,-21.396,20.6,-0.762,5.9072,-0.1278,4.1432,1.0,1.0,24.981,18.853
Car A,3330,222.0,10,69.606,2,-2.776,20.027,-0.027,6.018,0.5057,-0.3228,1.0,-0.1134,-0.421,-18.844
Car B,3330,222.0,10,88.45,2,-21.762,20.45,-0.702,5.9003,-0.1043,4.3091,1.0,1.0,24.999,18.844
Car A,3331,222.0667,10,70.006,2,-3.176,20.042,-0.042,6.0107,-0.109,-0.9995,0.9569,0.0698,-2.831,-18.732
Car B,3331,222.0667,10,88.738,2,-22.119,20.282,-0.633,5.894,-0.0944,4.4249,1.0,1.0,24.999,18.732
Car A,3332,222.1333,10,70.406,2,-3.576,20.058,-0.058,5.9911,-0.2934,0.0519,1.0,0.0525,1.739,-18.725
Car B,3332,222.1333,10,89.131,3,-22.467,20.095,-0.594,5.8883,-0.0848,4.5158,1.0,1.0,24.999,18.725
Car A,3333,222.2,10,70.805,2,-3.975,20.065,-0.065,5.9733,-0.2671,0.5162,1.0,0.0271,1.305,-18.715
Car B,3333,222.2,10,89.521,3,-22.804,19.89,-0.534,5.8833,-0.0756,4.5878,1.0,1.0,24.999,18.715
Car A,3334,222.2667,10,71.205,2,-4.375,20.072,-0.072,6.0168,0.6526,0.219,1.0,0.0512,0.668,-18.628
Car B,3334,222.2667,10,89.833,3,-23.13,19.668,-0.487,5.8788,-0.0679,4.6437,1.0,1.0,24.999,18.628
Car A,3335,222.3333,10,71.606,2,-4.776,20.077,-0.077,5.9924,-0.367,0.5048,1.0,0.0302,1.275,-18.619
Car B,3335,222.3333,10,90.224,3,-23.443,19.429,-0.446,5.8746,-0.0633,4.6865,1.0,1.0,24.999,18.619
Car A,3336,222.4,10,72.005,2,-5.175,20.08,-0.08,5.9785,-0.2089,0.2019,1.0,0.0381,0.747,-18.591
Car B,3336,222.4,10,90.596,3,-23.742,19.173,-0.385,5.8707,-0.0582,4.7228,1.0,1.0,24.999,18.591
Car A,3337,222.4667,10,72.403,2,-5.573,20.082,-0.082,5.9988,0.3059,0.3666,1.0,0.0266,0.947,-18.542
Car B,3337,222.4667,10,90.946,3,-24.027,18.902,-0.361,5.867,-0.0547,4.7518,1.0,1.0,24.999,18.542
Car A,3338,222.5333,10,72.804,2,-5.974,20.083,-0.083,6.0212,0.3353,0.1837,1.0,0.0306,0.655,-18.533
Car B,3338,222.5333,10,91.337,3,-24.297,18.615,-0.319,5.8637,-0.0502,4.7754,1.0,1.0,24.999,18.533
Car A,3339,222.6,10,73.206,2,-6.375,20.083,-0.083,6.0211,-0.0012,0.3229,1.0,0.0186,0.749,-18.477
Car B,3339,222.6,10,91.683,3,-24.55,18.315,-0.281,5.8605,-0.0481,4.7904,1.0,1.0,24.999,18.477
Car A,3340,222.6667,10,73.605,2,-6.775,20.083,-0.083,5.9871,-0.5096,0.1233,1.0,0.0128,0.462,-18.469
Car B,3340,222.6667,10,92.075,3,-24.787,18.001,-0.257,5.8574,-0.0457,4.8034,1.0,1.0,24.999,18.469
Car A,3341,222.7333,10,74.005,2,-7.174,20.082,-0.082,5.9881,0.0137,0.1187,1.0,0.0077,0.318,-18.46
Car B,3341,222.7333,10,92.465,3,-25.005,17.675,-0.211,5.8545,-0.0437,4.8152,1.0,0.9712,24.999,18.46
Car A,3342,222.8,10,74.404,2,-7.574,20.081,-0.081,5.9991,0.1655,0.0769,1.0,0.0087,0.189,-18.42
Car B,3342,222.8,10,92.825,3,-25.205,17.337,-0.2,5.852,-0.0379,4.8208,1.0,1.0,24.28,18.42
Car A,3343,222.8667,10,74.804,2,-7.974,20.081,-0.081,6.0034,0.0652,0.0362,1.0,0.0094,0.211,-18.412
Car B,3343,222.8667,10,93.216,3,-25.387,16.989,-0.173,5.8492,-0.0415,4.8323,1.0,1.0,24.998,18.412
Car A,3344,222.9333,10,75.205,2,-8.374,20.08,-0.08,6.0041,0.0106,0.0387,1.0,0.0087,0.228,-18.379
Car B,3344,222.9333,10,93.583,3,-25.548,16.632,-0.152,5.8466,-0.0391,4.8373,1.0,1.0,24.999,18.379
Car A,3345,223.0,10,75.605,2,-8.775,20.079,-0.079,6.0059,0.0264,0.0307,1.0,0.0075,0.212,-18.37
Car B,3345,223.0,10,93.975,3,-25.69,16.266,-0.143,5.844,-0.039,4.8413,1.0,1.0,24.999,18.37
Car A,3346,223.0667,10,76.005,2,-9.175,20.078,-0.078,6.0059,-0.0005,0.0539,1.0,0.004,0.184,-18.357
Car B,3346,223.0667,10,94.362,3,-25.811,15.893,-0.112,5.8415,-0.0378,4.844,1.0,0.2975,24.999,18.357
Car A,3347,223.1333,10,76.406,2,-9.576,20.076,-0.076,6.0071,0.0187,0.0325,1.0,0.0003,0.1,-18.335
Car B,3347,223.1333,10,94.741,3,-25.92,15.516,-0.129,5.8895,0.7207,3.072,1.0,0.2905,7.463,18.335
Car A,3348,223.2,10,76.807,2,-9.976,20.074,-0.074,6.0064,-0.0109,0.0225,1.0,-0.0067,0.011,-18.33
Car B,3348,223.2,10,95.137,3,-26.029,15.135,-0.145,5.9677,1.1725,2.6495,1.0,-0.1285,7.261,18.33
Car A,3349,223.2667,10,77.207,2,-10.377,20.073,-0.073,6.0014,-0.0753,-0.0021,1.0,-0.0052,-0.16,-18.301
Car B,3349,223.2667,10,95.508,3,-26.134,14.75,-0.193,5.9791,0.1709,1.1999,1.0,0.7229,-3.196,18.301
Car A,3350,223.3333,10,77.607,2,-10.777,20.072,-0.072,6.0039,0.038,-0.0768,1.0,0.0019,-0.127,-18.292
Car B,3350,223.3333,10,95.898,3,-26.241,14.367,-0.269,5.9756,-0.0522,1.3028,1.0,0.598,18.041,18.292
Car A,3351,223.4,10,78.007,2,-11.177,20.072,-0.072,6.0068,0.0428,0.0002,1.0,0.0034,0.041,-18.258
Car B,3351,223.4,10,96.266,3,-26.333,13.98,-0.333,5.9616,-0.2106,2.2965,1.0,0.7658,14.956,18.258
Car A,3352,223.4667,10,78.408,2,-11.577,20.071,-0.071,6.0026,-0.0624,-0.0009,1.0,0.0025,0.081,-18.248
Car B,3352,223.4667,10,96.656,3,-26.41,13.589,-0.41,5.9512,-0.1556,2.8615,1.0,0.6623,19.137,18.248
Car A,3353,223.5333,10,78.808,2,-11.977,20.07,-0.07,6.001,-0.0239,0.0223,1.0,-0.004,0.06,-18.241
Car B,3353,223.5333,10,97.049,3,-26.469,13.196,-0.469,5.9432,-0.1207,3.2921,1.0,0.3496,16.56,18.241
Car A,3354,223.6,10,79.208,2,-12.378,20.069,-0.069,6.0035,0.0376,-0.0193,1.0,-0.0092,-0.096,-18.237
Car B,3354,223.6,10,97.445,3,-26.515,12.8,-0.515,5.9866,0.6509,3.0112,1.0,0.0653,8.75,18.237
Car A,3355,223.6667,10,79.608,2,-12.778,20.068,-0.068,6.0046,0.0168,-0.036,1.0,-0.0156,-0.223,-18.235
Car B,3355,223.6667,10,97.843,3,-26.556,12.402,-0.556,6.0062,0.295,1.5289,1.0,0.1267,1.644,18.235
Car A,3356,223.7333,10,80.009,2,-13.179,20.069,-0.069,6.0165,0.178,-0.195,1.0,-0.013,-0.368,-18.232
Car B,3356,223.7333,10,98.241,3,-26.6,12.004,-0.6,6.0126,0.0958,1.2086,1.0,0.1198,3.165,18.232
Car A,3357,223.8,10,80.409,2,-13.579,20.07,-0.07,5.9921,-0.3654,-0.0784,1.0,-0.035,-0.319,-18.232
Car B,3357,223.8,10,98.641,3,-26.639,11.604,-0.639,6.0446,0.4796,1.1684,1.0,0.1175,2.994,18.232
Car A,3358,223.8667,10,80.808,2,-13.978,20.073,-0.073,6.0044,0.1832,-0.3428,1.0,-0.015,-0.869,-18.233
Car B,3358,223.8667,10,99.041,3,-26.674,11.204,-0.674,6.0358,-0.1316,1.1481,1.0,0.1137,2.938,18.233
Car A,3359,223.9333,10,81.208,2,-14.378,20.077,-0.077,5.9995,-0.0723,-0.1552,1.0,-0.0464,-0.371,-18.233
Car B,3359,223.9333,10,99.441,3,-26.704,10.804,-0.704,6.0023,-0.5022,1.103,1.0,0.1039,2.842,18.233
Car A,3360,224.0,10,81.608,2,-14.778,20.084,-0.084,6.0221,0.3392,-0.4847,1.0,0.0098,-1.154,-18.233
Car B,3360,224.0,10,99.842,3,-26.729,10.403,-0.729,6.0305,0.4228,1.0216,1.0,0.11,2.598,18.233
Car A,3361,224.0667,10,82.009,2,-15.179,20.089,-0.089,6.0142,-0.1192,0.1755,1.0,-0.0097,0.231,-18.234
Car B,3361,224.0667,10,100.243,3,-26.75,10.002,-0.75,6.0604,0.4476,1.0847,1.0,0.1292,2.748,18.234
Car A,3362,224.1333,10,82.41,2,-15.58,20.094,-0.094,6.0031,-0.167,0.0535,1.0,0.0418,-0.229,-18.238
Car B,3362,224.1333,10,100.647,3,-26.765,9.598,-0.765,6.0773,0.254,1.2854,1.0,0.1044,3.226,18.238
Car A,3363,224.2,10,82.81,2,-15.98,20.095,-0.095,5.9842,-0.283,0.4421,1.0,0.7485,1.034,-18.243
Car B,3363,224.2,10,101.052,3,-26.777,9.193,-0.777,6.0794,0.0318,1.0196,1.0,0.1128,2.602,18.243
Car A,3364,224.2667,10,83.208,2,-16.378,20.09,-0.09,5.9849,0.0109,0.8986,1.0,0.4554,18.686,-18.249
Car B,3364,224.2667,10,101.457,3,-26.783,8.788,-0.783,6.0791,-0.0042,1.1398,1.0,0.1974,2.814,18.249
Car A,3365,224.3333,10,83.606,2,-16.776,20.069,-0.069,5.9701,-0.2221,2.0026,1.0,-0.1509,11.396,-18.256
Car B,3365,224.3333,10,101.862,3,-26.781,8.383,-0.781,6.0667,-0.1862,1.7374,1.0,-0.0613,4.93,18.256
Car A,3366,224.4,10,84.004,2,-17.174,20.043,-0.043,5.9785,0.1256,0.8355,1.0,0.3292,-3.749,-18.263
Car B,3366,224.4,10,102.267,3,-26.774,7.978,-0.774,6.07,0.0492,0.5094,1.0,1.0,-1.523,18.263
Car A,3367,224.4667,10,84.402,2,-17.572,20.018,-0.018,5.9748,-0.0558,1.2557,0.9163,-0.1562,8.21,-18.269
Car B,3367,224.4667,10,102.67,3,-26.768,7.575,-0.768,6.0563,-0.2053,0.9177,1.0,0.7254,24.96,18.269
Car A,3368,224.5333,10,84.799,2,-17.968,19.989,0.011,5.9661,-0.1303,0.2728,0.9763,0.1216,-3.887,-18.275
Car B,3368,224.5333,10,103.074,3,-26.75,7.172,-0.75,6.0442,-0.1816,1.9207,1.0,1.0,18.145,18.275
Car A,3369,224.6,10,85.195,2,-18.365,19.962,0.038,5.9589,-0.1078,0.8295,0.822,-0.197,3.03,-18.28
Car B,3369,224.6,10,103.475,3,-26.716,6.77,-0.716,6.0297,-0.2184,2.5893,1.0,0.7542,24.989,18.28
Car A,3370,224.6667,10,85.589,2,-18.758,19.932,0.068,5.9069,-0.7796,-0.1195,0.9957,-0.294,-4.913,-18.285
Car B,3370,224.6667,10,103.874,3,-26.665,6.371,-0.665,6.0191,-0.1582,3.0664,1.0,0.2586,18.864,18.285
Car A,3371,224.7333,10,85.982,2,-19.152,19.914,0.086,5.9045,-0.0371,-1.1106,1.0,1.0,-7.346,-18.263
Car B,3371,224.7333,10,104.245,3,-26.604,5.973,-0.605,6.0438,0.3696,2.4211,1.0,0.9608,6.482,18.263
Car A,3372,224.8,10,86.374,2,-19.544,19.899,0.101,5.8933,-0.1675,-0.1984,1.0,1.0,24.951,-18.251
Car B,3372,224.8,10,104.625,3,-26.532,5.577,-0.564,6.0407,-0.0463,2.5318,1.0,0.9609,23.992,18.251
Car A,3373,224.8667,10,86.766,2,-19.936,19.875,0.125,5.8843,-0.1344,1.0276,1.0,1.0,24.999,-18.257
Car B,3373,224.8667,10,105.024,3,-26.443,5.184,-0.506,6.0171,-0.3531,3.316,1.0,1.0,24.021,18.257
Car A,3374,224.9333,10,87.168,2,-20.326,19.835,0.139,5.8715,-0.193,1.8824,1.0,1.0,25.0,-18.18
Car B,3374,224.9333,10,105.348,3,-26.336,4.797,-0.46,6.0053,-0.1775,3.6644,1.0,1.0,24.998,18.18
Car A,3375,225.0,10,87.559,2,-20.714,19.78,0.164,5.8591,-0.1853,2.5246,1.0,1.0,25.0,-18.189
Car B,3375,225.0,10,105.748,3,-26.211,4.416,-0.428,5.9947,-0.1588,3.9299,1.0,1.0,25.0,18.189
Car A,3376,225.0667,10,87.978,2,-21.098,19.708,0.175,5.8476,-0.172,3.0422,1.0,1.0,25.0,-18.151
Car B,3376,225.0667,10,106.128,3,-26.067,4.041,-0.376,5.9853,-0.1409,4.1341,1.0,1.0,25.0,18.151
Car A,3377,225.1333,10,88.368,2,-21.478,19.619,0.173,5.8371,-0.1574,3.4345,1.0,1.0,25.0,-18.119
Car B,3377,225.1333,10,106.487,3,-25.905,3.675,-0.364,5.977,-0.125,4.2882,1.0,1.0,25.0,18.119
Car A,3378,225.2,10,88.787,2,-21.853,19.512,0.18,5.828,-0.1377,3.7489,1.0,1.0,25.0,-18.099
Car B,3378,225.2,10,106.886,3,-25.725,3.318,-0.334,5.9695,-0.1123,4.4082,1.0,1.0,24.999,18.099
Car A,3379,225.2667,10,89.176,3,-22.223,19.387,0.154,5.8202,-0.1163,3.9857,1.0,1.0,25.0,-18.059
Car B,3379,225.2667,10,107.235,3,-25.527,2.971,-0.314,5.9627,-0.102,4.5033,1.0,1.0,24.999,18.059
Car A,3380,225.3333,10,89.565,3,-22.585,19.243,0.149,5.8135,-0.1001,4.1718,1.0,1.0,25.0,-18.069
Car B,3380,225.3333,10,107.634,3,-25.311,2.635,-0.305,5.9565,-0.0931,4.5768,1.0,1.0,24.999,18.069
Car A,3381,225.4,10,89.976,3,-22.938,19.081,0.114,5.8078,-0.0867,4.3182,1.0,1.0,24.999,-18.035
Car B,3381,225.4,10,108.011,3,-25.078,2.311,-0.276,5.9508,-0.0855,4.6343,1.0,1.0,24.999,18.035
Car A,3382,225.4667,10,90.364,3,-23.283,18.9,0.088,5.8029,-0.0734,4.431,1.0,1.0,24.999,-18.023
Car B,3382,225.4667,10,108.387,3,-24.828,2.001,-0.287,5.9455,-0.08,4.6818,1.0,1.0,24.999,18.023
Car A,3383,225.5333,10,90.764,3,-23.617,18.701,0.057,5.7986,-0.0635,4.5193,1.0,1.0,24.999,-18.021
Car B,3383,225.5333,10,108.786,3,-24.562,1.704,-0.278,5.9405,-0.0739,4.7161,1.0,1.0,24.999,18.021
Car A,3384,225.6,10,91.15,3,-23.94,18.485,0.012,5.7949,-0.0562,4.5911,1.0,1.0,24.999,-17.991
Car B,3384,225.6,10,109.141,3,-24.281,1.422,-0.28,5.9358,-0.0711,4.7467,1.0,1.0,24.999,17.991
Car A,3385,225.6667,10,91.538,3,-24.251,18.252,-0.012,5.7916,-0.049,4.6457,1.0,1.0,24.999,-18.001
Car B,3385,225.6667,10,109.539,3,-23.985,1.156,-0.29,5.9314,-0.0666,4.7683,1.0,1.0,24.999,18.001
Car A,3386,225.7333,10,91.919,3,-24.548,18.002,-0.076,5.7888,-0.0427,4.691,1.0,1.0,24.999,-17.975
Car B,3386,225.7333,10,109.894,3,-23.676,0.907,-0.282,5.9271,-0.0641,4.7867,1.0,1.0,24.999,17.975
Car A,3387,225.8,10,92.305,3,-24.831,17.737,-0.119,5.7862,-0.0386,4.7263,1.0,1.0,24.999,-17.983
Car B,3387,225.8,10,110.288,3,-23.354,0.675,-0.311,5.923,-0.0611,4.8005,1.0,1.0,24.999,17.983
Car A,3388,225.8667,10,92.668,3,-25.099,17.456,-0.172,5.7839,-0.0346,4.7551,1.0,1.0,24.999,-18.017
Car B,3388,225.8667,10,110.685,3,-23.019,0.461,-0.319,5.9191,-0.059,4.8115,1.0,1.0,24.999,18.017
Car A,3389,225.9333,10,93.051,3,-25.351,17.161,-0.233,5.7818,-0.032,4.7766,1.0,1.0,24.999,-17.98
Car B,3389,225.9333,10,111.031,3,-22.674,0.265,-0.34,5.9152,-0.0581,4.8209,1.0,1.0,24.999,17.98
Car A,3390,226.0,10,93.421,3,-25.586,16.852,-0.272,5.7798,-0.0287,4.7943,1.0,1.0,24.999,-18.006
Car B,3390,226.0,10,111.426,3,-22.319,0.089,-0.367,5.9115,-0.0554,4.8278,1.0,1.0,24.999,18.006
Car A,3391,226.0667,10,93.774,3,-25.804,16.531,-0.349,5.778,-0.0273,4.8096,1.0,1.0,24.999,-18.004
Car B,3391,226.0667,10,111.777,3,-21.955,-0.068,-0.375,5.9079,-0.0548,4.8327,1.0,0.9192,24.999,18.004
Car A,3392,226.1333,10,94.157,3,-26.003,16.199,-0.406,5.7764,-0.0247,4.8193,1.0,1.0,24.999,-18.0
Car B,3392,226.1333,10,112.157,3,-21.583,-0.204,-0.421,5.9051,-0.0409,4.8289,1.0,1.0,22.982,18.0
Car A,3393,226.2,10,94.472,3,-26.183,15.856,-0.464,5.7747,-0.0245,4.8281,1.0,1.0,24.999,-18.08
Car B,3393,226.2,10,112.552,3,-21.204,-0.32,-0.445,5.9015,-0.0545,4.8449,1.0,0.9777,24.996,18.08
Car A,3394,226.2667,10,94.852,3,-26.344,15.504,-0.538,5.7732,-0.0228,4.8354,1.0,1.0,24.999,-18.023
Car B,3394,226.2667,10,112.875,3,-20.82,-0.415,-0.478,5.8984,-0.0466,4.8405,1.0,1.0,24.443,18.023
Car A,3395,226.3333,10,95.236,3,-26.485,15.143,-0.591,5.7717,-0.0223,4.841,1.0,1.0,24.999,-18.032
Car B,3395,226.3333,10,113.268,3,-20.432,-0.488,-0.52,5.895,-0.0503,4.8445,1.0,0.8557,24.999,18.032
Car A,3396,226.4,10,95.52,3,-26.605,14.775,-0.664,5.7704,-0.0209,4.8459,1.0,1.0,24.999,-18.14
Car B,3396,226.4,10,113.66,3,-20.04,-0.54,-0.542,5.894,-0.0149,4.8233,1.0,0.4833,21.398,18.14
Car A,3397,226.4667,10,95.901,3,-26.705,14.401,-0.734,5.769,-0.0205,4.8486,1.0,1.0,24.999,-18.114
Car B,3397,226.4667,10,114.015,3,-19.645,-0.576,-0.576,5.9322,0.573,4.1073,1.0,0.6414,12.095,18.114
Car A,3398,226.5333,10,96.245,3,-26.783,14.022,-0.783,5.7677,-0.0197,4.8509,1.0,1.0,24.999,-18.166
Car B,3398,226.5333,10,114.412,3,-19.249,-0.596,-0.596,5.9289,-0.0498,4.2439,1.0,0.2822,16.029,18.166
Car A,3399,226.6,10,96.606,3,-26.84,13.639,-0.84,5.7663,-0.0199,4.8533,1.0,1.0,24.999,-18.203
Car B,3399,226.6,10,114.809,3,-18.851,-0.603,-0.603,5.9792,0.754,2.6297,1.0,-0.0695,7.068,18.203
Car A,3400,226.6667,10,96.992,3,-26.875,13.254,-0.875,5.7651,-0.0185,4.8552,1.0,1.0,24.999,-18.217
Car B,3400,226.6667,10,115.208,3,-18.452,-0.615,-0.615,5.9917,0.1873,1.1485,1.0,0.1088,-1.723,18.217
Car A,3401,226.7333,10,97.378,3,-26.889,12.867,-0.889,5.7638,-0.019,4.8561,1.0,1.0,24.999,-18.23
Car B,3401,226.7333,10,115.608,3,-18.052,-0.629,-0.629,5.9792,-0.1865,1.0856,1.0,0.1049,2.71,18.23
Car A,3402,226.8,10,97.765,3,-26.881,12.48,-0.881,5.7627,-0.0175,4.8572,1.0,1.0,24.999,-18.243
Car B,3402,226.8,10,116.007,3,-17.653,-0.638,-0.638,5.9825,0.0486,1.0283,1.0,0.1026,2.62,18.243
Car A,3403,226.8667,10,98.15,3,-26.851,12.095,-0.851,5.7615,-0.0182,4.8569,1.0,1.0,24.999,-18.257
Car B,3403,226.8667,10,116.407,3,-17.253,-0.643,-0.643,6.0032,0.3108,0.9826,1.0,0.1019,2.566,18.257
Car A,3404,226.9333,10,98.533,3,-26.8,11.712,-0.8,5.7603,-0.0169,4.8594,1.0,1.0,24.999,-18.274
Car B,3404,226.9333,10,116.807,3,-16.853,-0.644,-0.644,5.9982,-0.075,0.9743,1.0,0.0985,2.547,18.274
Car A,3405,227.0,10,98.913,3,-26.727,11.332,-0.727,5.7592,-0.0171,4.8587,1.0,0.0695,24.999,-18.294
Car B,3405,227.0,10,117.207,3,-16.453,-0.64,-0.64,5.9758,-0.3361,0.982,1.0,0.088,2.461,18.294
Car A,3406,227.0667,10,99.291,3,-26.642,10.955,-0.642,5.7995,0.604,3.3903,1.0,-0.0936,1.772,-18.316
Car B,3406,227.0667,10,117.607,3,-16.054,-0.634,-0.634,6.0212,0.6808,0.8524,1.0,0.0948,2.201,18.316
Car A,3407,227.1333,10,99.671,3,-26.562,10.574,-0.562,5.8316,0.4824,1.1833,1.0,-0.1212,-2.333,-18.334
Car B,3407,227.1333,10,118.005,3,-15.655,-0.623,-0.623,5.9627,-0.8773,0.8905,1.0,0.0247,2.368,18.334
Car A,3408,227.2,10,100.054,3,-26.493,10.191,-0.493,5.841,0.1409,-0.1822,1.0,-0.1369,-3.027,-18.349
Car B,3408,227.2,10,118.403,3,-15.257,-0.612,-0.612,5.9843,0.3243,0.22,1.0,0.0943,0.615,18.349
Car A,3409,227.2667,10,100.44,3,-26.436,9.806,-0.436,5.8515,0.1578,-1.1205,1.0,-0.0695,-3.421,-18.362
Car B,3409,227.2667,10,118.802,3,-14.858,-0.6,-0.6,5.9903,0.09,0.8837,1.0,-0.0257,2.354,18.362
Car A,3410,227.3333,10,100.828,3,-26.383,9.417,-0.383,5.9148,0.9483,-0.6776,1.0,-0.0844,-1.725,-18.373
Car B,3410,227.3333,10,119.201,3,-14.459,-0.586,-0.586,5.9902,-0.0021,-0.1304,1.0,0.094,-0.638,18.373
Car A,3411,227.4,10,101.221,3,-26.332,9.024,-0.332,5.9297,0.224,-0.8514,1.0,-0.0681,-2.093,-18.379
Car B,3411,227.4,10,119.6,3,-14.06,-0.573,-0.573,5.9888,-0.0212,0.6679,1.0,-0.0578,2.346,18.379
Car A,3412,227.4667,10,101.614,3,-26.283,8.631,-0.283,5.9483,0.2787,-0.3849,1.0,-0.2015,-1.679,-18.385
Car B,3412,227.4667,10,119.999,3,-13.661,-0.557,-0.557,5.9872,-0.0229,-0.2127,1.0,0.0903,-1.439,18.385
Car A,3413,227.5333,10,102.009,3,-26.24,8.237,-0.24,5.9475,-0.0118,-1.3091,1.0,-0.125,-5.031,-18.389
Car B,3413,227.5333,10,120.398,3,-13.263,-0.544,-0.544,5.9859,-0.0201,0.4927,1.0,-0.0693,2.251,18.389
Car A,3414,227.6,10,102.404,3,-26.205,7.842,-0.205,5.9561,0.1287,-1.1678,0.8892,-0.1293,-3.127,-18.393
Car B,3414,227.6,10,120.796,3,-12.864,-0.528,-0.528,5.9855,-0.0054,-0.3097,1.0,0.0875,-1.725,18.393
Car A,3415,227.6667,10,102.792,3,-26.175,7.453,-0.175,5.7759,-2.7018,-1.1578,0.96,-0.0164,-3.231,-18.403
Car B,3415,227.6667,10,121.195,3,-12.465,-0.515,-0.515,5.9836,-0.0285,0.4292,1.0,-0.0324,2.182,18.403
Car A,3416,227.7333,10,103.176,3,-26.146,7.069,-0.146,5.7634,-0.1885,-0.1585,1.0,0.965,-0.412,-18.418
Car B,3416,227.7333,10,121.594,3,-12.067,-0.499,-0.499,5.9853,0.0257,-0.2984,1.0,0.0877,-0.804,18.418
Car A,3417,227.8,10,103.558,3,-26.106,6.687,-0.106,5.763,-0.0053,0.6088,1.0,0.7991,24.088,-18.434
Car B,3417,227.8,10,121.992,3,-11.668,-0.483,-0.483,5.9858,0.0065,0.6053,1.0,-0.1471,2.188,18.434
Car A,3418,227.8667,10,103.939,3,-26.055,6.307,-0.055,5.7528,-0.1527,1.6778,0.4826,-0.5305,19.982,-18.452
Car B,3418,227.8667,10,122.391,3,-11.269,-0.464,-0.464,5.9842,-0.0242,-0.2894,1.0,0.0724,-3.669,18.452
Car A,3419,227.9333,10,104.315,3,-25.997,5.93,-0.003,5.6848,-1.0204,0.6137,1.0,1.0,-13.211,-18.475
Car B,3419,227.9333,10,122.789,3,-10.871,-0.449,-0.449,5.9841,-0.0011,0.4188,1.0,-0.138,1.801,18.475
Car A,3420,228.0,10,104.692,3,-25.939,5.557,0.026,5.6735,-0.17,1.1806,1.0,1.0,24.943,-18.496
Car B,3420,228.0,10,123.188,3,-10.472,-0.432,-0.432,5.9825,-0.0234,-0.3966,1.0,0.0708,-3.442,18.496
Car A,3421,228.0667,10,105.069,3,-25.87,5.184,0.065,5.667,-0.0967,1.9875,1.0,0.9787,24.999,-18.518
Car B,3421,228.0667,10,123.586,3,-10.074,-0.418,-0.418,5.9826,0.0018,0.36,1.0,-0.1538,1.763,18.518
Car A,3422,228.1333,10,105.458,3,-25.785,4.816,0.08,5.6576,-0.1421,2.5934,1.0,1.0,24.468,-18.527
Car B,3422,228.1333,10,123.985,3,-9.675,-0.401,-0.401,5.9807,-0.0295,-0.4245,1.0,0.0576,-3.835,18.527
Car A,3423,228.2,10,105.836,3,-25.682,4.453,0.095,5.6487,-0.1325,3.0835,1.0,1.0,24.999,-18.548
Car B,3423,228.2,10,124.383,3,-9.277,-0.387,-0.387,5.9812,0.0086,0.3357,1.0,-0.1631,1.431,18.548
Car A,3424,228.2667,10,106.231,3,-25.563,4.094,0.113,5.641,-0.1157,3.4604,1.0,1.0,25.0,-18.551
Car B,3424,228.2667,10,124.782,3,-8.879,-0.372,-0.372,5.9797,-0.0225,-0.4692,1.0,0.0517,-4.068,18.551
Car A,3425,228.3333,10,106.608,3,-25.426,3.743,0.105,5.6346,-0.0964,3.7556,1.0,1.0,25.0,-18.572
Car B,3425,228.3333,10,125.18,3,-8.48,-0.359,-0.359,5.9809,0.0176,0.3087,1.0,-0.1661,1.285,18.572
Car A,3426,228.4,10,106.985,3,-25.271,3.399,0.116,5.6294,-0.0783,3.9878,1.0,1.0,25.0,-18.594
Car B,3426,228.4,10,125.579,3,-8.082,-0.345,-0.345,5.9795,-0.0216,-0.5019,1.0,0.0468,-4.143,18.594
Car A,3427,228.4667,10,107.38,3,-25.099,3.063,0.1,5.6253,-0.0609,4.1693,1.0,1.0,24.999,-18.597
Car B,3427,228.4667,10,125.977,3,-7.683,-0.334,-0.334,5.9809,0.0214,0.2786,1.0,-0.1657,1.161,18.597
Car A,3428,228.5333,10,107.757,3,-24.909,2.738,0.091,5.6222,-0.0464,4.3134,1.0,1.0,24.999,-18.618
Car B,3428,228.5333,10,126.375,3,-7.285,-0.322,-0.322,5.9793,-0.0247,-0.5541,1.0,0.0567,-4.133,18.618
Car A,3429,228.6,10,108.149,3,-24.701,2.423,0.083,5.6199,-0.0347,4.4273,1.0,1.0,24.999,-18.625
Car B,3429,228.6,10,126.774,3,-6.886,-0.313,-0.313,5.9804,0.0167,0.2397,1.0,-0.1604,1.408,18.625
Car A,3430,228.6667,10,108.525,3,-24.477,2.12,0.057,5.6183,-0.0243,4.5157,1.0,1.0,24.999,-18.648
Car B,3430,228.6667,10,127.172,3,-6.488,-0.302,-0.302,5.978,-0.0359,-0.5025,1.0,0.0485,-4.002,18.648
Car A,3431,228.7333,10,108.902,3,-24.236,1.83,0.052,5.6172,-0.0159,4.5874,1.0,1.0,24.999,-18.669
Car B,3431,228.7333,10,127.571,3,-6.089,-0.294,-0.294,5.9795,0.0223,0.2797,1.0,-0.1681,1.204,18.669
Car A,3432,228.8,10,109.285,3,-23.98,1.554,0.016,5.6166,-0.0093,4.6437,1.0,1.0,24.999,-18.685
Car B,3432,228.8,10,127.969,3,-5.691,-0.284,-0.284,5.9776,-0.0277,-0.5178,1.0,0.0524,-4.195,18.685
Car A,3433,228.8667,10,109.661,3,-23.708,1.293,-0.006,5.6164,-0.0036,4.6892,1.0,1.0,24.999,-18.707
Car B,3433,228.8667,10,128.368,3,-5.292,-0.278,-0.278,5.9789,0.0198,0.2774,1.0,-0.1654,1.3,18.707
Car A,3434,228.9333,10,110.035,3,-23.422,1.047,-0.029,5.6164,0.0007,4.727,1.0,1.0,24.999,-18.731
Car B,3434,228.9333,10,128.766,3,-4.894,-0.27,-0.27,5.9773,-0.0248,-0.5323,1.0,0.0557,-4.127,18.731
Car A,3435,229.0,10,110.41,3,-23.122,0.819,-0.068,5.6167,0.0049,4.7556,1.0,1.0,24.999,-18.754
Car B,3435,229.0,10,129.165,3,-4.496,-0.265,-0.265,5.9784,0.0174,0.2561,1.0,-0.1598,1.385,18.754
Car A,3436,229.0667,10,110.787,3,-22.81,0.607,-0.085,5.6172,0.0072,4.7789,1.0,1.0,24.999,-18.776
Car B,3436,229.0667,10,129.563,3,-4.097,-0.258,-0.258,5.9763,-0.0326,-0.4985,1.0,0.0523,-3.986,18.776
Car A,3437,229.1333,10,111.148,3,-22.486,0.414,-0.131,5.6178,0.0092,4.7976,1.0,1.0,24.999,-18.814
Car B,3437,229.1333,10,129.961,3,-3.699,-0.254,-0.254,5.9781,0.027,0.283,1.0,-0.1629,1.3,18.814
Car A,3438,229.2,10,111.523,3,-22.151,0.239,-0.164,5.6185,0.0104,4.8135,1.0,1.0,24.999,-18.836
Car B,3438,229.2,10,130.36,3,-3.3,-0.248,-0.248,5.9759,-0.0329,-0.504,1.0,0.0557,-4.064,18.836
Car A,3439,229.2667,10,111.871,3,-21.808,0.084,-0.193,5.6194,0.0125,4.825,1.0,1.0,24.999,-18.887
Car B,3439,229.2667,10,130.758,3,-2.902,-0.246,-0.246,5.9767,0.0129,0.2792,1.0,-0.1635,1.383,18.887
Car A,3440,229.3333,10,112.246,3,-21.455,-0.051,-0.242,5.6203,0.014,4.8336,1.0,1.0,24.999,-18.911
Car B,3440,229.3333,10,131.157,3,-2.504,-0.241,-0.241,5.9752,-0.0233,-0.4951,1.0,0.0534,-4.079,18.911
Car A,3441,229.4,10,112.622,3,-21.096,-0.166,-0.27,5.6212,0.0134,4.841,1.0,1.0,24.999,-18.933
Car B,3441,229.4,10,131.555,3,-2.105,-0.24,-0.24,5.9767,0.0234,0.2873,1.0,-0.16,1.327,18.933
Car A,3442,229.4667,10,112.953,3,-20.73,-0.26,-0.316,5.6221,0.014,4.8471,1.0,1.0,24.999,-19.0
Car B,3442,229.4667,10,131.953,3,-1.707,-0.237,-0.237,5.9747,-0.0306,-0.4978,1.0,0.0498,-3.991,19.0
Car A,3443,229.5333,10,113.328,3,-20.36,-0.333,-0.36,5.6232,0.0158,4.8516,1.0,1.0,24.999,-19.024
Car B,3443,229.5333,10,132.352,3,-1.309,-0.237,-0.237,5.9765,0.0273,0.283,1.0,-0.1596,1.235,19.024
Car A,3444,229.6,10,113.675,3,-19.986,-0.384,-0.384,5.6242,0.0146,4.8556,1.0,1.0,24.999,-19.075
Car B,3444,229.6,10,132.75,3,-0.91,-0.235,-0.235,5.9744,-0.0321,-0.5145,1.0,0.0523,-3.982,19.075
Car A,3445,229.6667,10,114.051,3,-19.609,-0.414,-0.414,5.6251,0.0144,4.8584,1.0,1.0,24.999,-19.097
Car B,3445,229.6667,10,133.148,3,-0.512,-0.236,-0.236,5.9766,0.034,0.2691,1.0,-0.1573,1.299,19.097
Car A,3446,229.7333,10,114.429,3,-19.231,-0.422,-0.422,5.6261,0.0146,4.8601,1.0,1.0,24.999,-19.118
Car B,3446,229.7333,10,133.547,3,-0.114,-0.236,-0.236,5.9743,-0.0352,-0.5311,1.0,0.0589,-3.924,19.118
Car A,3447,229.8,10,114.807,3,-18.854,-0.408,-0.408,5.6271,0.0157,4.8621,1.0,1.0,24.999,-19.138
Car B,3447,229.8,11,0.284,1,0.285,-0.239,-0.239,5.9755,0.0173,0.2562,1.0,-0.1556,1.464,19.138
Car A,3448,229.8667,10,115.183,3,-18.478,-0.373,-0.373,5.6281,0.0144,4.8636,1.0,0.0592,24.999,-19.16
Car B,3448,229.8667,11,0.683,1,0.683,-0.239,-0.239,5.9736,-0.0278,-0.4896,1.0,0.0449,-3.882,19.16
Car A,3449,229.9333,10,115.558,3,-18.102,-0.325,-0.325,5.6715,0.6512,3.4243,1.0,-0.0637,1.516,-19.183
Car B,3449,229.9333,11,1.081,1,1.081,-0.243,-0.243,5.9757,0.0317,0.2892,1.0,-0.1705,1.114,19.183
Car A,3450,230.0,10,115.936,3,-17.724,-0.282,-0.282,5.709,0.562,1.2375,1.0,-0.0744,-1.588,-19.203
Car B,3450,230.0,11,1.479,1,1.479,-0.246,-0.246,5.9746,-0.0166,-0.5332,1.0,0.0278,-4.253,19.203
Car A,3451,230.0667,10,116.316,3,-17.344,-0.251,-0.251,5.7257,0.2515,-0.0986,1.0,-0.0707,-1.86,-19.222
Car B,3451,230.0667,11,1.878,1,1.878,-0.252,-0.252,5.9806,0.0905,0.2346,1.0,-0.1713,0.686,19.222
Car A,3452,230.1333,10,116.7,3,-16.96,-0.229,-0.229,5.8161,1.3553,-0.6455,1.0,-0.059,-1.768,-19.236
Car B,3452,230.1333,11,2.276,1,2.276,-0.257,-0.257,5.9795,-0.0168,-0.6609,1.0,0.0454,-4.274,19.236
Car A,3453,230.2,10,117.092,3,-16.568,-0.21,-0.21,5.9247,1.6296,-0.5847,1.0,-0.0533,-1.456,-19.243
Car B,3453,230.2,11,2.675,1,2.675,-0.266,-0.266,5.9824,0.0426,0.1676,1.0,-0.1788,1.126,19.243
Car A,3454,230.2667,10,117.489,3,-16.171,-0.192,-0.192,5.9562,0.4718,-0.4604,1.0,-0.0516,-1.311,-19.245
Car B,3454,230.2667,11,3.073,1,3.074,-0.273,-0.273,5.9786,-0.0568,-0.5697,1.0,0.0035,-4.461,19.245
Car A,3455,230.3333,10,117.886,3,-15.774,-0.175,-0.175,5.9526,-0.0542,-0.5821,1.0,-0.0472,-1.274,-19.246
Car B,3455,230.3333,11,3.472,1,3.472,-0.284,-0.284,5.9936,0.2249,0.0463,1.0,-0.1551,0.073,19.246
Car A,3456,230.4,10,118.283,3,-15.377,-0.16,-0.16,5.9715,0.2838,-0.272,1.0,-0.0506,-1.154,-19.249
Car B,3456,230.4,11,3.872,1,3.872,-0.296,-0.296,5.9923,-0.0189,-0.7838,1.0,0.0755,-3.871,19.249
Car A,3457,230.4667,10,118.681,3,-14.979,-0.146,-0.146,5.9872,0.2354,-0.482,1.0,-0.0416,-1.262,-19.25
Car B,3457,230.4667,11,4.271,1,4.271,-0.312,-0.312,5.9931,0.0112,0.0714,1.0,-0.1444,1.879,19.25
Car A,3458,230.5333,10,119.08,3,-14.58,-0.135,-0.135,5.9766,-0.159,-0.2323,1.0,-0.0453,-1.02,-19.25
Car B,3458,230.5333,11,4.67,1,4.67,-0.325,-0.325,5.9906,-0.0364,-0.568,1.0,0.0608,-3.601,19.25
Car A,3459,230.6,10,119.478,3,-14.182,-0.124,-0.124,5.9918,0.2283,-0.4303,1.0,-0.0357,-1.129,-19.251
Car B,3459,230.6,11,5.069,1,5.069,-0.341,-0.341,5.9914,0.0109,0.2332,1.0,-0.173,1.512,19.251
Car A,3460,230.6667,10,119.877,3,-13.783,-0.115,-0.115,5.9801,-0.1748,-0.1962,1.0,-0.0394,-0.875,-19.251
Car B,3460,230.6667,11,5.468,1,5.468,-0.355,-0.355,5.9875,-0.0581,-0.5056,1.0,0.0572,-4.315,19.251
Car A,3461,230.7333,10,120.276,3,-13.384,-0.107,-0.107,5.9962,0.2413,-0.3743,1.0,-0.0293,-0.981,-19.251
Car B,3461,230.7333,11,5.867,1,5.867,-0.372,-0.372,5.9886,0.017,0.2799,1.0,-0.1846,1.421,19.251
Car A,3462,230.8,10,120.676,3,-12.984,-0.101,-0.101,5.9882,-0.12,-0.2964,1.0,-0.0277,-0.725,-19.249
Car B,3462,230.8,11,6.265,1,6.266,-0.387,-0.387,5.9855,-0.0472,-0.4971,1.0,0.0596,-4.606,19.249
Car A,3463,230.8667,10,121.075,3,-12.585,-0.094,-0.094,5.986,-0.034,-0.1426,1.0,-0.0311,-0.678,-19.249
Car B,3463,230.8667,11,6.664,1,6.664,-0.405,-0.405,5.9875,0.0307,0.2916,1.0,-0.1839,1.481,19.249
Car A,3464,230.9333,10,121.474,3,-12.186,-0.089,-0.089,6.0022,0.2441,-0.3102,1.0,-0.0206,-0.77,-19.249
Car B,3464,230.9333,11,7.063,1,7.063,-0.421,-0.421,5.9838,-0.0561,-0.4862,1.0,0.0577,-4.587,19.249
Car A,3465,231.0,10,121.874,3,-11.787,-0.085,-0.085,5.9846,-0.2648,-0.1368,1.0,-0.0235,-0.509,-19.248
Car B,3465,231.0,11,7.461,1,7.461,-0.44,-0.44,5.985,0.0178,0.2982,1.0,-0.1884,1.434,19.248
Car A,3466,231.0667,10,122.273,3,-11.387,-0.081,-0.081,5.9936,0.1344,-0.0334,1.0,-0.0268,-0.57,-19.247
Car B,3466,231.0667,11,7.86,1,7.86,-0.457,-0.457,5.982,-0.0452,-0.4917,1.0,0.0566,-4.701,19.247
Car A,3467,231.1333,10,122.672,3,-10.988,-0.078,-0.078,5.9855,-0.1202,-0.2117,1.0,-0.0158,-0.666,-19.246
Car B,3467,231.1333,11,8.258,1,8.258,-0.478,-0.478,5.9833,0.0198,0.2934,1.0,-0.188,1.406,19.246
Car A,3468,231.2,10,123.072,3,-10.588,-0.076,-0.076,6.0117,0.3923,-0.0958,1.0,-0.0179,-0.391,-19.244
Car B,3468,231.2,11,8.656,1,8.656,-0.496,-0.496,5.9806,-0.0408,-0.4941,1.0,0.0476,-4.691,19.244
Car A,3469,231.2667,10,123.473,3,-10.187,-0.073,-0.073,6.0072,-0.0669,-0.0576,1.0,-0.0223,-0.435,-19.242
Car B,3469,231.2667,11,9.054,1,9.054,-0.518,-0.518,5.9825,0.0292,0.2866,1.0,-0.1924,1.18,19.242
Car A,3470,231.3333,10,123.874,3,-9.787,-0.072,-0.072,6.0062,-0.0149,-0.2193,1.0,-0.0118,-0.553,-19.239
Car B,3470,231.3333,11,9.453,1,9.453,-0.538,-0.538,5.98,-0.0377,-0.5553,1.0,0.0426,-4.801,19.239
Car A,3471,231.4,10,124.273,3,-9.387,-0.071,-0.071,5.9914,-0.222,-0.0811,1.0,-0.0192,-0.295,-19.238
Car B,3471,231.4,11,9.851,1,9.851,-0.562,-0.562,5.982,0.0308,0.2366,1.0,-0.1476,1.056,19.238
Car A,3472,231.4667,10,124.673,3,-8.988,-0.071,-0.071,5.9885,-0.0439,-0.0953,1.0,-0.0192,-0.459,-19.236
Car B,3472,231.4667,11,10.249,1,10.249,-0.584,-0.584,5.9803,-0.0262,-0.5774,1.0,0.0302,-3.681,19.236
Car A,3473,231.5333,10,125.072,3,-8.588,-0.071,-0.071,5.9938,0.0788,-0.089,1.0,-0.0291,-0.469,-19.235
Car B,3473,231.5333,11,10.647,1,10.647,-0.61,-0.61,5.9835,0.0486,0.2121,1.0,-0.1234,0.749,19.235
Car A,3474,231.6,10,125.472,3,-8.189,-0.073,-0.073,6.0045,0.1603,-0.2973,1.0,-0.0102,-0.718,-19.233
Car B,3474,231.6,11,11.045,1,11.045,-0.634,-0.634,5.9822,-0.0199,-0.6406,1.0,0.0144,-3.079,19.233
Car A,3475,231.6667,10,125.872,3,-7.788,-0.075,-0.075,6.0007,-0.0558,-0.0898,1.0,-0.0341,-0.25,-19.231
Car B,3475,231.6667,11,11.443,1,11.443,-0.663,-0.663,5.9906,0.1256,0.1376,1.0,-0.0858,0.353,19.231
Car A,3476,231.7333,10,126.272,3,-7.389,-0.08,-0.08,6.0067,0.089,-0.3316,1.0,-0.0039,-0.848,-19.229
Car B,3476,231.7333,11,11.841,1,11.841,-0.692,-0.692,5.9873,-0.0488,-0.7223,1.0,0.0068,-2.142,19.229
Car A,3477,231.8,10,126.672,3,-6.988,-0.083,-0.083,5.9941,-0.1882,-0.1242,1.0,-0.033,-0.102,-19.227
Car B,3477,231.8,11,12.239,1,12.239,-0.723,-0.723,5.9964,0.1369,0.0747,1.0,-0.0739,0.156,19.227
Car A,3478,231.8667,10,127.071,3,-6.589,-0.089,-0.089,5.9812,-0.1938,-0.3438,1.0,0.0261,-0.808,-19.226
Car B,3478,231.8667,11,12.637,1,12.637,-0.755,-0.755,5.9888,-0.1141,-0.7127,1.0,0.0116,-1.844,19.226
Car A,3479,231.9333,10,127.47,3,-6.19,-0.093,-0.093,5.9828,0.0247,0.2059,1.0,-0.0365,0.64,-19.225
Car B,3479,231.9333,11,13.035,1,13.036,-0.789,-0.789,5.9979,0.1363,0.1247,1.0,-0.0789,0.276,19.225
Car A,3480,232.0,10,127.869,3,-5.791,-0.098,-0.098,5.9876,0.0707,-0.3584,1.0,0.106,-0.908,-19.225
Car B,3480,232.0,11,13.434,1,13.434,-0.823,-0.823,5.996,-0.0293,-0.7268,1.0,0.0677,-1.968,19.225
Car A,3481,232.0667,10,128.269,3,-5.392,-0.102,-0.102,5.9881,0.0076,0.5396,1.0,0.0624,2.644,-19.224
Car B,3481,232.0667,11,13.832,1,13.832,-0.859,-0.859,5.9959,-0.0012,0.2936,1.0,-0.0741,1.686,19.224
Car A,3482,232.1333,10,128.668,3,-4.992,-0.098,-0.098,5.9741,-0.21,0.6023,1.0,0.0081,1.556,-19.223
Car B,3482,232.1333,11,14.23,1,14.23,-0.892,-0.892,5.9938,-0.0313,-0.4293,1.0,0.0882,-1.847,19.223
Car A,3483,232.2,10,129.067,3,-4.593,-0.096,-0.096,5.9986,0.3672,0.0266,1.0,0.0846,0.206,-19.221
Car B,3483,232.2,11,14.628,1,14.628,-0.927,-0.927,5.9914,-0.0357,0.3737,1.0,-0.0394,2.197,19.221
Car A,3484,232.2667,10,129.467,3,-4.194,-0.091,-0.091,5.9982,-0.0051,0.8029,1.0,-0.0792,2.111,-19.22
Car B,3484,232.2667,11,15.026,1,15.026,-0.959,-0.959,5.9909,-0.0087,-0.3472,1.0,0.2589,-0.98,19.22
Car A,3485,232.3333,10,129.867,3,-3.794,-0.086,-0.086,5.9996,0.0204,-0.2566,1.0,0.0775,-1.974,-19.218
Car B,3485,232.3333,11,15.424,1,15.424,-0.992,-0.992,5.9901,-0.0108,0.5694,1.0,0.0473,6.461,19.218
Car A,3486,232.4,10,130.266,3,-3.394,-0.083,-0.083,5.9977,-0.0275,0.4445,1.0,-0.0111,1.931,-19.217
Car B,3486,232.4,11,15.823,1,15.823,-1.019,-1.019,6.0296,0.5925,0.4418,1.0,0.114,1.181,19.217
Car A,3487,232.4667,10,130.666,3,-2.994,-0.077,-0.077,5.9985,0.0109,-0.1233,1.0,0.0665,-0.267,-19.218
Car B,3487,232.4667,11,16.224,1,16.224,-1.041,-1.041,6.0281,-0.0229,1.1013,1.0,-0.2823,2.846,19.218
Car A,3488,232.5333,10,131.066,3,-2.594,-0.07,-0.07,6.0011,0.0397,0.6347,1.0,-0.1131,1.659,-19.22
Car B,3488,232.5333,11,16.626,1,16.626,-1.061,-1.061,6.0293,0.0173,-0.0461,1.0,0.2604,-7.041,19.22
Car A,3489,232.6,10,131.466,3,-2.194,-0.063,-0.063,6.0015,0.0061,-0.3584,1.0,0.0333,-2.82,-19.221
Car B,3489,232.6,11,17.027,1,17.027,-1.085,-1.085,6.0259,-0.0496,0.595,1.0,0.2984,6.487,19.221
Car A,3490,232.6667,10,131.866,3,-1.794,-0.059,-0.059,6.0023,0.0115,0.3178,1.0,-0.0728,0.827,-19.223
Car B,3490,232.6667,11,17.428,1,17.428,-1.096,-1.096,6.0202,-0.0862,1.5252,1.0,-0.2173,7.458,19.223
Car A,3491,232.7333,10,132.266,3,-1.394,-0.055,-0.055,6.0006,-0.0257,-0.5591,1.0,0.1196,-1.816,-19.224
Car B,3491,232.7333,11,17.83,1,17.83,-1.101,-1.101,6.0232,0.0453,0.4611,1.0,1.0,-5.413,19.224
Car A,3492,232.8,10,132.666,3,-0.994,-0.052,-0.052,5.999,-0.0244,0.3542,1.0,-0.0479,2.981,-19.224
Car B,3492,232.8,11,18.23,1,18.23,-1.108,-1.108,6.0096,-0.2044,0.9248,1.0,0.8894,24.954,19.224
Car A,3493,232.8667,10,133.066,3,-0.594,-0.046,-0.046,5.998,-0.0137,-0.3847,1.0,0.0573,-1.192,-19.225
Car B,3493,232.8667,11,18.631,1,18.631,-1.103,-1.103,5.9975,-0.1818,1.8921,1.0,0.7363,22.239,19.225
Car A,3494,232.9333,10,133.466,3,-0.194,-0.042,-0.042,5.9968,-0.0191,0.4872,1.0,-0.1224,1.427,-19.224
Car B,3494,232.9333,11,19.03,1,19.03,-1.081,-1.081,5.9871,-0.1551,2.5289,1.0,1.0,18.412,19.224
Car A,3495,233.0,11,0.205,1,0.205,-0.036,-0.036,5.9961,-0.0099,-0.429,1.0,-0.0188,-3.052,-19.222
Car B,3495,233.0,11,19.427,1,19.428,-1.043,-1.043,5.9738,-0.1997,3.0608,1.0,0.9882,24.99,19.222
