step,t,car,x,y,yaw_deg,heading_err_deg,progress_cum,lateral,speed,throttle,steer,gap_ahead
0,0.000,A,0.000,-1.500,0.0,0.0,0.000,-1.500,0.001,1.000,1.000,0.000
0,0.000,B,0.000,1.500,0.0,0.0,0.000,1.500,0.001,1.000,-1.000,-0.000
1,0.067,A,0.003,-1.496,0.3,0.3,0.003,-1.496,0.061,1.000,1.000,-0.000
1,0.067,B,0.003,1.496,-0.3,-0.3,0.003,1.496,0.065,1.000,-1.000,0.000
2,0.133,A,0.013,-1.488,0.8,0.8,0.012,-1.488,0.201,1.000,1.000,-0.000
2,0.133,B,0.013,1.490,-0.7,-0.7,0.013,1.490,0.206,1.000,-1.000,0.000
3,0.200,A,0.031,-1.481,1.3,1.3,0.031,-1.481,0.334,1.000,1.000,-0.001
3,0.200,B,0.032,1.484,-1.1,-1.1,0.032,1.484,0.328,1.000,-1.000,0.001
4,0.267,A,0.058,-1.473,1.8,1.8,0.058,-1.473,0.438,1.000,1.000,-0.001
4,0.267,B,0.058,1.476,-1.6,-1.6,0.058,1.476,0.441,1.000,-1.000,0.001
5,0.333,A,0.090,-1.464,2.4,2.4,0.090,-1.464,0.536,1.000,1.000,-0.001
5,0.333,B,0.092,1.466,-2.3,-2.3,0.092,1.466,0.548,1.000,-1.000,0.001
6,0.400,A,0.129,-1.453,3.1,3.1,0.129,-1.453,0.633,1.000,1.000,-0.002
6,0.400,B,0.132,1.454,-3.0,-3.0,0.132,1.454,0.648,1.000,-1.000,0.002
7,0.467,A,0.175,-1.439,3.8,3.8,0.175,-1.439,0.732,1.000,1.000,-0.003
7,0.467,B,0.178,1.440,-3.8,-3.8,0.178,1.440,0.745,1.000,-1.000,0.003
8,0.533,A,0.226,-1.423,4.7,4.7,0.226,-1.423,0.833,1.000,1.000,-0.004
8,0.533,B,0.230,1.423,-4.7,-4.7,0.230,1.423,0.841,1.000,-1.000,0.004
9,0.600,A,0.284,-1.405,5.6,5.6,0.284,-1.405,0.935,1.000,1.000,-0.004
9,0.600,B,0.289,1.403,-5.7,-5.7,0.289,1.403,0.937,1.000,-1.000,0.004
10,0.667,A,0.349,-1.383,6.6,6.6,0.349,-1.383,1.042,1.000,1.000,-0.004
10,0.667,B,0.353,1.381,-6.8,-6.8,0.353,1.381,1.036,1.000,-1.000,0.004
11,0.733,A,0.420,-1.359,7.8,7.8,0.420,-1.359,1.149,1.000,1.000,-0.003
11,0.733,B,0.423,1.356,-7.9,-7.9,0.423,1.356,1.136,1.000,-1.000,0.003
12,0.800,A,0.497,-1.330,9.0,9.0,0.497,-1.330,1.258,1.000,1.000,-0.002
12,0.800,B,0.499,1.327,-9.2,-9.2,0.499,1.327,1.239,1.000,-1.000,0.002
13,0.867,A,0.581,-1.297,10.3,10.3,0.581,-1.297,1.368,1.000,1.000,-0.000
13,0.867,B,0.581,1.294,-10.5,-10.5,0.581,1.294,1.343,-0.157,-1.000,0.000
14,0.933,A,0.670,-1.259,11.7,11.7,0.670,-1.259,1.482,1.000,1.000,0.013
14,0.933,B,0.657,1.263,-11.6,-11.6,0.657,1.263,1.155,0.255,-1.000,-0.013
15,1.000,A,0.766,-1.216,13.2,13.2,0.766,-1.216,1.594,1.000,1.000,0.034
15,1.000,B,0.732,1.230,-12.8,-12.8,0.732,1.230,1.237,0.217,-1.000,-0.034
16,1.067,A,0.868,-1.167,14.8,14.8,0.868,-1.167,1.706,1.000,1.000,0.057
16,1.067,B,0.811,1.194,-14.0,-14.0,0.811,1.194,1.324,0.839,-1.000,-0.057
17,1.133,A,0.975,-1.112,16.5,16.5,0.975,-1.112,1.817,1.000,1.000,0.081
17,1.133,B,0.894,1.152,-15.3,-15.3,0.894,1.152,1.423,1.000,-1.000,-0.081
18,1.200,A,1.087,-1.051,18.3,18.3,1.087,-1.051,1.927,1.000,0.369,0.103
18,1.200,B,0.984,1.105,-16.8,-16.8,0.984,1.105,1.534,1.000,-1.000,-0.103
19,1.267,A,1.209,-0.994,19.0,19.0,1.209,-0.994,2.105,1.000,1.000,0.134
19,1.267,B,1.075,1.061,-17.9,-17.9,1.075,1.061,1.251,1.000,1.000,-0.134
20,1.333,A,1.359,-0.967,16.9,16.9,1.359,-0.967,2.278,1.000,0.504,0.214
20,1.333,B,1.145,1.048,-18.7,-18.7,1.145,1.048,1.111,1.000,1.000,-0.214
21,1.400,A,1.510,-0.931,16.3,16.3,1.510,-0.931,2.354,1.000,-0.263,0.289
21,1.400,B,1.221,1.033,-18.0,-18.0,1.221,1.033,1.180,1.000,1.000,-0.289
22,1.467,A,1.664,-0.891,16.0,16.0,1.664,-0.891,2.395,1.000,-0.189,0.359
22,1.467,B,1.305,1.025,-16.8,-16.8,1.305,1.025,1.285,1.000,0.831,-0.359
23,1.533,A,1.827,-0.854,15.4,15.4,1.827,-0.854,2.550,1.000,-0.264,0.430
23,1.533,B,1.397,1.017,-15.5,-15.5,1.397,1.017,1.410,1.000,0.705,-0.430
24,1.600,A,1.998,-0.817,14.8,14.8,1.998,-0.817,2.677,1.000,-0.181,0.502
24,1.600,B,1.497,1.008,-14.4,-14.4,1.496,1.008,1.538,1.000,0.829,-0.502
25,1.667,A,2.179,-0.779,14.2,14.2,2.179,-0.779,2.813,1.000,-0.685,0.575
25,1.667,B,1.604,0.999,-13.1,-13.1,1.604,0.999,1.634,1.000,0.415,-0.575
26,1.733,A,2.366,-0.745,13.4,13.4,2.366,-0.745,2.866,1.000,-0.827,0.648
26,1.733,B,1.718,0.990,-12.0,-12.0,1.718,0.990,1.744,1.000,0.600,-0.648
27,1.800,A,2.558,-0.723,11.9,11.9,2.558,-0.723,2.890,1.000,-0.232,0.719
27,1.800,B,1.838,0.979,-11.1,-11.1,1.838,0.979,1.850,1.000,0.490,-0.719
28,1.867,A,2.753,-0.706,10.5,10.5,2.753,-0.706,2.966,1.000,-0.177,0.786
28,1.867,B,1.968,0.970,-10.0,-10.0,1.967,0.970,1.985,1.000,0.449,-0.786
29,1.933,A,2.955,-0.680,9.8,9.8,2.955,-0.680,3.094,1.000,0.494,0.850
29,1.933,B,2.105,0.961,-9.1,-9.1,2.105,0.961,2.112,1.000,0.381,-0.850
30,2.000,A,3.162,-0.649,9.5,9.5,3.162,-0.649,3.157,1.000,-0.869,0.910
30,2.000,B,2.252,0.952,-8.2,-8.2,2.252,0.952,2.251,1.000,-0.090,-0.910
31,2.067,A,3.371,-0.615,9.5,9.5,3.371,-0.615,3.183,1.000,-0.170,0.965
31,2.067,B,2.406,0.939,-7.6,-7.6,2.406,0.939,2.334,1.000,-1.000,-0.965
32,2.133,A,3.585,-0.584,9.2,9.2,3.585,-0.584,3.307,1.000,-0.383,1.023
32,2.133,B,2.562,0.915,-7.8,-7.8,2.562,0.915,2.378,0.848,-1.000,-1.023
33,2.200,A,3.807,-0.559,8.5,8.5,3.807,-0.559,3.367,1.000,0.527,1.089
33,2.200,B,2.718,0.880,-8.7,-8.7,2.718,0.880,2.408,0.939,-1.000,-1.089
34,2.267,A,4.035,-0.550,7.5,7.5,4.035,-0.550,3.422,1.000,0.261,1.163
34,2.267,B,2.872,0.870,-7.8,-7.8,2.872,0.870,2.317,1.000,0.221,-1.163
35,2.333,A,4.265,-0.543,8.0,8.0,4.265,-0.543,3.421,1.000,-0.804,1.231
35,2.333,B,3.033,0.871,-6.4,-6.4,3.033,0.871,2.473,1.000,-0.484,-1.231
36,2.400,A,4.493,-0.527,8.3,8.3,4.493,-0.527,3.410,1.000,-0.740,1.291
36,2.400,B,3.202,0.867,-5.4,-5.4,3.202,0.867,2.552,1.000,-1.000,-1.291
37,2.467,A,4.709,-0.520,8.4,8.4,4.709,-0.520,3.143,1.000,-0.372,1.326
37,2.467,B,3.384,0.863,-4.5,-4.5,3.384,0.863,2.815,1.000,-1.000,-1.326
38,2.533,A,4.918,-0.518,8.3,8.3,4.918,-0.518,3.097,1.000,-0.265,1.341
38,2.533,B,3.578,0.860,-3.7,-3.7,3.578,0.860,2.969,1.000,-1.000,-1.341
39,2.600,A,5.128,-0.516,8.4,8.4,5.128,-0.516,3.140,1.000,-0.254,1.348
39,2.600,B,3.780,0.854,-3.3,-3.3,3.780,0.854,3.057,1.000,-1.000,-1.348
40,2.667,A,5.342,-0.513,8.6,8.6,5.342,-0.513,3.203,1.000,-0.263,1.355
40,2.667,B,3.987,0.849,-2.9,-2.9,3.987,0.849,3.138,1.000,-1.000,-1.355
41,2.733,A,5.560,-0.508,8.9,8.9,5.560,-0.508,3.282,1.000,-0.299,1.362
41,2.733,B,4.198,0.845,-2.4,-2.4,4.198,0.845,3.200,1.000,-1.000,-1.362
42,2.800,A,5.783,-0.504,9.0,9.0,5.783,-0.504,3.323,1.000,-0.268,1.367
42,2.800,B,4.415,0.842,-2.0,-2.0,4.415,0.842,3.296,1.000,-1.000,-1.367
43,2.867,A,6.010,-0.499,9.2,9.2,6.010,-0.499,3.404,1.000,-0.327,1.373
43,2.867,B,4.637,0.840,-1.7,-1.7,4.637,0.840,3.341,1.000,-1.000,-1.373
44,2.933,A,6.241,-0.495,9.4,9.4,6.241,-0.495,3.439,1.000,-0.294,1.378
44,2.933,B,4.863,0.838,-1.4,-1.4,4.863,0.838,3.431,1.000,-1.000,-1.378
45,3.000,A,6.476,-0.491,9.6,9.6,6.476,-0.491,3.520,1.000,-0.360,1.382
45,3.000,B,5.094,0.836,-1.2,-1.2,5.094,0.836,3.470,1.000,-1.000,-1.382
46,3.067,A,6.714,-0.488,9.8,9.8,6.714,-0.488,3.551,1.000,-0.332,1.385
46,3.067,B,5.329,0.834,-1.0,-1.0,5.329,0.834,3.547,1.000,-1.000,-1.385
47,3.133,A,6.956,-0.486,10.0,10.0,6.956,-0.486,3.612,1.000,-0.354,1.388
47,3.133,B,5.568,0.832,-0.9,-0.9,5.568,0.832,3.611,1.000,-1.000,-1.388
48,3.200,A,7.202,-0.483,10.1,10.1,7.202,-0.483,3.667,1.000,-0.357,1.390
48,3.200,B,5.812,0.831,-0.7,-0.7,5.812,0.831,3.683,1.000,-1.000,-1.390
49,3.267,A,7.452,-0.480,10.3,10.3,7.452,-0.480,3.728,1.000,-0.376,1.393
49,3.267,B,6.060,0.830,-0.6,-0.6,6.060,0.830,3.746,1.000,-1.000,-1.393
50,3.333,A,7.707,-0.477,10.4,10.4,7.707,-0.477,3.779,1.000,-0.372,1.394
50,3.333,B,6.312,0.829,-0.5,-0.5,6.312,0.829,3.816,1.000,-1.000,-1.394
51,3.400,A,7.965,-0.475,10.6,10.6,7.965,-0.475,3.839,1.000,-0.397,1.396
51,3.400,B,6.569,0.828,-0.4,-0.4,6.569,0.828,3.876,1.000,-1.000,-1.396
52,3.467,A,8.227,-0.473,10.7,10.7,8.227,-0.473,3.888,1.000,-0.391,1.398
52,3.467,B,6.830,0.828,-0.3,-0.3,6.829,0.828,3.941,1.000,-1.000,-1.398
53,3.533,A,8.493,-0.471,10.9,10.9,8.493,-0.471,3.944,1.000,-0.411,1.399
53,3.533,B,7.094,0.827,-0.3,-0.3,7.094,0.827,4.001,1.000,-1.000,-1.399
54,3.600,A,8.763,-0.469,11.0,11.0,8.763,-0.469,3.998,1.000,-0.425,1.400
54,3.600,B,7.363,0.826,-0.2,-0.2,7.363,0.826,4.057,1.000,-1.000,-1.400
55,3.667,A,9.037,-0.468,11.1,11.1,9.036,-0.468,4.044,1.000,-0.416,1.401
55,3.667,B,7.636,0.825,-0.2,-0.2,7.636,0.825,4.120,1.000,-1.000,-1.401
56,3.733,A,9.314,-0.468,11.3,11.3,9.314,-0.468,4.098,1.000,-0.436,1.401
56,3.733,B,7.912,0.824,-0.2,-0.2,7.912,0.824,4.178,1.000,-1.000,-1.401
57,3.800,A,9.595,-0.467,11.4,11.4,9.595,-0.467,4.145,1.000,-0.439,1.402
57,3.800,B,8.193,0.823,-0.2,-0.2,8.193,0.823,4.233,1.000,-1.000,-1.402
58,3.867,A,9.879,-0.466,11.5,11.5,9.879,-0.466,4.201,1.000,-0.456,1.403
58,3.867,B,8.477,0.822,-0.2,-0.2,8.477,0.822,4.287,0.987,-1.000,-1.403
59,3.933,A,10.167,-0.466,11.6,11.6,10.167,-0.466,4.248,1.000,-0.466,1.403
59,3.933,B,8.764,0.820,-0.3,-0.3,8.764,0.820,4.337,0.989,-1.000,-1.403
60,4.000,A,10.458,-0.467,11.7,11.7,10.458,-0.467,4.293,1.000,-0.458,1.402
60,4.000,B,9.056,0.819,-0.3,-0.3,9.056,0.819,4.393,0.961,-1.000,-1.402
61,4.067,A,10.753,-0.468,11.9,11.9,10.753,-0.468,4.349,1.000,-0.499,1.403
61,4.067,B,9.350,0.816,-0.3,-0.3,9.350,0.816,4.435,0.962,-1.000,-1.403
62,4.133,A,11.051,-0.470,12.0,12.0,11.050,-0.470,4.364,1.000,-0.401,1.402
62,4.133,B,9.648,0.814,-0.4,-0.4,9.648,0.814,4.502,0.904,-1.000,-1.402
63,4.200,A,11.350,-0.471,12.3,12.3,11.350,-0.471,4.412,1.000,-0.550,1.401
63,4.200,B,9.949,0.809,-0.5,-0.5,9.949,0.809,4.512,0.979,-1.000,-1.401
64,4.267,A,11.652,-0.473,12.5,12.5,11.652,-0.473,4.402,1.000,-0.374,1.401
64,4.267,B,10.251,0.806,-0.6,-0.6,10.251,0.806,4.564,0.821,-1.000,-1.401
65,4.333,A,11.953,-0.475,12.8,12.8,11.953,-0.475,4.411,1.000,-0.560,1.398
65,4.333,B,10.556,0.800,-0.7,-0.7,10.556,0.800,4.570,0.954,-1.000,-1.398
66,4.400,A,12.256,-0.477,13.2,13.2,12.256,-0.477,4.428,1.000,-0.550,1.395
66,4.400,B,10.861,0.793,-0.9,-0.9,10.861,0.793,4.576,0.841,-1.000,-1.395
67,4.467,A,12.562,-0.482,13.4,13.4,12.562,-0.482,4.470,1.000,-0.579,1.396
67,4.467,B,11.167,0.787,-1.0,-1.0,11.167,0.787,4.609,0.838,-1.000,-1.396
68,4.533,A,12.871,-0.488,13.5,13.5,12.871,-0.488,4.491,1.000,-0.536,1.396
68,4.533,B,11.476,0.780,-1.1,-1.1,11.476,0.780,4.653,0.841,-1.000,-1.396
69,4.600,A,13.182,-0.494,13.8,13.8,13.182,-0.494,4.534,1.000,-0.626,1.396
69,4.600,B,11.787,0.772,-1.2,-1.2,11.787,0.772,4.667,0.901,-1.000,-1.396
70,4.667,A,13.496,-0.501,14.0,14.0,13.496,-0.501,4.531,1.000,-0.439,1.396
70,4.667,B,12.100,0.764,-1.3,-1.3,12.100,0.764,4.721,0.711,-1.000,-1.396
71,4.733,A,13.808,-0.507,14.3,14.3,13.808,-0.507,4.526,1.000,-0.594,1.394
71,4.733,B,12.414,0.755,-1.4,-1.4,12.414,0.755,4.719,0.835,-1.000,-1.394
72,4.800,A,14.123,-0.509,14.5,14.5,14.122,-0.509,4.574,1.000,-0.650,1.395
72,4.800,B,12.727,0.749,-1.3,-1.3,12.727,0.749,4.706,0.609,-1.000,-1.395
73,4.867,A,14.438,-0.515,14.4,14.4,14.438,-0.515,4.545,1.000,-0.336,1.396
73,4.867,B,13.042,0.743,-1.3,-1.3,13.042,0.743,4.746,0.567,-1.000,-1.396
74,4.933,A,14.751,-0.520,14.4,14.4,14.751,-0.520,4.547,1.000,-0.567,1.394
74,4.933,B,13.358,0.737,-1.2,-1.2,13.358,0.737,4.712,0.530,-1.000,-1.394
75,5.000,A,15.066,-0.519,14.4,14.4,15.066,-0.519,4.579,1.000,-0.715,1.397
75,5.000,B,13.669,0.735,-1.0,-1.0,13.669,0.735,4.659,0.582,-1.000,-1.397
76,5.067,A,15.378,-0.523,14.2,14.2,15.378,-0.523,4.467,1.000,-0.042,1.397
76,5.067,B,13.981,0.731,-0.9,-0.9,13.981,0.731,4.699,0.555,-1.000,-1.397
77,5.133,A,15.685,-0.531,13.9,13.9,15.685,-0.531,4.441,1.000,-0.371,1.392
77,5.133,B,14.293,0.726,-0.9,-0.9,14.293,0.726,4.668,0.648,-1.000,-1.392
78,5.200,A,15.991,-0.529,14.2,14.2,15.991,-0.529,4.473,1.000,-0.539,1.389
78,5.200,B,14.602,0.723,-0.8,-0.8,14.602,0.723,4.596,0.518,-1.000,-1.389
79,5.267,A,16.299,-0.522,14.1,14.1,16.299,-0.522,4.561,1.000,-0.378,1.395
79,5.267,B,14.905,0.725,-0.4,-0.4,14.904,0.725,4.511,0.752,-1.000,-1.395
80,5.333,A,16.609,-0.513,14.2,14.2,16.609,-0.513,4.533,1.000,-0.677,1.400
80,5.333,B,15.209,0.729,-0.1,-0.1,15.209,0.729,4.569,0.629,-1.000,-1.400
81,5.400,A,16.917,-0.503,14.3,14.3,16.916,-0.503,4.457,1.000,-0.381,1.404
81,5.400,B,15.513,0.733,0.2,0.2,15.513,0.733,4.576,0.538,-1.000,-1.404
82,5.467,A,17.221,-0.499,14.2,14.2,17.221,-0.499,4.444,1.000,-0.387,1.404
82,5.467,B,15.816,0.737,0.3,0.3,15.816,0.737,4.532,0.634,-1.000,-1.404
83,5.533,A,17.525,-0.487,14.6,14.6,17.525,-0.487,4.505,1.000,-0.421,1.409
83,5.533,B,16.117,0.741,0.5,0.5,16.117,0.741,4.477,0.794,-1.000,-1.409
84,5.600,A,17.833,-0.469,14.9,14.9,17.833,-0.469,4.551,1.000,-0.426,1.417
84,5.600,B,16.416,0.751,0.9,0.9,16.416,0.751,4.506,0.749,-1.000,-1.417
85,5.667,A,18.143,-0.449,15.1,15.1,18.143,-0.449,4.571,1.000,-0.446,1.424
85,5.667,B,16.718,0.763,1.3,1.3,16.718,0.763,4.562,0.658,-1.000,-1.424
86,5.733,A,18.454,-0.429,15.3,15.3,18.454,-0.429,4.589,1.000,-0.483,1.430
86,5.733,B,17.023,0.776,1.7,1.7,17.023,0.776,4.598,0.870,-1.000,-1.430
87,5.800,A,18.765,-0.410,15.4,15.4,18.765,-0.410,4.588,1.000,-0.513,1.432
87,5.800,B,17.333,0.790,1.9,1.9,17.333,0.790,4.666,0.859,-1.000,-1.432
88,5.867,A,19.079,-0.396,15.5,15.5,19.079,-0.396,4.607,1.000,-0.567,1.434
88,5.867,B,17.645,0.802,2.0,2.0,17.645,0.802,4.709,0.900,-1.000,-1.434
89,5.933,A,19.394,-0.386,15.5,15.5,19.394,-0.386,4.578,1.000,-0.558,1.433
89,5.933,B,17.962,0.812,1.9,1.9,17.962,0.812,4.780,1.000,-1.000,-1.433
90,6.000,A,19.711,-0.379,15.5,15.5,19.711,-0.379,4.655,1.000,-0.298,1.431
90,6.000,B,18.280,0.821,1.8,1.8,18.280,0.821,4.763,1.000,-1.000,-1.431
91,6.067,A,20.030,-0.365,15.6,11.1,20.001,-0.366,4.670,1.000,-0.018,1.402
91,6.067,B,18.599,0.832,1.9,1.9,18.599,0.832,4.764,1.000,-1.000,-1.402
92,6.133,A,20.348,-0.340,16.0,11.5,20.320,-0.367,4.707,1.000,0.038,1.405
92,6.133,B,18.915,0.850,2.3,2.3,18.915,0.850,4.727,1.000,-1.000,-1.405
93,6.200,A,20.666,-0.304,16.6,12.1,20.640,-0.355,4.737,1.000,-0.143,1.412
93,6.200,B,19.228,0.873,2.9,2.9,19.228,0.873,4.697,1.000,-1.000,-1.412
94,6.267,A,20.983,-0.256,17.4,12.9,20.941,-0.333,4.785,1.000,-0.180,1.402
94,6.267,B,19.539,0.903,3.8,3.8,19.539,0.903,4.664,1.000,-1.000,-1.402
95,6.333,A,21.303,-0.197,18.2,4.7,21.232,-0.348,4.870,1.000,0.602,1.385
95,6.333,B,19.848,0.940,4.7,4.7,19.848,0.940,4.649,1.000,-0.516,-1.385
96,6.400,A,21.620,-0.128,19.3,5.8,21.557,-0.355,4.818,1.000,0.449,1.324
96,6.400,B,20.157,0.978,5.4,0.9,20.233,0.963,4.699,1.000,-1.000,-1.324
97,6.467,A,21.937,-0.056,21.2,7.7,21.882,-0.359,4.821,1.000,-0.075,1.340
97,6.467,B,20.463,1.032,6.9,2.4,20.542,0.993,4.651,1.000,-0.425,-1.340
98,6.533,A,22.249,0.034,22.6,0.1,22.149,-0.391,4.876,1.000,1.000,1.296
98,6.533,B,20.771,1.079,7.4,2.9,20.853,1.015,4.681,1.000,-1.000,-1.296
99,6.600,A,22.576,0.104,24.3,1.8,22.477,-0.451,4.926,1.000,1.000,1.166
99,6.600,B,21.054,1.179,11.2,-2.3,21.311,1.048,4.380,1.000,1.000,-1.166
100,6.667,A,22.903,0.178,26.2,3.7,22.808,-0.508,4.915,1.000,1.000,1.202
100,6.667,B,21.327,1.301,15.8,2.3,21.606,1.103,4.452,1.000,1.000,-1.202
101,6.733,A,23.222,0.275,28.0,-3.5,23.051,-0.584,4.905,1.000,1.000,0.967
101,6.733,B,21.599,1.433,19.8,-2.7,22.083,1.151,4.517,1.000,1.000,-0.967
102,6.800,A,23.531,0.391,29.8,-1.7,23.375,-0.646,4.896,1.000,1.000,0.989
102,6.800,B,21.868,1.576,23.1,0.6,22.387,1.179,4.510,1.000,1.000,-0.989
103,6.867,A,23.829,0.528,31.5,0.0,23.701,-0.685,4.889,1.000,1.000,1.016
103,6.867,B,22.118,1.753,27.3,4.8,22.685,1.247,4.544,1.000,1.000,-1.016
104,6.933,A,24.116,0.684,33.2,-7.3,23.914,-0.734,4.881,1.000,1.000,0.726
104,6.933,B,22.357,1.948,31.3,-0.2,23.188,1.295,4.576,1.000,1.000,-0.726
105,7.000,A,24.389,0.859,34.7,-5.8,24.236,-0.778,4.871,1.000,1.000,0.744
105,7.000,B,22.582,2.162,35.3,3.8,23.492,1.360,4.605,1.000,1.000,-0.744
106,7.067,A,24.650,1.052,36.2,-4.3,24.559,-0.801,4.859,1.000,1.000,0.541
106,7.067,B,22.794,2.392,39.1,-1.4,24.018,1.423,4.632,1.000,0.939,-0.541
107,7.133,A,24.896,1.263,37.8,-11.7,24.756,-0.818,4.844,1.000,1.000,0.428
107,7.133,B,22.991,2.638,43.0,2.5,24.327,1.482,4.672,1.000,-1.000,-0.428
108,7.200,A,25.130,1.486,39.7,-9.8,25.078,-0.851,4.835,1.000,1.000,0.198
108,7.200,B,23.184,2.888,46.1,-3.4,24.880,1.540,4.724,1.000,-1.000,-0.198
109,7.267,A,25.353,1.721,42.0,-7.5,25.401,-0.867,4.834,1.000,1.000,0.204
109,7.267,B,23.377,3.141,48.1,-1.4,25.197,1.557,4.773,1.000,-1.000,-0.204
110,7.333,A,25.562,1.969,44.5,-5.0,25.649,-0.869,4.836,1.000,1.000,0.133
110,7.333,B,23.581,3.387,48.8,-0.7,25.516,1.561,4.795,0.922,-1.000,-0.133
111,7.400,A,25.757,2.229,47.3,-11.2,25.912,-0.898,4.839,1.000,1.000,-0.165
111,7.400,B,23.794,3.625,48.6,-9.9,26.077,1.506,4.798,1.000,-1.000,0.165
112,7.467,A,25.937,2.500,50.3,-8.2,26.237,-0.909,4.844,1.000,1.000,-0.152
112,7.467,B,24.016,3.855,47.7,-10.8,26.390,1.436,4.803,1.000,-0.651,0.152
113,7.533,A,26.101,2.782,53.4,-5.1,26.563,-0.901,4.850,1.000,1.000,-0.347
113,7.533,B,24.250,4.076,46.3,-21.2,26.910,1.319,4.811,1.000,-1.000,0.347
114,7.600,A,26.247,3.074,56.7,-10.8,26.749,-0.910,4.859,1.000,1.000,-0.449
114,7.600,B,24.493,4.286,44.5,-23.0,27.197,1.174,4.811,1.000,-1.000,0.449
115,7.667,A,26.376,3.375,60.0,-7.5,27.076,-0.913,4.868,1.000,1.000,-0.560
115,7.667,B,24.748,4.483,42.3,-34.2,27.636,1.010,4.812,0.622,1.000,0.560
116,7.733,A,26.485,3.685,63.5,-4.0,27.404,-0.896,4.879,0.471,1.000,-0.478
116,7.733,B,25.005,4.675,40.4,-36.1,27.882,0.805,4.796,1.000,1.000,0.478
117,7.800,A,26.633,3.976,60.9,-15.6,27.583,-0.941,4.868,1.000,1.000,-0.554
117,7.800,B,25.191,4.892,43.3,-33.2,28.137,0.676,4.240,0.459,1.000,0.554
118,7.867,A,26.784,4.264,60.0,-16.5,27.898,-1.020,4.875,0.483,1.000,-0.499
118,7.867,B,25.368,5.117,45.8,-30.7,28.398,0.556,4.283,0.652,1.000,0.499
119,7.933,A,26.930,4.549,60.8,-15.7,28.210,-1.096,4.772,1.000,1.000,-0.520
119,7.933,B,25.537,5.349,48.2,-37.3,28.730,0.410,4.221,1.000,1.000,0.520
120,8.000,A,27.065,4.838,62.1,-14.4,28.474,-1.161,4.775,1.000,1.000,-0.512
120,8.000,B,25.684,5.594,51.4,-34.1,28.985,0.283,4.237,1.000,1.000,0.512
121,8.067,A,27.192,5.134,63.7,-21.8,28.645,-1.256,4.829,1.000,1.000,-0.603
121,8.067,B,25.813,5.847,54.8,-30.7,29.248,0.175,4.199,1.000,1.000,0.603
122,8.133,A,27.305,5.437,65.5,-20.0,28.956,-1.345,4.830,1.000,1.000,-0.569
122,8.133,B,25.924,6.110,58.4,-31.6,29.525,0.076,4.232,1.000,1.000,0.569
123,8.200,A,27.403,5.745,67.8,-17.7,29.271,-1.418,4.831,1.000,1.000,-0.526
123,8.200,B,26.019,6.382,62.0,-28.0,29.797,-0.019,4.269,1.000,1.000,0.526
124,8.267,A,27.487,6.058,70.1,-19.9,29.473,-1.487,4.842,1.000,1.000,-0.604
124,8.267,B,26.095,6.663,65.8,-24.2,30.078,-0.095,4.304,0.899,1.000,0.604
125,8.333,A,27.555,6.376,72.6,-17.4,29.791,-1.555,4.854,1.000,1.000,-0.574
125,8.333,B,26.152,6.950,69.7,-20.3,30.365,-0.152,4.335,0.781,1.000,0.574
126,8.400,A,27.608,6.698,75.2,-14.8,30.113,-1.608,4.865,1.000,1.000,-0.544
126,8.400,B,26.188,7.242,73.7,-16.3,30.657,-0.188,4.347,0.872,1.000,0.544
127,8.467,A,27.646,7.023,77.9,-12.1,30.438,-1.646,4.879,1.000,1.000,-0.514
127,8.467,B,26.204,7.537,77.6,-12.4,30.953,-0.204,4.381,1.000,1.000,0.514
128,8.533,A,27.668,7.351,80.6,-9.4,30.766,-1.668,4.904,1.000,1.000,-0.484
128,8.533,B,26.200,7.836,81.6,-8.4,31.251,-0.200,4.412,1.000,1.000,0.484
129,8.600,A,27.674,7.681,83.3,-6.7,31.096,-1.674,4.914,1.000,1.000,-0.454
129,8.600,B,26.175,8.136,85.6,-4.4,31.551,-0.175,4.460,1.000,1.000,0.454
130,8.667,A,27.663,8.012,86.2,-3.8,31.427,-1.663,4.924,1.000,1.000,-0.424
130,8.667,B,26.131,8.436,89.6,-0.4,31.851,-0.131,4.500,1.000,0.032,0.424
131,8.733,A,27.632,8.341,89.2,-0.8,31.756,-1.632,4.928,1.000,1.000,-0.396
131,8.733,B,26.074,8.738,93.0,3.0,32.153,-0.074,4.575,1.000,-1.000,0.396
132,8.800,A,27.582,8.669,92.4,2.4,32.084,-1.582,4.934,1.000,1.000,-0.373
132,8.800,B,26.022,9.042,95.1,5.1,32.458,-0.022,4.636,0.375,-1.000,0.373
133,8.867,A,27.512,8.994,95.6,5.6,32.409,-1.512,4.941,1.000,1.000,-0.349
133,8.867,B,25.978,9.343,96.1,6.1,32.758,0.022,4.505,1.000,-1.000,0.349
134,8.933,A,27.421,9.315,99.0,9.0,32.730,-1.421,4.950,1.000,1.000,-0.328
134,8.933,B,25.943,9.642,96.2,6.2,33.057,0.057,4.523,1.000,-1.000,0.328
135,9.000,A,27.376,9.617,99.1,9.1,33.032,-1.376,4.573,-0.705,1.000,-0.343
135,9.000,B,25.874,9.960,98.2,8.2,33.375,0.126,4.899,0.298,-1.000,0.343
136,9.067,A,27.331,9.919,98.9,8.9,33.334,-1.331,4.585,-0.444,1.000,-0.353
136,9.067,B,25.807,10.272,99.4,9.4,33.687,0.193,4.726,1.000,-1.000,0.353
137,9.133,A,27.294,10.212,98.4,8.4,33.627,-1.294,4.288,-0.314,1.000,-0.371
137,9.133,B,25.748,10.583,99.8,9.8,33.998,0.252,4.744,1.000,-1.000,0.371
138,9.200,A,27.269,10.490,97.4,7.4,33.905,-1.269,4.116,-0.266,1.000,-0.406
138,9.200,B,25.700,10.896,99.4,9.4,34.311,0.300,4.754,1.000,-1.000,0.406
139,9.267,A,27.252,10.757,96.4,6.4,34.172,-1.252,3.940,-0.964,1.000,-0.454
139,9.267,B,25.666,11.211,98.4,8.4,34.626,0.334,4.758,1.000,-1.000,0.454
140,9.333,A,27.245,11.013,95.0,5.0,34.428,-1.245,3.765,-0.841,1.000,-0.516
140,9.333,B,25.646,11.529,96.8,6.8,34.944,0.354,4.760,1.000,-1.000,0.516
141,9.400,A,27.250,11.258,93.4,3.4,34.673,-1.250,3.607,-0.562,1.000,-0.589
141,9.400,B,25.641,11.847,94.9,4.9,35.262,0.359,4.761,0.269,-1.000,0.589
142,9.467,A,27.265,11.493,91.7,1.7,34.908,-1.265,3.445,-0.483,1.000,-0.666
142,9.467,B,25.652,12.159,92.7,2.7,35.574,0.348,4.607,0.063,-1.000,0.666
143,9.533,A,27.289,11.716,89.8,-0.2,35.131,-1.289,3.277,-0.501,1.000,-0.743
143,9.533,B,25.672,12.459,90.7,0.7,35.875,0.328,4.430,-0.133,-1.000,0.743
144,9.600,A,27.320,11.927,88.0,-2.0,35.342,-1.320,3.105,-0.663,1.000,-0.821
144,9.600,B,25.694,12.748,89.2,-0.8,36.163,0.306,4.272,-0.254,-0.593,0.821
145,9.667,A,27.359,12.125,86.0,-4.0,35.540,-1.359,2.932,-0.707,1.000,-0.901
145,9.667,B,25.716,13.026,88.2,-1.8,36.441,0.284,4.114,1.000,-1.000,0.901
146,9.733,A,27.404,12.310,84.0,-6.0,35.725,-1.404,2.762,-1.000,1.000,-0.989
146,9.733,B,25.742,13.300,87.1,-2.9,36.715,0.258,4.122,1.000,-1.000,0.989
147,9.800,A,27.456,12.482,81.9,-8.1,35.897,-1.456,2.586,-1.000,1.000,-1.091
147,9.800,B,25.783,13.573,85.5,-4.5,36.988,0.217,4.130,1.000,-1.000,1.091
148,9.867,A,27.513,12.640,79.7,-10.3,36.055,-1.513,2.419,-0.790,1.000,-1.204
148,9.867,B,25.839,13.844,83.5,-6.5,37.259,0.161,4.137,1.000,-1.000,1.204
149,9.933,A,27.574,12.786,77.5,-12.5,36.201,-1.574,2.256,-0.300,1.000,-1.334
149,9.933,B,25.911,14.113,81.0,-13.5,37.534,0.080,4.144,1.000,-0.316,1.334
150,10.000,A,27.637,12.919,75.4,-14.6,36.334,-1.637,2.101,-0.193,1.000,-1.461
150,10.000,B,25.993,14.381,78.8,-15.7,37.795,-0.022,4.215,1.000,0.062,1.461
151,10.067,A,27.699,13.040,73.5,-16.5,36.455,-1.699,1.936,-0.074,1.000,-1.608
151,10.067,B,26.067,14.656,77.7,-16.8,38.063,-0.118,4.283,1.000,0.165,1.608
152,10.133,A,27.759,13.149,71.8,-18.2,36.564,-1.759,1.773,0.906,1.000,-1.773
152,10.133,B,26.131,14.936,77.5,-17.0,38.338,-0.204,4.327,1.000,1.000,1.773
153,10.200,A,27.815,13.259,70.6,-19.4,36.674,-1.815,1.882,1.000,1.000,-1.896
153,10.200,B,26.184,15.220,78.1,-25.4,38.570,-0.316,4.344,1.000,1.000,1.896
154,10.267,A,27.864,13.379,70.2,-19.8,36.794,-1.864,1.955,1.000,1.000,-2.047
154,10.267,B,26.224,15.508,79.3,-24.2,38.840,-0.423,4.353,1.000,1.000,2.047
155,10.333,A,27.904,13.505,70.5,-19.5,36.920,-1.904,2.007,0.384,1.000,-2.197
155,10.333,B,26.249,15.798,81.0,-22.5,39.117,-0.515,4.358,1.000,1.000,2.197
156,10.400,A,27.932,13.636,71.6,-18.4,37.051,-1.932,1.988,-1.000,1.000,-2.254
156,10.400,B,26.259,16.090,83.2,-29.3,39.305,-0.601,4.363,1.000,1.000,2.254
157,10.467,A,27.962,13.761,72.3,-17.7,37.176,-1.962,1.893,0.744,1.000,-2.402
157,10.467,B,26.251,16.383,85.6,-26.9,39.578,-0.706,4.368,1.000,1.000,2.402
158,10.533,A,27.990,13.885,73.0,-17.0,37.300,-1.990,1.915,0.228,1.000,-2.558
158,10.533,B,26.226,16.676,88.4,-24.1,39.858,-0.795,4.376,1.000,1.000,2.558
159,10.600,A,28.006,14.009,74.5,-15.5,37.415,-2.006,1.805,0.382,1.000,-2.730
159,10.600,B,26.183,16.968,91.4,-21.1,40.145,-0.866,4.386,1.000,1.000,2.730
160,10.667,A,28.013,14.134,76.2,-13.8,37.415,-2.018,1.891,0.108,1.000,-2.875
160,10.667,B,26.121,17.258,94.7,-26.8,40.290,-0.939,4.400,1.000,1.000,2.875
161,10.733,A,28.017,14.255,77.8,-16.7,37.511,-2.031,1.718,1.000,1.000,-3.065
161,10.733,B,26.040,17.544,98.0,-23.5,40.577,-1.020,4.418,1.000,1.000,3.065
162,10.800,A,28.017,14.376,79.5,-15.0,37.631,-2.040,1.815,1.000,1.000,-3.238
162,10.800,B,25.940,17.826,101.5,-20.0,40.869,-1.082,4.438,1.000,1.000,3.238
163,10.867,A,28.012,14.503,81.3,-13.2,37.759,-2.046,1.925,1.000,1.000,-3.408
163,10.867,B,25.821,18.103,105.1,-16.4,41.167,-1.126,4.462,1.000,1.000,3.408
164,10.933,A,28.004,14.638,83.2,-11.3,37.894,-2.048,2.034,0.900,1.000,-3.392
164,10.933,B,25.683,18.373,108.8,-21.7,41.286,-1.180,4.487,1.000,1.000,3.392
165,11.000,A,27.990,14.780,85.2,-9.3,38.036,-2.045,2.142,0.943,1.000,-3.550
165,11.000,B,25.528,18.634,112.5,-18.0,41.586,-1.232,4.515,1.000,1.000,3.550
166,11.067,A,27.970,14.928,87.2,-7.3,38.186,-2.036,2.247,1.000,1.000,-3.705
166,11.067,B,25.354,18.887,116.2,-14.3,41.891,-1.263,4.542,1.000,1.000,3.705
167,11.133,A,27.943,15.083,89.4,-5.1,38.342,-2.022,2.351,1.000,1.000,-3.780
167,11.133,B,25.162,19.129,120.0,-10.5,42.123,-1.277,4.570,1.000,1.000,3.780
168,11.200,A,27.909,15.243,91.7,-2.8,38.357,-2.006,2.455,1.000,1.000,-3.950
168,11.200,B,24.954,19.359,123.8,-15.7,42.306,-1.311,4.597,1.000,1.000,3.950
169,11.267,A,27.867,15.409,94.0,-9.5,38.361,-1.997,2.557,1.000,1.000,-4.257
169,11.267,B,24.730,19.576,127.6,-11.9,42.618,-1.331,4.624,1.000,1.000,4.257
170,11.333,A,27.816,15.579,96.5,-7.0,38.538,-1.987,2.657,1.000,1.000,-4.394
170,11.333,B,24.491,19.779,131.4,-8.1,42.932,-1.330,4.650,1.000,1.000,4.394
171,11.400,A,27.756,15.753,99.0,-4.5,38.722,-1.969,2.756,1.000,1.000,-4.342
171,11.400,B,24.237,19.967,135.3,-4.2,43.064,-1.321,4.676,1.000,1.000,4.342
172,11.467,A,27.685,15.931,101.6,-1.9,38.911,-1.942,2.852,1.000,1.000,-4.446
172,11.467,B,23.971,20.139,139.1,-9.4,43.357,-1.327,4.700,1.000,1.000,4.446
173,11.533,A,27.604,16.111,104.3,0.8,39.105,-1.905,2.947,1.000,1.000,-4.570
173,11.533,B,23.692,20.293,142.9,-5.6,43.675,-1.313,4.724,1.000,1.000,4.570
174,11.600,A,27.511,16.292,107.1,3.6,39.298,-1.857,3.039,1.000,1.000,-4.695
174,11.600,B,23.402,20.430,146.8,-1.7,43.993,-1.278,4.747,1.000,1.000,4.695
175,11.667,A,27.407,16.475,110.0,6.5,39.298,-1.810,3.129,1.000,1.000,-4.817
175,11.667,B,23.103,20.547,150.6,-6.9,44.115,-1.255,4.769,1.000,1.000,4.817
176,11.733,A,27.290,16.656,112.9,0.4,39.433,-1.770,3.218,1.000,1.000,-5.004
176,11.733,B,22.795,20.645,154.4,-3.1,44.437,-1.227,4.790,1.000,1.000,5.004
177,11.800,A,27.161,16.837,115.9,3.4,39.649,-1.720,3.304,1.000,1.000,-5.109
177,11.800,B,22.480,20.723,158.2,0.7,44.758,-1.179,4.811,1.000,1.000,5.109
178,11.867,A,27.018,17.014,119.0,6.5,39.868,-1.656,3.388,1.000,1.000,-5.079
178,11.867,B,22.159,20.781,162.0,4.5,44.947,-1.117,4.830,1.000,1.000,5.079
179,11.933,A,26.863,17.188,122.1,9.6,40.088,-1.579,3.468,1.000,1.000,-5.138
179,11.933,B,21.834,20.817,165.9,-0.6,45.226,-1.076,4.849,1.000,1.000,5.138
180,12.000,A,26.694,17.357,125.3,12.8,40.240,-1.489,3.547,1.000,1.000,-5.309
180,12.000,B,21.506,20.833,169.6,3.1,45.548,-1.014,4.868,1.000,0.957,5.309
181,12.067,A,26.513,17.520,128.6,7.1,40.308,-1.410,3.623,1.000,1.000,-5.559
181,12.067,B,21.177,20.826,173.4,6.9,45.867,-0.931,4.889,1.000,-0.073,5.559
182,12.133,A,26.318,17.675,131.9,10.4,40.542,-1.326,3.696,1.000,1.000,-5.508
182,12.133,B,20.846,20.808,176.7,1.2,46.050,-0.872,4.953,1.000,0.852,5.508
183,12.200,A,26.111,17.821,135.3,13.8,40.775,-1.225,3.767,1.000,1.000,-5.604
183,12.200,B,20.514,20.785,179.1,3.6,46.379,-0.823,4.978,1.000,0.170,5.604
184,12.267,A,25.891,17.957,138.8,17.3,41.006,-1.109,3.835,1.000,1.000,-5.703
184,12.267,B,20.181,20.755,-178.9,5.6,46.709,-0.767,5.019,1.000,0.100,5.703
185,12.333,A,25.660,18.082,142.2,20.7,41.181,-0.979,3.900,1.000,0.501,-5.805
185,12.333,B,19.844,20.732,-178.0,2.0,46.986,-0.732,5.108,1.000,0.856,5.805
186,12.400,A,25.421,18.201,145.3,14.8,41.326,-0.869,4.007,1.000,1.000,-6.000
186,12.400,B,19.504,20.706,-177.2,2.8,47.326,-0.706,5.113,1.000,0.809,6.000
187,12.467,A,25.177,18.321,147.7,17.2,41.575,-0.762,4.042,1.000,0.659,-6.090
187,12.467,B,19.165,20.666,-175.8,4.2,47.665,-0.666,5.109,1.000,0.285,6.090
188,12.533,A,24.925,18.430,150.2,19.7,41.822,-0.641,4.130,1.000,-0.493,-6.183
188,12.533,B,18.825,20.616,-174.4,5.6,48.005,-0.616,5.171,1.000,0.176,6.183
189,12.600,A,24.668,18.538,152.2,21.7,42.071,-0.516,4.178,1.000,-1.000,-6.279
189,12.600,B,18.480,20.563,-173.4,6.6,48.350,-0.563,5.280,1.000,0.112,6.279
190,12.667,A,24.412,18.654,153.2,13.7,42.261,-0.423,4.223,1.000,-0.558,-6.442
190,12.667,B,18.127,20.509,-172.6,7.4,48.703,-0.509,5.406,1.000,0.098,6.442
191,12.733,A,24.160,18.782,153.1,13.6,42.535,-0.356,4.251,0.556,-0.775,-6.529
191,12.733,B,17.766,20.452,-172.1,7.9,49.064,-0.452,5.542,1.000,0.078,6.529
192,12.800,A,23.915,18.920,152.4,12.9,42.812,-0.302,4.211,0.548,-0.692,-6.622
192,12.800,B,17.396,20.391,-171.6,8.4,49.434,-0.391,5.677,1.000,-0.127,6.622
193,12.867,A,23.678,19.069,151.0,11.5,43.064,-0.263,4.168,0.741,-0.397,-6.745
193,12.867,B,17.021,20.333,-171.5,8.5,49.809,-0.333,5.687,1.000,-0.156,6.745
194,12.933,A,23.447,19.228,149.4,0.9,43.328,-0.277,4.236,1.000,1.000,-6.858
194,12.933,B,16.644,20.287,-172.1,7.9,50.186,-0.287,5.708,1.000,-0.138,6.858
195,13.000,A,23.211,19.388,148.4,-0.1,43.612,-0.290,4.265,1.000,1.000,-6.957
195,13.000,B,16.262,20.249,-172.9,7.1,50.568,-0.249,5.815,1.000,-0.138,6.957
196,13.067,A,22.971,19.541,148.2,-0.3,43.897,-0.296,4.291,1.000,1.000,-7.060
196,13.067,B,15.873,20.216,-173.8,6.2,50.958,-0.216,5.869,1.000,-0.128,7.060
197,13.133,A,22.722,19.684,148.8,-8.7,44.137,-0.311,4.306,1.000,1.000,-7.213
197,13.133,B,15.481,20.188,-174.6,5.4,51.349,-0.188,5.882,1.000,-0.119,7.213
198,13.200,A,22.466,19.815,150.0,-7.5,44.424,-0.335,4.315,1.000,1.000,-7.318
198,13.200,B,15.089,20.163,-175.3,4.7,51.742,-0.163,5.911,1.000,-0.114,7.318
199,13.267,A,22.202,19.934,151.7,-5.8,44.712,-0.343,4.321,1.000,1.000,-7.424
199,13.267,B,14.693,20.144,-176.0,4.0,52.137,-0.144,5.926,1.000,-0.092,7.424
200,13.333,A,21.932,20.038,153.9,-12.6,44.949,-0.341,4.326,1.000,1.000,-7.585
200,13.333,B,14.296,20.127,-176.6,3.4,52.534,-0.127,5.984,1.000,-0.086,7.585
201,13.400,A,21.655,20.126,156.4,-10.1,45.239,-0.362,4.332,1.000,1.000,-7.695
201,13.400,B,13.896,20.113,-177.1,2.9,52.934,-0.113,6.011,1.000,-0.064,7.695
202,13.467,A,21.372,20.198,159.2,-7.3,45.530,-0.366,4.340,1.000,1.000,-7.804
202,13.467,B,13.496,20.100,-177.5,2.5,53.334,-0.100,5.975,1.000,-0.023,7.804
203,13.533,A,21.085,20.253,162.2,-4.3,45.823,-0.352,4.351,1.000,1.000,-7.911
203,13.533,B,13.097,20.087,-177.7,2.3,53.733,-0.087,6.014,1.000,-0.072,7.911
204,13.600,A,20.793,20.289,165.4,-10.1,46.062,-0.350,4.366,1.000,1.000,-8.072
204,13.600,B,12.696,20.076,-178.0,2.0,54.134,-0.076,5.990,1.000,0.001,8.072
205,13.667,A,20.498,20.306,168.8,-6.7,46.358,-0.344,4.384,1.000,1.000,-8.176
205,13.667,B,12.296,20.066,-178.2,1.8,54.534,-0.066,6.000,1.000,-0.067,8.176
206,13.733,A,20.200,20.304,172.3,-3.2,46.654,-0.319,4.407,1.000,1.000,-8.279
206,13.733,B,11.897,20.057,-178.4,1.6,54.933,-0.057,6.004,1.000,0.023,8.279
207,13.800,A,19.902,20.282,175.9,-4.1,46.928,-0.282,4.432,1.000,1.000,-8.406
207,13.800,B,11.496,20.049,-178.6,1.4,55.334,-0.049,6.002,1.000,-0.054,8.406
208,13.867,A,19.604,20.241,179.6,-0.4,47.226,-0.241,4.460,1.000,0.727,-8.508
208,13.867,B,11.096,20.041,-178.7,1.3,55.734,-0.041,5.995,1.000,0.046,8.508
209,13.933,A,19.305,20.185,-177.1,2.9,47.525,-0.185,4.567,1.000,0.300,-8.608
209,13.933,B,10.697,20.033,-178.7,1.3,56.133,-0.033,5.995,1.000,-0.031,8.608
210,14.000,A,19.001,20.123,-174.5,5.5,47.829,-0.123,4.654,0.911,-0.648,-8.704
210,14.000,B,10.297,20.023,-178.7,1.3,56.533,-0.023,5.999,1.000,0.051,8.704
211,14.067,A,18.693,20.069,-173.1,6.9,48.137,-0.069,4.688,1.000,-0.278,-8.796
211,14.067,B,9.897,20.013,-178.6,1.4,56.933,-0.013,6.000,1.000,-0.135,8.796
212,14.133,A,18.383,20.025,-172.8,7.2,48.448,-0.025,4.718,1.000,-0.283,-8.885
212,14.133,B,9.497,20.003,-178.6,1.4,57.333,-0.003,6.000,1.000,-0.005,8.885
213,14.200,A,18.069,19.992,-173.2,6.8,48.761,0.008,4.743,1.000,-0.283,-8.971
213,14.200,B,9.097,19.997,-178.8,1.2,57.733,0.003,6.001,1.000,-0.076,8.971
214,14.267,A,17.751,19.971,-174.2,5.8,49.079,0.029,4.791,1.000,-0.278,-9.054
214,14.267,B,8.698,19.994,-179.1,0.9,58.133,0.006,5.996,1.000,0.052,9.054
215,14.333,A,17.428,19.961,-175.4,4.6,49.402,0.039,4.892,1.000,-0.275,-9.130
215,14.333,B,8.298,19.991,-179.2,0.8,58.532,0.009,5.998,1.000,-0.088,9.130
216,14.400,A,17.097,19.957,-176.8,3.2,49.733,0.043,5.000,1.000,-0.271,-9.199
216,14.400,B,7.898,19.986,-179.3,0.7,58.932,0.014,5.995,1.000,0.018,9.199
217,14.467,A,16.759,19.961,-178.1,1.9,50.071,0.039,5.106,1.000,-0.236,-9.261
217,14.467,B,7.499,19.984,-179.4,0.6,59.332,0.016,5.996,1.000,-0.069,9.261
218,14.533,A,16.414,19.972,-179.3,0.7,50.416,0.028,5.222,1.000,-0.092,-9.315
218,14.533,B,7.099,19.982,-179.6,0.4,59.731,0.018,5.990,1.000,0.068,9.315
219,14.600,A,16.062,19.983,179.9,-0.1,50.768,0.017,5.312,1.000,-0.064,-9.363
219,14.600,B,6.699,19.982,-179.7,0.3,60.131,0.018,5.993,1.000,-0.047,9.363
220,14.667,A,15.702,19.991,179.5,-0.5,51.128,0.009,5.448,1.000,-0.032,-9.402
220,14.667,B,6.300,19.978,-179.6,0.4,60.530,0.022,5.990,1.000,0.045,9.402
221,14.733,A,15.334,19.999,179.2,-0.8,51.496,0.001,5.581,1.000,-0.017,-9.433
221,14.733,B,5.901,19.976,-179.6,0.4,60.929,0.024,5.989,1.000,-0.094,9.433
222,14.800,A,14.956,20.006,179.1,-0.9,51.874,-0.006,5.719,1.000,-0.003,-9.455
222,14.800,B,5.501,19.973,-179.7,0.3,61.329,0.027,5.990,1.000,0.013,9.455
223,14.867,A,14.570,20.013,179.1,-0.9,52.261,-0.013,5.855,1.000,0.006,-9.467
223,14.867,B,5.102,19.974,-179.8,0.2,61.728,0.026,5.998,1.000,-0.073,9.467
224,14.933,A,14.174,20.019,179.1,-0.9,52.656,-0.019,5.988,1.000,0.013,-9.472
224,14.933,B,4.702,19.976,180.0,-0.0,62.128,0.024,5.990,1.000,0.070,9.472
225,15.000,A,13.774,20.025,179.1,-0.9,53.056,-0.025,6.006,1.000,0.015,-9.471
225,15.000,B,4.303,19.978,179.9,-0.1,62.527,0.022,5.991,1.000,-0.034,9.471
226,15.067,A,13.374,20.030,179.2,-0.8,53.456,-0.030,6.005,1.000,0.022,-9.470
226,15.067,B,3.904,19.978,179.9,-0.1,62.927,0.022,5.990,1.000,0.053,9.470
227,15.133,A,12.974,20.034,179.3,-0.7,53.857,-0.034,5.992,1.000,0.013,-9.469
227,15.133,B,3.504,19.978,-180.0,0.0,63.326,0.022,5.991,1.000,-0.094,9.469
228,15.200,A,12.573,20.038,179.3,-0.7,54.257,-0.038,6.010,1.000,0.018,-9.469
228,15.200,B,3.105,19.977,180.0,-0.0,63.725,0.023,5.991,1.000,0.058,9.469
229,15.267,A,12.173,20.041,179.4,-0.6,54.657,-0.041,6.011,1.000,0.017,-9.467
229,15.267,B,2.706,19.980,179.9,-0.1,64.125,0.020,5.990,1.000,-0.026,9.467
230,15.333,A,11.772,20.044,179.5,-0.5,55.058,-0.044,6.010,1.000,0.018,-9.466
230,15.333,B,2.306,19.979,179.9,-0.1,64.524,0.021,5.990,1.000,0.051,9.466
231,15.400,A,11.372,20.047,179.5,-0.5,55.459,-0.047,6.008,1.000,0.019,-9.465
231,15.400,B,1.907,19.978,-180.0,0.0,64.923,0.022,5.995,1.000,-0.094,9.465
232,15.467,A,10.971,20.050,179.6,-0.4,55.859,-0.050,6.008,1.000,0.019,-9.464
232,15.467,B,1.507,19.977,-180.0,0.0,65.323,0.023,5.995,1.000,0.054,9.464
233,15.533,A,10.570,20.052,179.6,-0.4,56.260,-0.052,6.010,1.000,0.019,-9.463
233,15.533,B,1.107,19.980,179.9,-0.1,65.723,0.020,5.994,1.000,-0.034,9.463
234,15.600,A,10.170,20.054,179.7,-0.3,56.661,-0.054,6.010,1.000,0.018,-9.462
234,15.600,B,0.708,19.979,179.9,-0.1,66.122,0.021,5.993,1.000,0.055,9.462
235,15.667,A,9.769,20.055,179.7,-0.3,57.061,-0.055,6.011,1.000,0.015,-9.460
235,15.667,B,0.308,19.979,-180.0,0.0,66.522,0.021,5.994,1.000,-0.096,9.460
236,15.733,A,9.368,20.056,179.8,-0.2,57.462,-0.056,5.997,1.000,0.012,-9.460
236,15.733,B,-0.091,19.978,-180.0,0.0,66.921,0.022,5.994,1.000,0.055,9.460
237,15.800,A,8.969,20.056,179.9,-0.1,57.861,-0.056,5.991,1.000,0.007,-9.460
237,15.800,B,-0.491,19.980,179.9,-0.1,67.321,0.020,5.992,1.000,-0.034,9.460
238,15.867,A,8.569,20.055,179.9,-0.1,58.261,-0.055,5.999,1.000,0.005,-9.459
238,15.867,B,-0.890,19.980,179.9,-0.1,67.720,0.020,5.992,1.000,0.056,9.459
239,15.933,A,8.169,20.055,180.0,-0.0,58.661,-0.055,6.001,1.000,0.005,-9.459
239,15.933,B,-1.290,19.979,-180.0,0.0,68.120,0.021,5.991,1.000,-0.098,9.459
240,16.000,A,7.769,20.055,180.0,-0.0,59.061,-0.055,5.999,1.000,0.005,-9.458
240,16.000,B,-1.689,19.978,-179.9,0.1,68.519,0.022,5.992,1.000,0.051,9.458
241,16.067,A,7.369,20.055,-180.0,0.0,59.461,-0.055,5.998,1.000,0.004,-9.458
241,16.067,B,-2.088,19.980,180.0,-0.0,68.919,0.020,5.992,1.000,-0.045,9.458
242,16.133,A,6.969,20.054,-180.0,0.0,59.861,-0.054,6.001,1.000,0.001,-9.457
242,16.133,B,-2.488,19.980,179.9,-0.1,69.318,0.020,5.990,1.000,0.064,9.457
243,16.200,A,6.569,20.054,-179.9,0.1,60.261,-0.054,6.003,1.000,-0.000,-9.456
243,16.200,B,-2.887,19.980,180.0,-0.0,69.717,0.020,5.991,1.000,-0.081,9.456
244,16.267,A,6.169,20.053,-179.9,0.1,60.661,-0.053,5.999,1.000,-0.002,-9.455
244,16.267,B,-3.286,19.979,-180.0,0.0,70.117,0.021,5.989,1.000,0.051,9.455
245,16.333,A,5.769,20.052,-179.9,0.1,61.061,-0.052,5.999,1.000,-0.004,-9.455
245,16.333,B,-3.686,19.980,180.0,-0.0,70.516,0.020,5.990,1.000,-0.046,9.455
246,16.400,A,5.369,20.051,-179.9,0.1,61.461,-0.051,6.000,1.000,-0.005,-9.454
246,16.400,B,-4.085,19.980,180.0,-0.0,70.915,0.020,5.989,1.000,0.064,9.454
247,16.467,A,4.969,20.050,-179.9,0.1,61.861,-0.050,6.002,1.000,-0.006,-9.453
247,16.467,B,-4.484,19.980,180.0,-0.0,71.314,0.020,5.990,1.000,-0.079,9.453
248,16.533,A,4.569,20.049,-179.9,0.1,62.261,-0.049,6.003,1.000,-0.006,-9.452
248,16.533,B,-4.883,19.979,-180.0,0.0,71.714,0.021,5.989,1.000,0.052,9.452
249,16.600,A,4.168,20.049,-179.9,0.1,62.662,-0.049,6.004,1.000,-0.004,-9.451
249,16.600,B,-5.283,19.980,180.0,-0.0,72.113,0.020,5.988,1.000,-0.048,9.451
250,16.667,A,3.768,20.049,-179.9,0.1,63.062,-0.049,6.001,1.000,-0.004,-9.450
250,16.667,B,-5.682,19.980,180.0,-0.0,72.512,0.020,5.987,1.000,0.062,9.450
251,16.733,A,3.368,20.049,-180.0,0.0,63.462,-0.049,5.999,1.000,-0.004,-9.449
251,16.733,B,-6.081,19.980,-180.0,0.0,72.911,0.020,5.988,1.000,-0.080,9.449
252,16.800,A,2.968,20.049,-180.0,0.0,63.862,-0.049,6.000,1.000,-0.002,-9.448
252,16.800,B,-6.480,19.979,-180.0,0.0,73.310,0.021,5.987,1.000,0.052,9.448
253,16.867,A,2.568,20.049,-180.0,0.0,64.262,-0.049,6.000,1.000,-0.001,-9.447
253,16.867,B,-6.879,19.980,180.0,-0.0,73.709,0.020,5.987,1.000,-0.047,9.447
254,16.933,A,2.168,20.049,180.0,-0.0,64.662,-0.049,6.003,1.000,0.001,-9.446
254,16.933,B,-7.278,19.980,180.0,-0.0,74.108,0.020,5.987,1.000,0.064,9.446
255,17.000,A,1.768,20.050,180.0,-0.0,65.062,-0.050,6.000,1.000,-0.000,-9.445
255,17.000,B,-7.677,19.980,180.0,-0.0,74.508,0.020,5.988,1.000,-0.079,9.445
256,17.067,A,1.368,20.050,180.0,-0.0,65.462,-0.050,5.999,1.000,-0.001,-9.444
256,17.067,B,-8.077,19.979,-180.0,0.0,74.907,0.021,5.986,1.000,0.052,9.444
257,17.133,A,0.968,20.049,-180.0,0.0,65.862,-0.049,6.000,1.000,-0.002,-9.443
257,17.133,B,-8.476,19.980,180.0,-0.0,75.306,0.020,5.986,1.000,-0.047,9.443
258,17.200,A,0.568,20.049,-180.0,0.0,66.262,-0.049,6.001,1.000,-0.000,-9.442
258,17.200,B,-8.875,19.980,180.0,-0.0,75.705,0.020,5.988,1.000,0.062,9.442
259,17.267,A,0.168,20.050,180.0,-0.0,66.662,-0.050,6.002,1.000,0.000,-9.441
259,17.267,B,-9.274,19.980,-180.0,0.0,76.104,0.020,5.987,1.000,-0.080,9.441
260,17.333,A,-0.232,20.050,180.0,-0.0,67.062,-0.050,6.000,1.000,-0.000,-9.441
260,17.333,B,-9.673,19.979,-179.9,0.1,76.503,0.021,5.987,1.000,0.052,9.441
261,17.400,A,-0.632,20.050,180.0,-0.0,67.463,-0.050,6.001,1.000,0.000,-9.439
261,17.400,B,-10.072,19.980,180.0,-0.0,76.902,0.020,5.986,1.000,-0.048,9.439
262,17.467,A,-1.033,20.050,180.0,-0.0,67.863,-0.050,6.001,1.000,0.001,-9.438
262,17.467,B,-10.471,19.980,180.0,-0.0,77.301,0.020,5.986,1.000,0.063,9.438
263,17.533,A,-1.433,20.050,180.0,-0.0,68.263,-0.050,6.001,1.000,0.001,-9.437
263,17.533,B,-10.870,19.980,-180.0,0.0,77.700,0.020,5.987,1.000,-0.081,9.437
264,17.600,A,-1.833,20.050,180.0,-0.0,68.663,-0.050,6.000,1.000,0.001,-9.436
264,17.600,B,-11.269,19.979,-180.0,0.0,78.099,0.021,5.986,1.000,0.051,9.436
265,17.667,A,-2.233,20.051,180.0,-0.0,69.063,-0.051,6.000,1.000,0.000,-9.435
265,17.667,B,-11.668,19.980,180.0,-0.0,78.498,0.020,5.986,1.000,-0.047,9.435
266,17.733,A,-2.633,20.050,180.0,-0.0,69.463,-0.050,6.000,1.000,0.000,-9.434
266,17.733,B,-12.067,19.980,180.0,-0.0,78.897,0.020,5.988,1.000,0.064,9.434
267,17.800,A,-3.033,20.051,180.0,-0.0,69.863,-0.051,6.001,1.000,0.000,-9.433
267,17.800,B,-12.466,19.981,180.0,-0.0,79.296,0.019,5.988,1.000,-0.073,9.433
268,17.867,A,-3.433,20.051,180.0,-0.0,70.263,-0.051,6.001,1.000,0.000,-9.432
268,17.867,B,-12.865,19.979,-180.0,0.0,79.696,0.021,5.987,1.000,0.052,9.432
269,17.933,A,-3.833,20.051,180.0,-0.0,70.663,-0.051,6.000,1.000,0.001,-9.431
269,17.933,B,-13.264,19.981,180.0,-0.0,80.095,0.019,5.986,1.000,-0.050,9.431
270,18.000,A,-4.233,20.051,180.0,-0.0,71.063,-0.051,6.001,1.000,0.001,-9.430
270,18.000,B,-13.664,19.980,180.0,-0.0,80.494,0.020,5.985,1.000,0.063,9.430
271,18.067,A,-4.633,20.051,180.0,-0.0,71.463,-0.051,6.001,1.000,0.001,-9.429
271,18.067,B,-14.063,19.981,180.0,-0.0,80.893,0.019,5.986,1.000,-0.067,9.429
272,18.133,A,-5.033,20.051,180.0,-0.0,71.863,-0.051,6.000,1.000,0.001,-9.428
272,18.133,B,-14.462,19.979,-180.0,0.0,81.292,0.021,5.985,1.000,0.053,9.428
273,18.200,A,-5.433,20.051,180.0,-0.0,72.264,-0.051,6.000,1.000,0.000,-9.427
273,18.200,B,-14.860,19.981,180.0,-0.0,81.691,0.019,5.984,1.000,-0.053,9.427
274,18.267,A,-5.833,20.051,-180.0,0.0,72.664,-0.051,6.000,1.000,-0.000,-9.426
274,18.267,B,-15.259,19.980,180.0,-0.0,82.090,0.020,5.984,1.000,0.018,9.426
275,18.333,A,-6.233,20.051,-180.0,0.0,73.064,-0.051,6.000,1.000,-0.001,-9.425
275,18.333,B,-15.658,19.982,179.9,-0.1,82.489,0.018,5.994,1.000,-0.080,9.425
276,18.400,A,-6.634,20.050,-180.0,0.0,73.464,-0.050,6.001,1.000,-0.001,-9.424
276,18.400,B,-16.058,19.985,179.7,-0.3,82.888,0.015,5.991,1.000,-0.032,9.424
277,18.467,A,-7.034,20.050,-180.0,0.0,73.864,-0.050,6.001,1.000,-0.001,-9.424
277,18.467,B,-16.457,19.992,179.5,-0.5,83.288,0.008,5.987,1.000,-0.023,9.424
278,18.533,A,-7.434,20.050,-180.0,0.0,74.264,-0.050,6.001,1.000,-0.000,-9.423
278,18.533,B,-16.856,19.999,179.3,-0.7,83.686,0.001,5.983,1.000,0.001,9.423
279,18.600,A,-7.834,20.050,-180.0,0.0,74.664,-0.050,6.000,1.000,0.000,-9.422
279,18.600,B,-17.256,20.004,179.3,-0.7,84.086,-0.004,5.997,1.000,-0.187,9.422
280,18.667,A,-8.234,20.050,-180.0,0.0,75.064,-0.050,6.001,1.000,0.002,-9.422
280,18.667,B,-17.655,20.014,179.0,-1.0,84.486,-0.014,5.994,1.000,-0.003,9.422
281,18.733,A,-8.634,20.050,180.0,-0.0,75.464,-0.050,6.002,1.000,0.002,-9.421
281,18.733,B,-18.055,20.029,178.6,-1.4,84.885,-0.029,5.999,1.000,0.526,9.421
282,18.800,A,-9.034,20.051,180.0,-0.0,75.864,-0.051,6.001,1.000,0.003,-9.420
282,18.800,B,-18.455,20.034,178.9,-1.1,85.285,-0.034,5.996,1.000,0.662,9.420
283,18.867,A,-9.434,20.051,180.0,-0.0,76.264,-0.051,6.000,1.000,0.002,-9.420
283,18.867,B,-18.854,20.025,179.8,-0.2,85.684,-0.025,5.987,1.000,1.000,9.420
284,18.933,A,-9.834,20.050,-180.0,0.0,76.664,-0.050,6.000,1.000,-0.001,-9.418
284,18.933,B,-19.252,20.001,-178.8,1.2,86.083,-0.001,5.974,1.000,1.000,9.418
285,19.000,A,-10.234,20.050,-180.0,0.0,77.064,-0.050,5.999,1.000,-0.005,-9.415
285,19.000,B,-19.649,19.960,-177.0,3.0,86.479,0.040,5.960,1.000,1.000,9.415
286,19.067,A,-10.634,20.049,-179.9,0.1,77.464,-0.049,5.999,1.000,-0.009,-9.416
286,19.067,B,-20.042,19.902,-174.9,0.6,86.880,0.094,5.948,1.000,1.000,9.416
287,19.133,A,-11.034,20.049,-179.9,0.1,77.864,-0.049,5.999,1.000,-0.011,-9.411
287,19.133,B,-20.432,19.825,-172.6,2.9,87.275,0.140,5.938,1.000,1.000,9.411
288,19.200,A,-11.434,20.049,-179.9,0.1,78.264,-0.049,6.003,1.000,-0.011,-9.402
288,19.200,B,-20.818,19.730,-170.1,5.4,87.666,0.205,5.928,1.000,1.000,9.402
289,19.267,A,-11.835,20.049,-180.0,0.0,78.665,-0.049,6.006,1.000,-0.011,-9.431
289,19.267,B,-21.197,19.616,-167.5,-1.0,88.096,0.241,5.920,1.000,1.000,9.431
290,19.333,A,-12.235,20.049,180.0,-0.0,79.065,-0.049,6.006,1.000,-0.010,-9.424
290,19.333,B,-21.571,19.482,-164.8,1.7,88.490,0.284,5.913,1.000,1.000,9.424
291,19.400,A,-12.636,20.050,180.0,-0.0,79.466,-0.050,6.006,1.000,-0.009,-9.467
291,19.400,B,-21.936,19.330,-161.9,-4.4,88.933,0.316,5.907,1.000,1.000,9.467
292,19.467,A,-13.036,20.051,179.9,-0.1,79.866,-0.051,6.006,1.000,-0.007,-9.461
292,19.467,B,-22.293,19.159,-159.0,-1.5,89.328,0.338,5.901,1.000,1.000,9.461
293,19.533,A,-13.437,20.052,179.9,-0.1,80.267,-0.052,6.007,1.000,-0.005,-9.513
293,19.533,B,-22.639,18.969,-156.1,-7.6,89.779,0.366,5.896,1.000,1.000,9.513
294,19.600,A,-13.837,20.054,179.8,-0.2,80.667,-0.054,6.001,1.000,-0.003,-9.507
294,19.600,B,-22.975,18.761,-153.1,-4.6,90.174,0.367,5.891,1.000,1.000,9.507
295,19.667,A,-14.237,20.055,179.8,-0.2,81.067,-0.055,5.998,1.000,-0.000,-9.563
295,19.667,B,-23.299,18.536,-150.1,-10.6,90.630,0.389,5.886,1.000,1.000,9.563
296,19.733,A,-14.637,20.057,179.8,-0.2,81.467,-0.057,6.003,1.000,0.001,-9.557
296,19.733,B,-23.611,18.294,-147.0,-7.5,91.024,0.372,5.882,1.000,1.000,9.557
297,19.800,A,-15.037,20.058,179.8,-0.2,81.867,-0.058,6.002,1.000,0.004,-9.551
297,19.800,B,-23.908,18.035,-144.0,-4.5,91.418,0.375,5.879,1.000,1.000,9.551
298,19.867,A,-15.437,20.060,179.8,-0.2,82.267,-0.060,6.000,1.000,0.010,-9.604
298,19.867,B,-24.191,17.761,-140.9,-10.4,91.871,0.352,5.875,1.000,1.000,9.604
299,19.933,A,-15.837,20.061,179.8,-0.2,82.667,-0.061,6.002,1.000,0.011,-9.597
299,19.933,B,-24.458,17.471,-137.8,-7.3,92.264,0.337,5.872,1.000,1.000,9.597
300,20.000,A,-16.237,20.062,179.8,-0.2,83.068,-0.062,6.005,1.000,0.026,-9.642
300,20.000,B,-24.709,17.168,-134.6,-13.1,92.709,0.311,5.869,1.000,1.000,9.642
301,20.067,A,-16.638,20.061,179.9,-0.1,83.468,-0.061,5.993,1.000,-0.005,-9.633
301,20.067,B,-24.943,16.852,-131.5,-10.0,93.101,0.277,5.865,1.000,1.000,9.633
302,20.133,A,-17.038,20.062,179.9,-0.1,83.868,-0.062,5.998,0.835,0.024,-9.667
302,20.133,B,-25.159,16.523,-128.4,-15.9,93.535,0.250,5.862,1.000,1.000,9.667
303,20.200,A,-17.430,20.061,-180.0,0.0,84.260,-0.061,5.819,0.847,0.006,-9.664
303,20.200,B,-25.356,16.183,-125.2,-12.7,93.924,0.198,5.859,1.000,1.000,9.664
304,20.267,A,-17.811,20.059,-179.9,0.1,84.641,-0.059,5.642,0.838,0.031,-9.675
304,20.267,B,-25.535,15.833,-122.1,-9.6,94.316,0.167,5.857,1.000,1.000,9.675
305,20.333,A,-18.180,20.057,-179.8,0.2,85.010,-0.057,5.471,0.863,0.269,-9.719
305,20.333,B,-25.693,15.474,-118.9,-15.4,94.729,0.102,5.854,1.000,1.000,9.719
306,20.400,A,-18.544,20.048,-179.3,0.7,85.374,-0.048,5.459,0.854,-0.066,-9.744
306,20.400,B,-25.832,15.106,-115.8,-12.3,95.119,0.053,5.851,1.000,1.000,9.744
307,20.467,A,-18.907,20.035,-178.9,1.1,85.737,-0.035,5.448,1.000,1.000,-9.774
307,20.467,B,-25.950,14.732,-112.6,-18.1,95.511,-0.007,5.849,1.000,1.000,9.774
308,20.533,A,-19.270,20.022,-178.5,1.5,86.100,-0.022,5.444,1.000,1.000,-9.798
308,20.533,B,-26.047,14.352,-109.4,-14.9,95.898,-0.074,5.846,1.000,1.000,9.798
309,20.600,A,-19.632,19.998,-177.7,2.3,86.462,0.002,5.437,0.939,0.329,-9.816
309,20.600,B,-26.122,13.967,-106.3,-16.3,96.278,-0.122,5.844,1.000,1.000,9.816
310,20.667,A,-19.994,19.960,-176.4,3.6,86.824,0.040,5.470,1.000,0.965,-9.842
310,20.667,B,-26.177,13.579,-103.1,-13.1,96.666,-0.177,5.841,1.000,1.000,9.842
311,20.733,A,-20.356,19.909,-174.8,0.7,87.192,0.063,5.465,1.000,1.000,-9.864
311,20.733,B,-26.210,13.189,-99.9,-9.9,97.056,-0.210,5.839,1.000,1.000,9.864
312,20.800,A,-20.714,19.841,-172.8,2.7,87.555,0.103,5.458,1.000,1.000,-9.893
312,20.800,B,-26.221,12.798,-96.7,-6.7,97.448,-0.221,5.836,1.000,0.881,9.893
313,20.867,A,-21.069,19.755,-170.5,-4.0,87.938,0.136,5.453,1.000,1.000,-9.900
313,20.867,B,-26.210,12.406,-93.6,-3.6,97.839,-0.210,5.836,1.000,0.825,9.900
314,20.933,A,-21.419,19.652,-168.0,-1.5,88.303,0.154,5.449,1.000,1.000,-9.926
314,20.933,B,-26.178,12.016,-90.4,-0.4,98.229,-0.178,5.835,1.000,-0.273,9.926
315,21.000,A,-21.763,19.530,-165.3,1.2,88.666,0.193,5.446,1.000,1.000,-9.952
315,21.000,B,-26.133,11.627,-87.8,2.2,98.618,-0.133,5.871,1.000,-0.312,9.952
316,21.067,A,-22.100,19.390,-162.5,-5.0,89.062,0.198,5.444,1.000,1.000,-9.948
316,21.067,B,-26.094,11.236,-86.5,3.5,99.009,-0.094,5.897,1.000,-0.195,9.948
317,21.133,A,-22.429,19.231,-159.6,-2.1,89.426,0.219,5.443,1.000,1.000,-9.975
317,21.133,B,-26.066,10.843,-86.4,3.6,99.402,-0.066,5.902,1.000,-0.201,9.975
318,21.200,A,-22.749,19.055,-156.5,-8.0,89.828,0.235,5.443,0.948,1.000,-9.967
318,21.200,B,-26.051,10.450,-86.9,3.1,99.795,-0.051,5.901,1.000,-0.087,9.967
319,21.267,A,-23.058,18.860,-153.4,-4.9,90.194,0.240,5.440,1.000,1.000,-9.996
319,21.267,B,-26.042,10.055,-87.6,2.4,100.190,-0.042,5.948,1.000,-0.180,9.996
320,21.333,A,-23.356,18.648,-150.2,-1.7,90.558,0.265,5.441,1.000,1.000,-10.028
320,21.333,B,-26.039,9.659,-88.3,1.7,100.586,-0.039,5.946,1.000,-0.005,10.028
321,21.400,A,-23.641,18.419,-147.0,-7.5,90.965,0.256,5.443,0.963,1.000,-10.017
321,21.400,B,-26.040,9.262,-89.0,1.0,100.983,-0.040,5.954,1.000,-0.026,10.017
322,21.467,A,-23.912,18.174,-143.7,-4.2,91.331,0.266,5.442,1.000,1.000,-10.051
322,21.467,B,-26.035,8.864,-89.1,0.9,101.382,-0.035,6.008,1.000,-0.187,10.051
323,21.533,A,-24.169,17.914,-140.4,-9.9,91.740,0.269,5.445,0.965,1.000,-10.042
323,21.533,B,-26.036,8.463,-89.5,0.5,101.782,-0.036,6.006,1.000,-0.100,10.042
324,21.600,A,-24.411,17.639,-137.1,-6.6,92.106,0.264,5.445,1.000,1.000,-10.077
324,21.600,B,-26.045,8.063,-90.2,-0.2,102.183,-0.045,6.022,1.000,0.713,10.077
325,21.667,A,-24.635,17.350,-133.8,-12.3,92.515,0.279,5.448,1.000,1.000,-10.069
325,21.667,B,-26.050,7.661,-90.4,-0.4,102.584,-0.050,6.026,1.000,0.916,10.069
326,21.733,A,-24.843,17.049,-130.5,-9.0,92.881,0.259,5.451,1.000,1.000,-10.104
326,21.733,B,-26.043,7.260,-89.8,0.2,102.985,-0.043,6.012,1.000,0.836,10.104
327,21.800,A,-25.033,16.735,-127.1,-5.6,93.248,0.261,5.455,1.000,1.000,-10.137
327,21.800,B,-26.022,6.860,-88.7,1.3,103.385,-0.022,6.000,1.000,1.000,10.137
328,21.867,A,-25.204,16.411,-123.7,-11.2,93.656,0.251,5.458,1.000,1.000,-10.128
328,21.867,B,-25.985,6.462,-87.1,2.9,103.783,0.015,5.986,1.000,1.000,10.128
329,21.933,A,-25.356,16.077,-120.4,-7.9,94.022,0.239,5.461,1.000,1.000,-10.157
329,21.933,B,-25.930,6.066,-85.2,4.8,104.179,0.070,5.973,1.000,1.000,10.157
330,22.000,A,-25.488,15.734,-117.0,-13.5,94.428,0.241,5.465,1.000,1.000,-10.153
330,22.000,B,-25.858,5.674,-83.1,2.4,104.581,0.116,5.961,1.000,1.000,10.153
331,22.067,A,-25.599,15.384,-113.6,-10.1,94.794,0.214,5.469,1.000,1.000,-10.181
331,22.067,B,-25.768,5.286,-80.7,4.8,104.975,0.176,5.951,1.000,1.000,10.181
332,22.133,A,-25.690,15.028,-110.2,-6.7,95.162,0.209,5.472,1.000,1.000,-10.241
332,22.133,B,-25.658,4.903,-78.1,-1.6,105.403,0.224,5.942,1.000,1.000,10.241
333,22.200,A,-25.760,14.666,-106.8,-12.3,95.562,0.187,5.476,1.000,1.000,-10.237
333,22.200,B,-25.530,4.527,-75.5,1.0,105.799,0.261,5.934,1.000,1.000,10.237
334,22.267,A,-25.808,14.301,-103.4,-8.9,95.930,0.168,5.479,1.000,0.945,-10.311
334,22.267,B,-25.383,4.158,-72.7,-5.2,106.241,0.304,5.927,1.000,1.000,10.311
335,22.333,A,-25.835,13.934,-100.1,-10.1,96.311,0.165,5.483,1.000,0.946,-10.326
335,22.333,B,-25.217,3.798,-69.9,-2.4,106.637,0.319,5.920,1.000,1.000,10.326
336,22.400,A,-25.839,13.565,-96.7,-6.7,96.680,0.161,5.487,1.000,0.856,-10.352
336,22.400,B,-25.032,3.447,-67.0,0.5,107.032,0.356,5.915,1.000,1.000,10.352
337,22.467,A,-25.823,13.197,-93.3,-3.3,97.048,0.177,5.494,0.867,-0.655,-10.436
337,22.467,B,-24.829,3.107,-64.0,-5.5,107.484,0.352,5.909,1.000,1.000,10.436
338,22.533,A,-25.795,12.829,-90.5,-0.5,97.416,0.205,5.517,1.000,-0.377,-10.464
338,22.533,B,-24.609,2.778,-61.0,-2.5,107.880,0.368,5.904,1.000,1.000,10.464
339,22.600,A,-25.770,12.460,-89.0,1.0,97.785,0.230,5.553,1.000,-0.868,-10.549
339,22.600,B,-24.371,2.461,-58.0,-8.5,108.334,0.359,5.900,1.000,1.000,10.549
340,22.667,A,-25.757,12.090,-88.6,1.4,98.155,0.243,5.559,1.000,-0.655,-10.574
340,22.667,B,-24.117,2.159,-54.9,-5.4,108.729,0.356,5.896,1.000,1.000,10.574
341,22.733,A,-25.756,11.719,-89.1,0.9,98.526,0.244,5.560,1.000,-0.378,-10.654
341,22.733,B,-23.847,1.870,-51.8,-11.3,109.180,0.343,5.892,1.000,1.000,10.654
342,22.800,A,-25.768,11.348,-90.2,-0.2,98.897,0.232,5.561,1.000,-0.280,-10.678
342,22.800,B,-23.562,1.597,-48.7,-8.2,109.575,0.320,5.888,1.000,1.000,10.678
343,22.867,A,-25.795,10.977,-91.6,-1.6,99.269,0.205,5.609,1.000,-0.213,-10.750
343,22.867,B,-23.262,1.340,-45.6,-14.1,110.018,0.303,5.885,1.000,1.000,10.750
344,22.933,A,-25.828,10.600,-92.9,-2.9,99.645,0.172,5.696,1.000,0.002,-10.766
344,22.933,B,-22.949,1.100,-42.5,-11.0,110.411,0.262,5.881,1.000,1.000,10.766
345,23.000,A,-25.863,10.220,-93.7,-3.7,100.025,0.137,5.737,1.000,0.025,-10.779
345,23.000,B,-22.624,0.877,-39.4,-7.9,110.805,0.242,5.878,1.000,1.000,10.779
346,23.067,A,-25.887,9.836,-93.6,-3.6,100.409,0.113,5.816,0.867,0.012,-10.823
346,23.067,B,-22.287,0.673,-36.3,-13.8,111.232,0.184,5.875,1.000,1.000,10.823
347,23.133,A,-25.909,9.456,-93.5,-3.5,100.789,0.091,5.632,0.852,0.072,-10.835
347,23.133,B,-21.939,0.487,-33.1,-10.6,111.624,0.146,5.872,1.000,1.000,10.835
348,23.200,A,-25.928,9.087,-93.3,-3.3,101.158,0.072,5.496,0.902,0.348,-10.877
348,23.200,B,-21.582,0.321,-30.0,-16.5,112.035,0.090,5.869,1.000,1.000,10.877
349,23.267,A,-25.938,8.721,-92.6,-2.6,101.525,0.062,5.488,0.869,0.009,-10.900
349,23.267,B,-21.217,0.175,-26.8,-13.3,112.424,0.034,5.866,1.000,1.000,10.900
350,23.333,A,-25.942,8.355,-92.0,-2.0,101.890,0.058,5.478,0.873,-0.062,-10.925
350,23.333,B,-20.844,0.050,-23.7,-19.2,112.815,-0.016,5.863,1.000,1.000,10.925
351,23.400,A,-25.957,7.993,-92.1,-2.1,102.252,0.043,5.398,1.000,1.000,-10.948
351,23.400,B,-20.465,-0.055,-20.5,-16.0,113.201,-0.091,5.860,1.000,1.000,10.948
352,23.467,A,-25.969,7.633,-92.0,-2.0,102.612,0.031,5.402,1.000,1.000,-10.978
352,23.467,B,-20.081,-0.138,-17.4,-12.9,113.590,-0.144,5.858,1.000,1.000,10.978
353,23.533,A,-25.971,7.273,-91.4,-1.4,102.972,0.029,5.397,1.000,1.000,-10.995
353,23.533,B,-19.693,-0.201,-14.2,-14.2,113.967,-0.201,5.855,1.000,1.000,10.995
354,23.600,A,-25.957,6.913,-90.1,-0.1,103.332,0.043,5.391,1.000,1.000,-11.025
354,23.600,B,-19.303,-0.241,-11.0,-11.0,114.357,-0.241,5.852,1.000,1.000,11.025
355,23.667,A,-25.927,6.555,-88.4,1.6,103.691,0.073,5.385,1.000,0.947,-11.059
355,23.667,B,-18.911,-0.260,-7.9,-7.9,114.749,-0.260,5.850,1.000,1.000,11.059
356,23.733,A,-25.880,6.198,-86.3,3.7,104.047,0.120,5.381,1.000,0.942,-11.094
356,23.733,B,-18.519,-0.257,-4.7,-4.7,115.142,-0.257,5.847,1.000,0.874,11.094
357,23.800,A,-25.815,5.844,-83.9,1.6,104.416,0.172,5.377,1.000,1.000,-11.117
357,23.800,B,-18.127,-0.233,-1.5,-1.5,115.533,-0.233,5.847,1.000,0.760,11.117
358,23.867,A,-25.732,5.493,-81.4,4.1,104.771,0.227,5.374,1.000,-0.206,-11.151
358,23.867,B,-17.738,-0.187,1.6,1.6,115.922,-0.187,5.848,1.000,-0.599,11.151
359,23.933,A,-25.641,5.144,-79.2,6.3,105.126,0.291,5.408,1.000,-0.195,-11.184
359,23.933,B,-17.350,-0.130,4.2,4.2,116.311,-0.130,5.877,1.000,-0.648,11.184
360,24.000,A,-25.554,4.793,-78.2,-1.7,105.535,0.299,5.437,1.000,1.000,-11.165
360,24.000,B,-16.960,-0.077,5.5,5.5,116.700,-0.077,5.897,1.000,-0.447,11.165
361,24.067,A,-25.469,4.441,-77.6,-1.1,105.897,0.300,5.432,1.000,1.000,-11.195
361,24.067,B,-16.569,-0.035,5.6,5.6,117.091,-0.035,5.900,1.000,-0.432,11.195
362,24.133,A,-25.373,4.091,-76.5,-9.0,106.306,0.287,5.426,1.000,1.000,-11.177
362,24.133,B,-16.177,-0.006,5.1,5.1,117.483,-0.006,5.896,1.000,-0.374,11.177
363,24.200,A,-25.261,3.747,-74.9,-7.4,106.667,0.259,5.420,1.000,1.000,-11.209
363,24.200,B,-15.784,0.009,4.0,4.0,117.876,0.009,5.891,1.000,-0.235,11.209
364,24.267,A,-25.133,3.408,-72.9,-5.4,107.029,0.247,5.414,1.000,1.000,-11.243
364,24.267,B,-15.389,0.012,2.6,2.6,118.271,0.012,5.951,1.000,-0.139,11.243
365,24.333,A,-24.989,3.076,-70.6,-12.1,107.427,0.200,5.409,1.000,1.000,-11.243
365,24.333,B,-14.991,0.011,1.6,1.6,118.670,0.011,5.975,1.000,-0.050,11.243
366,24.400,A,-24.827,2.752,-68.1,-9.6,107.787,0.169,5.405,1.000,1.000,-11.281
366,24.400,B,-14.592,0.012,1.1,1.1,119.068,0.012,5.981,1.000,-0.086,11.281
367,24.467,A,-24.649,2.437,-65.4,-15.9,108.172,0.133,5.402,1.000,1.000,-11.296
367,24.467,B,-14.192,0.011,0.6,0.6,119.468,0.011,6.013,1.000,0.042,11.296
368,24.533,A,-24.454,2.132,-62.6,-13.1,108.531,0.083,5.401,1.000,1.000,-11.338
368,24.533,B,-13.792,0.011,0.4,0.4,119.869,0.011,6.012,1.000,-0.061,11.338
369,24.600,A,-24.242,1.838,-59.6,-10.1,108.892,0.053,5.401,1.000,1.000,-11.377
369,24.600,B,-13.391,0.013,0.4,0.4,120.269,0.013,6.005,1.000,0.032,11.377
370,24.667,A,-24.014,1.556,-56.5,-16.0,109.258,-0.004,5.402,1.000,1.000,-11.412
370,24.667,B,-12.991,0.014,0.3,0.3,120.669,0.014,6.001,1.000,-0.080,11.412
371,24.733,A,-23.770,1.288,-53.4,-12.9,109.618,-0.050,5.403,1.000,1.000,-11.452
371,24.733,B,-12.591,0.015,0.2,0.2,121.070,0.015,6.000,1.000,0.043,11.452
372,24.800,A,-23.510,1.034,-50.2,-18.7,109.967,-0.087,5.405,1.000,1.000,-11.502
372,24.800,B,-12.191,0.014,0.1,0.1,121.469,0.014,5.997,1.000,-0.038,11.502
373,24.867,A,-23.237,0.795,-47.0,-15.5,110.325,-0.148,5.408,1.000,1.000,-11.544
373,24.867,B,-11.791,0.014,0.1,0.1,121.869,0.014,5.993,1.000,0.038,11.544
374,24.933,A,-22.950,0.572,-43.7,-12.2,110.686,-0.188,5.411,1.000,1.000,-11.582
374,24.933,B,-11.392,0.015,0.1,0.1,122.269,0.015,5.994,1.000,-0.071,11.582
375,25.000,A,-22.650,0.366,-40.4,-17.9,111.015,-0.238,5.414,1.000,1.000,-11.654
375,25.000,B,-10.992,0.015,0.0,0.0,122.668,0.015,5.994,1.000,0.045,11.654
376,25.067,A,-22.338,0.178,-37.0,-14.5,111.374,-0.292,5.417,1.000,1.000,-11.693
376,25.067,B,-10.592,0.013,-0.1,-0.1,123.068,0.013,5.992,1.000,-0.037,11.693
377,25.133,A,-22.016,0.009,-33.7,-11.2,111.737,-0.325,5.421,1.000,1.000,-11.730
377,25.133,B,-10.193,0.013,-0.1,-0.1,123.467,0.013,5.992,1.000,0.041,11.730
378,25.200,A,-21.683,-0.141,-30.3,-16.8,112.045,-0.383,5.425,1.000,1.000,-11.822
378,25.200,B,-9.793,0.013,-0.0,-0.0,123.867,0.013,5.993,1.000,-0.067,11.822
379,25.267,A,-21.343,-0.272,-26.9,-13.4,112.407,-0.430,5.429,1.000,1.000,-11.860
379,25.267,B,-9.394,0.012,-0.1,-0.1,124.266,0.012,5.993,1.000,0.049,11.860
380,25.333,A,-20.995,-0.382,-23.5,-10.0,112.719,-0.459,5.433,1.000,1.000,-11.947
380,25.333,B,-8.994,0.010,-0.1,-0.1,124.666,0.010,5.992,1.000,-0.032,11.947
381,25.400,A,-20.640,-0.471,-20.2,-15.7,113.059,-0.520,5.437,1.000,1.000,-12.007
381,25.400,B,-8.595,0.009,-0.1,-0.1,125.065,0.009,5.992,1.000,0.038,12.007
382,25.467,A,-20.281,-0.539,-16.8,-12.3,113.422,-0.560,5.441,1.000,1.000,-12.043
382,25.467,B,-8.195,0.009,-0.1,-0.1,125.465,0.009,5.987,1.000,-0.064,12.043
383,25.533,A,-19.918,-0.586,-13.4,-13.4,113.742,-0.586,5.444,1.000,1.000,-12.122
383,25.533,B,-7.796,0.008,-0.2,-0.2,125.864,0.008,5.985,1.000,0.056,12.122
384,25.600,A,-19.553,-0.612,-10.0,-10.0,114.107,-0.612,5.448,1.000,1.000,-12.156
384,25.600,B,-7.397,0.005,-0.2,-0.2,126.263,0.005,5.986,1.000,-0.022,12.156
385,25.667,A,-19.187,-0.615,-6.5,-6.5,114.473,-0.615,5.452,1.000,1.000,-12.189
385,25.667,B,-6.998,0.005,-0.2,-0.2,126.662,0.005,5.991,1.000,0.039,12.189
386,25.733,A,-18.821,-0.597,-3.1,-3.1,114.840,-0.597,5.456,1.000,1.000,-12.222
386,25.733,B,-6.598,0.005,-0.1,-0.1,127.062,0.005,6.008,1.000,-0.054,12.222
387,25.800,A,-18.456,-0.558,0.3,0.3,115.204,-0.558,5.460,1.000,0.935,-12.258
387,25.800,B,-6.198,0.004,-0.1,-0.1,127.462,0.004,6.004,1.000,0.054,12.258
388,25.867,A,-18.094,-0.496,3.7,3.7,115.566,-0.496,5.465,1.000,0.610,-12.296
388,25.867,B,-5.798,0.003,-0.1,-0.1,127.863,0.003,6.003,1.000,-0.041,12.296
389,25.933,A,-17.733,-0.417,6.8,6.8,115.927,-0.417,5.531,1.000,0.011,-12.336
389,25.933,B,-5.398,0.003,-0.1,-0.1,128.263,0.003,5.998,1.000,0.042,12.336
390,26.000,A,-17.372,-0.328,9.3,9.3,116.288,-0.328,5.578,1.000,-0.204,-12.374
390,26.000,B,-4.998,0.002,-0.1,-0.1,128.663,0.002,5.994,1.000,-0.070,12.374
391,26.067,A,-17.008,-0.246,10.5,10.5,116.653,-0.246,5.606,1.000,-0.273,-12.409
391,26.067,B,-4.598,0.001,-0.1,-0.1,129.062,0.001,5.994,1.000,0.058,12.409
392,26.133,A,-16.640,-0.175,10.6,10.6,117.020,-0.175,5.616,1.000,-0.275,-12.442
392,26.133,B,-4.199,-0.002,-0.2,-0.2,129.462,-0.002,5.992,1.000,-0.022,12.442
393,26.200,A,-16.270,-0.116,10.0,10.0,117.390,-0.116,5.621,1.000,-0.277,-12.471
393,26.200,B,-3.799,-0.002,-0.2,-0.2,129.861,-0.002,5.993,1.000,0.043,12.471
394,26.267,A,-15.898,-0.070,8.9,8.9,117.763,-0.070,5.633,1.000,-0.277,-12.498
394,26.267,B,-3.399,-0.001,-0.0,-0.0,130.261,-0.001,5.993,1.000,-0.067,12.498
395,26.333,A,-15.521,-0.038,7.4,7.4,118.139,-0.038,5.685,1.000,-0.275,-12.521
395,26.333,B,-3.000,-0.002,-0.1,-0.1,130.660,-0.002,5.992,1.000,0.059,12.521
396,26.400,A,-15.140,-0.016,5.9,5.9,118.521,-0.016,5.761,1.000,-0.272,-12.539
396,26.400,B,-2.600,-0.004,-0.2,-0.2,131.060,-0.004,5.991,1.000,-0.031,12.539
397,26.467,A,-14.752,-0.004,4.4,4.4,118.908,-0.004,5.834,1.000,-0.250,-12.551
397,26.467,B,-2.201,-0.004,-0.1,-0.1,131.459,-0.004,5.991,1.000,0.053,12.551
398,26.533,A,-14.360,-0.001,2.9,2.9,119.300,-0.001,5.915,1.000,-0.130,-12.558
398,26.533,B,-1.802,-0.004,-0.0,-0.0,131.859,-0.004,5.991,1.000,-0.085,12.558
399,26.600,A,-13.964,-0.002,1.8,1.8,119.697,-0.002,5.946,1.000,-0.106,-12.562
399,26.600,B,-1.402,-0.003,-0.0,-0.0,132.258,-0.003,5.991,1.000,0.058,12.562
400,26.667,A,-13.566,-0.002,1.1,1.1,120.095,-0.002,5.958,1.000,-0.054,-12.563
400,26.667,B,-1.003,-0.006,-0.1,-0.1,132.657,-0.006,5.989,1.000,-0.028,12.563
401,26.733,A,-13.167,-0.002,0.7,0.7,120.493,-0.002,5.968,1.000,-0.057,-12.563
401,26.733,B,-0.604,-0.006,-0.1,-0.1,133.057,-0.006,5.990,1.000,0.054,12.563
402,26.800,A,-12.767,-0.003,0.4,0.4,120.894,-0.003,6.031,1.000,-0.025,-12.562
402,26.800,B,-0.204,-0.005,0.0,0.0,133.456,-0.005,5.990,1.000,-0.096,12.562
403,26.867,A,-12.365,-0.005,0.2,0.2,121.295,-0.005,5.997,1.000,-0.030,-12.561
403,26.867,B,0.195,-0.004,0.0,0.0,133.856,-0.004,5.991,1.000,0.055,12.561
404,26.933,A,-11.965,-0.007,-0.0,-0.0,121.695,-0.007,6.007,1.000,-0.014,-12.560
404,26.933,B,0.595,-0.006,-0.1,-0.1,134.255,-0.006,5.990,1.000,-0.036,12.560
405,27.000,A,-11.565,-0.009,-0.1,-0.1,122.095,-0.009,5.992,1.000,-0.015,-12.559
405,27.000,B,0.994,-0.006,-0.0,-0.0,134.654,-0.006,5.991,1.000,0.057,12.559
406,27.067,A,-11.166,-0.011,-0.2,-0.2,122.495,-0.011,5.996,1.000,-0.013,-12.559
406,27.067,B,1.393,-0.005,0.0,0.0,135.054,-0.005,5.994,1.000,-0.092,12.559
407,27.133,A,-10.766,-0.013,-0.2,-0.2,122.894,-0.013,5.992,1.000,-0.007,-12.559
407,27.133,B,1.793,-0.004,0.0,0.0,135.453,-0.004,5.993,1.000,0.056,12.559
408,27.200,A,-10.366,-0.016,-0.3,-0.3,123.294,-0.016,5.998,1.000,-0.000,-12.559
408,27.200,B,2.192,-0.006,-0.1,-0.1,135.853,-0.006,5.992,1.000,-0.033,12.559
409,27.267,A,-9.967,-0.019,-0.3,-0.3,123.694,-0.019,5.998,1.000,0.001,-12.558
409,27.267,B,2.592,-0.006,-0.0,-0.0,136.252,-0.006,5.993,1.000,0.056,12.558
410,27.333,A,-9.567,-0.022,-0.4,-0.4,124.094,-0.022,6.000,1.000,0.005,-12.558
410,27.333,B,2.991,-0.005,0.0,0.0,136.652,-0.005,5.996,1.000,-0.094,12.558
411,27.400,A,-9.167,-0.024,-0.4,-0.4,124.494,-0.024,5.999,1.000,0.009,-12.558
411,27.400,B,3.391,-0.004,0.0,0.0,137.051,-0.004,5.995,1.000,0.056,12.558
412,27.467,A,-8.767,-0.027,-0.4,-0.4,124.894,-0.027,6.000,1.000,0.011,-12.557
412,27.467,B,3.791,-0.006,-0.1,-0.1,137.451,-0.006,5.994,1.000,-0.034,12.557
413,27.533,A,-8.367,-0.029,-0.4,-0.4,125.294,-0.029,6.003,1.000,0.011,-12.557
413,27.533,B,4.190,-0.006,-0.0,-0.0,137.850,-0.006,5.993,1.000,0.056,12.557
414,27.600,A,-7.966,-0.031,-0.3,-0.3,125.694,-0.031,6.006,1.000,0.011,-12.556
414,27.600,B,4.590,-0.005,0.1,0.1,138.250,-0.005,5.993,1.000,-0.101,12.556
415,27.667,A,-7.566,-0.033,-0.3,-0.3,126.095,-0.033,6.006,1.000,0.011,-12.555
415,27.667,B,4.989,-0.004,0.1,0.1,138.650,-0.004,5.993,1.000,0.052,12.555
416,27.733,A,-7.165,-0.035,-0.3,-0.3,126.495,-0.035,6.006,1.000,0.012,-12.554
416,27.733,B,5.389,-0.005,-0.0,-0.0,139.049,-0.005,5.992,1.000,-0.045,12.554
417,27.800,A,-6.765,-0.036,-0.2,-0.2,126.895,-0.036,6.006,1.000,0.012,-12.553
417,27.800,B,5.788,-0.005,-0.0,-0.0,139.448,-0.005,5.989,1.000,0.062,12.553
418,27.867,A,-6.364,-0.037,-0.2,-0.2,127.296,-0.037,6.006,1.000,0.011,-12.552
418,27.867,B,6.187,-0.005,-0.0,-0.0,139.848,-0.005,5.989,1.000,-0.082,12.552
419,27.933,A,-5.964,-0.038,-0.2,-0.2,127.696,-0.038,6.006,1.000,0.010,-12.551
419,27.933,B,6.587,-0.004,0.0,0.0,140.247,-0.004,5.988,1.000,0.053,12.551
420,28.000,A,-5.563,-0.039,-0.1,-0.1,128.097,-0.039,6.007,1.000,0.009,-12.549
420,28.000,B,6.986,-0.006,-0.0,-0.0,140.646,-0.006,5.987,1.000,-0.047,12.549
421,28.067,A,-5.163,-0.039,-0.1,-0.1,128.497,-0.039,6.007,1.000,0.007,-12.548
421,28.067,B,7.385,-0.005,-0.0,-0.0,141.045,-0.005,5.987,1.000,0.062,12.548
422,28.133,A,-4.762,-0.039,-0.1,-0.1,128.898,-0.039,6.006,1.000,0.005,-12.546
422,28.133,B,7.784,-0.006,-0.0,-0.0,141.444,-0.006,5.987,1.000,-0.076,12.546
423,28.200,A,-4.362,-0.039,-0.0,-0.0,129.298,-0.039,6.005,1.000,0.004,-12.545
423,28.200,B,8.183,-0.004,0.0,0.0,141.843,-0.004,5.986,1.000,0.054,12.545
424,28.267,A,-3.962,-0.038,0.0,0.0,129.699,-0.038,6.001,1.000,0.003,-12.544
424,28.267,B,8.582,-0.006,-0.0,-0.0,142.242,-0.006,5.985,1.000,-0.047,12.544
425,28.333,A,-3.562,-0.038,0.0,0.0,130.099,-0.038,5.999,1.000,0.001,-12.543
425,28.333,B,8.981,-0.006,-0.0,-0.0,142.641,-0.006,5.985,1.000,0.062,12.543
426,28.400,A,-3.162,-0.037,0.0,0.0,130.499,-0.037,5.998,1.000,-0.001,-12.542
426,28.400,B,9.380,-0.006,-0.0,-0.0,143.040,-0.006,5.986,1.000,-0.075,12.542
427,28.467,A,-2.762,-0.037,0.1,0.1,130.898,-0.037,5.999,1.000,-0.003,-12.541
427,28.467,B,9.779,-0.005,0.0,0.0,143.439,-0.005,5.985,1.000,0.054,12.541
428,28.533,A,-2.362,-0.036,0.1,0.1,131.298,-0.036,6.000,1.000,-0.003,-12.540
428,28.533,B,10.178,-0.006,-0.0,-0.0,143.838,-0.006,5.984,1.000,-0.048,12.540
429,28.600,A,-1.962,-0.035,0.1,0.1,131.699,-0.035,6.001,1.000,-0.004,-12.539
429,28.600,B,10.577,-0.006,-0.0,-0.0,144.237,-0.006,5.985,1.000,0.064,12.539
430,28.667,A,-1.562,-0.035,0.1,0.1,132.099,-0.035,6.002,1.000,-0.003,-12.538
430,28.667,B,10.976,-0.006,-0.0,-0.0,144.636,-0.006,5.986,1.000,-0.077,12.538
431,28.733,A,-1.161,-0.035,0.1,0.1,132.499,-0.035,6.003,1.000,-0.002,-12.536
431,28.733,B,11.375,-0.005,0.0,0.0,145.035,-0.005,5.985,1.000,0.053,12.536
432,28.800,A,-0.761,-0.035,0.0,0.0,132.899,-0.035,6.001,1.000,-0.002,-12.535
432,28.800,B,11.774,-0.006,-0.0,-0.0,145.434,-0.006,5.984,1.000,-0.049,12.535
433,28.867,A,-0.361,-0.034,0.0,0.0,133.299,-0.034,6.002,1.000,-0.001,-12.534
433,28.867,B,12.173,-0.006,-0.0,-0.0,145.833,-0.006,5.985,1.000,0.064,12.534
434,28.933,A,0.039,-0.035,0.0,0.0,133.699,-0.035,6.003,1.000,-0.000,-12.533
434,28.933,B,12.572,-0.006,-0.0,-0.0,146.232,-0.006,5.986,1.000,-0.076,12.533
435,29.000,A,0.439,-0.035,0.0,0.0,134.100,-0.035,6.001,1.000,-0.001,-12.532
435,29.000,B,12.971,-0.005,0.0,0.0,146.631,-0.005,5.985,1.000,0.053,12.532
436,29.067,A,0.839,-0.035,0.0,0.0,134.500,-0.035,6.001,1.000,-0.001,-12.531
436,29.067,B,13.370,-0.006,-0.0,-0.0,147.030,-0.006,5.984,1.000,-0.050,12.531
437,29.133,A,1.239,-0.035,0.0,0.0,134.900,-0.035,6.000,1.000,-0.001,-12.529
437,29.133,B,13.769,-0.006,-0.0,-0.0,147.429,-0.006,5.985,1.000,0.063,12.529
438,29.200,A,1.639,-0.034,0.0,0.0,135.300,-0.034,6.000,1.000,-0.001,-12.528
438,29.200,B,14.168,-0.006,-0.0,-0.0,147.828,-0.006,5.985,1.000,-0.068,12.528
439,29.267,A,2.040,-0.034,0.0,0.0,135.700,-0.034,6.001,1.000,-0.001,-12.527
439,29.267,B,14.567,-0.005,0.0,0.0,148.227,-0.005,5.984,1.000,0.055,12.527
440,29.333,A,2.440,-0.034,0.0,0.0,136.100,-0.034,6.001,1.000,-0.001,-12.526
440,29.333,B,14.966,-0.006,-0.0,-0.0,148.626,-0.006,5.984,1.000,-0.052,12.526
441,29.400,A,2.840,-0.035,0.0,0.0,136.500,-0.035,6.000,1.000,-0.001,-12.525
441,29.400,B,15.364,-0.006,-0.0,-0.0,149.025,-0.006,5.983,1.000,0.030,12.525
442,29.467,A,3.240,-0.035,-0.0,-0.0,136.900,-0.035,6.000,1.000,-0.000,-12.524
442,29.467,B,15.763,-0.007,-0.0,-0.0,149.424,-0.007,5.987,1.000,-0.101,12.524
443,29.533,A,3.640,-0.035,-0.0,-0.0,137.300,-0.035,6.001,1.000,-0.000,-12.523
443,29.533,B,16.163,-0.009,-0.2,-0.2,149.823,-0.009,5.987,1.000,-0.052,12.523
444,29.600,A,4.040,-0.035,-0.0,-0.0,137.700,-0.035,6.001,1.000,0.000,-12.521
444,29.600,B,16.561,-0.017,-0.5,-0.5,150.221,-0.017,5.964,1.000,-0.011,12.521
445,29.667,A,4.440,-0.035,-0.0,-0.0,138.100,-0.035,6.001,1.000,0.001,-12.520
445,29.667,B,16.960,-0.022,-0.6,-0.6,150.620,-0.022,5.982,1.000,-0.193,12.520
446,29.733,A,4.840,-0.035,-0.0,-0.0,138.500,-0.035,6.001,1.000,-0.000,-12.518
446,29.733,B,17.358,-0.032,-1.0,-1.0,151.019,-0.032,5.980,1.000,-0.025,12.518
447,29.800,A,5.240,-0.035,-0.0,-0.0,138.901,-0.035,6.001,1.000,0.001,-12.517
447,29.800,B,17.757,-0.047,-1.4,-1.4,151.417,-0.047,5.993,1.000,-0.033,12.517
448,29.867,A,5.640,-0.035,0.0,0.0,139.301,-0.035,6.002,1.000,0.002,-12.515
448,29.867,B,18.156,-0.060,-1.6,-1.6,151.816,-0.060,6.002,1.000,0.338,12.515
449,29.933,A,6.041,-0.035,0.0,0.0,139.701,-0.035,6.001,1.000,0.001,-12.515
449,29.933,B,18.556,-0.070,-1.4,-1.4,152.216,-0.070,6.000,1.000,0.421,12.515
450,30.000,A,6.441,-0.035,0.0,0.0,140.101,-0.035,6.000,1.000,0.001,-12.515
450,30.000,B,18.956,-0.066,-0.7,-0.7,152.616,-0.066,5.994,1.000,1.000,12.515
451,30.067,A,6.841,-0.034,0.0,0.0,140.501,-0.034,6.000,1.000,-0.001,-12.514
451,30.067,B,19.355,-0.048,0.6,0.6,153.015,-0.048,5.980,1.000,1.000,12.514
452,30.133,A,7.241,-0.034,0.0,0.0,140.901,-0.034,6.000,1.000,-0.003,-12.512
452,30.133,B,19.752,-0.013,2.3,2.3,153.412,-0.013,5.967,1.000,1.000,12.512
453,30.200,A,7.641,-0.033,0.1,0.1,141.301,-0.033,5.999,1.000,-0.007,-12.509
453,30.200,B,20.147,0.039,4.3,-0.2,153.810,0.027,5.955,1.000,1.000,12.509
454,30.267,A,8.040,-0.033,0.1,0.1,141.701,-0.033,6.000,1.000,-0.009,-12.505
454,30.267,B,20.538,0.109,6.5,2.0,154.206,0.066,5.944,1.000,1.000,12.505
455,30.333,A,8.441,-0.032,0.1,0.1,142.101,-0.032,6.002,1.000,-0.011,-12.517
455,30.333,B,20.926,0.198,9.0,-4.5,154.618,0.124,5.934,1.000,1.000,12.517
456,30.400,A,8.841,-0.031,0.1,0.1,142.501,-0.031,6.003,1.000,-0.011,-12.514
456,30.400,B,21.308,0.306,11.6,-1.9,155.015,0.139,5.926,1.000,1.000,12.514
457,30.467,A,9.241,-0.031,0.1,0.1,142.901,-0.031,6.005,1.000,-0.011,-12.508
457,30.467,B,21.683,0.433,14.3,0.8,155.410,0.175,5.918,1.000,1.000,12.508
458,30.533,A,9.642,-0.032,0.0,0.0,143.302,-0.032,6.006,1.000,-0.009,-12.533
458,30.533,B,22.052,0.579,17.1,-5.4,155.835,0.188,5.911,1.000,1.000,12.533
459,30.600,A,10.042,-0.032,-0.0,-0.0,143.702,-0.032,6.007,1.000,-0.006,-12.528
459,30.600,B,22.412,0.743,20.0,-2.5,156.230,0.202,5.905,1.000,1.000,12.528
460,30.667,A,10.443,-0.033,-0.1,-0.1,144.103,-0.033,6.001,1.000,-0.004,-12.557
460,30.667,B,22.762,0.927,22.9,-8.6,156.660,0.213,5.900,1.000,1.000,12.557
461,30.733,A,10.843,-0.035,-0.1,-0.1,144.503,-0.035,6.002,1.000,-0.002,-12.552
461,30.733,B,23.102,1.129,25.9,-5.6,157.055,0.207,5.895,1.000,1.000,12.552
462,30.800,A,11.243,-0.036,-0.1,-0.1,144.903,-0.036,6.004,1.000,0.001,-12.581
462,30.800,B,23.430,1.348,28.9,-11.6,157.484,0.216,5.891,1.000,1.000,12.581
463,30.867,A,11.643,-0.037,-0.2,-0.2,145.303,-0.037,6.001,1.000,0.002,-12.575
463,30.867,B,23.746,1.585,31.9,-8.6,157.878,0.191,5.886,1.000,1.000,12.575
464,30.933,A,12.043,-0.039,-0.2,-0.2,145.703,-0.039,6.000,1.000,0.005,-12.570
464,30.933,B,24.049,1.838,35.0,-5.5,158.273,0.187,5.883,1.000,1.000,12.570
465,31.000,A,12.443,-0.040,-0.2,-0.2,146.103,-0.040,6.000,1.000,0.007,-12.592
465,31.000,B,24.337,2.107,38.1,-11.4,158.695,0.156,5.879,1.000,1.000,12.592
466,31.067,A,12.843,-0.042,-0.2,-0.2,146.503,-0.042,6.001,1.000,0.010,-12.585
466,31.067,B,24.610,2.392,41.2,-8.3,159.089,0.133,5.875,1.000,1.000,12.585
467,31.133,A,13.243,-0.043,-0.2,-0.2,146.903,-0.043,6.002,1.000,0.012,-12.598
467,31.133,B,24.866,2.691,44.3,-14.2,159.501,0.103,5.872,1.000,1.000,12.598
468,31.200,A,13.643,-0.044,-0.2,-0.2,147.304,-0.044,6.004,1.000,0.014,-12.589
468,31.200,B,25.106,3.003,47.4,-11.1,159.893,0.062,5.869,1.000,1.000,12.589
469,31.267,A,14.044,-0.045,-0.2,-0.2,147.704,-0.045,6.005,1.000,0.015,-12.588
469,31.267,B,25.328,3.328,50.6,-16.9,160.292,0.036,5.866,1.000,1.000,12.588
470,31.333,A,14.444,-0.046,-0.1,-0.1,148.104,-0.046,6.007,1.000,0.015,-12.576
470,31.333,B,25.532,3.664,53.7,-13.8,160.680,-0.024,5.863,1.000,1.000,12.576
471,31.400,A,14.845,-0.047,-0.1,-0.1,148.505,-0.047,6.007,1.000,0.015,-12.567
471,31.400,B,25.717,4.011,56.9,-10.6,161.072,-0.062,5.860,1.000,1.000,12.567
472,31.467,A,15.245,-0.047,-0.1,-0.1,148.905,-0.047,6.008,1.000,0.015,-12.543
472,31.467,B,25.883,4.367,60.0,-16.5,161.449,-0.120,5.857,1.000,1.000,12.543
473,31.533,A,15.646,-0.046,-0.0,-0.0,149.306,-0.046,6.008,1.000,0.012,-12.531
473,31.533,B,26.028,4.732,63.2,-13.3,161.837,-0.176,5.855,1.000,1.000,12.531
474,31.600,A,16.046,-0.045,0.0,0.0,149.707,-0.045,6.010,0.988,0.037,-12.487
474,31.600,B,26.153,5.104,66.3,-19.2,162.194,-0.223,5.852,1.000,1.000,12.487
475,31.667,A,16.445,-0.042,0.2,0.2,150.106,-0.042,5.966,1.000,-0.037,-12.474
475,31.667,B,26.258,5.482,69.5,-16.0,162.579,-0.298,5.849,1.000,1.000,12.474
476,31.733,A,16.843,-0.041,0.2,0.2,150.504,-0.041,5.981,0.930,0.039,-12.464
476,31.733,B,26.341,5.866,72.7,-12.8,162.968,-0.350,5.847,1.000,1.000,12.464
477,31.800,A,17.237,-0.039,0.2,0.2,150.898,-0.039,5.865,0.890,-0.142,-12.430
477,31.800,B,26.403,6.253,75.8,-14.2,163.328,-0.403,5.844,1.000,1.000,12.430
478,31.867,A,17.625,-0.039,0.1,0.1,151.286,-0.039,5.804,0.887,-0.066,-12.432
478,31.867,B,26.443,6.643,79.0,-11.0,163.718,-0.443,5.842,1.000,1.000,12.432
479,31.933,A,18.007,-0.045,-0.3,-0.3,151.668,-0.045,5.662,1.000,1.000,-12.442
479,31.933,B,26.462,7.034,82.2,-7.8,164.109,-0.462,5.839,1.000,1.000,12.442
480,32.000,A,18.385,-0.047,-0.2,-0.2,152.045,-0.047,5.663,1.000,1.000,-12.456
480,32.000,B,26.458,7.425,85.3,-4.7,164.501,-0.458,5.837,1.000,1.000,12.456
481,32.067,A,18.762,-0.038,0.4,0.4,152.422,-0.038,5.653,1.000,0.888,-12.469
481,32.067,B,26.434,7.816,88.5,-1.5,164.892,-0.434,5.835,1.000,0.851,12.469
482,32.133,A,19.138,-0.014,1.6,1.6,152.798,-0.014,5.646,1.000,1.000,-12.482
482,32.133,B,26.387,8.205,91.7,1.7,165.280,-0.387,5.835,1.000,0.684,12.482
483,32.200,A,19.513,0.027,3.3,3.3,153.173,0.027,5.636,1.000,0.079,-12.493
483,32.200,B,26.319,8.590,94.8,4.8,165.666,-0.319,5.838,1.000,-0.762,12.493
484,32.267,A,19.886,0.075,4.8,4.8,153.547,0.075,5.657,1.000,0.105,-12.503
484,32.267,B,26.242,8.974,97.4,7.4,166.049,-0.242,5.864,1.000,-0.441,12.503
485,32.333,A,20.265,0.119,5.5,1.0,153.934,0.098,5.771,1.000,1.000,-12.500
485,32.333,B,26.166,9.359,98.7,8.7,166.435,-0.166,5.887,1.000,-0.410,12.500
486,32.400,A,20.646,0.172,6.4,1.9,154.318,0.121,5.769,1.000,1.000,-12.504
486,32.400,B,26.103,9.747,98.8,8.8,166.822,-0.103,5.891,1.000,-0.435,12.504
487,32.467,A,21.025,0.238,7.7,-5.8,154.724,0.140,5.753,1.000,1.000,-12.488
487,32.467,B,26.053,10.136,98.3,8.3,167.212,-0.053,5.887,1.000,-0.441,12.488
488,32.533,A,21.400,0.321,9.5,-4.0,155.108,0.133,5.742,1.000,1.000,-12.495
488,32.533,B,26.016,10.527,97.2,7.2,167.602,-0.016,5.881,1.000,-0.438,12.495
489,32.600,A,21.770,0.422,11.6,-1.9,155.491,0.144,5.733,1.000,1.000,-12.503
489,32.600,B,25.994,10.919,95.6,5.6,167.994,0.006,5.875,1.000,-0.421,12.503
490,32.667,A,22.134,0.540,14.0,-8.5,155.896,0.120,5.725,1.000,1.000,-12.490
490,32.667,B,25.990,11.311,93.8,3.8,168.386,0.010,5.872,1.000,-0.261,12.490
491,32.733,A,22.492,0.675,16.5,-6.0,156.279,0.108,5.718,1.000,1.000,-12.501
491,32.733,B,25.995,11.705,92.1,2.1,168.780,0.005,5.938,1.000,-0.220,12.501
492,32.800,A,22.843,0.829,19.2,-12.3,156.678,0.087,5.712,1.000,1.000,-12.501
492,32.800,B,26.006,12.103,90.7,0.7,169.179,-0.006,6.006,1.000,0.367,12.501
493,32.867,A,23.185,1.002,22.0,-9.5,157.059,0.056,5.708,1.000,1.000,-12.520
493,32.867,B,26.018,12.504,89.8,-0.2,169.579,-0.018,6.012,1.000,0.154,12.520
494,32.933,A,23.517,1.191,24.9,-15.6,157.448,0.041,5.704,1.000,1.000,-12.532
494,32.933,B,26.018,12.905,89.9,-0.1,169.980,-0.018,6.012,1.000,1.000,12.532
495,33.000,A,23.838,1.399,27.8,-12.7,157.827,-0.010,5.701,1.000,1.000,-12.553
495,33.000,B,26.006,13.305,90.6,0.6,170.380,-0.006,6.004,1.000,1.000,12.553
496,33.067,A,24.147,1.624,30.9,-9.6,158.208,-0.039,5.699,1.000,1.000,-12.571
496,33.067,B,25.981,13.704,91.8,1.8,170.779,0.019,5.984,1.000,1.000,12.571
497,33.133,A,24.443,1.865,34.0,-15.5,158.580,-0.083,5.697,1.000,1.000,-12.600
497,33.133,B,25.938,14.100,93.5,-1.0,171.180,0.054,5.970,1.000,1.000,12.600
498,33.200,A,24.726,2.122,37.1,-12.4,158.959,-0.130,5.695,1.000,1.000,-12.618
498,33.200,B,25.878,14.494,95.5,1.0,171.578,0.083,5.957,1.000,1.000,12.618
499,33.267,A,24.994,2.395,40.2,-18.3,159.316,-0.160,5.694,1.000,1.000,-12.657
499,33.267,B,25.800,14.885,97.7,3.2,171.973,0.130,5.946,1.000,1.000,12.657
500,33.333,A,25.246,2.682,43.4,-15.1,159.692,-0.225,5.693,1.000,1.000,-12.699
500,33.333,B,25.704,15.270,100.1,-3.4,172.391,0.139,5.936,1.000,1.000,12.699
501,33.400,A,25.481,2.983,46.6,-11.9,160.072,-0.268,5.692,1.000,1.000,-12.716
501,33.400,B,25.589,15.650,102.7,-0.8,172.787,0.162,5.927,1.000,1.000,12.716
502,33.467,A,25.699,3.297,49.8,-17.7,160.405,-0.319,5.692,1.000,1.000,-12.806
502,33.467,B,25.455,16.023,105.4,-7.1,173.211,0.167,5.920,1.000,1.000,12.806
503,33.533,A,25.899,3.622,53.0,-14.5,160.782,-0.379,5.691,1.000,1.000,-12.825
503,33.533,B,25.302,16.389,108.2,-4.3,173.607,0.169,5.913,1.000,1.000,12.825
504,33.600,A,26.081,3.958,56.2,-11.3,161.162,-0.418,5.691,1.000,1.000,-12.869
504,33.600,B,25.131,16.746,111.0,-10.5,174.031,0.172,5.907,1.000,1.000,12.869
505,33.667,A,26.243,4.304,59.5,-17.0,161.471,-0.485,5.691,1.000,1.000,-12.955
505,33.667,B,24.941,17.093,114.0,-7.5,174.426,0.153,5.902,1.000,1.000,12.955
506,33.733,A,26.385,4.658,62.7,-13.8,161.849,-0.541,5.690,1.000,1.000,-12.972
506,33.733,B,24.732,17.429,116.9,-4.6,174.822,0.155,5.897,1.000,1.000,12.972
507,33.800,A,26.507,5.020,66.0,-19.5,162.139,-0.582,5.690,1.000,1.000,-13.101
507,33.800,B,24.507,17.753,119.9,-10.6,175.239,0.117,5.892,1.000,1.000,13.101
508,33.867,A,26.608,5.389,69.2,-16.3,162.514,-0.654,5.690,1.000,1.000,-13.120
508,33.867,B,24.264,18.065,123.0,-7.5,175.634,0.099,5.888,1.000,1.000,13.120
509,33.933,A,26.688,5.762,72.5,-13.0,162.892,-0.705,5.690,1.000,1.000,-13.149
509,33.933,B,24.005,18.363,126.1,-13.4,176.041,0.063,5.884,1.000,1.000,13.149
510,34.000,A,26.747,6.140,75.7,-14.3,163.215,-0.747,5.690,1.000,1.000,-13.219
510,34.000,B,23.731,18.646,129.1,-10.4,176.434,0.026,5.880,1.000,1.000,13.219
511,34.067,A,26.784,6.520,79.0,-11.0,163.595,-0.784,5.690,1.000,1.000,-13.233
511,34.067,B,23.441,18.914,132.2,-16.3,176.828,-0.006,5.877,1.000,1.000,13.233
512,34.133,A,26.800,6.901,82.2,-7.8,163.977,-0.800,5.690,1.000,1.000,-13.242
512,34.133,B,23.138,19.165,135.4,-13.1,177.218,-0.062,5.873,1.000,1.000,13.242
513,34.200,A,26.794,7.283,85.5,-4.5,164.359,-0.794,5.690,1.000,1.000,-13.252
513,34.200,B,22.821,19.399,138.5,-10.0,177.611,-0.096,5.870,1.000,1.000,13.252
514,34.267,A,26.766,7.664,88.8,-1.2,164.739,-0.766,5.690,1.000,1.000,-13.243
514,34.267,B,22.493,19.615,141.6,-15.9,177.983,-0.160,5.867,1.000,1.000,13.243
515,34.333,A,26.716,8.043,92.0,2.0,165.118,-0.716,5.690,1.000,0.897,-13.254
515,34.333,B,22.152,19.813,144.8,-12.7,178.373,-0.213,5.864,1.000,1.000,13.254
516,34.400,A,26.645,8.418,95.3,5.3,165.494,-0.645,5.692,1.000,0.300,-13.231
516,34.400,B,21.802,19.992,147.9,-18.6,178.725,-0.265,5.861,1.000,1.000,13.231
517,34.467,A,26.561,8.792,98.0,8.0,165.867,-0.561,5.746,1.000,0.085,-13.244
517,34.467,B,21.443,20.151,151.1,-15.4,179.111,-0.336,5.858,1.000,1.000,13.244
518,34.533,A,26.482,9.169,99.4,9.4,166.244,-0.482,5.790,1.000,-0.179,-13.256
518,34.533,B,21.075,20.290,154.2,-12.3,179.501,-0.385,5.856,1.000,1.000,13.256
519,34.600,A,26.413,9.549,99.7,9.7,166.625,-0.413,5.801,1.000,-0.182,-13.199
519,34.600,B,20.701,20.408,157.4,-18.1,179.824,-0.462,5.853,1.000,1.000,13.199
520,34.667,A,26.355,9.932,99.2,9.2,167.007,-0.355,5.805,1.000,-0.146,-13.203
520,34.667,B,20.321,20.505,160.5,-15.0,180.210,-0.529,5.850,1.000,1.000,13.203
521,34.733,A,26.308,10.318,98.3,8.3,167.394,-0.308,5.854,1.000,-0.100,-13.161
521,34.733,B,19.936,20.581,163.7,-16.3,180.555,-0.581,5.848,1.000,1.000,13.161
522,34.800,A,26.264,10.710,97.7,7.7,167.785,-0.264,5.910,1.000,-0.191,-13.158
522,34.800,B,19.548,20.636,166.9,-13.1,180.943,-0.636,5.845,1.000,1.000,13.158
523,34.867,A,26.226,11.102,96.9,6.9,168.178,-0.226,5.918,1.000,-0.156,-13.156
523,34.867,B,19.157,20.669,170.0,-10.0,181.333,-0.669,5.843,1.000,1.000,13.156
524,34.933,A,26.196,11.497,95.9,5.9,168.573,-0.196,5.969,0.937,-0.148,-13.153
524,34.933,B,18.765,20.681,173.2,-6.8,181.725,-0.681,5.840,1.000,1.000,13.153
525,35.000,A,26.173,11.888,95.0,5.0,168.963,-0.173,5.802,0.915,-0.078,-13.153
525,35.000,B,18.374,20.670,176.4,-3.6,182.117,-0.670,5.838,1.000,1.000,13.153
526,35.067,A,26.151,12.269,94.4,4.4,169.345,-0.151,5.670,0.929,-0.087,-13.162
526,35.067,B,17.984,20.639,179.6,-0.4,182.507,-0.639,5.835,1.000,0.935,13.162
527,35.133,A,26.131,12.644,93.9,3.9,169.719,-0.131,5.603,0.945,-0.042,-13.175
527,35.133,B,17.596,20.585,-177.3,2.7,182.895,-0.585,5.834,1.000,0.790,13.175
528,35.200,A,26.111,13.018,93.6,3.6,170.094,-0.111,5.634,1.000,1.000,-13.185
528,35.200,B,17.212,20.510,-174.1,5.9,183.279,-0.510,5.835,1.000,-0.229,13.185
529,35.267,A,26.085,13.393,93.8,3.8,170.468,-0.085,5.634,1.000,0.496,-13.193
529,35.267,B,16.830,20.423,-171.5,8.5,183.661,-0.423,5.871,1.000,-0.409,13.193
530,35.333,A,26.047,13.767,94.5,4.5,170.842,-0.047,5.635,1.000,0.991,-13.203
530,35.333,B,16.445,20.341,-170.2,9.8,184.045,-0.341,5.896,1.000,-0.271,13.203
531,35.400,A,25.994,14.139,95.8,1.3,171.214,-0.005,5.625,1.000,1.000,-13.218
531,35.400,B,16.058,20.270,-170.1,9.9,184.432,-0.270,5.901,1.000,-0.240,13.218
532,35.467,A,25.925,14.508,97.6,3.1,171.587,0.035,5.616,1.000,0.909,-13.234
532,35.467,B,15.669,20.212,-170.6,9.4,184.821,-0.212,5.900,1.000,-0.238,13.234
533,35.533,A,25.839,14.873,99.6,5.1,171.958,0.092,5.610,1.000,0.874,-13.254
533,35.533,B,15.278,20.167,-171.7,8.3,185.212,-0.167,5.902,1.000,-0.225,13.254
534,35.600,A,25.736,15.233,102.0,-1.5,172.348,0.116,5.604,1.000,1.000,-13.258
534,35.600,B,14.884,20.134,-173.0,7.0,185.606,-0.134,5.962,1.000,-0.210,13.258
535,35.667,A,25.615,15.588,104.5,1.0,172.721,0.151,5.599,1.000,1.000,-13.285
535,35.667,B,14.484,20.108,-174.3,5.7,186.006,-0.108,6.036,1.000,-0.183,13.285
536,35.733,A,25.475,15.936,107.2,-5.3,173.123,0.182,5.594,1.000,1.000,-13.287
536,35.733,B,14.081,20.089,-175.4,4.6,186.409,-0.089,6.066,1.000,-0.137,13.287
537,35.800,A,25.317,16.276,110.0,-2.5,173.497,0.198,5.591,1.000,1.000,-13.317
537,35.800,B,13.676,20.074,-176.4,3.6,186.814,-0.074,6.057,1.000,-0.118,13.317
538,35.867,A,25.142,16.607,112.9,0.4,173.871,0.234,5.589,1.000,1.000,-13.348
538,35.867,B,13.272,20.063,-177.1,2.9,187.219,-0.063,6.083,1.000,-0.061,13.348
539,35.933,A,24.948,16.928,115.9,-5.6,174.282,0.233,5.587,1.000,1.000,-13.341
539,35.933,B,12.868,20.052,-177.6,2.4,187.623,-0.052,6.047,1.000,-0.112,13.341
540,36.000,A,24.737,17.238,119.0,-2.5,174.657,0.251,5.586,1.000,1.000,-13.369
540,36.000,B,12.465,20.045,-178.2,1.8,188.026,-0.045,6.058,1.000,0.020,13.369
541,36.067,A,24.508,17.535,122.1,-8.4,175.073,0.257,5.586,1.000,1.000,-13.357
541,36.067,B,12.061,20.040,-178.5,1.5,188.429,-0.040,6.051,1.000,-0.096,13.357
542,36.133,A,24.264,17.819,125.3,-5.2,175.447,0.259,5.586,1.000,1.000,-13.385
542,36.133,B,11.658,20.032,-178.7,1.3,188.832,-0.032,6.042,1.000,0.000,13.385
543,36.200,A,24.003,18.089,128.5,-11.0,175.865,0.272,5.586,1.000,1.000,-13.369
543,36.200,B,11.256,20.028,-179.0,1.0,189.235,-0.028,6.010,1.000,-0.090,13.369
544,36.267,A,23.728,18.344,131.7,-7.8,176.240,0.257,5.587,1.000,1.000,-13.395
544,36.267,B,10.855,20.026,-179.3,0.7,189.635,-0.026,6.007,1.000,0.048,13.395
545,36.333,A,23.438,18.582,134.9,-4.6,176.615,0.264,5.587,1.000,1.000,-13.420
545,36.333,B,10.455,20.025,-179.4,0.6,190.036,-0.025,6.006,1.000,-0.056,13.420
546,36.400,A,23.136,18.804,138.2,-10.3,177.032,0.247,5.588,1.000,1.000,-13.404
546,36.400,B,10.055,20.021,-179.5,0.5,190.436,-0.021,6.002,1.000,0.030,13.404
547,36.467,A,22.821,19.008,141.5,-7.0,177.407,0.238,5.590,1.000,1.000,-13.429
547,36.467,B,9.655,20.019,-179.5,0.5,190.836,-0.019,5.998,1.000,-0.083,13.429
548,36.533,A,22.494,19.194,144.8,-12.7,177.820,0.229,5.591,1.000,1.000,-13.416
548,36.533,B,9.255,20.017,-179.7,0.3,191.236,-0.017,5.997,1.000,0.047,13.416
549,36.600,A,22.158,19.360,148.1,-9.4,178.195,0.204,5.592,1.000,1.000,-13.441
549,36.600,B,8.855,20.018,-179.8,0.2,191.635,-0.018,5.995,1.000,-0.040,13.441
550,36.667,A,21.812,19.507,151.4,-6.1,178.570,0.200,5.593,1.000,1.000,-13.465
550,36.667,B,8.455,20.017,-179.8,0.2,192.035,-0.017,5.993,1.000,0.040,13.465
551,36.733,A,21.458,19.634,154.7,-11.8,178.975,0.163,5.595,1.000,1.000,-13.459
551,36.733,B,8.056,20.015,-179.8,0.2,192.435,-0.015,5.994,1.000,-0.079,13.459
552,36.800,A,21.098,19.740,158.0,-8.5,179.351,0.144,5.596,1.000,1.000,-13.484
552,36.800,B,7.656,20.014,-179.8,0.2,192.834,-0.014,5.994,1.000,0.051,13.484
553,36.867,A,20.732,19.825,161.3,-14.2,179.747,0.117,5.598,1.000,1.000,-13.486
553,36.867,B,7.257,20.016,-180.0,0.0,193.234,-0.016,5.992,1.000,-0.032,13.486
554,36.933,A,20.361,19.889,164.6,-10.9,180.122,0.082,5.599,1.000,1.000,-13.511
554,36.933,B,6.857,20.015,-180.0,0.0,193.633,-0.015,5.991,1.000,0.043,13.511
555,37.000,A,19.988,19.932,167.9,-12.1,180.503,0.068,5.600,1.000,1.000,-13.530
555,37.000,B,6.458,20.014,-179.9,0.1,194.033,-0.014,5.993,1.000,-0.077,13.530
556,37.067,A,19.612,19.952,171.2,-8.8,180.879,0.048,5.602,1.000,1.000,-13.554
556,37.067,B,6.058,20.013,-179.9,0.1,194.432,-0.013,5.993,1.000,0.052,13.554
557,37.133,A,19.236,19.951,174.5,-5.5,181.255,0.049,5.603,1.000,0.266,-13.577
557,37.133,B,5.659,20.015,180.0,-0.0,194.832,-0.015,5.991,1.000,-0.032,13.577
558,37.200,A,18.859,19.937,177.3,-2.7,181.632,0.063,5.657,1.000,-0.201,-13.599
558,37.200,B,5.260,20.014,180.0,-0.0,195.231,-0.014,5.988,1.000,0.047,13.599
559,37.267,A,18.480,19.929,178.7,-1.3,182.011,0.071,5.689,1.000,-0.221,-13.620
559,37.267,B,4.860,20.014,-179.9,0.1,195.630,-0.014,5.991,1.000,-0.085,13.620
560,37.333,A,18.100,19.931,179.0,-1.0,182.391,0.069,5.700,1.000,-0.093,-13.639
560,37.333,B,4.461,20.013,-180.0,0.0,196.030,-0.013,5.992,1.000,0.055,13.639
561,37.400,A,17.718,19.945,178.6,-1.4,182.772,0.055,5.761,1.000,0.007,-13.657
561,37.400,B,4.061,20.016,179.9,-0.1,196.429,-0.016,5.991,1.000,-0.027,13.657
562,37.467,A,17.333,19.959,178.4,-1.6,183.158,0.041,5.818,1.000,-0.001,-13.671
562,37.467,B,3.662,20.015,180.0,-0.0,196.828,-0.015,5.990,1.000,0.049,13.671
563,37.533,A,16.939,19.970,178.4,-1.6,183.551,0.030,5.956,1.000,0.020,-13.677
563,37.533,B,3.263,20.014,-179.9,0.1,197.228,-0.014,5.998,1.000,-0.096,13.677
564,37.600,A,16.541,19.980,178.5,-1.5,183.949,0.020,6.008,1.000,0.019,-13.679
564,37.600,B,2.863,20.013,-179.9,0.1,197.628,-0.013,5.998,1.000,0.056,13.679
565,37.667,A,16.141,19.989,178.6,-1.4,184.349,0.011,5.993,1.000,0.028,-13.678
565,37.667,B,2.463,20.015,179.9,-0.1,198.028,-0.015,5.997,1.000,-0.038,13.678
566,37.733,A,15.742,19.996,178.7,-1.3,184.748,0.004,6.002,1.000,0.016,-13.679
566,37.733,B,2.063,20.015,180.0,-0.0,198.427,-0.015,5.991,1.000,0.058,13.679
567,37.800,A,15.343,20.003,178.8,-1.2,185.148,-0.003,5.990,1.000,0.026,-13.679
567,37.800,B,1.664,20.015,-180.0,0.0,198.827,-0.015,5.991,1.000,-0.099,13.679
568,37.867,A,14.943,20.008,179.0,-1.0,185.548,-0.008,6.016,1.000,0.014,-13.678
568,37.867,B,1.264,20.013,-180.0,0.0,199.226,-0.013,5.991,1.000,0.057,13.678
569,37.933,A,14.542,20.012,179.1,-0.9,185.948,-0.012,6.002,1.000,0.020,-13.677
569,37.933,B,0.865,20.016,179.9,-0.1,199.626,-0.016,5.991,1.000,-0.036,13.677
570,38.000,A,14.142,20.016,179.2,-0.8,186.348,-0.016,5.987,1.000,0.018,-13.677
570,38.000,B,0.466,20.015,180.0,-0.0,200.025,-0.015,5.992,1.000,0.058,13.677
571,38.067,A,13.743,20.021,179.3,-0.7,186.748,-0.021,5.992,1.000,0.021,-13.677
571,38.067,B,0.066,20.015,-180.0,0.0,200.424,-0.015,5.994,1.000,-0.096,13.677
572,38.133,A,13.344,20.024,179.4,-0.6,187.147,-0.024,5.985,1.000,0.016,-13.677
572,38.133,B,-0.333,20.014,-180.0,0.0,200.824,-0.014,5.994,1.000,0.056,13.677
573,38.200,A,12.944,20.026,179.5,-0.5,187.546,-0.026,5.989,1.000,0.017,-13.677
573,38.200,B,-0.733,20.016,179.9,-0.1,201.223,-0.016,5.993,1.000,-0.037,13.677
574,38.267,A,12.545,20.029,179.5,-0.5,187.946,-0.029,5.994,1.000,0.018,-13.677
574,38.267,B,-1.132,20.015,180.0,-0.0,201.623,-0.015,5.990,1.000,0.058,13.677
575,38.333,A,12.145,20.031,179.6,-0.4,188.345,-0.031,5.995,1.000,0.019,-13.677
575,38.333,B,-1.532,20.015,-180.0,0.0,202.022,-0.015,5.991,1.000,-0.099,13.677
576,38.400,A,11.745,20.034,179.6,-0.4,188.745,-0.034,5.994,1.000,0.018,-13.677
576,38.400,B,-1.931,20.013,-179.9,0.1,202.422,-0.013,5.991,1.000,0.053,13.677
577,38.467,A,11.346,20.035,179.7,-0.3,189.145,-0.035,5.992,1.000,0.016,-13.676
577,38.467,B,-2.331,20.015,180.0,-0.0,202.821,-0.015,5.991,1.000,-0.043,13.676
578,38.533,A,10.947,20.036,179.8,-0.2,189.544,-0.036,5.991,1.000,0.013,-13.676
578,38.533,B,-2.730,20.015,180.0,-0.0,203.220,-0.015,5.988,1.000,0.062,13.676
579,38.600,A,10.547,20.036,179.8,-0.2,189.943,-0.036,5.991,1.000,0.009,-13.676
579,38.600,B,-3.129,20.015,-180.0,0.0,203.620,-0.015,5.988,1.000,-0.093,13.676
580,38.667,A,10.148,20.036,179.9,-0.1,190.343,-0.036,6.002,1.000,0.007,-13.676
580,38.667,B,-3.528,20.013,-179.9,0.1,204.019,-0.013,5.987,1.000,0.053,13.676
581,38.733,A,9.747,20.036,180.0,-0.0,190.743,-0.036,6.006,1.000,0.006,-13.674
581,38.733,B,-3.927,20.015,180.0,-0.0,204.418,-0.015,5.987,1.000,-0.050,13.674
582,38.800,A,9.347,20.035,180.0,-0.0,191.144,-0.035,6.006,1.000,0.005,-13.673
582,38.800,B,-4.326,20.015,180.0,-0.0,204.817,-0.015,5.986,1.000,0.064,13.673
583,38.867,A,8.946,20.035,-180.0,0.0,191.544,-0.035,6.005,1.000,0.003,-13.672
583,38.867,B,-4.725,20.016,180.0,-0.0,205.216,-0.016,5.986,1.000,-0.075,13.672
584,38.933,A,8.546,20.034,-180.0,0.0,191.944,-0.034,6.001,1.000,0.001,-13.671
584,38.933,B,-5.124,20.014,-180.0,0.0,205.615,-0.014,5.985,1.000,0.057,13.671
585,39.000,A,8.146,20.034,-179.9,0.1,192.344,-0.034,5.999,1.000,-0.001,-13.669
585,39.000,B,-5.523,20.016,180.0,-0.0,206.014,-0.016,5.985,1.000,-0.048,13.669
586,39.067,A,7.746,20.033,-179.9,0.1,192.744,-0.033,6.003,1.000,-0.000,-13.668
586,39.067,B,-5.922,20.015,180.0,-0.0,206.413,-0.015,5.983,1.000,0.063,13.668
587,39.133,A,7.346,20.033,-179.9,0.1,193.145,-0.033,6.000,1.000,0.000,-13.667
587,39.133,B,-6.321,20.016,180.0,-0.0,206.812,-0.016,5.984,1.000,-0.078,13.667
588,39.200,A,6.946,20.033,-180.0,0.0,193.545,-0.033,6.000,1.000,-0.001,-13.666
588,39.200,B,-6.720,20.015,-180.0,0.0,207.211,-0.015,5.984,1.000,0.056,13.666
589,39.267,A,6.546,20.032,-179.9,0.1,193.945,-0.032,6.001,1.000,-0.000,-13.665
589,39.267,B,-7.119,20.016,180.0,-0.0,207.609,-0.016,5.984,1.000,-0.047,13.665
590,39.333,A,6.146,20.032,-179.9,0.1,194.345,-0.032,6.001,1.000,-0.000,-13.663
590,39.333,B,-7.518,20.016,180.0,-0.0,208.008,-0.016,5.983,1.000,0.063,13.663
591,39.400,A,5.746,20.031,-179.9,0.1,194.745,-0.031,6.000,1.000,-0.001,-13.662
591,39.400,B,-7.917,20.016,180.0,-0.0,208.407,-0.016,5.983,1.000,-0.080,13.662
592,39.467,A,5.346,20.031,-179.9,0.1,195.145,-0.031,6.000,1.000,-0.002,-13.661
592,39.467,B,-8.316,20.015,-180.0,0.0,208.806,-0.015,5.983,1.000,0.055,13.661
593,39.533,A,4.945,20.031,-179.9,0.1,195.545,-0.031,6.001,1.000,-0.001,-13.660
593,39.533,B,-8.714,20.016,180.0,-0.0,209.205,-0.016,5.982,1.000,-0.049,13.660
594,39.600,A,4.545,20.030,-179.9,0.1,195.945,-0.030,6.001,1.000,-0.003,-13.658
594,39.600,B,-9.113,20.016,180.0,-0.0,209.604,-0.016,5.983,1.000,0.063,13.658
595,39.667,A,4.145,20.030,-179.9,0.1,196.345,-0.030,6.002,1.000,-0.004,-13.657
595,39.667,B,-9.512,20.016,180.0,-0.0,210.002,-0.016,5.984,1.000,-0.075,13.657
596,39.733,A,3.745,20.029,-179.9,0.1,196.746,-0.029,6.001,1.000,-0.003,-13.656
596,39.733,B,-9.911,20.015,-180.0,0.0,210.401,-0.015,5.982,1.000,0.055,13.656
597,39.800,A,3.345,20.029,-180.0,0.0,197.146,-0.029,6.001,1.000,-0.003,-13.654
597,39.800,B,-10.309,20.016,180.0,-0.0,210.800,-0.016,5.981,1.000,-0.053,13.654
598,39.867,A,2.945,20.029,-180.0,0.0,197.546,-0.029,6.002,1.000,-0.002,-13.653
598,39.867,B,-10.708,20.016,180.0,-0.0,211.199,-0.016,5.982,1.000,0.063,13.653
599,39.933,A,2.544,20.029,-180.0,0.0,197.946,-0.029,6.002,1.000,-0.001,-13.652
599,39.933,B,-11.107,20.016,180.0,-0.0,211.598,-0.016,5.982,1.000,-0.066,13.652
600,40.000,A,2.144,20.029,180.0,-0.0,198.346,-0.029,6.000,1.000,-0.001,-13.650
600,40.000,B,-11.506,20.015,-180.0,0.0,211.996,-0.015,5.981,1.000,0.057,13.650
601,40.067,A,1.744,20.029,180.0,-0.0,198.746,-0.029,6.001,1.000,-0.001,-13.649
601,40.067,B,-11.904,20.016,180.0,-0.0,212.395,-0.016,5.981,1.000,-0.055,13.649
602,40.133,A,1.344,20.029,180.0,-0.0,199.146,-0.029,6.001,1.000,-0.000,-13.648
602,40.133,B,-12.303,20.016,180.0,-0.0,212.794,-0.016,5.981,1.000,0.062,13.648
603,40.200,A,0.944,20.030,180.0,-0.0,199.546,-0.030,6.002,1.000,0.001,-13.646
603,40.200,B,-12.702,20.016,180.0,-0.0,213.192,-0.016,5.982,1.000,-0.064,13.646
604,40.267,A,0.544,20.030,180.0,-0.0,199.947,-0.030,6.002,1.000,0.002,-13.645
604,40.267,B,-13.101,20.015,-180.0,0.0,213.591,-0.015,5.981,1.000,0.057,13.645
605,40.333,A,0.144,20.030,180.0,-0.0,200.347,-0.030,6.002,1.000,0.002,-13.643
605,40.333,B,-13.499,20.016,180.0,-0.0,213.990,-0.016,5.981,1.000,-0.058,13.643
606,40.400,A,-0.256,20.030,180.0,-0.0,200.747,-0.030,6.000,1.000,0.001,-13.642
606,40.400,B,-13.898,20.016,-180.0,0.0,214.388,-0.016,5.981,1.000,0.061,13.642
607,40.467,A,-0.656,20.030,180.0,-0.0,201.147,-0.030,6.000,1.000,0.001,-13.640
607,40.467,B,-14.297,20.017,180.0,-0.0,214.787,-0.017,5.980,1.000,-0.060,13.640
608,40.533,A,-1.056,20.030,180.0,-0.0,201.547,-0.030,6.000,1.000,0.001,-13.639
608,40.533,B,-14.695,20.016,-180.0,0.0,215.186,-0.016,5.980,1.000,0.059,13.639
609,40.600,A,-1.456,20.030,180.0,-0.0,201.947,-0.030,6.000,1.000,0.001,-13.637
609,40.600,B,-15.094,20.017,180.0,-0.0,215.584,-0.017,5.980,1.000,-0.136,13.637
610,40.667,A,-1.856,20.030,-180.0,0.0,202.347,-0.030,6.000,1.000,0.000,-13.636
610,40.667,B,-15.492,20.016,180.0,-0.0,215.983,-0.016,5.979,1.000,0.032,13.636
611,40.733,A,-2.257,20.030,-180.0,0.0,202.747,-0.030,6.001,1.000,-0.001,-13.635
611,40.733,B,-15.891,20.019,179.9,-0.1,216.382,-0.019,5.985,1.000,-0.077,13.635
612,40.800,A,-2.657,20.030,-180.0,0.0,203.147,-0.030,6.003,1.000,-0.000,-13.634
612,40.800,B,-16.290,20.021,179.8,-0.2,216.781,-0.021,5.985,1.000,-0.032,13.634
613,40.867,A,-3.057,20.030,-180.0,0.0,203.547,-0.030,6.001,1.000,0.001,-13.632
613,40.867,B,-16.689,20.028,179.5,-0.5,217.180,-0.028,5.978,1.000,-0.031,13.632
614,40.933,A,-3.457,20.030,180.0,-0.0,203.947,-0.030,6.001,1.000,0.001,-13.631
614,40.933,B,-17.088,20.033,179.4,-0.6,217.578,-0.033,5.985,1.000,-0.198,13.631
615,41.000,A,-3.857,20.030,180.0,-0.0,204.347,-0.030,6.001,1.000,0.002,-13.630
615,41.000,B,-17.487,20.044,179.0,-1.0,217.977,-0.044,5.982,1.000,0.002,13.630
616,41.067,A,-4.257,20.030,180.0,-0.0,204.748,-0.030,6.001,1.000,0.002,-13.628
616,41.067,B,-17.885,20.059,178.6,-1.4,218.376,-0.059,5.985,1.000,0.513,13.628
617,41.133,A,-4.657,20.031,180.0,-0.0,205.148,-0.031,6.000,1.000,0.002,-13.627
617,41.133,B,-18.284,20.064,178.9,-1.1,218.775,-0.064,5.982,1.000,0.545,13.627
618,41.200,A,-5.057,20.030,180.0,-0.0,205.548,-0.030,6.000,1.000,0.001,-13.626
618,41.200,B,-18.683,20.056,179.8,-0.2,219.173,-0.056,5.975,1.000,0.419,13.626
619,41.267,A,-5.457,20.030,-180.0,0.0,205.948,-0.030,6.001,1.000,-0.000,-13.623
619,41.267,B,-19.080,20.032,-178.8,1.2,219.571,-0.032,5.968,1.000,1.000,13.623
620,41.333,A,-5.858,20.030,-180.0,0.0,206.348,-0.030,6.003,1.000,-0.003,-13.619
620,41.333,B,-19.477,19.993,-177.1,2.9,219.967,0.007,5.954,1.000,1.000,13.619
621,41.400,A,-6.258,20.029,-180.0,0.0,206.748,-0.029,6.001,1.000,-0.005,-13.612
621,41.400,B,-19.870,19.936,-175.0,5.0,220.360,0.064,5.942,1.000,1.000,13.612
622,41.467,A,-6.658,20.029,-179.9,0.1,207.148,-0.029,6.001,1.000,-0.007,-13.612
622,41.467,B,-20.260,19.860,-172.7,2.8,220.760,0.119,5.932,1.000,1.000,13.612
623,41.533,A,-7.058,20.028,-179.9,0.1,207.549,-0.028,6.001,1.000,-0.010,-13.603
623,41.533,B,-20.645,19.766,-170.3,5.2,221.152,0.183,5.922,1.000,1.000,13.603
624,41.600,A,-7.458,20.028,-179.9,0.1,207.949,-0.028,6.001,1.000,-0.013,-13.630
624,41.600,B,-21.024,19.653,-167.7,-1.2,221.579,0.246,5.914,1.000,1.000,13.630
625,41.667,A,-7.858,20.028,-179.9,0.1,208.349,-0.028,6.000,1.000,-0.013,-13.624
625,41.667,B,-21.398,19.521,-164.9,1.6,221.973,0.287,5.907,1.000,1.000,13.624
626,41.733,A,-8.258,20.028,-180.0,0.0,208.749,-0.028,5.996,1.000,-0.013,-13.669
626,41.733,B,-21.763,19.370,-162.1,-4.6,222.418,0.346,5.900,1.000,1.000,13.669
627,41.800,A,-8.658,20.028,180.0,-0.0,209.149,-0.028,5.996,1.000,-0.011,-13.664
627,41.800,B,-22.120,19.200,-159.2,-1.7,222.813,0.366,5.895,1.000,1.000,13.664
628,41.867,A,-9.058,20.030,179.9,-0.1,209.548,-0.030,5.994,1.000,-0.009,-13.657
628,41.867,B,-22.467,19.011,-156.3,1.2,223.206,0.408,5.890,1.000,1.000,13.657
629,41.933,A,-9.457,20.031,179.9,-0.1,209.948,-0.031,5.994,1.000,-0.006,-13.717
629,41.933,B,-22.803,18.805,-153.3,-4.8,223.665,0.420,5.885,1.000,1.000,13.717
630,42.000,A,-9.857,20.033,179.8,-0.2,210.348,-0.033,6.001,1.000,-0.003,-13.711
630,42.000,B,-23.127,18.580,-150.3,-1.8,224.059,0.442,5.881,1.000,1.000,13.711
631,42.067,A,-10.258,20.035,179.8,-0.2,210.748,-0.035,6.005,1.000,0.001,-13.776
631,42.067,B,-23.439,18.339,-147.2,-7.7,224.524,0.449,5.877,1.000,1.000,13.776
632,42.133,A,-10.658,20.037,179.8,-0.2,211.148,-0.037,6.003,1.000,0.001,-13.770
632,42.133,B,-23.737,18.081,-144.1,-4.6,224.918,0.451,5.873,1.000,1.000,13.770
633,42.200,A,-11.058,20.039,179.8,-0.2,211.548,-0.039,6.001,1.000,0.003,-13.836
633,42.200,B,-24.020,17.808,-141.0,-10.5,225.384,0.451,5.869,1.000,1.000,13.836
634,42.267,A,-11.458,20.040,179.8,-0.2,211.949,-0.040,6.002,1.000,0.004,-13.829
634,42.267,B,-24.288,17.520,-137.9,-7.4,225.777,0.435,5.866,1.000,1.000,13.829
635,42.333,A,-11.858,20.042,179.7,-0.3,212.349,-0.042,6.002,1.000,0.007,-13.890
635,42.333,B,-24.540,17.217,-134.8,-13.3,226.239,0.430,5.863,1.000,1.000,13.890
636,42.400,A,-12.258,20.044,179.7,-0.3,212.749,-0.044,6.002,1.000,0.009,-13.882
636,42.400,B,-24.774,16.902,-131.7,-10.2,226.630,0.395,5.860,1.000,1.000,13.882
637,42.467,A,-12.659,20.046,179.7,-0.3,213.149,-0.046,6.001,1.000,0.012,-13.874
637,42.467,B,-24.991,16.574,-128.5,-7.0,227.023,0.381,5.857,1.000,1.000,13.874
638,42.533,A,-13.059,20.048,179.7,-0.3,213.549,-0.048,6.000,1.000,0.015,-13.923
638,42.533,B,-25.189,16.235,-125.4,-12.9,227.473,0.333,5.854,1.000,1.000,13.923
639,42.600,A,-13.459,20.049,179.8,-0.2,213.949,-0.049,5.999,1.000,0.016,-13.915
639,42.600,B,-25.368,15.886,-122.2,-9.7,227.864,0.301,5.852,1.000,1.000,13.915
640,42.667,A,-13.858,20.050,179.8,-0.2,214.349,-0.050,5.997,1.000,0.014,-13.950
640,42.667,B,-25.527,15.527,-119.1,-15.6,228.299,0.251,5.849,1.000,1.000,13.950
641,42.733,A,-14.258,20.050,179.9,-0.1,214.749,-0.050,5.992,1.000,0.012,-13.939
641,42.733,B,-25.666,15.160,-115.9,-12.4,228.688,0.201,5.846,1.000,1.000,13.939
642,42.800,A,-14.658,20.050,179.9,-0.1,215.148,-0.050,5.993,1.000,0.011,-13.956
642,42.800,B,-25.785,14.787,-112.7,-18.2,229.104,0.153,5.844,1.000,1.000,13.956
643,42.867,A,-15.057,20.049,180.0,-0.0,215.548,-0.049,5.996,1.000,0.015,-13.943
643,42.867,B,-25.883,14.407,-109.6,-15.1,229.490,0.085,5.841,1.000,1.000,13.943
644,42.933,A,-15.457,20.048,-180.0,0.0,215.948,-0.048,6.009,1.000,0.010,-13.931
644,42.933,B,-25.959,14.023,-106.4,-11.9,229.879,0.039,5.839,1.000,1.000,13.931
645,43.000,A,-15.858,20.047,-179.9,0.1,216.348,-0.047,6.000,1.000,0.009,-13.922
645,43.000,B,-26.014,13.635,-103.2,-13.2,230.270,-0.014,5.836,1.000,1.000,13.922
646,43.067,A,-16.258,20.045,-179.8,0.2,216.748,-0.045,5.996,1.000,0.034,-13.912
646,43.067,B,-26.048,13.245,-100.0,-10.0,230.660,-0.048,5.834,1.000,0.756,13.912
647,43.133,A,-16.657,20.041,-179.7,0.3,217.147,-0.041,5.977,1.000,-0.016,-13.904
647,43.133,B,-26.060,12.854,-96.9,-6.9,231.051,-0.060,5.836,1.000,0.792,13.904
648,43.200,A,-17.056,20.039,-179.7,0.3,217.546,-0.039,5.986,0.835,0.019,-13.896
648,43.200,B,-26.050,12.463,-93.7,-3.7,231.443,-0.050,5.836,1.000,-0.052,13.896
649,43.267,A,-17.448,20.036,-179.7,0.3,217.938,-0.036,5.814,0.850,-0.013,-13.896
649,43.267,B,-26.028,12.071,-91.1,-1.1,231.834,-0.028,5.874,1.000,-0.297,13.896
650,43.333,A,-17.828,20.034,-179.7,0.3,218.319,-0.034,5.643,1.000,0.921,-13.908
650,43.333,B,-26.012,11.679,-89.9,0.1,232.227,-0.012,5.900,1.000,-0.209,13.908
651,43.400,A,-18.204,20.027,-179.4,0.6,218.695,-0.027,5.645,1.000,0.315,-13.926
651,43.400,B,-26.006,11.285,-89.7,0.3,232.621,-0.006,5.905,1.000,-0.066,13.926
652,43.467,A,-18.581,20.008,-178.5,1.5,219.071,-0.008,5.646,0.875,-0.209,-13.945
652,43.467,B,-26.011,10.890,-90.0,-0.0,233.016,-0.011,5.938,1.000,0.023,13.945
653,43.533,A,-18.956,19.982,-177.7,2.3,219.446,0.018,5.639,1.000,0.453,-13.966
653,43.533,B,-26.012,10.493,-90.1,-0.1,233.412,-0.012,5.963,1.000,-0.111,13.966
654,43.600,A,-19.331,19.960,-177.2,2.8,219.821,0.040,5.639,0.943,-0.005,-13.988
654,43.600,B,-26.015,10.096,-90.3,-0.3,233.810,-0.015,5.963,1.000,0.062,13.988
655,43.667,A,-19.706,19.932,-176.7,3.3,220.196,0.068,5.644,0.601,-0.535,-14.011
655,43.667,B,-26.022,9.698,-90.5,-0.5,234.207,-0.022,5.966,1.000,-0.141,14.011
656,43.733,A,-20.078,19.914,-177.0,-1.5,220.575,0.080,5.557,1.000,1.000,-14.030
656,43.733,B,-26.026,9.301,-90.5,-0.5,234.605,-0.026,5.964,1.000,0.002,14.030
657,43.800,A,-20.447,19.898,-177.1,-1.6,220.944,0.067,5.552,1.000,1.000,-14.059
657,43.800,B,-26.034,8.903,-90.7,-0.7,235.003,-0.034,5.989,1.000,-0.196,14.059
658,43.867,A,-20.817,19.874,-176.8,-1.3,221.314,0.061,5.549,1.000,1.000,-14.087
658,43.867,B,-26.043,8.504,-91.0,-1.0,235.402,-0.043,5.988,1.000,-0.065,14.087
659,43.933,A,-21.184,19.834,-175.7,-9.2,221.692,0.032,5.543,1.000,1.000,-14.109
659,43.933,B,-26.058,8.104,-91.4,-1.4,235.801,-0.058,5.991,1.000,0.484,14.109
660,44.000,A,-21.550,19.779,-174.2,-7.7,222.061,0.000,5.535,1.000,1.000,-14.140
660,44.000,B,-26.070,7.705,-91.5,-1.5,236.201,-0.070,5.992,1.000,0.472,14.140
661,44.067,A,-21.913,19.707,-172.2,-14.7,222.427,-0.023,5.527,1.000,1.000,-14.173
661,44.067,B,-26.069,7.306,-90.8,-0.8,236.600,-0.069,5.985,1.000,0.447,14.173
662,44.133,A,-22.271,19.618,-170.0,-12.5,222.793,-0.078,5.521,1.000,1.000,-14.206
662,44.133,B,-26.053,6.907,-89.6,0.4,236.999,-0.053,5.978,1.000,1.000,14.206
663,44.200,A,-22.625,19.511,-167.5,-10.0,223.160,-0.115,5.516,1.000,1.000,-14.236
663,44.200,B,-26.022,6.510,-88.0,2.0,237.396,-0.022,5.964,1.000,1.000,14.236
664,44.267,A,-22.972,19.386,-164.9,-16.4,223.506,-0.164,5.512,1.000,1.000,-14.285
664,44.267,B,-25.973,6.114,-86.1,3.9,237.791,0.027,5.952,1.000,1.000,14.285
665,44.333,A,-23.313,19.243,-162.1,-13.6,223.871,-0.220,5.509,1.000,1.000,-14.318
665,44.333,B,-25.906,5.723,-83.9,1.6,238.189,0.072,5.940,1.000,1.000,14.318
666,44.400,A,-23.645,19.081,-159.2,-10.7,224.239,-0.255,5.507,1.000,1.000,-14.344
666,44.400,B,-25.821,5.335,-81.5,4.0,238.583,0.127,5.931,1.000,1.000,14.344
667,44.467,A,-23.968,18.901,-156.2,-16.7,224.561,-0.322,5.507,1.000,1.000,-14.441
667,44.467,B,-25.717,4.952,-78.9,-2.4,239.002,0.178,5.922,1.000,1.000,14.441
668,44.533,A,-24.280,18.703,-153.1,-13.6,224.927,-0.374,5.507,1.000,1.000,-14.470
668,44.533,B,-25.593,4.576,-76.2,0.3,239.397,0.210,5.914,1.000,1.000,14.470
669,44.600,A,-24.581,18.488,-150.0,-19.5,225.231,-0.417,5.507,1.000,1.000,-14.600
669,44.600,B,-25.451,4.206,-73.5,-6.0,239.831,0.259,5.907,1.000,1.000,14.600
670,44.667,A,-24.869,18.256,-146.8,-16.3,225.594,-0.485,5.508,1.000,1.000,-14.632
670,44.667,B,-25.290,3.845,-70.6,-3.1,240.226,0.270,5.901,1.000,1.000,14.632
671,44.733,A,-25.143,18.008,-143.5,-13.0,225.961,-0.533,5.509,1.000,1.000,-14.659
671,44.733,B,-25.110,3.493,-67.7,-0.2,240.620,0.301,5.896,1.000,1.000,14.659
672,44.800,A,-25.403,17.745,-140.3,-18.8,226.240,-0.582,5.511,1.000,1.000,-14.823
672,44.800,B,-24.912,3.151,-64.7,-6.2,241.063,0.305,5.891,1.000,1.000,14.823
673,44.867,A,-25.647,17.467,-137.0,-15.5,226.605,-0.645,5.513,1.000,1.000,-14.853
673,44.867,B,-24.696,2.821,-61.7,-3.2,241.458,0.317,5.886,1.000,1.000,14.853
674,44.933,A,-25.875,17.175,-133.7,-12.2,226.973,-0.687,5.515,1.000,1.000,-14.930
674,44.933,B,-24.462,2.503,-58.6,-9.1,241.904,0.317,5.882,1.000,1.000,14.930
675,45.000,A,-26.086,16.870,-130.4,-17.9,227.229,-0.739,5.517,1.000,1.000,-15.068
675,45.000,B,-24.212,2.198,-55.6,-6.1,242.298,0.310,5.878,1.000,1.000,15.068
676,45.067,A,-26.278,16.553,-127.1,-14.6,227.596,-0.796,5.520,1.000,1.000,-15.145
676,45.067,B,-23.946,1.908,-52.5,-12.0,242.741,0.307,5.875,1.000,1.000,15.145
677,45.133,A,-26.452,16.225,-123.8,-11.3,227.965,-0.831,5.522,1.000,1.000,-15.169
677,45.133,B,-23.664,1.632,-49.4,-8.9,243.134,0.280,5.871,1.000,1.000,15.169
678,45.200,A,-26.607,15.888,-120.4,-16.9,228.200,-0.884,5.524,1.000,1.000,-15.328
678,45.200,B,-23.368,1.373,-46.3,-5.8,243.528,0.275,5.868,1.000,1.000,15.328
679,45.267,A,-26.742,15.542,-117.1,-13.6,228.568,-0.934,5.527,1.000,1.000,-15.394
679,45.267,B,-23.059,1.130,-43.1,-11.6,243.962,0.231,5.865,1.000,1.000,15.394
680,45.333,A,-26.856,15.189,-113.7,-10.2,228.938,-0.963,5.529,1.000,1.000,-15.417
680,45.333,B,-22.737,0.905,-40.0,-8.5,244.354,0.207,5.862,1.000,1.000,15.417
681,45.400,A,-26.950,14.829,-110.4,-15.9,229.153,-1.012,5.532,1.000,1.000,-15.623
681,45.400,B,-22.402,0.698,-36.9,-14.4,244.776,0.163,5.859,1.000,1.000,15.623
682,45.467,A,-27.022,14.465,-107.0,-12.5,229.523,-1.056,5.534,1.000,1.000,-15.645
682,45.467,B,-22.058,0.509,-33.7,-11.2,245.167,0.121,5.856,1.000,1.000,15.645
683,45.533,A,-27.073,14.096,-103.7,-9.2,229.894,-1.078,5.537,1.000,1.000,-15.680
683,45.533,B,-21.703,0.341,-30.6,-17.1,245.574,0.081,5.854,1.000,1.000,15.680
684,45.600,A,-27.103,13.725,-100.3,-10.3,230.180,-1.103,5.539,1.000,1.000,-15.781
684,45.600,B,-21.340,0.192,-27.4,-13.9,245.961,0.021,5.851,1.000,1.000,15.781
685,45.667,A,-27.111,13.353,-97.0,-7.0,230.552,-1.111,5.542,1.000,1.000,-15.800
685,45.667,B,-20.969,0.063,-24.2,-10.7,246.352,-0.018,5.848,1.000,1.000,15.800
686,45.733,A,-27.097,12.981,-93.6,-3.6,230.924,-1.097,5.544,1.000,1.000,-15.809
686,45.733,B,-20.592,-0.045,-21.1,-16.6,246.734,-0.091,5.846,1.000,1.000,15.809
687,45.800,A,-27.061,12.610,-90.3,-0.3,231.295,-1.061,5.546,1.000,1.000,-15.826
687,45.800,B,-20.210,-0.132,-17.9,-13.4,247.122,-0.148,5.843,1.000,1.000,15.826
688,45.867,A,-27.004,12.242,-86.9,3.1,231.663,-1.004,5.549,1.000,1.000,-15.834
688,45.867,B,-19.824,-0.197,-14.7,-14.7,247.497,-0.197,5.841,1.000,1.000,15.834
689,45.933,A,-26.925,11.878,-83.6,6.4,232.028,-0.925,5.551,1.000,0.943,-15.858
689,45.933,B,-19.434,-0.241,-11.6,-11.6,247.886,-0.241,5.838,1.000,1.000,15.858
690,46.000,A,-26.826,11.518,-80.2,9.8,232.387,-0.826,5.554,1.000,0.438,-15.890
690,46.000,B,-19.044,-0.264,-8.4,-8.4,248.277,-0.264,5.836,1.000,1.000,15.890
691,46.067,A,-26.712,11.161,-77.4,12.6,232.744,-0.712,5.632,1.000,-0.149,-15.924
691,46.067,B,-18.652,-0.264,-5.2,-5.2,248.668,-0.264,5.834,1.000,0.684,15.924
692,46.133,A,-26.596,10.802,-75.5,14.5,233.103,-0.596,5.662,1.000,-0.252,-15.956
692,46.133,B,-18.261,-0.243,-2.0,-2.0,249.059,-0.243,5.839,1.000,-0.055,15.956
693,46.200,A,-26.488,10.440,-74.8,15.2,233.466,-0.488,5.679,1.000,-0.266,-15.984
693,46.200,B,-17.870,-0.209,0.6,0.6,249.450,-0.209,5.881,1.000,-0.396,15.984
694,46.267,A,-26.392,10.073,-75.0,15.0,233.832,-0.392,5.685,1.000,-0.271,-16.010
694,46.267,B,-17.478,-0.182,1.8,1.8,249.843,-0.182,5.902,1.000,-0.026,16.010
695,46.333,A,-26.308,9.703,-75.9,14.1,234.202,-0.308,5.689,1.000,-0.277,-16.033
695,46.333,B,-17.085,-0.165,2.0,2.0,250.236,-0.165,5.913,1.000,0.083,16.033
696,46.400,A,-26.238,9.330,-77.2,12.8,234.576,-0.238,5.708,1.000,-0.279,-16.054
696,46.400,B,-16.691,-0.150,2.1,2.1,250.630,-0.150,5.919,1.000,-0.058,16.054
697,46.467,A,-26.180,8.951,-78.7,11.3,234.955,-0.180,5.769,1.000,-0.344,-16.069
697,46.467,B,-16.296,-0.132,2.3,2.3,251.024,-0.132,5.924,1.000,0.032,16.069
698,46.533,A,-26.134,8.567,-80.4,9.6,235.339,-0.134,5.792,1.000,-0.269,-16.081
698,46.533,B,-15.901,-0.117,2.2,2.2,251.420,-0.117,5.954,1.000,-0.123,16.081
699,46.600,A,-26.099,8.179,-82.0,8.0,235.726,-0.099,5.865,1.000,-0.235,-16.090
699,46.600,B,-15.504,-0.103,2.1,2.1,251.816,-0.103,5.955,1.000,0.014,16.090
